complaint_id,txn_id,user_id,merchant_id,transaction_timestamp,reported_timestamp,disputed_amount,reason_code,complaint_text,resolution_status,bank_response_timestamp,severity,channel,complaint_id_raw,txn_id_raw,user_id_raw,merchant_id_raw,disputed_amount_negative_flag,disputed_amount_missing_flag,txn_id_missing_flag,transaction_timestamp_missing_flag,reported_timestamp_missing_flag,bank_response_timestamp_missing_flag,critical_flag,high_flag
CBK0002082,TXN00004325,USR97580,MCH1127,2026-01-28 00:00:00,2026-01-02 00:00:00,,Merchant Not Delivered,Customer says amount was debited twice.,CLOSED,2026-02-10 03:19:10,CRITICAL,ivr,CBK0002082,TXN00004325,usr97580,mch1127,0,1,0,0,0,0,1,0
CBK0001941,TXN00003720,USR54113,3835,2026-02-25 10:24:00,2026-03-05 06:24:15,414.69,login compromised,User reports money deducted but merchant denies receiving payment.,In Progress,2026-03-12 06:24:00,HIGH,Call Center,CBK0001941,TXN00003720,USR54113,3835,0,0,0,0,0,0,0,1
CBK0001799,TXN00012539,USR17980,MCH3700,2026-02-04 00:00:00,2026-05-02 00:00:00,0.7039,customer issue,merchant service was not delivered after payment.,OPEN,2026-03-06 00:00:00,LOW,IVR,CBK0001799,TXN00012539,USR17980,mch3700,0,0,0,0,0,0,0,0
CBK0002465,TXN00017802,USR76148,MCH4534,2026-03-30 00:00:00,2026-04-01 00:00:00,1303.05,no service,Suspicious high-value payment disputed by customer. pls check asap,Rejected,2026-04-07 00:00:00,HIGH,ivr,CBK0002465,TXN00017802,USR76148,MCH4534,0,0,0,0,0,0,0,1
CBK0001870,TXN00015944,USR24660,MCH1686,2026-01-09 00:00:00,2026-01-14 21:01:41,1459.42,merchant service issue,Merchant service was not delivered after payment.,In Progress,2026-01-26 00:00:00,LOW,App,CBK0001870,TXN00015944,USR24660,MCH1686,0,0,0,0,0,0,0,0
CBK0002663,TXN00009741,USR40631,MCH9584,2026-05-02 00:00:00,2026-06-02 00:00:00,0.548,service failed,Complaint received after multiple failed attempts. urgent,Closed,2026-02-23 00:00:00,LOW,Branch,CBK0002663,TXN00009741,USR40631,MCH9584,0,0,0,0,0,0,0,0
CBK0000782,TXN00015086,USR58789,MCH6008,2026-02-05 00:00:00,2026-10-02 00:00:00,1949.6,extra amount deducted,User says UPI PIN was not entered by them.,In Progress,2026-03-03 00:00:00,MEDIUM,chatbot,CBK0000782,TXN00015086,USR58789,MCH6008,0,0,0,0,0,0,0,0
CBK0001838,TXN00014426,USR30157,MCH4526,2026-03-26 10:17:08,2026-04-06 04:17:08,4193.52,Service Not Provided,Merchant service was not delivered after payment. details missing,OPEN,2026-04-18 00:00:00,MEDIUM,CHATBOT,CBK0001838,TXN00014426,usr30157,MCH-4526,0,0,0,0,0,0,0,0
CBK0001095,TXN00015316,86750,MCH5980,2026-01-12 00:00:00,2026-01-13 00:00:00,930.83,dispute raised,Customer complaint text unclear due to poor call center notes.,Open,2026-01-14 00:00:00,HIGH,Branch,CBK0001095,TXN00015316,86750,MCH5980,0,0,0,0,0,0,0,1
CBK0002541,TXN00002822,USR11987,MCH3992,2026-03-18 10:04:06,2026-03-23 00:00:00,,UNAUTHORISED,User claims account was compromised before transaction.,OPEN,2026-03-30 00:00:00,HIGH,ivr,CBK0002541,TXN00002822,USR11987,MCH3992,0,1,0,0,0,0,0,1
CBK0001147,TXN00002456,USR89588,MCH2614,2026-02-10 03:16:00,2026-02-12 00:00:00,1805.23,double debit,customer says amount was debited twice.,IN_PROGRESS,2026-03-12 14:16:00,LOW,chatbot,CBK0001147,TXN00002456,USR89588,mch2614,0,0,0,0,0,0,0,0
CBK0001137,TXN00015627,USR35882,MCH8913,2026-01-21 01:07:00,2026-01-21 00:00:00,4853.7,dispute raised,Customer says amount was debited twice.,Resolved,2026-02-06 08:07:54,MEDIUM,CHATBOT,CBK0001137,TXN00015627,USR35882,MCH8913,0,0,0,0,0,0,0,0
CBK0002213,TXN00009870,USR79046,8457,2026-01-02 00:00:00,2026-02-17 00:00:00,0.12334,Merchant Not Delivered,Merchant service was not delivered after payment.,WIP,,MEDIUM,IVR,CBK0002213,TXN00009870,USR 79046,8457,0,0,0,0,0,1,0,0
CBK0000946,TXN00013141,USR22644,MCH9193,2026-01-26 00:00:00,2026-01-31 14:01:41,7638.7,Fraud Suspected,MERCHANT SERVICE WAS NOT DELIVERED AFTER PAYMENT.,IN_PROGRESS,,CRITICAL,Email,CBK0000946,TXN00013141,USR22644,MCH9193,0,0,0,0,0,1,1,0
CBK0002366,TXN00012165,USR98915,MCH6399,2026-02-20 00:00:00,2026-02-20 00:00:00,,fraud,Customer says transaction was not authorized.,IN_PROGRESS,2026-02-23 21:48:00,LOW,Call Center,CBK0002366,TXN00012165,USR98915,MCH6399,0,1,0,0,0,0,0,0
CBK0002026,TXN00019737,USR27262,MCH4852,2026-01-13 00:00:00,2026-01-23 00:00:00,174.11,charged twice,Merchant service was not delivered after payment.,RESOLVED,2026-02-11 19:25:13,MEDIUM,IVR,CBK0002026,TXN00019737,USR27262,MCH-4852,0,0,0,0,0,0,0,0
CBK0001099,TXN00011289,USR94570,MCH4545,2026-01-30 04:49:00,2026-04-02 00:00:00,0.305,Account Takeover,Payment made to unknown merchant as per customer statement.,Closed,2026-02-28 00:00:00,CRITICAL,IVR,CBK0001099,TXN00011289,USR94570,MCH4545,0,0,0,0,0,0,1,0
CBK0001197,TXN00006253,USR19220,MCH7286,2026-01-08 00:00:00,2026-10-01 00:00:00,0.4952,dispute raised,Complaint received after multiple failed attempts.,Rejected,2026-01-20 14:43:26,MEDIUM,CHATBOT,CBK0001197,TXN00006253,USR19220,MCH7286,0,0,0,0,0,0,0,0
CBK0002347,TXN00010961,USR55439,MCH7581,2026-02-13 00:00:00,2026-03-15 00:00:00,1126.18,Wrong Amount,Customer says transaction was not authorized.,Rejected,,LOW,Branch,CBK0002347,TXN00010961,USR55439,MCH7581,0,0,0,0,0,1,0,0
CBK0000289,TXN00005764,USR38028,MCH6758,2026-03-12 23:03:00,,513.84,Fraud Suspected,User claims account was compromised before transaction.,REJECTED,,MEDIUM,chatbot,CBK0000289,TXN00005764,USR38028,MCH6758,0,0,0,0,1,1,0,0
CBK0002002,TXN00010298,USR97772,MCH5269,2026-01-03 00:00:00,2026-08-01 00:00:00,534.44,service failed,Merchant service was not delivered after payment. urgent,WIP,2026-02-03 23:32:04,CRITICAL,chatbot,CBK0002002,TXN00010298,USR97772,MCH-5269,0,0,0,0,0,0,1,0
CBK0000512,TXN00014054,USR_27947,MCH7667,2026-01-21 00:00:00,2026-01-26 00:00:00,4010.97,Unauthorized Transaction,Customer says amount was debited twice.,Closed,2026-01-30 00:00:00,LOW,CHATBOT,CBK0000512,TXN00014054,usr_27947,MCH7667,0,0,0,0,0,0,0,0
CBK0001155,TXN00010146,USR94690,MCH3957,2026-02-09 19:16:42,,2637.93,unauthorized_transaction,Payment made to unknown merchant as per customer statement.,In Progress,2026-02-23 06:16:42,MEDIUM,IVR,CBK0001155,TXN00010146,USR94690,MCH3957,0,0,0,0,1,0,0,0
CBK0001330,TXN00005940,USR67471,MCH8738,2026-03-14 00:34:00,2026-03-15 12:34:00,1360.01,DUP_DEBIT,Suspicious high-value payment disputed by customer.,Pending Bank,2026-03-27 00:00:00,MEDIUM,CHATBOT,CBK0001330,TXN00005940,usr67471,MCH8738,0,0,0,0,0,0,0,0
CBK0000259,TXN00017504,USR24872,MCH9291,2026-01-22 00:00:00,2026-01-30 09:27:00,12647.35,unauthorized_transaction,merchant service was not delivered after payment.,IN_PROGRESS,2026-02-13 00:00:00,LOW,chatbot,CBK0000259,TXN00017504,USR 24872,MCH9291,0,0,0,0,0,0,0,0
CBK0000164,TXN00010786,USR79443,MCH3729,2026-01-08 02:00:24,2026-01-18 00:00:00,,charged twice,Payment made to unknown merchant as per customer statement.,CLOSED,2026-01-23 04:00:24,MEDIUM,IVR,CBK0000164,TXN00010786,usr79443,MCH 3729,0,1,0,0,0,0,0,0
CBK0000681,TXN00006290,USR89588,MCH9105,2026-01-28 00:00:00,2026-02-02 00:00:00,,extra amount deducted,Merchant service was not delivered after payment.,REJECTED,2026-02-28 00:00:00,LOW,IVR,CBK0000681,TXN00006290,USR89588,MCH 9105,0,1,0,0,0,0,0,0
CBK0002683,TXN00004094,USR73891,MCH8154,2026-01-08 00:00:00,2026-01-06 00:00:00,2519.45,incorrect amount,suspicious high-value payment disputed by customer.,In Progress,2026-01-21 00:00:00,HIGH,ivr,CBK0002683,TXN00004094,USR73891,MCH8154,0,0,0,0,0,0,0,1
CBK0002792,TXN00005061,USR22154,MCH9022,2026-02-28 13:16:03,2026-02-03 00:00:00,1535.65,account hacked,Customer says amount was debited twice.,REJECTED,2026-03-30 00:00:00,HIGH,chatbot,CBK0002792,TXN00005061,USR22154,MCH9022,0,0,0,0,0,0,0,1
CBK0000594,TXN65742,USR32980,MCH7020,2026-02-19 00:00:00,,0.47,Merchant Not Delivered,suspicious high-value payment disputed by customer.,Closed,2026-02-24 00:00:00,MEDIUM,Email,CBK0000594,TXN65742,USR32980,MCH7020,0,0,0,0,1,0,0,0
CBK0001247,TXN00003165,USR41524,MCH2342,2026-04-01 00:00:00,2026-01-09 00:00:00,2714.54,scam,Suspicious high-value payment disputed by customer.,Resolved,2026-02-03 00:00:00,MEDIUM,Call Center,CBK0001247,TXN00003165,usr41524,MCH2342,0,0,0,0,0,0,0,0
CBK0000566,TXN00000086,USR11727,MCH4948,2026-02-23 00:00:00,2026-02-24 02:13:00,411.83,unauth txn,User says UPI PIN was not entered by them.,REJECTED,2026-03-15 00:00:00,HIGH,CHATBOT,CBK0000566,TXN00000086,USR11727,MCH4948,0,0,0,0,0,0,0,1
CBK0002764,TXN00014418,USR_71468,MCH6403,2026-03-03 00:00:00,2026-03-05 00:00:00,1393.43,Service Not Provided,customer complaint text unclear due to poor call center notes.,PENDING_BANK,,MEDIUM,Email,CBK0002764,TXN00014418,usr_71468,MCH6403,0,0,0,0,0,1,0,0
CBK0000023,TXN00001464,92751,MCH2757,2026-03-14 00:00:00,2026-04-13 00:00:00,1112.83,Merchant Not Delivered,MERCHANT SERVICE WAS NOT DELIVERED AFTER PAYMENT.,RESOLVED,2026-04-16 00:00:00,MEDIUM,ivr,CBK0000023,TXN00001464,92751,MCH2757,0,0,0,0,0,0,0,0
CBK0000361,TXN00012527,USR24926,MCH7438,2026-02-14 00:00:00,2026-02-16 18:13:57,0.2311,Duplicate Debit,User claims account was compromised before transaction.,CLOSED,,LOW,IVR,CBK0000361,TXN00012527,USR24926,MCH7438,0,0,0,0,0,1,0,0
CBK0002544,TXN00018727,USR27888,MCH5076,2026-03-20 01:26:11,2026-03-25 00:00:00,10161.06,delivery issue,merchant service was not delivered after payment.,Open,2026-04-24 20:26:11,HIGH,CHATBOT,CBK0002544,TXN00018727,USR27888,MCH5076,0,0,0,0,0,0,0,1
CBK0000430,TXN00018881,USR-47299,MCH3382,2026-02-11 03:20:31,2026-02-26 00:00:00,2108.9,fraud,Merchant service was not delivered after payment. urgent,IN_PROGRESS,2026-03-23 06:20:31,HIGH,ivr,CBK0000430,TXN00018881,USR-47299,MCH3382,0,0,0,0,0,0,0,1
CBK0001264,TXN00008143,USR92737,MCH4183,2026-03-22 17:21:29,2026-03-25 22:21:00,240.64,unauth txn,Merchant service was not delivered after payment.,OPEN,,LOW,ivr,CBK0001264,TXN00008143,USR92737,MCH4183,0,0,0,0,0,1,0,0
CBK0001919,TXN00005826,USR72795,MCH2259,2026-01-31 00:00:00,2026-02-04 14:03:00,1770.58,login compromised,Merchant service was not delivered after payment.,Rejected,2026-08-02 00:00:00,CRITICAL,IVR,CBK0001919,TXN00005826,USR72795,MCH2259,0,0,0,0,0,0,1,0
CBK0000069,TXN00002744,USR21384,MCH4252,2026-01-15 01:24:40,,840.07,delivery issue,USER CLAIMS ACCOUNT WAS COMPROMISED BEFORE TRANSACTION.,In Progress,2026-02-11 00:00:00,CRITICAL,Email,CBK0000069,TXN00002744,USR21384,MCH4252,0,0,0,0,1,0,1,0
CBK0001760,TXN00017025,USR79110,MCH1320,,2026-03-24 23:17:18,,FRAUD,user says upi pin was not entered by them.,Resolved,,LOW,ivr,CBK0001760,TXN00017025,USR79110,MCH1320,0,1,0,1,0,1,0,0
CBK0002232,TXN00009269,USR99886,MCH1941,2026-01-26 19:24:45,2026-01-29 17:24:45,385.53,Merchant Not Delivered,Payment made to unknown merchant as per customer statement.,CLOSED,,MEDIUM,CHATBOT,CBK0002232,TXN00009269,USR99886,MCH 1941,0,0,0,0,0,1,0,0
CBK0002798,TXN66039,USR24087,MCH6965,2026-01-14 00:00:00,2026-01-22 06:27:51,0.1372,Service Not Provided,User reports money deducted but merchant denies receiving payment.,RESOLVED,2026-09-02 00:00:00,LOW,CHATBOT,CBK0002798,TXN66039,USR24087,MCH6965,0,0,0,0,0,0,0,0
CBK0000080,TXN00007630,USR70905,MCH7833,2026-01-11 19:35:00,2026-01-12 06:35:00,963.14,Duplicate Debit,user claims account was compromised before transaction.,IN_PROGRESS,2026-01-24 00:00:00,LOW,Branch,CBK0000080,TXN00007630,USR70905,MCH 7833,0,0,0,0,0,0,0,0
CBK0000789,TXN00006632,USR56899,MCH7296,2026-03-28 00:00:00,2026-04-03 00:00:00,4124.85,fraud,Merchant service was not delivered after payment.,WIP,,LOW,Email,CBK0000789,TXN00006632,USR56899,MCH7296,0,0,0,0,0,1,0,0
CBK0002564,TXN00013473,USR78994,2383,2026-02-16 02:17:00,2026-02-26 00:00:00,2485.28,Customer Dispute,Customer says amount was debited twice.,Pending Bank,2026-03-04 00:00:00,MEDIUM,CHATBOT,CBK0002564,TXN00013473,USR78994,2383,0,0,0,0,0,0,0,0
CBK0000359,TXN00014970,USR35935,3100,,2026-02-20 00:00:00,3336.7,Account Takeover,user reports money deducted but merchant denies receiving payment.,WIP,2026-03-12 18:19:47,MEDIUM,CHATBOT,CBK0000359,TXN00014970,USR35935,3100,0,0,0,1,0,0,0,0
CBK0002003,TXN00015085,USR71636,MCH4256,2026-01-16 00:00:00,2026-01-18 06:11:00,-956.46,Merchant Not Delivered,suspicious high-value payment disputed by customer.,In Progress,2026-02-09 00:00:00,MEDIUM,App,CBK0002003,TXN00015085,USR71636,mch4256,1,0,0,0,0,0,0,0
CBK0002463,TXN00014364,USR87498,MCH4089,2026-01-19 00:00:00,2026-01-21 17:18:16,2489.04,suspicious transaction,Customer says amount was debited twice.,Resolved,2026-02-11 00:00:00,LOW,chatbot,CBK0002463,TXN00014364,USR87498,MCH4089,0,0,0,0,0,0,0,0
CBK0001171,TXN00006955,USR26685,MCH3901,,2026-02-16 16:57:27,1336.86,ATO,payment made to unknown merchant as per customer statement.,OPEN,2026-02-19 00:00:00,LOW,chatbot,CBK0001171,TXN00006955,USR26685,MCH3901,0,0,0,1,0,0,0,0
CBK0002716,TXN-00003119,USR34955,MCH8691,,2026-02-24 21:58:58,1198.29,suspicious transaction,Payment made to unknown merchant as per customer statement.,CLOSED,,LOW,Email,CBK0002716,txn-00003119,USR34955,MCH8691,0,0,0,1,0,1,0,0
CBK0001839,TXN00004638,USR67862,MCH8953,2026-02-12 09:49:00,2026-02-12 11:49:00,1651.94,extra amount deducted,User reports money deducted but merchant denies receiving payment.,IN_PROGRESS,2026-02-17 00:00:00,HIGH,Email,CBK0001839,TXN00004638,USR67862,MCH 8953,0,0,0,0,0,0,0,1
CBK0002314,TXN00014145,USR21162,MCH2383,2026-03-09 00:00:00,2026-03-10 21:03:16,0.3888,suspicious transaction,Complaint received after multiple failed attempts.,CLOSED,2026-04-07 00:00:00,LOW,ivr,CBK0002314,TXN00014145,USR21162,MCH 2383,0,0,0,0,0,0,0,0
CBK0000406,TXN00007974,USR33394,MCH3064,,2026-03-11 00:00:00,4101.89,Wrong Amount,user claims account was compromised before transaction.,Open,2026-03-20 06:27:39,LOW,ivr,CBK0000406,TXN00007974,usr33394,MCH 3064,0,0,0,1,0,0,0,0
CBK0002718,TXN00013934,USR84084,MCH7370,2026-02-20 00:00:00,2026-03-22 23:15:17,7727.87,Account Takeover,User claims account was compromised before transaction.,OPEN,2026-04-04 00:00:00,LOW,ivr,CBK0002718,TXN00013934,usr84084,mch7370,0,0,0,0,0,0,0,0
CBK0002400,TXN00015733,USR87357,MCH9878,2026-01-22 00:00:00,2026-01-25 00:00:00,2313.86,UNAUTHORISED,customer complaint text unclear due to poor call center notes.,CLOSED,2026-02-22 00:00:00,MEDIUM,ivr,CBK0002400,TXN00015733,USR87357,MCH9878,0,0,0,0,0,0,0,0
CBK0002758,,USR60667,MCH2383,2026-03-23 06:19:08,2026-03-25 00:00:00,1225.29,fraud,payment made to unknown merchant as per customer statement.,IN_PROGRESS,2026-04-13 00:00:00,MEDIUM,Branch,CBK0002758,,USR60667,MCH2383,0,0,1,0,0,0,0,0
CBK0002250,TXN00008645,USR60783,MCH8613,2026-01-12 12:57:11,2026-01-19 00:00:00,5443.5,Unauthorized Transaction,PAYMENT MADE TO UNKNOWN MERCHANT AS PER CUSTOMER STATEMENT.,CLOSED,,HIGH,Call Center,CBK0002250,TXN00008645,usr60783,MCH8613,0,0,0,0,0,1,0,1
CBK0000661,TXN00012553,USR87727,MCH8876,2026-01-21 17:03:00,2026-01-23 00:00:00,901.62,no service,User claims account was compromised before transaction.,Resolved,2026-02-15 06:03:00,LOW,IVR,CBK0000661,TXN00012553,USR87727,MCH 8876,0,0,0,0,0,0,0,0
CBK0001020,TXN84758,USR36590,MCH1368,2026-02-23 00:00:00,2026-02-26 00:00:00,,Service Not Provided,User says UPI PIN was not entered by them.,Open,2026-03-15 00:00:00,HIGH,ivr,CBK0001020,TXN84758,USR36590,mch1368,0,1,0,0,0,0,0,1
CBK0002104,TXN00006293,USR-48479,MCH8779,2026-08-01 00:00:00,2026-01-19 00:00:00,2214.27,DUP_DEBIT,Complaint received after multiple failed attempts.,REJECTED,,LOW,Branch,CBK0002104,TXN00006293,USR-48479,mch8779,0,0,0,0,0,1,0,0
CBK0002572,TXN00002760,USR49176,MCH2925,2026-01-15 14:26:16,2026-01-30 00:00:00,1345.79,unauth txn,User says UPI PIN was not entered by them.,RESOLVED,2026-09-02 00:00:00,LOW,ivr,CBK0002572,TXN00002760,USR 49176,MCH 2925,0,0,0,0,0,0,0,0
CBK0000929,TXN00014710,USR38547,MCH5541,2026-01-23 13:11:04,2026-02-03 12:11:04,3089.13,Unauthorized Transaction,Merchant service was not delivered after payment.,OPEN,2026-02-04 12:11:00,MEDIUM,IVR,CBK0000929,TXN00014710,USR38547,MCH 5541,0,0,0,0,0,0,0,0
CBK0002608,TXN00012654,USR13367,MCH8076,2026-03-29 04:01:37,,326.32,account hacked,User claims account was compromised before transaction.,RESOLVED,2026-04-24 19:01:00,LOW,App,CBK0002608,TXN00012654,usr13367,MCH8076,0,0,0,0,1,0,0,0
CBK0002430,TXN00019681,USR37650,MCH5655,2026-01-29 00:00:00,2026-02-04 00:00:00,9661.7,not delivered,Customer says amount was debited twice.,Resolved,2026-02-15 00:00:00,HIGH,ivr,CBK0002430,TXN00019681,USR37650,MCH5655,0,0,0,0,0,0,0,1
CBK0002156,TXN00013206,USR11987,MCH6665,2026-01-24 09:52:00,2026-01-25 04:52:00,26477.69,Customer Dispute,Complaint received after multiple failed attempts.,In Progress,,HIGH,Email,CBK0002156,TXN00013206,USR11987,MCH 6665,0,0,0,0,0,1,0,1
CBK0000366,TXN00002078,USR73403,MCH5076,2026-03-02 18:29:32,2026-03-04 00:00:00,6907.46,extra amount deducted,Customer says transaction was not authorized.,Closed,,LOW,Call Center,CBK0000366,TXN00002078,USR73403,MCH5076,0,0,0,0,0,1,0,0
CBK0000432,TXN94213,USR96958,MCH7286,2026-01-29 00:00:00,2026-02-01 00:00:00,-1411.26,unauth txn,User reports money deducted but merchant denies receiving payment.,RESOLVED,2026-02-02 00:00:00,HIGH,Email,CBK0000432,TXN94213,USR96958,MCH7286,1,0,0,0,0,0,0,1
CBK0001972,TXN00001376,USR12133,MCH6555,2026-02-01 02:24:08,2026-02-06 04:24:08,1261.15,item not received,Merchant service was not delivered after payment.,Closed,,MEDIUM,chatbot,CBK0001972,TXN00001376,USR12133,MCH6555,0,0,0,0,0,1,0,0
CBK0001250,TXN00015587,USR11697,MCH8741,2026-02-02 00:00:00,2026-02-05 00:00:00,11364.57,no service,Complaint received after multiple failed attempts.,PENDING_BANK,,LOW,App,CBK0001250,TXN00015587,USR11697,MCH-8741,0,0,0,0,0,1,0,0
CBK0001283,TXN00002013,USR31545,MCH5974,,2026-03-04 02:59:29,0.439,unauth txn,Suspicious high-value payment disputed by customer.,REJECTED,2026-03-28 00:00:00,MEDIUM,Call Center,CBK0001283,TXN00002013,USR31545,MCH5974,0,0,0,1,0,0,0,0
CBK0000973,TXN00016040,USR25345,MCH3851,2026-02-04 00:00:00,2026-02-06 00:00:00,0.3127,unauth txn,Complaint received after multiple failed attempts.,PENDING_BANK,2026-03-07 00:00:00,LOW,IVR,CBK0000973,TXN00016040,USR25345,MCH3851,0,0,0,0,0,0,0,0
CBK0000578,TXN00006468,USR71457,MCH6810,2026-01-09 11:52:43,2026-01-11 20:52:43,7884.04,UNAUTHORISED,Suspicious high-value payment disputed by customer.,IN_PROGRESS,2026-01-13 00:00:00,LOW,ivr,CBK0000578,TXN00006468,USR71457,mch6810,0,0,0,0,0,0,0,0
CBK0001696,TXN00019601,USR19556,MCH5844,2026-03-08 00:00:00,2026-03-09 13:14:00,9956.85,ATO,Suspicious high-value payment disputed by customer.,Closed,2026-03-04 00:00:00,HIGH,CHATBOT,CBK0001696,TXN00019601,USR19556,MCH5844,0,0,0,0,0,0,0,1
CBK0002333,TXN00002832,USR10042,MCH1611,2026-03-02 13:26:00,2026-03-05 00:00:00,8214.17,Account Takeover,Merchant service was not delivered after payment.,Rejected,2026-04-04 00:00:00,MEDIUM,IVR,CBK0002333,TXN00002832,USR10042,mch1611,0,0,0,0,0,0,0,0
CBK0001122,TXN00015275,USR-61052,MCH8979,2026-07-03 00:00:00,2026-03-13 16:27:48,320.53,not delivered,Complaint received after multiple failed attempts.,REJECTED,2026-04-11 16:27:48,MEDIUM,ivr,CBK0001122,TXN00015275,USR-61052,MCH 8979,0,0,0,0,0,0,0,0
CBK0000959,TXN00011129,USR50320,MCH6319,2026-02-07 00:00:00,2026-03-09 11:52:00,4888.42,unauth txn,User reports money deducted but merchant denies receiving payment.,Closed,,MEDIUM,Email,CBK0000959,TXN00011129,USR50320,MCH6319,0,0,0,0,0,1,0,0
CBK0001968,,USR46599,MCH1320,2026-03-21 00:00:00,2026-03-23 00:00:00,2799.09,dispute raised,Customer says amount was debited twice.,Pending Bank,2026-04-13 03:36:00,MEDIUM,Email,CBK0001968,,USR46599,MCH1320,0,0,1,0,0,0,0,0
CBK0001828,TXN00016623,USR-59679,MCH8755,2026-01-05 00:00:00,2026-01-15 08:21:37,818.66,account hacked,Customer says amount was debited twice. pls check asap,PENDING_BANK,2026-02-03 08:21:37,HIGH,Branch,CBK0001828,TXN00016623,USR-59679,MCH8755,0,0,0,0,0,0,0,1
CBK0001654,TXN00012039,USR76792,MCH6492,2026-05-02 00:00:00,2026-02-07 05:28:28,0.966,extra amount deducted,User reports money deducted but merchant denies receiving payment.,WIP,2026-02-22 05:28:00,HIGH,Call Center,CBK0001654,TXN00012039,USR76792,MCH6492,0,0,0,0,0,0,0,1
CBK0002440,TXN-00014010,USR71922,MCH6703,2026-01-31 08:39:15,2026-02-01 08:39:00,1883.55,unauth txn,complaint received after multiple failed attempts.,WIP,,HIGH,ivr,CBK0002440,txn-00014010,usr71922,MCH6703,0,0,0,0,0,1,0,1
CBK0001278,TXN00008385,USR17657,MCH3542,2026-02-20 00:00:00,2026-06-04 00:00:00,1944.27,dispute raised,PAYMENT MADE TO UNKNOWN MERCHANT AS PER CUSTOMER STATEMENT.,Resolved,,LOW,CHATBOT,CBK0001278,TXN00008385,USR17657,MCH-3542,0,0,0,0,0,1,0,0
CBK0002370,TXN00001816,USR_24664,MCH3992,2026-03-25 00:00:00,2026-03-26 19:41:41,6501.45,DUP_DEBIT,Payment made to unknown merchant as per customer statement.,PENDING_BANK,2026-04-13 00:00:00,LOW,Call Center,CBK0002370,TXN00001816,usr_24664,MCH3992,0,0,0,0,0,0,0,0
CBK0001105,TXN00019695,USR34180,MCH6310,2026-03-04 00:00:00,,1782.96,Duplicate Debit,User reports money deducted but merchant denies receiving payment.,OPEN,,MEDIUM,chatbot,CBK0001105,TXN00019695,USR34180,MCH6310,0,0,0,0,1,1,0,0
CBK0000180,TXN00019503,USR70812,MCH3936,2026-01-18 00:00:00,2026-01-22 00:00:00,1537.27,not delivered,user claims account was compromised before transaction.,WIP,2026-02-02 00:00:00,LOW,Branch,CBK0000180,TXN00019503,USR70812,MCH3936,0,0,0,0,0,0,0,0
CBK0000369,TXN00008758,USR_86274,MCH3418,2026-03-18 04:15:38,2026-03-20 15:15:38,0.11352,UNAUTHORISED,User says UPI PIN was not entered by them.,IN_PROGRESS,,MEDIUM,ivr,CBK0000369,TXN00008758,usr_86274,MCH3418,0,0,0,0,0,1,0,0
CBK0002303,TXN00016593,USR96415,MCH1320,2026-01-11 00:00:00,2026-01-13 00:00:00,6511.97,Unauthorized Transaction,Customer complaint text unclear due to poor call center notes.,Resolved,2026-01-22 01:23:48,MEDIUM,ivr,CBK0002303,TXN00016593,usr96415,MCH1320,0,0,0,0,0,0,0,0
CBK0001525,TXN00004103,USR18453,MCH7793,,2026-01-28 00:00:00,4864.83,ATO,User claims account was compromised before transaction.,CLOSED,2026-02-01 00:00:00,MEDIUM,Email,CBK0001525,TXN00004103,USR 18453,MCH-7793,0,0,0,1,0,0,0,0
CBK0000316,TXN00016400,USR40842,MCH3815,2026-03-18 00:00:00,2026-04-18 00:00:00,1616.81,Wrong Amount,COMPLAINT RECEIVED AFTER MULTIPLE FAILED ATTEMPTS.,Resolved,2026-03-05 00:00:00,MEDIUM,CHATBOT,CBK0000316,TXN00016400,USR40842,MCH3815,0,0,0,0,0,0,0,0
CBK0001238,TXN00006193,USR35817,7061,2026-03-12 00:00:00,2026-03-13 00:00:00,26207.56,FRAUD,Customer says amount was debited twice.,In Progress,2026-10-04 00:00:00,LOW,App,CBK0001238,TXN00006193,USR35817,7061,0,0,0,0,0,0,0,0
CBK0002585,TXN00018187,USR23937,MCH4560,2026-03-24 00:00:00,2026-03-27 00:00:00,,ATO,Customer complaint text unclear due to poor call center notes.,RESOLVED,2026-04-14 14:38:55,MEDIUM,chatbot,CBK0002585,TXN00018187,USR23937,MCH4560,0,1,0,0,0,0,0,0
CBK0001427,TXN00019824,USR76289,MCH5563,2026-01-06 00:00:00,2026-02-05 00:00:00,755.08,no service,Suspicious high-value payment disputed by customer.,Rejected,2026-03-03 08:07:00,CRITICAL,Email,CBK0001427,TXN00019824,USR76289,MCH5563,0,0,0,0,0,0,1,0
CBK0002514,TXN00001801,USR_99493,MCH3992,2026-03-12 14:53:38,,4455.8,not delivered,Customer says transaction was not authorized.,PENDING_BANK,2026-03-19 00:00:00,LOW,Branch,CBK0002514,TXN00001801,usr_99493,mch3992,0,0,0,0,1,0,0,0
CBK0001680,TXN00009645,USR11085,MCH7073,2026-01-31 16:31:00,2026-02-02 00:00:00,3937.19,not delivered,Complaint received after multiple failed attempts.,OPEN,,MEDIUM,chatbot,CBK0001680,TXN00009645,USR11085,MCH 7073,0,0,0,0,0,1,0,0
CBK0002041,TXN00015934,USR69637,MCH2240,,2026-03-24 00:00:00,1508.23,complaint,Customer complaint text unclear due to poor call center notes.,CLOSED,2026-04-17 00:00:00,HIGH,CHATBOT,CBK0002041,TXN00015934,USR69637,MCH2240,0,0,0,1,0,0,0,1
CBK0002780,TXN40959,USR75376,MCH4293,2026-02-26 00:00:00,2026-03-13 00:00:00,823.15,item not received,User says UPI PIN was not entered by them.,WIP,,HIGH,chatbot,CBK0002780,TXN40959,USR75376,MCH 4293,0,0,0,0,0,1,0,1
CBK0000294,TXN00019876,USR55690,MCH6739,,,2134.32,Duplicate Debit,CUSTOMER COMPLAINT TEXT UNCLEAR DUE TO POOR CALL CENTER NOTES.,PENDING_BANK,2026-03-20 23:37:00,LOW,ivr,CBK0000294,TXN00019876,USR55690,MCH6739,0,0,0,1,1,0,0,0
CBK0002617,TXN00016671,USR-60544,MCH7838,2026-02-09 00:00:00,2026-02-24 00:00:00,1587.1,Customer Dispute,User claims account was compromised before transaction.,REJECTED,2026-03-17 23:17:16,LOW,Call Center,CBK0002617,TXN00016671,USR-60544,MCH7838,0,0,0,0,0,0,0,0
CBK0001175,TXN61071,USR22543,MCH3116,2026-02-04 15:43:17,2026-02-10 00:00:00,,customer issue,customer says amount was debited twice.,In Progress,2026-02-22 11:43:00,CRITICAL,chatbot,CBK0001175,TXN61071,USR22543,MCH3116,0,1,0,0,0,0,1,0
CBK0001087,TXN00014733,USR20889,MCH5264,2026-06-02 00:00:00,2026-02-06 00:00:00,1558.23,merchant service issue,Suspicious high-value payment disputed by customer.,In Progress,,HIGH,Call Center,CBK0001087,TXN00014733,USR20889,MCH5264,0,0,0,0,0,1,0,1
CBK0002077,TXN00005419,USR-55970,MCH9128,2026-01-22 00:00:00,2026-01-30 00:00:00,0.8383,Fraud Suspected,Payment made to unknown merchant as per customer statement.,Rejected,2026-02-25 00:00:00,LOW,Call Center,CBK0002077,TXN00005419,USR-55970,MCH9128,0,0,0,0,0,0,0,0
CBK0001820,TXN00007866,USR51854,MCH1450,2026-02-21 00:00:00,2026-02-22 00:00:00,-2477.45,incorrect amount,complaint received after multiple failed attempts.,Rejected,2026-03-23 19:57:00,LOW,Email,CBK0001820,TXN00007866,USR51854,MCH1450,1,0,0,0,0,0,0,0
CBK0001018,TXN00018348,USR13510,1320,2026-01-28 00:00:00,2026-02-13 05:26:28,1207.49,Unauthorized Transaction,Complaint received after multiple failed attempts.,Resolved,2026-02-17 00:00:00,LOW,App,CBK0001018,TXN00018348,USR13510,1320,0,0,0,0,0,0,0,0
CBK0001949,TXN00000319,USR60096,MCH4998,2026-02-19 00:00:00,2026-02-24 00:00:00,0.2189,customer issue,Customer says amount was debited twice.,PENDING_BANK,2026-03-21 00:00:00,MEDIUM,Email,CBK0001949,TXN00000319,USR60096,MCH-4998,0,0,0,0,0,0,0,0
CBK0000860,TXN00007296,USR97580,MCH3701,2026-02-04 00:00:00,,1425.61,delivery issue,Suspicious high-value payment disputed by customer.,Pending Bank,,MEDIUM,CHATBOT,CBK0000860,TXN00007296,USR97580,MCH3701,0,0,0,0,1,1,0,0
CBK0000879,TXN00018041,USR59366,MCH6145,2026-03-14 00:00:00,2026-03-24 00:00:00,479.19,scam,Customer complaint text unclear due to poor call center notes.,PENDING_BANK,2026-03-25 00:00:00,LOW,ivr,CBK0000879,TXN00018041,USR59366,MCH6145,0,0,0,0,0,0,0,0
CBK0001383,TXN00005315,USR50648,MCH2822,2026-03-06 00:00:00,2026-03-12 00:00:00,819.89,Customer Dispute,User reports money deducted but merchant denies receiving payment.,OPEN,2026-03-27 05:23:46,LOW,chatbot,CBK0001383,TXN00005315,USR50648,MCH2822,0,0,0,0,0,0,0,0
CBK0001532,,USR52450,MCH6244,,2026-03-12 00:00:00,3174.58,complaint,User reports money deducted but merchant denies receiving payment.,Rejected,2026-03-30 00:00:00,LOW,IVR,CBK0001532,,USR52450,MCH6244,0,0,1,1,0,0,0,0
CBK0000448,TXN00013063,USR62513,MCH8391,2026-02-14 00:00:00,,395.16,merchant service issue,Suspicious high-value payment disputed by customer.,Rejected,2026-02-17 10:59:00,MEDIUM,Email,CBK0000448,TXN00013063,USR62513,MCH8391,0,0,0,0,1,0,0,0
CBK0002336,TXN00014456,USR56287,MCH4473,,2026-01-10 09:07:37,4534.17,merchant service issue,Merchant service was not delivered after payment.,PENDING_BANK,2026-02-05 00:00:00,LOW,Email,CBK0002336,TXN00014456,USR56287,MCH 4473,0,0,0,1,0,0,0,0
CBK0001121,TXN00005396,USR14769,MCH8455,2026-01-23 08:19:00,,2926.18,scam,Customer says transaction was not authorized.,Open,,MEDIUM,Email,CBK0001121,TXN00005396,usr14769,MCH-8455,0,0,0,0,1,1,0,0
CBK0001266,TXN00017098,USR19427,MCH5980,2026-01-30 00:00:00,2026-02-02 14:20:47,1358.37,DUP_DEBIT,Complaint received after multiple failed attempts.,Rejected,2026-03-02 00:00:00,MEDIUM,chatbot,CBK0001266,TXN00017098,USR19427,MCH5980,0,0,0,0,0,0,0,0
CBK0001732,TXN00007456,USR17657,MCH3806,2026-03-17 00:00:00,2026-03-17 00:00:00,0.2655,Fraud Suspected,User claims account was compromised before transaction.,CLOSED,,CRITICAL,Branch,CBK0001732,TXN00007456,usr17657,MCH3806,0,0,0,0,0,1,1,0
CBK0000575,TXN00009966,USR_40897,MCH9575,2026-02-23 00:00:00,2026-02-23 00:00:00,606.33,item not received,merchant service was not delivered after payment.,REJECTED,,CRITICAL,Email,CBK0000575,TXN00009966,usr_40897,MCH9575,0,0,0,0,0,1,1,0
CBK0002268,TXN00008063,USR89588,MCH1457,2026-03-08 00:00:00,2026-03-19 00:00:00,2296.42,complaint,User says UPI PIN was not entered by them.,Open,2026-03-28 00:00:00,HIGH,Branch,CBK0002268,TXN00008063,USR89588,MCH1457,0,0,0,0,0,0,0,1
CBK0001126,TXN00007982,USR35882,MCH4473,2026-03-28 21:42:00,,-3415.3,unauthorized_transaction,Merchant service was not delivered after payment.,Closed,,HIGH,Email,CBK0001126,TXN00007982,USR 35882,MCH4473,1,0,0,0,1,1,0,1
CBK0002517,TXN-00011567,USR30157,MCH1130,2026-01-26 00:00:00,2026-01-26 22:31:00,-7727.83,complaint,Customer says transaction was not authorized. urgent,Closed,2026-01-30 22:31:46,MEDIUM,Call Center,CBK0002517,txn-00011567,USR30157,MCH1130,1,0,0,0,0,0,0,0
CBK0001815,TXN00017040,USR53591,MCH4590,2026-03-11 16:43:08,,2935.06,item not received,Payment made to unknown merchant as per customer statement.,WIP,2026-05-04 00:00:00,MEDIUM,IVR,CBK0001815,TXN00017040,USR53591,MCH4590,0,0,0,0,1,0,0,0
CBK0000752,TXN00012584,USR47668,MCH3678,2026-01-17 00:00:00,2026-02-16 00:00:00,397.91,Customer Dispute,COMPLAINT RECEIVED AFTER MULTIPLE FAILED ATTEMPTS.,CLOSED,,LOW,App,CBK0000752,TXN00012584,USR47668,mch3678,0,0,0,0,0,1,0,0
CBK0000688,TXN00018235,USR63160,MCH6399,2026-02-17 08:49:47,2026-02-19 00:00:00,5681.16,Customer Dispute,User says UPI PIN was not entered by them.,Rejected,2026-03-18 00:00:00,HIGH,App,CBK0000688,TXN00018235,USR63160,MCH6399,0,0,0,0,0,0,0,1
CBK0001827,TXN00003656,USR-60742,MCH3472,2026-03-26 00:00:00,2026-11-04 00:00:00,1011.36,dispute raised,complaint received after multiple failed attempts.,Rejected,,LOW,Branch,CBK0001827,TXN00003656,USR-60742,MCH 3472,0,0,0,0,0,1,0,0
CBK0001798,TXN00017706,USR24802,MCH9650,2026-01-22 20:39:26,2026-01-24 00:00:00,1159.44,Account Takeover,User says UPI PIN was not entered by them.,Closed,2026-02-18 20:39:00,LOW,Branch,CBK0001798,TXN00017706,USR 24802,MCH9650,0,0,0,0,0,0,0,0
CBK0001588,TXN00006200,USR71373,MCH4370,2026-01-25 00:00:00,2026-01-28 00:00:00,5233.09,not delivered,Customer says transaction was not authorized.,WIP,,HIGH,Email,CBK0001588,TXN00006200,USR71373,MCH4370,0,0,0,0,0,1,0,1
CBK0001960,TXN-00008459,USR48339,MCH3765,2026-01-07 05:57:00,2026-01-12 00:00:00,3145.24,Account Takeover,Customer complaint text unclear due to poor call center notes.,WIP,2026-02-09 00:00:00,MEDIUM,Call Center,CBK0001960,txn-00008459,USR48339,MCH3765,0,0,0,0,0,0,0,0
CBK0000227,TXN00013273,USR34180,MCH1485,2026-02-07 00:00:00,2026-02-09 08:37:14,465.76,login compromised,User claims account was compromised before transaction.,PENDING_BANK,,HIGH,Email,CBK0000227,TXN00013273,USR34180,MCH 1485,0,0,0,0,0,1,0,1
CBK0001487,TXN00015922,USR41135,MCH5982,2026-02-23 00:00:00,2026-02-25 00:00:00,-759.33,dispute raised,Complaint received after multiple failed attempts.,WIP,2026-03-16 00:00:00,HIGH,IVR,CBK0001487,TXN00015922,USR41135,MCH5982,1,0,0,0,0,0,0,1
CBK0002403,TXN00000926,USR-32749,MCH6945,2026-03-17 00:00:00,2026-03-19 13:26:00,0.486,no service,SUSPICIOUS HIGH-VALUE PAYMENT DISPUTED BY CUSTOMER.,IN_PROGRESS,2026-04-17 13:26:01,MEDIUM,CHATBOT,CBK0002403,TXN00000926,USR-32749,MCH6945,0,0,0,0,0,0,0,0
CBK0001606,TXN00006400,USR91446,MCH8696,2026-01-29 00:00:00,2026-01-02 00:00:00,3582.55,UNAUTHORISED,Suspicious high-value payment disputed by customer. call dropped,In Progress,2026-02-13 00:00:00,HIGH,Email,CBK0001606,TXN00006400,USR91446,mch8696,0,0,0,0,0,0,0,1
CBK0002158,TXN00015104,USR76750,MCH6228,2026-01-19 00:00:00,2026-01-25 00:00:00,2517.56,Customer Dispute,User claims account was compromised before transaction.,Rejected,2026-01-30 00:00:00,LOW,Branch,CBK0002158,TXN00015104,USR76750,MCH-6228,0,0,0,0,0,0,0,0
CBK0000247,TXN00019340,USR75302,MCH7286,2026-01-04 20:29:59,2026-01-04 00:00:00,0.1486,service failed,Customer says transaction was not authorized.,RESOLVED,2026-01-18 00:00:00,HIGH,Call Center,CBK0000247,TXN00019340,USR75302,MCH7286,0,0,0,0,0,0,0,1
CBK0002588,TXN00008732,USR22039,MCH2374,2026-03-22 00:00:00,2026-04-01 00:00:00,3491.72,charged twice,User says UPI PIN was not entered by them.,CLOSED,,HIGH,chatbot,CBK0002588,TXN00008732,USR22039,MCH2374,0,0,0,0,0,1,0,1
CBK0001636,TXN00012003,USR66224,MCH3992,2026-02-20 00:00:00,2026-02-27 00:00:00,1641.33,extra amount deducted,SUSPICIOUS HIGH-VALUE PAYMENT DISPUTED BY CUSTOMER.,WIP,,MEDIUM,App,CBK0001636,TXN00012003,USR66224,MCH3992,0,0,0,0,0,1,0,0
CBK0001542,TXN00007849,68559,MCH4064,2026-01-21 03:43:00,2026-01-23 03:43:00,0.1413,Service Not Provided,Complaint received after multiple failed attempts.,PENDING_BANK,2026-02-15 03:43:00,MEDIUM,Branch,CBK0001542,TXN00007849,68559,MCH 4064,0,0,0,0,0,0,0,0
CBK0000088,TXN00002716,USR62830,MCH4381,2026-01-22 00:00:00,2026-01-25 00:00:00,8825.16,incorrect amount,merchant service was not delivered after payment.,Rejected,2026-02-15 00:00:00,MEDIUM,Call Center,CBK0000088,TXN00002716,USR62830,MCH4381,0,0,0,0,0,0,0,0
CBK0002664,TXN00008946,USR84093,MCH1298,2026-01-06 13:57:53,2026-01-09 07:57:53,815.57,unauth txn,Suspicious high-value payment disputed by customer. details missing,REJECTED,2026-02-08 07:57:00,MEDIUM,IVR,CBK0002664,TXN00008946,usr84093,mch1298,0,0,0,0,0,0,0,0
CBK0001415,TXN00018932,USR90778,MCH1764,2026-03-29 04:23:47,2026-03-31 10:23:00,0.1825,not done by me,complaint received after multiple failed attempts.,Open,2026-04-15 10:23:47,HIGH,ivr,CBK0001415,TXN00018932,usr90778,MCH1764,0,0,0,0,0,0,0,1
CBK0000390,TXN-00006356,USR12919,MCH6810,2026-03-23 00:00:00,2026-05-07 00:00:00,-344.33,customer issue,User says UPI PIN was not entered by them.,RESOLVED,2026-06-03 00:00:00,LOW,Call Center,CBK0000390,txn-00006356,USR12919,MCH6810,1,0,0,0,0,0,0,0
CBK0000693,TXN00018137,USR29306,MCH7744,2026-02-15 00:00:00,2026-02-18 00:00:00,7022.75,extra amount deducted,Customer says txn was not authorized.,IN_PROGRESS,2026-02-18 00:00:00,MEDIUM,IVR,CBK0000693,TXN00018137,USR29306,MCH7744,0,0,0,0,0,0,0,0
CBK0002485,TXN00010063,USR21384,MCH6470,2026-03-03 00:00:00,2026-05-03 00:00:00,-1603.64,Service Not Provided,complaint received after multiple failed attempts.,IN_PROGRESS,,MEDIUM,Branch,CBK0002485,TXN00010063,USR21384,MCH 6470,1,0,0,0,0,1,0,0
CBK0002258,TXN-00014019,USR41320,MCH3992,2026-03-09 00:00:00,2026-03-11 00:00:00,0.155,ATO,User claims account was compromised before transaction.,Resolved,2026-03-31 00:00:00,LOW,Email,CBK0002258,txn-00014019,USR41320,MCH3992,0,0,0,0,0,0,0,0
CBK0002045,TXN00002711,USR57231,MCH4181,2026-01-23 00:00:00,2026-01-31 00:00:00,0.3969,Service Not Provided,Customer complaint text unclear due to poor call center notes.,CLOSED,2026-02-12 00:00:00,LOW,chatbot,CBK0002045,TXN00002711,USR 57231,MCH4181,0,0,0,0,0,0,0,0
CBK0000122,TXN00015011,USR79150,MCH7474,2026-02-25 00:00:00,2026-03-07 00:00:00,1339.61,UNAUTHORISED,User reports money deducted but merchant denies receiving payment.,IN_PROGRESS,2026-03-18 00:00:00,LOW,Email,CBK0000122,TXN00015011,USR 79150,MCH 7474,0,0,0,0,0,0,0,0
CBK0002239,TXN00004673,USR82373,MCH4473,2026-02-13 09:50:18,2026-02-19 00:00:00,1272.25,Customer Dispute,Customer says amount was debited twice.,Resolved,2026-02-26 04:50:18,LOW,CHATBOT,CBK0002239,TXN00004673,USR82373,MCH4473,0,0,0,0,0,0,0,0
CBK0001382,,USR57424,MCH4684,2026-01-02 00:00:00,2026-01-03 00:00:00,678.56,unauth txn,Customer complaint text unclear due to poor call center notes.,Pending Bank,2026-02-01 00:00:00,LOW,ivr,CBK0001382,,USR57424,MCH4684,0,0,1,0,0,0,0,0
CBK0002315,TXN00012331,USR91192,MCH2718,,2026-02-14 00:00:00,1246.25,FRAUD,Customer complaint text unclear due to poor call center notes.,PENDING_BANK,,MEDIUM,Branch,CBK0002315,TXN00012331,usr91192,MCH2718,0,0,0,1,0,1,0,0
CBK0001978,TXN00012089,83284,MCH4334,2026-03-31 04:45:00,2026-04-04 00:00:00,1931.29,UNAUTHORISED,User reports money deducted but merchant denies receiving payment.,Open,2026-04-28 00:00:00,LOW,ivr,CBK0001978,TXN00012089,83284,MCH4334,0,0,0,0,0,0,0,0
CBK0001151,TXN00002195,USR98362,MCH1468,2026-03-30 22:38:33,2026-04-05 01:38:00,4960.35,Unauthorized Transaction,Complaint received after multiple failed attempts.,Rejected,,LOW,App,CBK0001151,TXN00002195,USR98362,MCH1468,0,0,0,0,0,1,0,0
CBK0000424,TXN95161,USR40061,MCH1589,2026-03-22 09:02:49,2026-03-24 00:00:00,4157.35,Wrong Amount,Payment made to unknown merchant as per customer statement.,Open,2026-04-20 00:00:00,LOW,ivr,CBK0000424,TXN95161,USR40061,mch1589,0,0,0,0,0,0,0,0
CBK0002543,TXN00001628,USR-11727,MCH7286,2026-02-09 00:00:00,,,amount mismatch,Payment made to unknown merchant as per customer statement.,PENDING_BANK,2026-02-20 00:00:00,MEDIUM,IVR,CBK0002543,TXN00001628,USR-11727,mch7286,0,1,0,0,1,0,0,0
CBK0000371,TXN00002374,USR58639,MCH5954,2026-03-31 00:00:00,2026-04-03 04:13:08,1428.93,unauth txn,Customer complaint text unclear due to poor call center notes.,Resolved,,HIGH,App,CBK0000371,TXN00002374,USR58639,MCH5954,0,0,0,0,0,1,0,1
CBK0001586,TXN00001182,USR80241,MCH7734,2026-03-30 00:00:00,2026-04-04 00:00:00,261.51,service failed,User says UPI PIN was not entered by them. pls check asap,Pending Bank,,MEDIUM,Branch,CBK0001586,TXN00001182,USR80241,MCH7734,0,0,0,0,0,1,0,0
CBK0002553,TXN00012590,USR_41260,MCH4089,2026-03-16 00:00:00,2026-03-31 00:00:00,0.8645,dispute raised,COMPLAINT RECEIVED AFTER MULTIPLE FAILED ATTEMPTS.,Closed,2026-04-17 00:00:00,CRITICAL,ivr,CBK0002553,TXN00012590,usr_41260,MCH 4089,0,0,0,0,0,0,1,0
CBK0002432,TXN00013381,USR11036,MCH9344,2026-03-31 00:00:00,2026-04-02 05:19:00,738.73,extra amount deducted,User claims account was compromised before transaction.,Pending Bank,2026-04-15 00:00:00,MEDIUM,IVR,CBK0002432,TXN00013381,USR11036,MCH9344,0,0,0,0,0,0,0,0
CBK0001998,TXN00000406,USR93650,MCH2266,2026-01-31 22:47:03,2026-01-02 00:00:00,2066.08,Fraud Suspected,Customer says amount was debited twice.,IN_PROGRESS,2026-02-06 01:47:00,HIGH,CHATBOT,CBK0001998,TXN00000406,USR93650,mch2266,0,0,0,0,0,0,0,1
CBK0002566,TXN00000405,USR64878,MCH8953,2026-03-13 09:18:13,2026-03-24 00:00:00,3060.38,not delivered,suspicious high-value payment disputed by customer.,WIP,2026-04-08 00:00:00,LOW,App,CBK0002566,TXN00000405,USR64878,MCH-8953,0,0,0,0,0,0,0,0
CBK0001756,TXN00005028,USR40684,MCH7978,2026-02-22 00:00:00,,1800.13,login compromised,User reports money deducted but merchant denies receiving payment.,Pending Bank,2026-03-10 00:00:00,HIGH,CHATBOT,CBK0001756,TXN00005028,USR40684,MCH7978,0,0,0,0,1,0,0,1
CBK0002645,TXN00004392,43033,3019,2026-02-18 00:00:00,2026-02-21 12:13:00,272.46,merchant service issue,User claims account was compromised before transaction.,Rejected,2026-03-09 12:13:05,LOW,CHATBOT,CBK0002645,TXN00004392,43033,3019,0,0,0,0,0,0,0,0
CBK0002230,TXN00009287,USR50434,MCH1683,2026-01-10 00:00:00,2026-01-13 00:00:00,0.1407,fraud,Merchant service was not delivered after payment.,IN_PROGRESS,2026-02-03 00:00:00,MEDIUM,chatbot,CBK0002230,TXN00009287,usr50434,MCH1683,0,0,0,0,0,0,0,0
CBK0000526,TXN00006600,USR65622,MCH3129,2026-01-28 00:00:00,2026-01-31 21:13:00,,item not received,Customer complaint text unclear due to poor call center notes.,OPEN,2026-02-05 00:00:00,MEDIUM,App,CBK0000526,TXN00006600,usr65622,mch3129,0,1,0,0,0,0,0,0
CBK0001449,TXN00008116,USR21449,MCH7397,2026-03-27 00:00:00,2026-03-29 15:23:00,19544.3,login compromised,Customer says amount was debited twice.,Resolved,2026-03-29 00:00:00,MEDIUM,Email,CBK0001449,TXN00008116,USR21449,MCH 7397,0,0,0,0,0,0,0,0
CBK0002686,TXN00017656,USR_69648,MCH9430,,2026-01-03 03:37:00,-447.83,unauth txn,Customer complaint text unclear due to poor call center notes.,RESOLVED,2026-01-08 00:00:00,MEDIUM,chatbot,CBK0002686,TXN00017656,usr_69648,mch9430,1,0,0,1,0,0,0,0
CBK0000533,TXN00001047,USR30500,MCH9291,2026-01-19 06:20:45,2026-01-21 00:00:00,0.518,item not received,suspicious high-value payment disputed by customer.,RESOLVED,,LOW,chatbot,CBK0000533,TXN00001047,USR30500,MCH9291,0,0,0,0,0,1,0,0
CBK0001709,TXN00014343,USR-26622,MCH8668,2026-02-04 00:00:00,2026-02-02 00:00:00,0.2893,Service Not Provided,User says UPI PIN was not entered by them.,OPEN,2026-02-17 00:00:00,MEDIUM,Branch,CBK0001709,TXN00014343,USR-26622,MCH8668,0,0,0,0,0,0,0,0
CBK0001509,TXN00011866,USR-37594,MCH9858,2026-02-16 12:27:00,2026-02-27 00:00:00,628.55,service failed,Customer says transaction was not authorized.,RESOLVED,,LOW,CHATBOT,CBK0001509,TXN00011866,USR-37594,MCH9858,0,0,0,0,0,1,0,0
CBK0000303,TXN00015469,USR54853,MCH2556,2026-01-11 14:40:00,2026-02-26 00:00:00,,DUP_DEBIT,Customer complaint text unclear due to poor call center notes.,In Progress,,MEDIUM,chatbot,CBK0000303,TXN00015469,USR54853,MCH2556,0,1,0,0,0,1,0,0
CBK0001911,TXN00009220,USR30497,MCH8391,2026-02-23 14:29:24,2026-02-27 00:00:00,0.914,no service,User says UPI PIN was not entered by them.,OPEN,2026-03-14 00:00:00,MEDIUM,App,CBK0001911,TXN00009220,USR30497,MCH8391,0,0,0,0,0,0,0,0
CBK0000626,TXN00018979,USR61349,MCH5687,2026-02-02 04:41:35,,2995.87,scam,Customer says transaction was not authorized.,IN_PROGRESS,2026-02-28 00:00:00,MEDIUM,chatbot,CBK0000626,TXN00018979,USR61349,MCH5687,0,0,0,0,1,0,0,0
CBK0000415,TXN00009182,USR26627,MCH9291,2026-03-28 00:00:00,2026-03-29 12:42:00,-4153.73,incorrect amount,user claims account was compromised before transaction.,REJECTED,2026-04-16 12:42:25,MEDIUM,ivr,CBK0000415,TXN00009182,usr26627,MCH9291,1,0,0,0,0,0,0,0
CBK0002793,TXN00005174,USR39885,MCH8673,2026-02-06 00:00:00,2026-02-12 00:00:00,1679.19,unauth txn,user reports money deducted but merchant denies receiving payment.,RESOLVED,2026-02-12 00:00:00,HIGH,chatbot,CBK0002793,TXN00005174,USR 39885,MCH8673,0,0,0,0,0,0,0,1
CBK0001629,TXN00012665,USR52097,MCH2757,2026-03-16 00:00:00,2026-03-19 00:00:00,3223.69,delivery issue,Complaint received after multiple failed attempts.,WIP,,CRITICAL,Email,CBK0001629,TXN00012665,USR52097,MCH2757,0,0,0,0,0,1,1,0
CBK0001065,TXN00018250,USR21407,MCH5172,2026-01-11 00:00:00,2026-01-14 23:22:45,4835.58,not done by me,Customer complaint text unclear due to poor call center notes.,CLOSED,2026-01-19 00:00:00,LOW,ivr,CBK0001065,TXN00018250,USR21407,mch5172,0,0,0,0,0,0,0,0
CBK0002087,TXN00011160,USR_29051,MCH4590,2026-03-17 00:00:00,2026-03-18 00:00:00,1773.89,no service,Customer says amount was debited twice.,Rejected,2026-04-03 09:26:00,LOW,Branch,CBK0002087,TXN00011160,usr_29051,MCH4590,0,0,0,0,0,0,0,0
CBK0001063,TXN00000271,USR23350,MCH6258,2026-03-17 03:29:28,2026-03-18 00:00:00,16937.48,Account Takeover,Customer says amount was debited twice.,PENDING_BANK,,MEDIUM,IVR,CBK0001063,TXN00000271,USR23350,MCH6258,0,0,0,0,0,1,0,0
CBK0002348,TXN00012938,USR62273,MCH3100,2026-03-09 00:00:00,2026-03-19 00:00:00,3749.0,account hacked,User claims account was compromised before transaction.,Open,2026-03-20 00:00:00,LOW,App,CBK0002348,TXN00012938,USR62273,MCH 3100,0,0,0,0,0,0,0,0
CBK0002447,TXN00012629,USR35956,MCH8605,2026-02-13 00:00:00,2026-03-16 00:00:00,3056.74,item not received,Customer says transaction was not authorized. NA,OPEN,2026-04-04 00:00:00,MEDIUM,Call Center,CBK0002447,TXN00012629,USR35956,MCH8605,0,0,0,0,0,0,0,0
CBK0001531,TXN-00018893,USR98962,MCH8250,2026-02-28 21:20:00,2026-03-01 00:00:00,3450.22,Duplicate Debit,User claims account was compromised before transaction. pls check asap,PENDING_BANK,,MEDIUM,Email,CBK0001531,txn-00018893,USR98962,MCH8250,0,0,0,0,0,1,0,0
CBK0000921,TXN00009757,USR21384,6474,2026-02-12 02:48:37,2026-02-17 09:48:37,,incorrect amount,Merchant service was not delivered after payment.,REJECTED,2026-03-06 00:00:00,LOW,Branch,CBK0000921,TXN00009757,USR21384,6474,0,1,0,0,0,0,0,0
CBK0002660,TXN00015268,USR84844,MCH9709,2026-03-23 00:00:00,2026-03-25 00:00:00,0.4086,delivery issue,Suspicious high-value payment disputed by customer.,Open,2026-04-20 10:49:25,MEDIUM,Email,CBK0002660,TXN00015268,USR84844,MCH-9709,0,0,0,0,0,0,0,0
CBK0000513,TXN00003962,USR43455,MCH5580,2026-02-16 00:00:00,2026-02-21 00:00:00,12077.97,Wrong Amount,Complaint received after multiple failed attempts. urgent,Resolved,2026-03-16 12:04:00,CRITICAL,CHATBOT,CBK0000513,TXN00003962,USR43455,mch5580,0,0,0,0,0,0,1,0
CBK0000969,TXN00014162,45011,MCH6383,2026-02-18 00:00:00,2026-03-06 00:00:00,4363.63,not delivered,payment made to unknown merchant as per customer statement.,In Progress,2026-03-19 11:52:22,LOW,Branch,CBK0000969,TXN00014162,45011,MCH6383,0,0,0,0,0,0,0,0
CBK0000468,TXN00004108,USR22727,3160,2026-02-25 00:00:00,2026-03-01 01:25:00,5763.03,Fraud Suspected,User says UPI PIN was not entered by them.,RESOLVED,2026-03-18 00:00:00,HIGH,chatbot,CBK0000468,TXN00004108,usr22727,3160,0,0,0,0,0,0,0,1
CBK0002014,TXN00016742,USR94725,MCH8212,2026-01-24 00:00:00,,1163.64,Fraud Suspected,Complaint received after multiple failed attempts.,Open,,LOW,Email,CBK0002014,TXN00016742,USR94725,MCH8212,0,0,0,0,1,1,0,0
CBK0000951,TXN00000025,USR43827,MCH5400,,2026-03-28 00:00:00,1302.18,delivery issue,Suspicious high-value payment disputed by customer. details missing,CLOSED,2026-10-04 00:00:00,LOW,App,CBK0000951,TXN00000025,USR43827,mch5400,0,0,0,1,0,0,0,0
CBK0001507,TXN00014680,USR38336,MCH1475,2026-01-29 00:00:00,2026-02-28 00:00:00,6017.37,Wrong Amount,Payment made to unknown merchant as per customer statement.,REJECTED,2026-03-25 00:00:00,LOW,chatbot,CBK0001507,TXN00014680,usr38336,MCH1475,0,0,0,0,0,0,0,0
CBK0000470,TXN00016736,USR_95074,MCH2822,2026-08-02 00:00:00,2026-02-10 17:51:46,15548.64,Fraud Suspected,User claims account was compromised before transaction.,Rejected,2026-12-03 00:00:00,MEDIUM,CHATBOT,CBK0000470,TXN00016736,usr_95074,MCH2822,0,0,0,0,0,0,0,0
CBK0000453,TXN00008829,USR76027,MCH5301,2026-03-25 17:00:00,2026-03-29 00:00:00,19778.02,Merchant Not Delivered,CUSTOMER COMPLAINT TEXT UNCLEAR DUE TO POOR CALL CENTER NOTES.,IN_PROGRESS,2026-04-13 13:00:00,CRITICAL,Branch,CBK0000453,TXN00008829,USR76027,MCH5301,0,0,0,0,0,0,1,0
CBK0000183,TXN00018275,USR61083,MCH2383,2026-03-29 06:16:45,2026-04-08 07:16:00,894.24,Wrong Amount,Suspicious high-value payment disputed by customer.,Rejected,2026-04-29 00:00:00,LOW,Call Center,CBK0000183,TXN00018275,USR61083,MCH2383,0,0,0,0,0,0,0,0
CBK0000309,TXN00008361,USR59660,MCH3485,2026-12-02 00:00:00,2026-02-23 00:00:00,5163.82,customer issue,User claims account was compromised before transaction.,OPEN,2026-12-03 00:00:00,LOW,Email,CBK0000309,TXN00008361,USR 59660,MCH3485,0,0,0,0,0,0,0,0
CBK0001243,TXN00018079,USR63150,MCH6850,2026-03-25 00:00:00,2026-03-29 00:00:00,8988.28,Duplicate Debit,Complaint received after multiple failed attempts.,Resolved,2026-04-07 02:25:00,MEDIUM,chatbot,CBK0001243,TXN00018079,USR63150,MCH6850,0,0,0,0,0,0,0,0
CBK0000692,TXN00005181,USR_70317,MCH3740,2026-03-01 13:57:00,2026-03-05 00:00:00,1107.86,no service,Merchant service was not delivered after payment.,Open,2026-03-15 00:57:00,LOW,chatbot,CBK0000692,TXN00005181,usr_70317,MCH3740,0,0,0,0,0,0,0,0
CBK0000685,TXN00011648,USR-24719,MCH5852,2026-02-08 00:00:00,2026-11-02 00:00:00,2218.94,charged twice,User claims account was compromised before transaction.,REJECTED,,MEDIUM,Email,CBK0000685,TXN00011648,USR-24719,MCH-5852,0,0,0,0,0,1,0,0
CBK0000550,TXN00015783,USR50831,MCH8921,2026-03-27 00:00:00,,2852.68,account hacked,Customer complaint text unclear due to poor call center notes.,IN_PROGRESS,2026-04-07 00:00:00,HIGH,IVR,CBK0000550,TXN00015783,usr50831,MCH8921,0,0,0,0,1,0,0,1
CBK0000201,TXN00011466,USR99920,MCH9344,2026-02-06 00:00:00,2026-02-09 00:00:00,0.86,UNAUTHORISED,User reports money deducted but merchant denies receiving payment.,IN_PROGRESS,2026-03-04 00:00:00,HIGH,Email,CBK0000201,TXN00011466,usr99920,MCH9344,0,0,0,0,0,0,0,1
CBK0001657,TXN00002770,USR79332,MCH7033,2026-03-19 00:00:00,2026-03-22 00:00:00,1004.64,ATO,Customer says transaction was not authorized.,OPEN,2026-03-28 17:25:00,MEDIUM,Email,CBK0001657,TXN00002770,USR79332,MCH7033,0,0,0,0,0,0,0,0
CBK0002790,TXN00005364,USR44424,MCH3678,2026-02-03 00:00:00,2026-02-05 00:00:00,,not delivered,PAYMENT MADE TO UNKNOWN MERCHANT AS PER CUSTOMER STATEMENT.,Closed,2026-04-03 00:00:00,CRITICAL,Email,CBK0002790,TXN00005364,USR44424,MCH3678,0,1,0,0,0,0,1,0
CBK0001692,TXN54083,USR37452,MCH4658,2026-02-02 00:00:00,2026-02-05 00:00:00,664.5,unauth txn,customer says transaction was not authorized.,REJECTED,2026-02-12 08:27:52,MEDIUM,Call Center,CBK0001692,TXN54083,USR 37452,mch4658,0,0,0,0,0,0,0,0
CBK0000389,TXN00015997,USR38082,MCH5891,,2026-02-27 01:44:30,1370.91,not done by me,Customer says amount was debited twice.,PENDING_BANK,2026-03-04 01:44:00,LOW,IVR,CBK0000389,TXN00015997,USR38082,MCH5891,0,0,0,1,0,0,0,0
CBK0001599,TXN-00018048,45408,MCH4590,2026-02-03 07:57:00,2026-02-05 16:57:00,2467.08,Service Not Provided,Customer complaint text unclear due to poor call center notes.,PENDING_BANK,,HIGH,CHATBOT,CBK0001599,txn-00018048,45408,MCH4590,0,0,0,0,0,1,0,1
CBK0000152,TXN56695,USR13925,MCH6810,2026-03-24 11:00:00,2026-03-19 11:00:00,-3475.46,UNAUTHORISED,Suspicious high-value payment disputed by customer.,Open,2026-04-13 11:00:46,CRITICAL,Email,CBK0000152,TXN56695,USR13925,MCH6810,1,0,0,0,0,0,1,0
CBK0001688,TXN00015571,USR42338,MCH6498,2026-03-02 00:00:00,2026-02-07 00:00:00,722.56,login compromised,Merchant service was not delivered after payment.,CLOSED,2026-02-15 13:16:00,MEDIUM,Call Center,CBK0001688,TXN00015571,USR42338,MCH6498,0,0,0,0,0,0,0,0
CBK0002187,TXN00007012,USR_73010,MCH4473,2026-01-01 00:00:00,,0.1064,customer issue,Payment made to unknown merchant as per customer statement.,Closed,2026-01-25 00:00:00,HIGH,App,CBK0002187,TXN00007012,usr_73010,MCH4473,0,0,0,0,1,0,0,1
CBK0001704,TXN00005100,USR11419,MCH1320,2026-11-03 00:00:00,2026-03-19 18:04:00,-3671.61,account hacked,User reports money deducted but merchant denies receiving payment.,In Progress,2026-03-22 18:04:40,LOW,chatbot,CBK0001704,TXN00005100,USR11419,MCH1320,1,0,0,0,0,0,0,0
CBK0002113,TXN00002480,USR12658,MCH3815,2026-03-27 00:00:00,2026-04-02 00:00:00,5722.09,fraud,Merchant service was not delivered after payment.,REJECTED,2026-04-13 15:09:41,HIGH,CHATBOT,CBK0002113,TXN00002480,USR 12658,MCH3815,0,0,0,0,0,0,0,1
CBK0001594,TXN00004839,USR_23350,MCH9444,2026-03-25 14:10:57,2026-04-24 00:00:00,955.91,Merchant Not Delivered,customer says amount was debited twice.,Closed,2026-04-24 21:10:57,HIGH,chatbot,CBK0001594,TXN00004839,usr_23350,MCH9444,0,0,0,0,0,0,0,1
CBK0000893,TXN00017214,USR89151,MCH7710,2026-06-03 00:00:00,2026-03-08 00:00:00,-1267.1,FRAUD,User reports money deducted but merchant denies receiving payment.,PENDING_BANK,2026-03-21 00:00:00,MEDIUM,Email,CBK0000893,TXN00017214,USR89151,mch7710,1,0,0,0,0,0,0,0
CBK0002372,TXN37348,USR79864,MCH6026,2026-01-04 00:00:00,2026-01-05 18:15:09,2069.0,extra amount deducted,Customer says transaction was not authorized.,Open,,MEDIUM,chatbot,CBK0002372,TXN37348,USR79864,MCH-6026,0,0,0,0,0,1,0,0
CBK0002491,TXN00019091,USR41955,MCH3954,2026-02-20 18:20:01,2026-02-24 00:00:00,0.11124,no service,User reports money deducted but merchant denies receiving payment.,In Progress,2026-03-15 00:00:00,MEDIUM,Email,CBK0002491,TXN00019091,USR41955,MCH3954,0,0,0,0,0,0,0,0
CBK0000133,TXN00011403,USR18453,9291,2026-01-14 00:00:00,2026-01-19 00:00:00,3000.84,customer issue,Suspicious high-value payment disputed by customer.,Open,2026-02-17 16:25:35,HIGH,Call Center,CBK0000133,TXN00011403,USR18453,9291,0,0,0,0,0,0,0,1
CBK0002280,TXN00002173,USR47525,MCH1015,2026-03-05 03:02:00,2026-03-06 00:00:00,856.42,Wrong Amount,Merchant service was not delivered after payment.,PENDING_BANK,2026-03-15 22:02:04,LOW,Branch,CBK0002280,TXN00002173,USR47525,MCH1015,0,0,0,0,0,0,0,0
CBK0002322,TXN00009493,USR71348,MCH1425,2026-02-26 00:00:00,2026-03-13 11:10:29,270.77,no service,user claims account was compromised before transaction.,Resolved,,MEDIUM,ivr,CBK0002322,TXN00009493,USR71348,MCH-1425,0,0,0,0,0,1,0,0
CBK0002139,TXN00012172,USR85655,MCH2375,2026-01-01 00:00:00,2026-01-02 15:32:47,,Fraud Suspected,CUSTOMER SAYS TRANSACTION WAS NOT AUTHORIZED.,Rejected,2026-01-24 00:00:00,LOW,App,CBK0002139,TXN00012172,USR85655,MCH2375,0,1,0,0,0,0,0,0
CBK0001864,,USR51310,MCH8220,2026-03-17 12:10:45,2026-03-23 00:00:00,464.81,scam,Merchant service was not delivered after payment.,Closed,2026-07-04 00:00:00,LOW,CHATBOT,CBK0001864,,USR 51310,MCH8220,0,0,1,0,0,0,0,0
CBK0002285,TXN00005474,USR53527,MCH4473,2026-01-29 00:00:00,2026-01-30 00:00:00,271.69,customer issue,User claims account was compromised before transaction.,CLOSED,,MEDIUM,IVR,CBK0002285,TXN00005474,usr53527,MCH4473,0,0,0,0,0,1,0,0
CBK0000840,TXN00018717,USR16257,MCH3019,2026-02-20 08:58:00,2026-03-02 15:58:44,4563.14,Service Not Provided,User claims account was compromised before transaction.,PENDING_BANK,2026-03-13 00:00:00,LOW,ivr,CBK0000840,TXN00018717,usr16257,MCH3019,0,0,0,0,0,0,0,0
CBK0000783,,USR96677,MCH2556,2026-02-23 00:00:00,2026-02-23 00:00:00,4726.95,Account Takeover,User says UPI PIN was not entered by them.,Closed,,MEDIUM,CHATBOT,CBK0000783,,USR96677,MCH2556,0,0,1,0,0,1,0,0
CBK0002629,TXN00010196,USR41172,MCH4588,2026-02-21 00:00:00,2026-02-18 02:42:14,0.852,Fraud Suspected,User says UPI PIN was not entered by them.,Rejected,,HIGH,ivr,CBK0002629,TXN00010196,USR41172,MCH4588,0,0,0,0,0,1,0,1
CBK0001589,TXN88540,USR96555,MCH2757,2026-01-30 00:47:43,2026-01-31 00:00:00,221.01,scam,Merchant service was not delivered after payment.,Rejected,2026-02-24 20:47:43,HIGH,ivr,CBK0001589,TXN88540,USR96555,MCH2757,0,0,0,0,0,0,0,1
CBK0000809,TXN00013144,USR51720,MCH9790,2026-03-09 00:00:00,2026-03-19 23:09:00,688.92,unauth txn,CUSTOMER SAYS TRANSACTION WAS NOT AUTHORIZED.,Pending Bank,,HIGH,Call Center,CBK0000809,TXN00013144,USR51720,mch9790,0,0,0,0,0,1,0,1
CBK0000654,TXN00013810,USR50022,MCH5980,2026-03-07 00:00:00,2026-03-08 07:44:45,4552.67,ATO,complaint received after multiple failed attempts.,Closed,,LOW,IVR,CBK0000654,TXN00013810,USR50022,mch5980,0,0,0,0,0,1,0,0
CBK0001614,TXN00017424,USR36509,MCH1316,2026-02-18 00:00:00,2026-02-19 00:00:00,9374.52,merchant service issue,customer says transaction was not authorized.,PENDING_BANK,2026-03-21 00:00:00,MEDIUM,CHATBOT,CBK0001614,TXN00017424,USR36509,MCH1316,0,0,0,0,0,0,0,0
CBK0000291,TXN00003485,USR79977,MCH3900,2026-10-02 00:00:00,,485.1,item not received,User reports money deducted but merchant denies receiving payment.,OPEN,,LOW,Branch,CBK0000291,TXN00003485,USR79977,MCH 3900,0,0,0,0,1,1,0,0
CBK0002114,TXN00004014,USR25900,MCH4717,2026-03-12 00:00:00,2026-03-19 00:00:00,4940.23,item not received,Customer complaint text unclear due to poor call center notes. urgent,Resolved,2026-04-17 22:25:36,HIGH,CHATBOT,CBK0002114,TXN00004014,USR25900,MCH4717,0,0,0,0,0,0,0,1
CBK0000739,TXN00017315,USR29561,MCH5980,2026-01-04 00:00:00,,704.73,login compromised,User says UPI PIN was not entered by them.,In Progress,2026-01-24 06:45:30,HIGH,ivr,CBK0000739,TXN00017315,USR29561,MCH 5980,0,0,0,0,1,0,0,1
CBK0002251,TXN00017472,USR79175,MCH4488,2026-02-23 08:37:00,2026-03-10 13:37:56,14012.62,Customer Dispute,Suspicious high-value payment disputed by customer.,RESOLVED,2026-04-01 00:00:00,CRITICAL,IVR,CBK0002251,TXN00017472,USR79175,MCH4488,0,0,0,0,0,0,1,0
CBK0001438,TXN00008449,22964,MCH2194,2026-03-22 00:00:00,2026-03-26 00:00:00,0.653,customer issue,Complaint received after multiple failed attempts. urgent,Resolved,2026-04-07 00:00:00,MEDIUM,App,CBK0001438,TXN00008449,22964,MCH2194,0,0,0,0,0,0,0,0
CBK0001884,TXN00019164,USR22644,MCH9648,2026-08-02 00:00:00,2026-02-12 07:08:18,1364.5,suspicious transaction,suspicious high-value payment disputed by customer.,WIP,2026-02-14 00:00:00,LOW,CHATBOT,CBK0001884,TXN00019164,USR22644,MCH9648,0,0,0,0,0,0,0,0
CBK0001771,TXN00011619,USR17315,MCH2722,2026-01-25 21:15:13,2026-01-26 00:00:00,-893.52,service failed,Merchant service was not delivered after payment. call dropped,In Progress,,LOW,Email,CBK0001771,TXN00011619,USR 17315,MCH 2722,1,0,0,0,0,1,0,0
CBK0001406,TXN00010864,USR66856,MCH7459,,2026-03-23 04:34:25,2891.42,Unauthorized Transaction,Customer complaint text unclear due to poor call center notes. pls check asap,Open,2026-04-20 04:34:25,CRITICAL,CHATBOT,CBK0001406,TXN00010864,USR66856,MCH-7459,0,0,0,1,0,0,1,0
CBK0001268,TXN00004622,USR97580,MCH1348,2026-01-24 00:00:00,2026-01-24 17:29:00,1330.95,item not received,Merchant service was not delivered after payment.,Rejected,2026-01-31 00:00:00,MEDIUM,IVR,CBK0001268,TXN00004622,USR97580,mch1348,0,0,0,0,0,0,0,0
CBK0001693,TXN00009578,USR55777,MCH8533,2026-02-01 00:00:00,2026-02-04 17:25:23,5287.35,incorrect amount,complaint received after multiple failed attempts.,CLOSED,2026-03-01 17:25:00,MEDIUM,App,CBK0001693,TXN00009578,usr55777,MCH8533,0,0,0,0,0,0,0,0
CBK0002368,TXN00004923,USR50207,MCH8391,2026-01-27 00:00:00,,1673.05,extra amount deducted,Merchant service was not delivered after payment.,CLOSED,,LOW,ivr,CBK0002368,TXN00004923,USR50207,mch8391,0,0,0,0,1,1,0,0
CBK0000452,TXN00002107,USR52224,MCH4529,2026-02-28 04:18:55,2026-03-10 00:00:00,6251.19,service failed,MERCHANT SERVICE WAS NOT DELIVERED AFTER PAYMENT.,Rejected,2026-03-27 12:18:55,HIGH,IVR,CBK0000452,TXN00002107,usr52224,MCH4529,0,0,0,0,0,0,0,1
CBK0001628,TXN00008857,USR61151,MCH4796,2026-03-19 00:00:00,2026-03-22 09:53:18,5937.26,Duplicate Debit,Payment made to unknown merchant as per cust statement.,Rejected,2026-04-04 09:53:18,LOW,Call Center,CBK0001628,TXN00008857,USR61151,MCH4796,0,0,0,0,0,0,0,0
CBK0000543,TXN00001593,USR30157,MCH9787,2026-03-27 00:00:00,2026-03-28 00:00:00,759.56,not delivered,User claims account was compromised before transaction.,Pending Bank,2026-04-01 00:00:00,HIGH,Call Center,CBK0000543,TXN00001593,USR 30157,MCH9787,0,0,0,0,0,0,0,1
CBK0002740,TXN00013424,USR71939,MCH4819,2026-02-13 22:58:37,2026-02-16 00:00:00,3989.1,item not received,User reports money deducted but merchant denies receiving payment.,PENDING_BANK,2026-03-04 13:58:00,LOW,CHATBOT,CBK0002740,TXN00013424,USR71939,MCH4819,0,0,0,0,0,0,0,0
CBK0001471,TXN00003290,USR25087,MCH3815,2026-03-08 00:00:00,2026-09-03 00:00:00,991.51,not delivered,Customer complaint text unclear due to poor call center notes. NA,CLOSED,2026-03-20 00:00:00,HIGH,Email,CBK0001471,TXN00003290,USR25087,mch3815,0,0,0,0,0,0,0,1
CBK0001808,TXN00004140,USR30844,MCH8779,,2026-02-14 00:00:00,0.378,complaint,User says UPI PIN was not entered by them.,WIP,2026-03-04 00:00:00,CRITICAL,Branch,CBK0001808,TXN00004140,usr30844,MCH8779,0,0,0,1,0,0,1,0
CBK0002225,TXN00011962,USR12961,MCH8953,2026-03-02 02:36:15,2026-03-03 23:36:15,6403.5,unauth txn,Payment made to unknown merchant as per customer statement.,CLOSED,,LOW,IVR,CBK0002225,TXN00011962,USR12961,MCH-8953,0,0,0,0,0,1,0,0
CBK0000353,TXN00017372,USR56234,MCH7986,2026-02-02 18:14:36,2026-02-05 01:14:36,1275.74,not done by me,Customer complaint text unclear due to poor call center notes.,Rejected,2026-02-25 00:00:00,HIGH,IVR,CBK0000353,TXN00017372,USR56234,MCH7986,0,0,0,0,0,0,0,1
CBK0002065,TXN00010646,USR10669,MCH3100,2026-01-27 00:00:00,2026-01-29 00:00:00,-5027.32,Wrong Amount,Customer says transaction was not authorized. NA,In Progress,2026-02-10 00:00:00,CRITICAL,ivr,CBK0002065,TXN00010646,USR10669,MCH-3100,1,0,0,0,0,0,1,0
CBK0000833,TXN00007902,USR66726,MCH6087,2026-02-26 00:00:00,2026-03-09 00:00:00,0.5099,DUP_DEBIT,Merchant service was not delivered after payment. NA,IN_PROGRESS,2026-03-28 04:34:00,HIGH,IVR,CBK0000833,TXN00007902,USR66726,MCH6087,0,0,0,0,0,0,0,1
CBK0002388,TXN00018528,USR77072,MCH5954,,2026-03-14 00:00:00,3336.11,account hacked,Complaint received after multiple failed attempts.,RESOLVED,2026-03-21 00:00:00,MEDIUM,IVR,CBK0002388,TXN00018528,USR77072,MCH-5954,0,0,0,1,0,0,0,0
CBK0001420,TXN00010436,USR26201,MCH9908,2026-03-16 06:56:10,2026-03-21 13:56:00,509.15,delivery issue,User says UPI PIN was not entered by them.,Rejected,2026-04-16 00:00:00,MEDIUM,ivr,CBK0001420,TXN00010436,USR26201,MCH-9908,0,0,0,0,0,0,0,0
CBK0001795,TXN-00017402,USR78513,MCH4226,2026-01-23 04:47:03,2026-01-31 00:47:03,2837.81,login compromised,Complaint received after multiple failed attempts.,REJECTED,2026-02-11 00:47:03,LOW,ivr,CBK0001795,txn-00017402,USR78513,MCH4226,0,0,0,0,0,0,0,0
CBK0001315,TXN00005438,USR68023,MCH5877,2026-02-16 00:00:00,2026-02-22 07:46:00,1581.74,extra amount deducted,Merchant service was not delivered after payment. urgent,Open,,HIGH,Branch,CBK0001315,TXN00005438,USR68023,MCH-5877,0,0,0,0,0,1,0,1
CBK0000115,TXN00000541,USR20121,MCH8779,2026-02-20 00:00:00,2026-03-23 03:31:09,0.1346,complaint,Customer says amount was debited twice.,Resolved,2026-04-05 00:00:00,LOW,Email,CBK0000115,TXN00000541,USR 20121,MCH8779,0,0,0,0,0,0,0,0
CBK0000627,TXN00003619,USR39542,MCH7650,2026-03-22 00:00:00,2026-03-22 00:00:00,-4189.62,amount mismatch,suspicious high-value payment disputed by customer.,OPEN,,MEDIUM,Call Center,CBK0000627,TXN00003619,usr39542,MCH-7650,1,0,0,0,0,1,0,0
CBK0000510,TXN00007774,USR73010,MCH1407,2026-03-07 00:00:00,2026-09-03 00:00:00,1443.57,unauthorized_transaction,User claims account was compromised before txn.,Rejected,2026-04-04 00:00:00,MEDIUM,ivr,CBK0000510,TXN00007774,USR 73010,MCH1407,0,0,0,0,0,0,0,0
CBK0001979,TXN00007772,USR77274,MCH7833,2026-03-24 00:00:00,2026-03-31 00:00:00,1320.83,incorrect amount,Customer complaint text unclear due to poor call center notes.,Pending Bank,2026-04-17 10:47:26,CRITICAL,IVR,CBK0001979,TXN00007772,USR77274,MCH7833,0,0,0,0,0,0,1,0
CBK0001738,TXN00010457,USR59679,MCH9291,2026-03-05 00:00:00,2026-06-03 00:00:00,2161.39,fraud,Merchant service was not delivered after payment.,Open,2026-03-17 18:20:16,CRITICAL,Call Center,CBK0001738,TXN00010457,USR59679,MCH9291,0,0,0,0,0,0,1,0
CBK0002680,TXN00009041,USR82433,MCH4594,2026-02-07 00:00:00,2026-02-10 00:00:00,865.19,charged twice,User says UPI PIN was not entered by them.,Open,2026-02-16 00:00:00,LOW,Email,CBK0002680,TXN00009041,USR 82433,MCH4594,0,0,0,0,0,0,0,0
CBK0001521,TXN00010065,51069,MCH8953,2026-02-14 00:00:00,2026-03-17 18:07:42,4146.46,Merchant Not Delivered,user reports money deducted but merchant denies receiving payment.,Closed,2026-04-10 00:00:00,LOW,chatbot,CBK0001521,TXN00010065,51069,MCH8953,0,0,0,0,0,0,0,0
CBK0000013,TXN00019943,USR-42818,MCH6838,2026-01-02 14:58:54,2026-01-05 00:00:00,728.13,customer issue,User says UPI PIN was not entered by them. call dropped,In Progress,,LOW,App,CBK0000013,TXN00019943,USR-42818,MCH6838,0,0,0,0,0,1,0,0
CBK0002262,TXN88490,USR30627,MCH2594,,2026-03-17 00:00:00,4274.13,merchant service issue,User reports money deducted but merchant denies receiving payment. NA,WIP,,HIGH,chatbot,CBK0002262,TXN88490,usr30627,MCH2594,0,0,0,1,0,1,0,1
CBK0000718,TXN00011539,USR60803,MCH7874,2026-03-09 18:51:51,2026-03-10 00:00:00,1528.98,unauthorized_transaction,customer complaint text unclear due to poor call center notes.,In Progress,2026-03-31 00:00:00,HIGH,chatbot,CBK0000718,TXN00011539,USR 60803,MCH7874,0,0,0,0,0,0,0,1
CBK0000446,TXN00010750,USR_17864,MCH4002,2026-01-12 00:00:00,2026-01-15 00:00:00,2928.89,delivery issue,Payment made to unknown merchant as per customer statement.,Rejected,2026-01-31 20:48:17,MEDIUM,Call Center,CBK0000446,TXN00010750,usr_17864,MCH-4002,0,0,0,0,0,0,0,0
CBK0000258,TXN00017642,USR41056,MCH9394,2026-02-26 00:19:00,2026-03-01 00:00:00,1505.96,customer issue,Customer says amount was debited twice.,RESOLVED,2026-03-24 00:00:00,HIGH,chatbot,CBK0000258,TXN00017642,USR41056,MCH-9394,0,0,0,0,0,0,0,1
CBK0000449,TXN-00007492,USR66286,MCH2383,2026-02-19 00:00:00,2026-02-20 00:00:00,2062.69,complaint,Merchant service was not delivered after payment.,Open,2026-02-25 00:00:00,LOW,App,CBK0000449,txn-00007492,USR66286,MCH2383,0,0,0,0,0,0,0,0
CBK0000486,TXN00002729,USR58335,MCH6810,,2026-01-14 19:40:25,1526.62,Wrong Amount,Payment made to unknown merchant as per customer statement.,In Progress,2026-01-30 19:40:00,LOW,Call Center,CBK0000486,TXN00002729,usr58335,MCH6810,0,0,0,1,0,0,0,0
CBK0000888,TXN00015372,USR10047,6850,2026-02-12 00:00:00,2026-02-14 00:00:00,1341.86,amount mismatch,PAYMENT MADE TO UNKNOWN MERCHANT AS PER CUSTOMER STATEMENT.,Pending Bank,2026-03-02 00:00:00,CRITICAL,chatbot,CBK0000888,TXN00015372,USR10047,6850,0,0,0,0,0,0,1,0
CBK0000711,TXN00015632,USR47206,MCH3217,2026-03-05 00:00:00,2026-03-06 00:00:00,386.01,complaint,User says UPI PIN was not entered by them.,IN_PROGRESS,2026-04-01 23:17:35,LOW,Branch,CBK0000711,TXN00015632,USR47206,MCH3217,0,0,0,0,0,0,0,0
CBK0001690,TXN00011230,USR60327,MCH9976,2026-02-15 00:00:00,,-2395.8,complaint,Complaint received after multiple failed attempts.,IN_PROGRESS,2026-03-13 00:00:00,LOW,chatbot,CBK0001690,TXN00011230,USR60327,MCH9976,1,0,0,0,1,0,0,0
CBK0001395,TXN00016017,USR47363,MCH9787,2026-02-23 00:00:00,2026-02-27 00:00:00,-849.31,dispute raised,User claims account was compromised before transaction.,OPEN,2026-03-24 05:41:00,HIGH,CHATBOT,CBK0001395,TXN00016017,USR47363,MCH-9787,1,0,0,0,0,0,0,1
CBK0002728,TXN00014794,USR_60133,MCH9291,2026-03-03 15:24:00,2026-03-04 11:24:00,975.44,Customer Dispute,Payment made to unknown merchant as per customer statement.,In Progress,2026-12-03 00:00:00,MEDIUM,CHATBOT,CBK0002728,TXN00014794,usr_60133,mch9291,0,0,0,0,0,0,0,0
CBK0001237,TXN00015341,USR-87558,MCH4264,2026-01-10 19:48:33,2026-01-12 14:48:33,6901.63,item not received,Complaint received after multiple failed attempts.,PENDING_BANK,,CRITICAL,ivr,CBK0001237,TXN00015341,USR-87558,MCH4264,0,0,0,0,0,1,1,0
CBK0002749,TXN-00019208,USR22131,MCH6084,2026-03-08 00:00:00,2026-03-10 01:16:17,1146.96,Customer Dispute,Suspicious high-value payment disputed by customer.,REJECTED,2026-03-12 00:00:00,MEDIUM,chatbot,CBK0002749,txn-00019208,USR22131,MCH6084,0,0,0,0,0,0,0,0
CBK0001101,TXN00002219,USR11618,MCH1518,2026-03-15 00:00:00,2026-03-17 00:00:00,3127.19,item not received,COMPLAINT RECEIVED AFTER MULTIPLE FAILED ATTEMPTS.,Open,2026-12-04 00:00:00,HIGH,chatbot,CBK0001101,TXN00002219,USR11618,MCH-1518,0,0,0,0,0,0,0,1
CBK0000963,TXN00003306,USR42884,MCH8953,2026-01-04 00:00:00,,2280.54,Duplicate Debit,Payment made to unknown merchant as per customer statement.,IN_PROGRESS,2026-02-01 00:48:55,MEDIUM,Email,CBK0000963,TXN00003306,USR42884,mch8953,0,0,0,0,1,0,0,0
CBK0000772,TXN00010034,USR25196,MCH1320,2026-01-06 00:00:00,2026-01-08 09:22:06,0.305,dispute raised,Customer says amount was debited twice.,Open,2026-05-02 00:00:00,CRITICAL,CHATBOT,CBK0000772,TXN00010034,USR25196,MCH1320,0,0,0,0,0,0,1,0
CBK0002005,,USR66391,MCH8391,2026-03-16 13:33:00,2026-03-24 00:00:00,1171.4,no service,customer says amount was debited twice.,RESOLVED,2026-04-16 00:00:00,LOW,chatbot,CBK0002005,,USR66391,MCH8391,0,0,1,0,0,0,0,0
CBK0000345,TXN00007052,USR24877,MCH7863,2026-03-07 06:24:54,2026-03-09 00:00:00,,dispute raised,Payment made to unknown merchant as per customer statement.,PENDING_BANK,2026-03-22 22:24:54,LOW,CHATBOT,CBK0000345,TXN00007052,usr24877,mch7863,0,1,0,0,0,0,0,0
CBK0000194,TXN00009105,USR80813,MCH3548,2026-03-10 07:37:00,2026-03-12 03:37:00,,delivery issue,Customer complaint text unclear due to poor call center notes.,Rejected,2026-03-25 00:00:00,LOW,App,CBK0000194,TXN00009105,USR80813,mch3548,0,1,0,0,0,0,0,0
CBK0002591,TXN00004763,USR40127,MCH4473,2026-03-10 00:00:00,2026-03-12 23:20:31,2865.75,double debit,Customer says transaction was not authorized.,Pending Bank,2026-03-19 23:20:31,MEDIUM,chatbot,CBK0002591,TXN00004763,USR40127,MCH4473,0,0,0,0,0,0,0,0
CBK0001957,TXN00009699,64159,MCH2134,2026-02-03 10:47:22,2026-02-06 00:00:00,3917.9,Duplicate Debit,MERCHANT SERVICE WAS NOT DELIVERED AFTER PAYMENT.,In Progress,2026-03-03 00:00:00,HIGH,CHATBOT,CBK0001957,TXN00009699,64159,MCH2134,0,0,0,0,0,0,0,1
CBK0000922,TXN00018185,USR61372,MCH8331,2026-02-27 00:00:00,2026-02-28 00:00:00,0.66,Service Not Provided,user reports money deducted but merchant denies receiving payment.,Open,,CRITICAL,Email,CBK0000922,TXN00018185,USR 61372,MCH8331,0,0,0,0,0,1,1,0
CBK0000118,TXN00008970,USR64312,MCH2858,2026-01-26 00:00:00,,450.63,suspicious transaction,Payment made to unknown merchant as per customer statement.,Closed,,LOW,ivr,CBK0000118,TXN00008970,usr64312,mch2858,0,0,0,0,1,1,0,0
CBK0002416,TXN00007831,USR38240,MCH6533,2026-01-06 01:46:00,2026-01-07 00:00:00,905.66,account hacked,Suspicious high-value payment disputed by customer.,OPEN,2026-01-28 08:46:41,LOW,Email,CBK0002416,TXN00007831,USR38240,MCH6533,0,0,0,0,0,0,0,0
CBK0000075,TXN00014086,USR84007,MCH8154,2026-03-18 00:00:00,2026-03-25 00:00:00,1493.94,scam,User reports money deducted but merchant denies receiving payment.,Resolved,2026-03-26 00:00:00,MEDIUM,App,CBK0000075,TXN00014086,USR84007,mch8154,0,0,0,0,0,0,0,0
CBK0001584,TXN00016151,USR53727,MCH3815,2026-02-03 00:00:00,2026-02-04 08:28:07,1236.73,login compromised,Merchant service was not delivered after payment.,WIP,2026-03-06 00:00:00,LOW,Call Center,CBK0001584,TXN00016151,USR53727,MCH 3815,0,0,0,0,0,0,0,0
CBK0001958,TXN00018222,USR46902,MCH5561,2026-03-08 00:00:00,2026-03-10 18:32:00,0.1611,merchant service issue,Customer complaint text unclear due to poor call center notes.,Closed,,LOW,Branch,CBK0001958,TXN00018222,USR46902,MCH5561,0,0,0,0,0,1,0,0
CBK0001192,,USR17450,MCH6659,2026-03-24 09:19:34,2026-03-31 00:00:00,4315.76,fraud,CUSTOMER SAYS AMOUNT WAS DEBITED TWICE.,Rejected,2026-04-30 20:19:34,LOW,IVR,CBK0001192,,USR17450,MCH6659,0,0,1,0,0,0,0,0
CBK0002096,TXN00008557,USR-89656,MCH4345,2026-03-14 00:00:00,2026-03-20 00:00:00,0.752,FRAUD,Payment made to unknown merchant as per customer statement.,Rejected,,HIGH,chatbot,CBK0002096,TXN00008557,USR-89656,MCH-4345,0,0,0,0,0,1,0,1
CBK0000989,TXN00012972,USR-33348,MCH5173,2026-03-03 18:36:37,2026-03-14 13:36:37,1647.57,unauth txn,Customer says amount was debited twice.,Resolved,2026-03-20 00:00:00,CRITICAL,ivr,CBK0000989,TXN00012972,USR-33348,MCH5173,0,0,0,0,0,0,1,0
CBK0002306,TXN-00008650,USR_32641,MCH1565,2026-02-18 00:00:00,2026-02-19 00:00:00,1166.57,not delivered,user claims account was compromised before transaction.,OPEN,2026-03-12 00:00:00,MEDIUM,chatbot,CBK0002306,txn-00008650,usr_32641,MCH1565,0,0,0,0,0,0,0,0
CBK0001387,TXN00008870,USR26871,MCH3687,2026-01-20 19:35:20,2026-01-23 00:00:00,4628.47,unauthorized_transaction,Suspicious high-value payment disputed by customer.,REJECTED,,MEDIUM,chatbot,CBK0001387,TXN00008870,USR26871,MCH3687,0,0,0,0,0,1,0,0
CBK0000996,TXN00000021,USR22644,MCH4473,2026-01-07 00:00:00,2026-01-17 19:42:38,1284.05,dispute raised,Complaint received after multiple failed attempts. pls check asap,Rejected,2026-02-11 00:00:00,LOW,chatbot,CBK0000996,TXN00000021,USR 22644,MCH4473,0,0,0,0,0,0,0,0
CBK0001421,TXN00015594,USR50434,MCH6889,2026-01-26 00:00:00,2026-01-30 00:00:00,1421.26,Account Takeover,Customer complaint text unclear due to poor call center notes.,Open,2026-02-17 10:08:54,LOW,Email,CBK0001421,TXN00015594,USR50434,MCH6889,0,0,0,0,0,0,0,0
CBK0000238,TXN00008222,USR-40061,MCH2274,2026-02-19 00:00:00,2026-02-22 00:00:00,4360.22,dispute raised,User reports money deducted but merchant denies receiving payment.,In Progress,,LOW,App,CBK0000238,TXN00008222,USR-40061,MCH2274,0,0,0,0,0,1,0,0
CBK0001241,TXN00019245,USR_99206,MCH4590,2026-03-11 00:00:00,2026-03-12 00:00:00,2987.16,suspicious transaction,Customer complaint text unclear due to poor call center notes.,Closed,2026-04-06 00:00:00,MEDIUM,Branch,CBK0001241,TXN00019245,usr_99206,MCH4590,0,0,0,0,0,0,0,0
CBK0000558,TXN00006037,USR26658,MCH7509,2026-02-13 00:00:00,2026-02-14 00:00:00,739.74,dispute raised,user reports money deducted but merchant denies receiving payment.,Closed,2026-02-22 03:45:00,LOW,Email,CBK0000558,TXN00006037,USR26658,MCH7509,0,0,0,0,0,0,0,0
CBK0001977,TXN00000225,USR94159,MCH5655,2026-03-07 00:00:00,2026-03-07 22:21:00,666.0,complaint,Payment made to unknown merchant as per customer statement.,RESOLVED,,HIGH,Branch,CBK0001977,TXN00000225,USR94159,MCH5655,0,0,0,0,0,1,0,1
CBK0000076,TXN00001158,USR27355,MCH5963,2026-01-04 00:00:00,2026-01-05 22:59:45,461.85,no service,CUSTOMER SAYS TRANSACTION WAS NOT AUTHORIZED.,REJECTED,2026-01-09 22:59:00,LOW,ivr,CBK0000076,TXN00001158,USR27355,MCH5963,0,0,0,0,0,0,0,0
CBK0002083,TXN00014640,USR-17657,MCH2822,2026-03-25 00:00:00,2026-03-27 00:00:00,0.5247,no service,Suspicious high-value payment disputed by customer. NA,Closed,2026-04-03 14:05:27,LOW,Email,CBK0002083,TXN00014640,USR-17657,MCH2822,0,0,0,0,0,0,0,0
CBK0001948,TXN00014225,USR73728,MCH8953,2026-02-17 00:00:00,2026-02-18 00:00:00,,UNAUTHORISED,Payment made to unknown merchant as per customer statement.,OPEN,,MEDIUM,Call Center,CBK0001948,TXN00014225,USR73728,MCH8953,0,1,0,0,0,1,0,0
CBK0002583,TXN00016902,USR33856,MCH4131,2026-01-15 15:10:59,2026-01-17 22:10:59,1595.05,unauthorized_transaction,Customer says amount was debited twice.,Pending Bank,2026-10-02 00:00:00,LOW,Branch,CBK0002583,TXN00016902,USR33856,MCH 4131,0,0,0,0,0,0,0,0
CBK0002069,TXN00019571,23992,MCH5315,,2026-03-05 00:00:00,0.475,unauthorized_transaction,User claims account was compromised before transaction.,Open,2026-04-04 21:12:20,MEDIUM,Branch,CBK0002069,TXN00019571,23992,MCH 5315,0,0,0,1,0,0,0,0
CBK0000924,TXN00003076,USR28031,MCH8603,2026-01-01 00:00:00,,0.342,customer issue,User says UPI PIN was not entered by them.,PENDING_BANK,2026-01-24 01:31:00,MEDIUM,App,CBK0000924,TXN00003076,USR28031,MCH8603,0,0,0,0,1,0,0,0
CBK0002449,TXN00010509,USR57946,MCH4966,2026-02-26 06:53:00,2026-02-28 00:00:00,1835.21,service failed,Suspicious high-value payment disputed by customer.,Open,2026-03-25 00:00:00,MEDIUM,ivr,CBK0002449,TXN00010509,USR57946,mch4966,0,0,0,0,0,0,0,0
CBK0000169,TXN84777,USR83541,MCH9196,2026-02-03 00:00:00,,-1091.87,FRAUD,Payment made to unknown merchant as per customer statement.,OPEN,2026-03-22 00:00:00,MEDIUM,App,CBK0000169,TXN84777,USR83541,MCH 9196,1,0,0,0,1,0,0,0
CBK0001675,TXN00007698,USR30500,MCH1290,2026-03-25 00:00:00,2026-03-27 00:00:00,1746.55,DUP_DEBIT,Merchant service was not delivered after payment.,Resolved,2026-04-10 05:50:27,MEDIUM,Branch,CBK0001675,TXN00007698,USR30500,MCH1290,0,0,0,0,0,0,0,0
CBK0002129,TXN00005777,USR99787,MCH8779,2026-03-05 00:00:00,2026-03-21 00:00:00,891.95,FRAUD,Customer says amount was debited twice.,OPEN,2026-02-04 00:00:00,HIGH,Call Center,CBK0002129,TXN00005777,USR99787,MCH-8779,0,0,0,0,0,0,0,1
CBK0000286,TXN00017361,62049,MCH6810,2026-02-01 02:57:51,2026-11-02 00:00:00,1755.45,Unauthorized Transaction,user claims account was compromised before transaction.,IN_PROGRESS,2026-02-28 00:00:00,LOW,IVR,CBK0000286,TXN00017361,62049,MCH6810,0,0,0,0,0,0,0,0
CBK0002438,TXN00006364,USR79500,MCH2963,2026-02-17 00:00:00,2026-02-18 21:05:00,2678.39,Merchant Not Delivered,Complaint received after multiple failed attempts.,Closed,2026-03-16 00:00:00,LOW,Email,CBK0002438,TXN00006364,USR79500,MCH2963,0,0,0,0,0,0,0,0
CBK0002365,TXN00000567,USR77716,MCH2387,2026-03-15 16:57:45,2026-03-19 00:00:00,1015.09,scam,suspicious high-value payment disputed by customer.,OPEN,2026-04-12 05:57:00,LOW,CHATBOT,CBK0002365,TXN00000567,USR77716,mch2387,0,0,0,0,0,0,0,0
CBK0002224,TXN00008421,USR39089,MCH2822,2026-01-06 00:00:00,2026-01-11 00:00:00,964.56,Unauthorized Transaction,User claims account was compromised before transaction.,CLOSED,2026-01-17 00:00:00,LOW,Call Center,CBK0002224,TXN00008421,USR 39089,MCH2822,0,0,0,0,0,0,0,0
CBK0000686,TXN00000850,USR54783,8420,2026-01-23 00:00:00,2026-01-20 00:00:00,1203.18,UNAUTHORISED,Customer says txn was not authorized.,PENDING_BANK,,MEDIUM,Branch,CBK0000686,TXN00000850,USR54783,8420,0,0,0,0,0,1,0,0
CBK0002291,TXN00000916,USR59058,MCH4473,2026-01-01 00:19:40,2026-01-03 00:00:00,0.577,unauthorized_transaction,Merchant service was not delivered after payment. details missing,Open,,HIGH,IVR,CBK0002291,TXN00000916,USR59058,MCH4473,0,0,0,0,0,1,0,1
CBK0000999,TXN00009812,USR25934,MCH4473,2026-03-11 14:54:18,2026-03-15 00:00:00,2069.51,dispute raised,User reports money deducted but merchant denies receiving payment. details missing,Open,2026-04-01 00:00:00,LOW,Call Center,CBK0000999,TXN00009812,USR25934,MCH4473,0,0,0,0,0,0,0,0
CBK0002761,TXN00017387,USR73413,MCH2266,2026-03-09 00:00:00,2026-03-12 11:20:23,303.26,not done by me,User says UPI PIN was not entered by them.,OPEN,2026-03-30 00:00:00,MEDIUM,App,CBK0002761,TXN00017387,USR73413,MCH2266,0,0,0,0,0,0,0,0
CBK0002125,TXN00011157,USR38625,MCH3327,2026-01-26 03:53:00,2026-02-10 00:00:00,-2138.06,Customer Dispute,Customer says transaction was not authorized. urgent,PENDING_BANK,2026-02-16 06:53:00,MEDIUM,IVR,CBK0002125,TXN00011157,USR38625,MCH3327,1,0,0,0,0,0,0,0
CBK0002511,TXN00014471,USR91311,MCH8100,2026-02-21 00:00:00,2026-02-27 00:00:00,2509.27,Account Takeover,COMPLAINT RECEIVED AFTER MULTIPLE FAILED ATTEMPTS.,Open,,HIGH,ivr,CBK0002511,TXN00014471,USR91311,MCH8100,0,0,0,0,0,1,0,1
CBK0002548,TXN00003431,USR51725,MCH1320,2026-01-01 00:00:00,2026-01-09 00:00:00,3242.15,merchant service issue,User reports money deducted but merchant denies receiving payment.,OPEN,2026-01-09 00:08:00,MEDIUM,CHATBOT,CBK0002548,TXN00003431,USR51725,MCH-1320,0,0,0,0,0,0,0,0
CBK0002220,TXN00018020,USR89284,MCH2757,2026-03-15 13:36:00,2026-03-18 00:00:00,1238.72,Service Not Provided,Payment made to unknown merchant as per customer statement.,CLOSED,2026-04-10 01:36:14,LOW,Call Center,CBK0002220,TXN00018020,USR89284,MCH2757,0,0,0,0,0,0,0,0
CBK0000131,,USR16031,MCH4997,2026-02-21 20:10:28,2026-02-23 00:00:00,0.1424,Unauthorized Transaction,Customer complaint text unclear due to poor call center notes.,IN_PROGRESS,2026-03-21 00:00:00,HIGH,Call Center,CBK0000131,,USR16031,MCH4997,0,0,1,0,0,0,0,1
CBK0001441,TXN00017441,USR-80479,MCH2733,2026-01-12 00:00:00,2026-01-15 00:00:00,766.94,unauthorized_transaction,Customer says amount was debited twice.,IN_PROGRESS,,HIGH,Call Center,CBK0001441,TXN00017441,USR-80479,MCH 2733,0,0,0,0,0,1,0,1
CBK0001641,TXN00012030,USR59679,MCH5954,2026-03-30 18:54:00,,,service failed,Customer complaint text unclear due to poor call center notes.,REJECTED,2026-04-23 00:00:00,LOW,Call Center,CBK0001641,TXN00012030,USR59679,MCH5954,0,1,0,0,1,0,0,0
CBK0002766,TXN00011236,USR61715,MCH4062,2026-02-17 00:00:00,2026-02-19 00:00:00,,Fraud Suspected,Customer says amount was debited twice.,RESOLVED,2026-02-26 00:00:00,LOW,IVR,CBK0002766,TXN00011236,USR61715,MCH4062,0,1,0,0,0,0,0,0
CBK0001084,TXN00017437,USR13933,MCH2265,2026-01-17 10:41:08,2026-01-18 00:00:00,0.1311,customer issue,Customer complaint text unclear due to poor call center notes.,PENDING_BANK,2026-02-09 00:00:00,MEDIUM,chatbot,CBK0001084,TXN00017437,USR13933,mch2265,0,0,0,0,0,0,0,0
CBK0001109,TXN00008405,USR77137,MCH8779,2026-02-18 00:00:00,2026-02-20 00:00:00,-1327.89,DUP_DEBIT,Suspicious high-value payment disputed by customer.,CLOSED,2026-02-28 01:12:00,MEDIUM,App,CBK0001109,TXN00008405,usr77137,mch8779,1,0,0,0,0,0,0,0
CBK0001142,TXN00013418,USR55881,MCH1320,2026-01-13 19:02:00,2026-01-15 00:00:00,6925.85,Merchant Not Delivered,User claims account was compromised before transaction.,CLOSED,,MEDIUM,IVR,CBK0001142,TXN00013418,USR 55881,MCH1320,0,0,0,0,0,1,0,0
CBK0000777,,USR41853,MCH3327,2026-01-03 00:00:00,,7674.18,Unauthorized Transaction,Customer says amount was debited twice.,In Progress,,LOW,CHATBOT,CBK0000777,,USR 41853,MCH3327,0,0,1,0,1,1,0,0
CBK0002610,TXN00011255,USR62673,MCH3100,2026-01-06 00:00:00,2026-01-21 17:51:37,2068.22,account hacked,Merchant service was not delivered after payment.,OPEN,2026-01-25 17:51:37,LOW,Call Center,CBK0002610,TXN00011255,USR62673,mch3100,0,0,0,0,0,0,0,0
CBK0000938,TXN00011273,USR80424,MCH1874,2026-02-16 00:00:00,2026-02-21 00:00:00,1062.27,not delivered,Customer says amount was debited twice.,RESOLVED,2026-02-28 00:00:00,CRITICAL,Branch,CBK0000938,TXN00011273,USR80424,MCH1874,0,0,0,0,0,0,1,0
CBK0000720,TXN00009292,USR62461,MCH8044,2026-01-16 00:00:00,2026-01-21 00:00:00,2299.02,scam,Payment made to unknown merchant as per cust statement.,IN_PROGRESS,,LOW,CHATBOT,CBK0000720,TXN00009292,usr62461,MCH 8044,0,0,0,0,0,1,0,0
CBK0000534,TXN00009187,USR89514,MCH5319,2026-01-18 00:00:00,2026-01-19 00:00:00,3008.39,item not received,User says UPI PIN was not entered by them. details missing,CLOSED,2026-02-07 00:00:00,LOW,Email,CBK0000534,TXN00009187,USR89514,MCH5319,0,0,0,0,0,0,0,0
CBK0001713,TXN00019900,USR24117,MCH3622,2026-01-19 00:00:00,2026-01-27 00:00:00,4072.76,no service,Complaint received after multiple failed attempts. call dropped,IN_PROGRESS,,MEDIUM,Branch,CBK0001713,TXN00019900,USR24117,MCH3622,0,0,0,0,0,1,0,0
CBK0002694,TXN00017451,USR-11727,MCH6810,2026-03-04 00:00:00,2026-03-06 17:47:56,1007.69,no service,Customer says transaction was not authorized.,PENDING_BANK,2026-03-25 00:00:00,LOW,IVR,CBK0002694,TXN00017451,USR-11727,MCH6810,0,0,0,0,0,0,0,0
CBK0002018,TXN00005542,USR80304,MCH8953,2026-01-31 00:00:00,2026-02-01 10:25:53,236.16,DUP_DEBIT,Complaint received after multiple failed attempts.,IN_PROGRESS,,MEDIUM,App,CBK0002018,TXN00005542,USR80304,MCH8953,0,0,0,0,0,1,0,0
CBK0002775,TXN00018203,USR60939,MCH9570,,2026-02-12 08:26:59,1403.54,Unauthorized Transaction,Complaint received after multiple failed attempts.,CLOSED,2026-02-15 08:26:00,LOW,App,CBK0002775,TXN00018203,USR60939,MCH9570,0,0,0,1,0,0,0,0
CBK0002030,TXN00019111,USR11036,MCH5122,2026-01-15 00:00:00,2026-01-19 03:25:00,0.1094,UNAUTHORISED,Payment made to unknown merchant as per customer statement.,Rejected,2026-01-22 00:00:00,HIGH,Email,CBK0002030,TXN00019111,USR11036,MCH5122,0,0,0,0,0,0,0,1
CBK0002007,TXN00018681,USR53356,MCH5076,2026-03-06 00:00:00,2026-03-06 00:00:00,5525.44,amount mismatch,merchant service was not delivered after payment.,Pending Bank,,MEDIUM,CHATBOT,CBK0002007,TXN00018681,USR53356,MCH5076,0,0,0,0,0,1,0,0
CBK0001825,TXN00000995,USR60939,MCH9788,,2026-02-22 00:00:00,,scam,customer says amount was debited twice.,In Progress,2026-06-03 00:00:00,MEDIUM,App,CBK0001825,TXN00000995,usr60939,MCH9788,0,1,0,1,0,0,0,0
CBK0000191,TXN00016165,22024,MCH5684,2026-02-10 00:00:00,2026-02-16 00:00:00,4335.54,merchant service issue,Merchant service was not delivered after payment. urgent,Closed,2026-02-19 00:00:00,HIGH,Branch,CBK0000191,TXN00016165,22024,mch5684,0,0,0,0,0,0,0,1
CBK0001412,TXN00007645,USR75440,MCH4862,2026-02-23 00:00:00,2026-02-23 00:00:00,-1667.95,not delivered,Customer says transaction was not authorized.,In Progress,2026-03-21 10:58:05,CRITICAL,Email,CBK0001412,TXN00007645,USR75440,MCH 4862,1,0,0,0,0,0,1,0
CBK0000015,TXN00003408,USR88037,MCH7845,,,895.1,no service,Suspicious high-value payment disputed by cust.,IN_PROGRESS,2026-04-01 14:30:26,MEDIUM,IVR,CBK0000015,TXN00003408,USR88037,MCH7845,0,0,0,1,1,0,0,0
CBK0001722,TXN00001041,USR72483,MCH9013,2026-01-06 00:00:00,2026-01-08 00:00:00,1977.08,extra amount deducted,customer says amount was debited twice.,PENDING_BANK,2026-01-18 00:00:00,LOW,Branch,CBK0001722,TXN00001041,USR72483,MCH9013,0,0,0,0,0,0,0,0
CBK0000826,TXN00002919,USR50535,MCH2014,2026-01-11 00:00:00,2026-01-13 00:00:00,4331.37,scam,customer says amount was debited twice.,Pending Bank,,HIGH,IVR,CBK0000826,TXN00002919,USR50535,MCH2014,0,0,0,0,0,1,0,1
CBK0001912,TXN-00004776,USR_25848,MCH1193,2026-01-17 01:51:00,2026-01-22 00:00:00,2319.55,not delivered,Complaint received after multiple failed attempts.,Rejected,2026-01-30 21:51:51,HIGH,chatbot,CBK0001912,txn-00004776,usr_25848,MCH1193,0,0,0,0,0,0,0,1
CBK0002561,TXN00002204,USR14039,MCH6810,2026-03-04 00:00:00,2026-08-03 00:00:00,455.59,Unauthorized Transaction,User says UPI PIN was not entered by them.,WIP,2026-03-11 00:00:00,HIGH,IVR,CBK0002561,TXN00002204,usr14039,MCH6810,0,0,0,0,0,0,0,1
CBK0000224,TXN00019488,USR33856,7833,,2026-01-11 04:59:00,6544.91,not done by me,User says UPI PIN was not entered by them. urgent,CLOSED,,MEDIUM,CHATBOT,CBK0000224,TXN00019488,USR33856,7833,0,0,0,1,0,1,0,0
CBK0000554,TXN00016199,USR_58457,MCH2818,2026-03-03 00:00:00,2026-03-13 00:00:00,4366.91,account hacked,Payment made to unknown merchant as per customer statement.,WIP,2026-03-20 00:00:00,HIGH,chatbot,CBK0000554,TXN00016199,usr_58457,MCH2818,0,0,0,0,0,0,0,1
CBK0001687,TXN00003168,USR_79935,MCH8154,2026-02-26 00:00:00,2026-03-01 00:00:00,2132.64,Fraud Suspected,merchant service was not delivered after payment.,PENDING_BANK,2026-03-11 03:30:00,MEDIUM,CHATBOT,CBK0001687,TXN00003168,usr_79935,MCH8154,0,0,0,0,0,0,0,0
CBK0001186,TXN00018221,USR-54313,MCH9511,2026-01-30 00:00:00,2026-03-17 00:00:00,0.119,Wrong Amount,User claims account was compromised before transaction. pls check asap,Open,2026-04-03 00:00:00,LOW,Branch,CBK0001186,TXN00018221,USR-54313,MCH 9511,0,0,0,0,0,0,0,0
CBK0000923,TXN94657,USR35229,MCH1505,2026-03-23 00:00:00,2026-04-23 00:00:00,0.2556,Wrong Amount,Merchant service was not delivered after payment.,CLOSED,2026-04-26 00:00:00,HIGH,Branch,CBK0000923,TXN94657,USR35229,MCH 1505,0,0,0,0,0,0,0,1
CBK0000322,TXN00019719,USR68594,MCH8391,2026-03-23 00:00:00,2026-04-02 20:20:18,4373.83,delivery issue,merchant service was not delivered after payment.,Closed,2026-04-18 20:20:18,HIGH,Branch,CBK0000322,TXN00019719,USR68594,MCH8391,0,0,0,0,0,0,0,1
CBK0000056,TXN00002715,USR49193,MCH9467,2026-01-23 00:00:00,2026-02-03 08:44:00,,service failed,Merchant service was not delivered after payment.,Rejected,,HIGH,chatbot,CBK0000056,TXN00002715,USR49193,MCH9467,0,1,0,0,0,1,0,1
CBK0000778,TXN00004797,USR73637,MCH1026,2026-01-12 03:41:00,2026-02-27 00:00:00,3784.33,UNAUTHORISED,customer says transaction was not authorized.,RESOLVED,,MEDIUM,Call Center,CBK0000778,TXN00004797,USR 73637,mch1026,0,0,0,0,0,1,0,0
CBK0001904,TXN00006057,USR27947,MCH5098,2026-01-23 08:43:00,2026-01-26 00:00:00,378.18,amount mismatch,Merchant service was not delivered after payment.,PENDING_BANK,2026-02-15 09:43:00,HIGH,Call Center,CBK0001904,TXN00006057,USR27947,mch5098,0,0,0,0,0,0,0,1
CBK0001858,TXN00019309,USR57601,MCH7194,2026-01-10 00:00:00,2026-01-11 00:00:00,6862.58,complaint,User claims account was compromised before transaction.,WIP,,HIGH,App,CBK0001858,TXN00019309,usr57601,MCH7194,0,0,0,0,0,1,0,1
CBK0001327,TXN00010704,USR57352,MCH9854,2026-01-15 20:40:00,2026-01-21 00:00:00,2880.65,FRAUD,Complaint received after multiple failed attempts.,In Progress,,LOW,Branch,CBK0001327,TXN00010704,USR57352,MCH9854,0,0,0,0,0,1,0,0
CBK0000612,TXN00008353,USR-59073,MCH2016,2026-04-03 00:00:00,2026-03-06 18:57:42,1208.71,fraud,customer says transaction was not authorized.,Rejected,2026-03-11 18:57:00,MEDIUM,Branch,CBK0000612,TXN00008353,USR-59073,MCH2016,0,0,0,0,0,0,0,0
CBK0001251,TXN00007334,USR34180,MCH8904,2026-05-03 00:00:00,2026-03-08 00:00:00,903.47,service failed,PAYMENT MADE TO UNKNOWN MERCHANT AS PER CUSTOMER STATEMENT.,Closed,2026-03-19 00:00:00,LOW,CHATBOT,CBK0001251,TXN00007334,USR34180,mch8904,0,0,0,0,0,0,0,0
CBK0000036,TXN00007642,USR23143,MCH2032,2026-01-14 00:00:00,2026-01-17 16:21:03,0.1258,complaint,Customer says transaction was not authorized. NA,Rejected,2026-02-05 16:21:03,CRITICAL,Email,CBK0000036,TXN00007642,USR23143,mch2032,0,0,0,0,0,0,1,0
CBK0001074,TXN00016035,USR-30137,MCH4252,2026-03-18 00:00:00,2026-03-20 00:00:00,2162.74,charged twice,Customer complaint text unclear due to poor call center notes.,Open,,MEDIUM,Branch,CBK0001074,TXN00016035,USR-30137,MCH4252,0,0,0,0,0,1,0,0
CBK0000045,TXN00018877,USR30701,MCH8391,,2026-03-10 00:00:00,2653.61,service failed,Payment made to unknown merchant as per customer statement.,OPEN,,CRITICAL,chatbot,CBK0000045,TXN00018877,usr30701,MCH8391,0,0,0,1,0,1,1,0
CBK0002044,TXN00012234,USR38814,MCH2495,2026-02-25 00:00:00,2026-04-11 00:00:00,1786.57,UNAUTHORISED,Customer says amount was debited twice.,Pending Bank,2026-04-17 00:00:00,CRITICAL,IVR,CBK0002044,TXN00012234,USR38814,MCH2495,0,0,0,0,0,0,1,0
CBK0002390,TXN00008564,USR-53527,MCH1450,2026-03-14 00:00:00,2026-03-20 12:52:19,7520.47,delivery issue,USER CLAIMS ACCOUNT WAS COMPROMISED BEFORE TRANSACTION.,Resolved,2026-04-18 00:00:00,MEDIUM,chatbot,CBK0002390,TXN00008564,USR-53527,mch1450,0,0,0,0,0,0,0,0
CBK0000991,TXN00016978,USR85967,MCH9642,2026-03-28 06:01:00,2026-04-12 20:01:14,0.3895,suspicious transaction,Customer says amount was debited twice.,Closed,2026-12-04 00:00:00,MEDIUM,IVR,CBK0000991,TXN00016978,USR85967,MCH9642,0,0,0,0,0,0,0,0
CBK0001740,TXN00009712,USR32707,4181,2026-01-28 00:00:00,2026-01-29 00:00:00,803.59,Customer Dispute,User reports money deducted but merchant denies receiving payment.,CLOSED,2026-02-28 00:00:00,MEDIUM,App,CBK0001740,TXN00009712,USR32707,4181,0,0,0,0,0,0,0,0
CBK0000182,TXN00013078,USR_91108,MCH4931,2026-02-06 21:01:00,2026-02-06 00:00:00,3943.46,merchant service issue,Suspicious high-value payment disputed by customer.,OPEN,2026-03-01 00:00:00,CRITICAL,App,CBK0000182,TXN00013078,usr_91108,MCH4931,0,0,0,0,0,0,1,0
CBK0002641,TXN00005655,USR10307,MCH4859,2026-02-27 00:00:00,2026-03-03 00:00:00,5976.8,incorrect amount,Merchant service was not delivered after payment.,Open,,HIGH,chatbot,CBK0002641,TXN00005655,USR10307,MCH4859,0,0,0,0,0,1,0,1
CBK0001106,TXN81951,USR_84942,MCH2073,2026-02-12 01:12:00,,3816.43,login compromised,Customer says transaction was not authorized. call dropped,Pending Bank,2026-03-12 00:00:00,MEDIUM,Branch,CBK0001106,TXN81951,usr_84942,MCH2073,0,0,0,0,1,0,0,0
CBK0002466,TXN00013029,USR16995,MCH7040,2026-01-13 05:39:00,2026-01-15 19:39:00,1491.88,merchant service issue,Customer says transaction was not authorized.,Rejected,2026-01-25 19:39:06,MEDIUM,Email,CBK0002466,TXN00013029,USR16995,MCH7040,0,0,0,0,0,0,0,0
CBK0001305,TXN00017826,USR89617,MCH5076,2026-01-18 23:38:00,2026-02-03 00:00:00,5617.04,Account Takeover,Payment made to unknown merchant as per customer statement.,WIP,2026-02-24 00:00:00,LOW,ivr,CBK0001305,TXN00017826,USR89617,MCH-5076,0,0,0,0,0,0,0,0
CBK0002675,TXN00007158,USR38065,MCH6195,2026-02-10 00:00:00,2026-02-25 18:38:29,-1520.53,delivery issue,User reports money deducted but merchant denies receiving payment.,IN_PROGRESS,2026-02-25 00:00:00,HIGH,IVR,CBK0002675,TXN00007158,USR38065,MCH6195,1,0,0,0,0,0,0,1
CBK0002337,TXN00008947,USR74187,MCH2877,2026-01-05 00:00:00,2026-01-08 00:00:00,0.4079,dispute raised,Customer says amount was debited twice.,RESOLVED,2026-01-14 00:00:00,LOW,ivr,CBK0002337,TXN00008947,usr74187,mch2877,0,0,0,0,0,0,0,0
CBK0000211,TXN00019098,USR76655,MCH2383,2026-02-12 00:00:00,2026-02-27 00:00:00,536.94,login compromised,Complaint received after multiple failed attempts.,PENDING_BANK,2026-03-14 00:00:00,MEDIUM,Email,CBK0000211,TXN00019098,USR76655,MCH2383,0,0,0,0,0,0,0,0
CBK0000042,TXN00001246,USR48537,MCH2700,2026-02-08 00:00:00,,0.702,complaint,customer says transaction was not authorized.,Closed,2026-02-25 00:00:00,HIGH,IVR,CBK0000042,TXN00001246,USR48537,MCH 2700,0,0,0,0,1,0,0,1
CBK0002778,TXN34155,USR63286,MCH5795,2026-03-31 00:00:00,2026-05-15 00:00:00,736.99,delivery issue,Suspicious high-value payment disputed by customer.,Pending Bank,,MEDIUM,CHATBOT,CBK0002778,TXN34155,USR63286,mch5795,0,0,0,0,0,1,0,0
CBK0002652,TXN00008454,USR79705,MCH2757,,2026-02-27 00:00:00,0.268,login compromised,Suspicious high-value payment disputed by customer.,PENDING_BANK,2026-03-14 00:00:00,MEDIUM,chatbot,CBK0002652,TXN00008454,USR79705,MCH2757,0,0,0,1,0,0,0,0
CBK0000226,TXN00015815,USR-35149,MCH8971,2026-02-11 01:43:00,2026-02-26 00:00:00,458.03,customer issue,Customer complaint text unclear due to poor call center notes.,IN_PROGRESS,,LOW,Email,CBK0000226,TXN00015815,USR-35149,MCH8971,0,0,0,0,0,1,0,0
CBK0001226,TXN00014655,USR64776,MCH4837,2026-01-19 00:00:00,2026-01-29 00:00:00,290.31,double debit,customer complaint text unclear due to poor call center notes.,PENDING_BANK,2026-02-08 00:00:00,HIGH,CHATBOT,CBK0001226,TXN00014655,usr64776,MCH-4837,0,0,0,0,0,0,0,1
CBK0001961,TXN00004780,USR62254,9817,2026-02-05 00:00:00,2026-02-06 00:00:00,-673.13,scam,Customer says transaction was not authorized.,PENDING_BANK,,HIGH,ivr,CBK0001961,TXN00004780,USR62254,9817,1,0,0,0,0,1,0,1
CBK0001650,TXN00007842,USR43371,MCH9291,2026-03-24 00:00:00,2026-03-27 00:00:00,0.5443,amount mismatch,Customer says amount was debited twice.,In Progress,2026-04-21 00:00:00,LOW,ivr,CBK0001650,TXN00007842,USR43371,MCH9291,0,0,0,0,0,0,0,0
CBK0002294,TXN00004771,USR12753,MCH9267,2026-02-03 00:00:00,2026-02-19 00:00:00,5005.08,Customer Dispute,Complaint received after multiple failed attempts.,Pending Bank,,CRITICAL,CHATBOT,CBK0002294,TXN00004771,USR12753,MCH-9267,0,0,0,0,0,1,1,0
CBK0000256,TXN00001617,USR63778,MCH6614,2026-01-29 00:00:00,2026-01-30 00:00:00,14278.2,delivery issue,User reports money deducted but merchant denies receiving payment.,In Progress,2026-02-17 00:00:00,LOW,ivr,CBK0000256,TXN00001617,USR63778,MCH6614,0,0,0,0,0,0,0,0
CBK0000634,TXN00003160,USR20310,MCH5168,2026-03-14 00:00:00,2026-03-14 07:16:00,11376.0,amount mismatch,USER SAYS UPI PIN WAS NOT ENTERED BY THEM.,REJECTED,,LOW,Email,CBK0000634,TXN00003160,USR20310,MCH5168,0,0,0,0,0,1,0,0
CBK0001898,TXN00012370,USR72048,MCH5535,2026-03-29 00:00:00,2026-02-04 00:00:00,-9690.23,DUP_DEBIT,User claims account was compromised before transaction.,OPEN,,MEDIUM,Call Center,CBK0001898,TXN00012370,USR72048,MCH5535,1,0,0,0,0,1,0,0
CBK0001953,TXN-00002867,USR48061,8600,2026-01-15 00:00:00,2026-01-16 10:12:56,4361.29,dispute raised,Suspicious high-value payment disputed by customer.,Pending Bank,2026-01-24 00:00:00,LOW,Email,CBK0001953,txn-00002867,USR48061,8600,0,0,0,0,0,0,0,0
CBK0000414,TXN71282,51465,MCH8403,2026-03-05 00:00:00,2026-03-21 02:45:00,4105.21,ATO,USER CLAIMS ACCOUNT WAS COMPROMISED BEFORE TRANSACTION.,In Progress,2026-03-30 02:45:00,CRITICAL,Call Center,CBK0000414,TXN71282,51465,MCH8403,0,0,0,0,0,0,1,0
CBK0000229,TXN00011498,USR25152,MCH5516,2026-03-10 08:33:00,2026-03-13 00:00:00,1209.77,Fraud Suspected,User says UPI PIN was not entered by them.,IN_PROGRESS,2026-03-18 16:33:39,LOW,CHATBOT,CBK0000229,TXN00011498,USR25152,MCH5516,0,0,0,0,0,0,0,0
CBK0002621,TXN00013196,USR25302,MCH2285,2026-01-05 00:00:00,2026-01-08 00:00:00,0.4814,Merchant Not Delivered,Merchant service was not delivered after payment.,Pending Bank,2026-02-06 00:00:00,MEDIUM,Branch,CBK0002621,TXN00013196,USR 25302,MCH2285,0,0,0,0,0,0,0,0
CBK0002599,TXN00015427,USR46465,MCH3243,2026-04-03 00:00:00,2026-04-04 00:00:00,1089.6,fraud,Customer says transaction was not authorized. NA,Open,2026-04-18 00:00:00,MEDIUM,chatbot,CBK0002599,TXN00015427,USR46465,MCH 3243,0,0,0,0,0,0,0,0
CBK0001385,TXN00015532,USR43241,MCH2822,2026-02-02 21:47:00,2026-02-03 00:00:00,90.26,Account Takeover,Customer says transaction was not authorized.,PENDING_BANK,2026-02-15 00:00:00,CRITICAL,App,CBK0001385,TXN00015532,USR43241,MCH 2822,0,0,0,0,0,0,1,0
CBK0001645,TXN00004849,USR87914,MCH2065,2026-03-31 15:04:00,2026-04-03 00:00:00,0.1212,no service,Payment made to unknown merchant as per customer statement.,IN_PROGRESS,2026-04-04 09:04:41,MEDIUM,Branch,CBK0001645,TXN00004849,USR87914,MCH2065,0,0,0,0,0,0,0,0
CBK0000995,TXN00005999,USR40639,MCH1381,2026-01-11 20:47:00,2026-01-13 00:00:00,-3530.1,not delivered,COMPLAINT RECEIVED AFTER MULTIPLE FAILED ATTEMPTS.,In Progress,,LOW,CHATBOT,CBK0000995,TXN00005999,USR40639,MCH1381,1,0,0,0,0,1,0,0
CBK0000553,TXN00001388,USR38124,MCH8462,2026-03-07 00:00:00,2026-03-09 16:59:00,-5809.0,merchant service issue,merchant service was not delivered after payment.,CLOSED,2026-03-18 00:00:00,HIGH,Email,CBK0000553,TXN00001388,USR38124,mch8462,1,0,0,0,0,0,0,1
CBK0000812,TXN00003721,USR76959,MCH8190,,2026-03-05 00:00:00,-3807.76,scam,User says UPI PIN was not entered by them.,Closed,,HIGH,Branch,CBK0000812,TXN00003721,USR76959,MCH8190,1,0,0,1,0,1,0,1
CBK0000841,TXN00007967,USR_49028,MCH7643,2026-03-31 00:00:00,2026-11-04 00:00:00,,item not received,Customer says transaction was not authorized. call dropped,REJECTED,2026-04-12 01:44:00,HIGH,IVR,CBK0000841,TXN00007967,usr_49028,MCH7643,0,1,0,0,0,0,0,1
CBK0000266,TXN00006755,USR13301,MCH5226,2026-07-01 00:00:00,2026-01-07 00:00:00,0.1874,amount mismatch,Customer complaint text unclear due to poor call center notes. call dropped,Closed,2026-02-02 18:44:26,MEDIUM,Call Center,CBK0000266,TXN00006755,usr13301,MCH5226,0,0,0,0,0,0,0,0
CBK0002431,TXN00015350,USR95800,4448,2026-03-26 01:08:15,2026-03-28 03:08:15,676.77,account hacked,Customer complaint text unclear due to poor call center notes.,WIP,2026-04-10 03:08:00,LOW,Call Center,CBK0002431,TXN00015350,USR 95800,4448,0,0,0,0,0,0,0,0
CBK0000907,TXN00018961,USR73332,MCH5096,2026-03-24 00:00:00,,0.409,account hacked,Merchant service was not delivered after payment.,Resolved,,LOW,ivr,CBK0000907,TXN00018961,usr73332,MCH5096,0,0,0,0,1,1,0,0
CBK0000568,TXN00005915,USR19528,MCH9192,,2026-02-24 00:00:00,215.32,Fraud Suspected,Customer says transaction was not authorized. urgent,Pending Bank,,MEDIUM,CHATBOT,CBK0000568,TXN00005915,USR 19528,MCH-9192,0,0,0,1,0,1,0,0
CBK0002248,TXN00018611,USR80560,MCH1043,2026-02-11 00:00:00,2026-02-13 00:00:00,1143.89,DUP_DEBIT,Customer says amount was debited twice.,OPEN,2026-02-28 00:00:00,MEDIUM,Branch,CBK0002248,TXN00018611,USR80560,MCH1043,0,0,0,0,0,0,0,0
CBK0001578,TXN00008775,USR61019,MCH8496,2026-03-30 13:32:00,2026-03-31 00:00:00,8304.41,ATO,Customer says amount was debited twice.,RESOLVED,2026-04-22 00:00:00,LOW,Email,CBK0001578,TXN00008775,USR61019,MCH8496,0,0,0,0,0,0,0,0
CBK0001548,TXN00000463,USR-79013,7615,,2026-01-05 20:53:00,,Service Not Provided,User says UPI PIN was not entered by them.,Resolved,2026-01-10 00:00:00,HIGH,Branch,CBK0001548,TXN00000463,USR-79013,7615,0,1,0,1,0,0,0,1
CBK0002013,TXN00007063,USR45520,MCH1320,2026-03-01 06:39:21,2026-03-02 00:00:00,370.32,login compromised,User says UPI PIN was not entered by them.,In Progress,2026-03-17 00:00:00,LOW,CHATBOT,CBK0002013,TXN00007063,USR45520,MCH1320,0,0,0,0,0,0,0,0
CBK0001094,TXN00017457,USR13306,MCH4473,2026-03-07 08:44:00,2026-03-10 00:00:00,,Duplicate Debit,Merchant service was not delivered after payment. NA,PENDING_BANK,,LOW,Call Center,CBK0001094,TXN00017457,USR 13306,MCH4473,0,1,0,0,0,1,0,0
CBK0001077,TXN00009149,88897,MCH5127,2026-02-02 00:00:00,2026-02-04 00:00:00,-2970.62,FRAUD,Payment made to unknown merchant as per cust statement.,REJECTED,,CRITICAL,Email,CBK0001077,TXN00009149,88897,MCH-5127,1,0,0,0,0,1,1,0
CBK0001003,TXN00006075,USR31466,MCH8516,2026-02-07 03:40:00,2026-02-12 09:40:00,0.1413,no service,User claims account was compromised before transaction.,IN_PROGRESS,,CRITICAL,Email,CBK0001003,TXN00006075,USR31466,MCH8516,0,0,0,0,0,1,1,0
CBK0002093,TXN00017223,95193,MCH2383,2026-03-25 00:00:00,2026-03-20 21:23:30,-711.68,ATO,CUSTOMER SAYS TRANSACTION WAS NOT AUTHORIZED.,Closed,2026-04-14 00:00:00,LOW,Call Center,CBK0002093,TXN00017223,95193,MCH 2383,1,0,0,0,0,0,0,0
CBK0001520,TXN00005376,USR68623,MCH8701,2026-03-31 00:00:00,2026-04-03 00:00:00,6375.04,not delivered,User claims account was compromised before transaction.,Pending Bank,2026-04-18 00:00:00,MEDIUM,App,CBK0001520,TXN00005376,usr68623,MCH8701,0,0,0,0,0,0,0,0
CBK0002269,TXN-00002609,USR70968,MCH6810,2026-06-03 00:00:00,2026-04-05 00:00:00,0.3155,extra amount deducted,MERCHANT SERVICE WAS NOT DELIVERED AFTER PAYMENT.,IN_PROGRESS,2026-04-22 00:00:00,MEDIUM,Email,CBK0002269,txn-00002609,USR70968,MCH6810,0,0,0,0,0,0,0,0
CBK0001060,TXN00004377,USR65291,MCH5076,2026-08-01 00:00:00,2026-01-12 13:45:00,6954.75,customer issue,Payment made to unknown merchant as per customer statement.,WIP,2026-02-06 00:00:00,LOW,chatbot,CBK0001060,TXN00004377,USR 65291,MCH5076,0,0,0,0,0,0,0,0
CBK0000878,TXN00017227,USR23617,MCH9290,2026-02-28 16:25:00,2026-03-08 13:25:00,2799.72,charged twice,User claims account was compromised before transaction. urgent,IN_PROGRESS,2026-03-09 00:00:00,HIGH,chatbot,CBK0000878,TXN00017227,USR23617,MCH9290,0,0,0,0,0,0,0,1
CBK0002419,TXN00008154,USR61213,MCH1320,2026-02-25 14:30:00,2026-12-04 00:00:00,1654.89,delivery issue,suspicious high-value payment disputed by customer.,OPEN,,MEDIUM,App,CBK0002419,TXN00008154,USR61213,MCH1320,0,0,0,0,0,1,0,0
CBK0000142,TXN00017373,USR22644,MCH2266,,2026-03-17 00:00:00,4758.01,Fraud Suspected,Merchant service was not delivered after payment.,WIP,2026-04-15 15:50:00,MEDIUM,Email,CBK0000142,TXN00017373,USR 22644,mch2266,0,0,0,1,0,0,0,0
CBK0000028,TXN00005785,USR15008,MCH4604,2026-02-03 15:28:00,2026-03-06 00:28:00,222.95,charged twice,Payment made to unknown merchant as per cust statement.,CLOSED,2026-03-28 00:00:00,MEDIUM,ivr,CBK0000028,TXN00005785,USR15008,MCH 4604,0,0,0,0,0,0,0,0
CBK0000090,TXN-00018546,USR-70795,MCH3992,2026-02-26 00:00:00,2026-02-23 00:00:00,7492.62,item not received,MERCHANT SERVICE WAS NOT DELIVERED AFTER PAYMENT.,Closed,2026-03-03 00:00:00,HIGH,IVR,CBK0000090,txn-00018546,USR-70795,MCH 3992,0,0,0,0,0,0,0,1
CBK0000644,TXN-00007288,USR97139,MCH2822,2026-02-03 00:00:00,2026-02-06 00:00:00,320.6,not done by me,Suspicious high-value payment disputed by customer.,Open,2026-02-12 15:55:43,LOW,Branch,CBK0000644,txn-00007288,USR97139,MCH2822,0,0,0,0,0,0,0,0
CBK0000171,TXN-00003032,USR85839,MCH4965,2026-02-02 06:26:00,2026-03-04 00:00:00,988.93,not delivered,User says UPI PIN was not entered by them.,REJECTED,,HIGH,CHATBOT,CBK0000171,txn-00003032,usr85839,MCH 4965,0,0,0,0,0,1,0,1
CBK0002288,TXN00001620,USR-79613,MCH2822,2026-03-07 00:00:00,2026-07-03 00:00:00,650.47,Duplicate Debit,User reports money deducted but merchant denies receiving payment.,Closed,,HIGH,CHATBOT,CBK0002288,TXN00001620,USR-79613,MCH2822,0,0,0,0,0,1,0,1
CBK0000236,TXN00015982,USR78462,MCH5980,2026-02-19 02:15:55,2026-03-21 00:00:00,3445.69,dispute raised,Suspicious high-value payment disputed by customer.,OPEN,2026-04-14 00:00:00,LOW,ivr,CBK0000236,TXN00015982,USR78462,MCH5980,0,0,0,0,0,0,0,0
CBK0001256,TXN00012543,USR97472,MCH2266,2026-03-26 00:00:00,2026-03-29 00:00:00,-5621.9,Duplicate Debit,Payment made to unknown merchant as per customer statement. NA,Closed,2026-04-12 01:21:00,LOW,chatbot,CBK0001256,TXN00012543,USR97472,MCH-2266,1,0,0,0,0,0,0,0
CBK0002263,TXN00017565,USR25091,2757,2026-03-25 00:00:00,,3265.92,not delivered,User claims account was compromised before transaction.,OPEN,2026-04-08 00:00:00,MEDIUM,App,CBK0002263,TXN00017565,USR 25091,2757,0,0,0,0,1,0,0,0
CBK0000491,TXN00012981,USR53356,MCH3100,2026-02-28 00:00:00,2026-03-01 00:00:00,0.1168,no service,MERCHANT SERVICE WAS NOT DELIVERED AFTER PAYMENT.,Pending Bank,2026-03-09 00:00:00,HIGH,IVR,CBK0000491,TXN00012981,USR53356,MCH3100,0,0,0,0,0,0,0,1
CBK0000790,TXN00010376,31294,MCH2721,2026-02-21 00:00:00,2026-02-21 00:00:00,0.3789,Wrong Amount,suspicious high-value payment disputed by customer.,Pending Bank,,MEDIUM,App,CBK0000790,TXN00010376,31294,MCH2721,0,0,0,0,0,1,0,0
CBK0002734,TXN86247,USR30500,MCH9900,2026-02-01 00:00:00,2026-01-04 00:00:00,1425.14,Unauthorized Transaction,SUSPICIOUS HIGH-VALUE PAYMENT DISPUTED BY CUSTOMER.,OPEN,,HIGH,chatbot,CBK0002734,TXN86247,usr30500,MCH-9900,0,0,0,0,0,1,0,1
CBK0000108,TXN00012720,USR63044,MCH3342,2026-01-03 07:04:00,2026-01-05 00:00:00,0.1297,UNAUTHORISED,User reports money deducted but merchant denies receiving payment.,RESOLVED,2026-01-05 00:00:00,LOW,CHATBOT,CBK0000108,TXN00012720,USR63044,mch3342,0,0,0,0,0,0,0,0
CBK0000228,TXN00001207,USR-43461,MCH2457,2026-02-10 00:00:00,2026-02-06 21:57:00,5779.34,ATO,Complaint received after multiple failed attempts.,REJECTED,2026-02-17 21:57:00,MEDIUM,IVR,CBK0000228,TXN00001207,USR-43461,MCH2457,0,0,0,0,0,0,0,0
CBK0002532,TXN00014807,USR72152,MCH4189,2026-03-26 00:00:00,2026-03-30 00:00:00,,Fraud Suspected,Customer says amount was debited twice.,WIP,2026-04-25 00:00:00,CRITICAL,CHATBOT,CBK0002532,TXN00014807,USR72152,MCH4189,0,1,0,0,0,0,1,0
CBK0000489,TXN00009790,USR14874,3965,2026-02-24 00:00:00,2026-02-25 23:38:39,1114.59,merchant service issue,Customer says txn was not authorized.,Resolved,,MEDIUM,CHATBOT,CBK0000489,TXN00009790,USR14874,3965,0,0,0,0,0,1,0,0
CBK0001085,TXN00007125,USR27848,MCH8555,2026-03-14 00:00:00,2026-03-16 00:00:00,1467.82,no service,user reports money deducted but merchant denies receiving payment.,IN_PROGRESS,,CRITICAL,chatbot,CBK0001085,TXN00007125,USR27848,MCH8555,0,0,0,0,0,1,1,0
CBK0002462,TXN00017340,USR67399,MCH8154,2026-02-10 00:00:00,2026-03-28 00:00:00,1945.77,unauthorized_transaction,PAYMENT MADE TO UNKNOWN MERCHANT AS PER CUSTOMER STATEMENT.,Pending Bank,2026-04-17 00:00:00,LOW,IVR,CBK0002462,TXN00017340,USR67399,MCH-8154,0,0,0,0,0,0,0,0
CBK0002197,TXN00006372,USR66647,MCH5779,2026-02-17 13:16:55,2026-02-21 00:00:00,5763.76,unauth txn,user reports money deducted but merchant denies receiving payment.,IN_PROGRESS,,MEDIUM,CHATBOT,CBK0002197,TXN00006372,USR66647,MCH5779,0,0,0,0,0,1,0,0
CBK0000814,TXN00017418,USR91623,MCH6810,,2026-01-03 02:57:39,1350.91,charged twice,Merchant service was not delivered after payment.,PENDING_BANK,2026-01-29 00:00:00,LOW,Email,CBK0000814,TXN00017418,USR91623,MCH6810,0,0,0,1,0,0,0,0
CBK0001792,TXN00002522,USR78192,MCH5237,2026-01-23 04:37:11,2026-01-24 00:00:00,877.59,not delivered,User reports money deducted but merchant denies receiving payment. pls check asap,CLOSED,,MEDIUM,IVR,CBK0001792,TXN00002522,USR78192,mch5237,0,0,0,0,0,1,0,0
CBK0001103,TXN00006537,USR64942,MCH8349,2026-02-25 00:00:00,2026-03-12 23:58:49,0.418,customer issue,User says UPI PIN was not entered by them.,Pending Bank,2026-03-21 23:58:00,MEDIUM,ivr,CBK0001103,TXN00006537,USR64942,MCH8349,0,0,0,0,0,0,0,0
CBK0000208,TXN00011412,USR90908,MCH1460,2026-05-01 00:00:00,,1142.95,not delivered,User says UPI PIN was not entered by them.,REJECTED,2026-02-04 00:00:00,LOW,IVR,CBK0000208,TXN00011412,USR90908,MCH1460,0,0,0,0,1,0,0,0
CBK0002160,TXN00003789,USR91387,MCH3992,2026-03-09 00:00:00,2026-03-13 00:02:43,1061.09,complaint,COMPLAINT RECEIVED AFTER MULTIPLE FAILED ATTEMPTS.,Pending Bank,2026-03-31 00:00:00,MEDIUM,Call Center,CBK0002160,TXN00003789,USR91387,MCH3992,0,0,0,0,0,0,0,0
CBK0002355,TXN00010287,USR83793,MCH2036,2026-02-28 07:09:59,2026-03-03 00:00:00,852.14,item not received,USER SAYS UPI PIN WAS NOT ENTERED BY THEM.,RESOLVED,,CRITICAL,CHATBOT,CBK0002355,TXN00010287,USR83793,MCH2036,0,0,0,0,0,1,1,0
CBK0001555,TXN00010998,USR55626,MCH3270,2026-03-23 00:00:00,2026-03-23 23:29:00,0.1074,unauth txn,Merchant service was not delivered after payment. NA,Closed,2026-04-03 00:00:00,CRITICAL,Call Center,CBK0001555,TXN00010998,USR55626,MCH3270,0,0,0,0,0,0,1,0
CBK0000947,TXN00013726,USR83095,MCH5410,2026-03-28 00:00:00,2026-03-29 11:05:48,6019.31,double debit,suspicious high-value payment disputed by customer.,IN_PROGRESS,,HIGH,Branch,CBK0000947,TXN00013726,USR 83095,MCH5410,0,0,0,0,0,1,0,1
CBK0002261,TXN00000527,USR82246,MCH6318,2026-01-18 00:00:00,2026-01-20 00:00:00,3784.42,charged twice,Customer complaint text unclear due to poor call center notes.,In Progress,2026-01-29 03:15:21,LOW,Branch,CBK0002261,TXN00000527,USR82246,MCH-6318,0,0,0,0,0,0,0,0
CBK0001921,TXN00018097,USR29054,MCH8796,,2026-02-27 00:00:00,2522.66,delivery issue,Complaint received after multiple failed attempts.,Closed,2026-03-03 02:06:00,HIGH,IVR,CBK0001921,TXN00018097,USR29054,MCH8796,0,0,0,1,0,0,0,1
CBK0000150,TXN00004153,USR21449,MCH8072,2026-03-21 00:00:00,2026-03-22 00:00:00,3630.27,FRAUD,Suspicious high-value payment disputed by customer.,In Progress,2026-03-24 09:18:00,HIGH,App,CBK0000150,TXN00004153,USR21449,MCH8072,0,0,0,0,0,0,0,1
CBK0001255,,USR63146,MCH9614,2026-02-21 00:00:00,2026-02-27 00:00:00,1677.54,Merchant Not Delivered,Customer says transaction was not authorized.,WIP,2026-02-27 00:00:00,LOW,chatbot,CBK0001255,,USR63146,MCH 9614,0,0,1,0,0,0,0,0
CBK0002165,TXN00011788,USR69706,MCH3368,2026-04-01 00:00:00,2026-07-01 00:00:00,4428.67,Duplicate Debit,Customer says amount was debited twice. details missing,REJECTED,2026-01-16 00:00:00,LOW,ivr,CBK0002165,TXN00011788,USR69706,MCH3368,0,0,0,0,0,0,0,0
CBK0001143,TXN00010812,USR-29995,MCH2068,2026-02-11 00:00:00,2026-02-13 00:00:00,-752.91,Duplicate Debit,User says UPI PIN was not entered by them.,Pending Bank,2026-03-14 00:00:00,LOW,CHATBOT,CBK0001143,TXN00010812,USR-29995,mch2068,1,0,0,0,0,0,0,0
CBK0001369,TXN00016708,USR40818,MCH6534,,,2567.69,Fraud Suspected,Customer says amount was debited twice.,PENDING_BANK,2026-02-27 00:00:00,MEDIUM,ivr,CBK0001369,TXN00016708,USR40818,MCH-6534,0,0,0,1,1,0,0,0
CBK0001216,TXN00002147,USR51748,MCH7793,2026-01-25 00:00:00,2026-01-28 00:00:00,1064.06,Unauthorized Transaction,Complaint received after multiple failed attempts.,Rejected,,HIGH,Branch,CBK0001216,TXN00002147,USR51748,MCH7793,0,0,0,0,0,1,0,1
CBK0000495,TXN00010199,USR31808,MCH4590,2026-01-17 00:00:00,2026-01-27 00:00:00,0.345,no service,Customer says transaction was not authorized.,WIP,2026-02-07 00:00:00,HIGH,IVR,CBK0000495,TXN00010199,USR31808,MCH4590,0,0,0,0,0,0,0,1
CBK0002274,TXN00008466,USR84517,MCH6508,2026-01-21 00:00:00,2026-01-23 00:00:00,494.63,suspicious transaction,user claims account was compromised before transaction.,PENDING_BANK,,MEDIUM,ivr,CBK0002274,TXN00008466,USR84517,MCH6508,0,0,0,0,0,1,0,0
CBK0000001,TXN-00000797,USR85565,MCH8779,2026-02-04 20:55:03,2026-03-02 00:00:00,1020.66,service failed,Suspicious high-value payment disputed by customer. details missing,RESOLVED,2026-02-13 00:00:00,LOW,Email,CBK0000001,txn-00000797,usr85565,MCH-8779,0,0,0,0,0,0,0,0
CBK0000101,TXN00010812,USR81116,MCH4055,,2026-04-04 00:00:00,0.3506,double debit,payment made to unknown merchant as per customer statement.,WIP,2026-04-05 00:00:00,LOW,chatbot,CBK0000101,TXN00010812,USR81116,MCH4055,0,0,0,1,0,0,0,0
CBK0001075,TXN00013358,USR12571,MCH7477,,2026-02-27 00:00:00,2097.39,item not received,Customer says transaction was not authorized.,REJECTED,2026-03-16 00:00:00,LOW,chatbot,CBK0001075,TXN00013358,USR12571,MCH7477,0,0,0,1,0,0,0,0
CBK0000412,TXN00007488,USR_50260,MCH1591,2026-01-14 05:30:00,2026-02-13 00:00:00,384.26,Wrong Amount,USER REPORTS MONEY DEDUCTED BUT MERCHANT DENIES RECEIVING PAYMENT.,Pending Bank,2026-02-19 00:00:00,HIGH,ivr,CBK0000412,TXN00007488,usr_50260,MCH1591,0,0,0,0,0,0,0,1
CBK0001587,TXN00016352,USR29556,MCH9289,2026-01-14 00:00:00,2026-01-18 00:00:00,6616.61,no service,Complaint received after multiple failed attempts.,OPEN,2026-01-18 00:00:00,MEDIUM,chatbot,CBK0001587,TXN00016352,USR29556,mch9289,0,0,0,0,0,0,0,0
CBK0001232,TXN00009374,USR51626,MCH6929,2026-03-01 00:00:00,2026-01-06 09:58:50,,double debit,User says UPI PIN was not entered by them.,Rejected,2026-01-28 00:00:00,LOW,IVR,CBK0001232,TXN00009374,USR51626,MCH 6929,0,1,0,0,0,0,0,0
CBK0000381,TXN00014178,USR27107,MCH3113,2026-01-05 17:14:00,2026-01-11 00:00:00,431.5,charged twice,customer says transaction was not authorized.,REJECTED,2026-01-27 00:00:00,LOW,IVR,CBK0000381,TXN00014178,USR27107,mch3113,0,0,0,0,0,0,0,0
CBK0002726,TXN00003733,USR34851,MCH8714,2026-01-10 00:00:00,2026-01-12 06:21:00,,fraud,Customer says amount was debited twice.,REJECTED,2026-02-09 00:00:00,LOW,CHATBOT,CBK0002726,TXN00003733,USR34851,MCH8714,0,1,0,0,0,0,0,0
CBK0000805,TXN00009314,USR13620,MCH3239,2026-01-21 00:00:00,2026-01-24 00:00:00,0.766,Customer Dispute,User says UPI PIN was not entered by them.,WIP,,LOW,Email,CBK0000805,TXN00009314,USR 13620,MCH3239,0,0,0,0,0,1,0,0
CBK0000901,TXN00012155,USR12240,MCH4226,2026-02-27 00:00:00,2026-03-04 15:39:00,348.42,complaint,Customer says amount was debited twice.,WIP,2026-03-12 15:39:05,MEDIUM,App,CBK0000901,TXN00012155,USR12240,MCH4226,0,0,0,0,0,0,0,0
CBK0002226,TXN00005923,USR15487,MCH2547,2026-01-26 00:00:00,2026-02-06 03:51:00,1759.97,not done by me,Customer says transaction was not authorized.,Resolved,2026-02-20 00:00:00,MEDIUM,Email,CBK0002226,TXN00005923,USR15487,MCH2547,0,0,0,0,0,0,0,0
CBK0000630,TXN00019233,USR41212,MCH3129,2026-01-03 00:00:00,2026-03-08 15:33:27,1007.91,FRAUD,User reports money deducted but merchant denies receiving payment.,Rejected,2026-03-28 00:00:00,LOW,Email,CBK0000630,TXN00019233,USR41212,MCH3129,0,0,0,0,0,0,0,0
CBK0000965,TXN00009897,USR-16439,MCH2212,2026-01-11 00:00:00,2026-01-12 00:00:00,1827.19,amount mismatch,User claims account was compromised before transaction.,REJECTED,2026-01-14 00:00:00,HIGH,Call Center,CBK0000965,TXN00009897,USR-16439,MCH 2212,0,0,0,0,0,0,0,1
CBK0001952,TXN00013367,USR59329,MCH3526,2026-01-08 00:00:00,2026-11-01 00:00:00,18514.67,FRAUD,User claims account was compromised before transaction.,IN_PROGRESS,2026-01-20 01:50:10,LOW,Email,CBK0001952,TXN00013367,USR59329,MCH3526,0,0,0,0,0,0,0,0
CBK0001962,TXN00008141,USR88930,MCH5655,2026-01-21 00:00:00,2026-01-27 00:00:00,4306.86,FRAUD,Customer complaint text unclear due to poor call center notes.,Pending Bank,2026-02-06 06:00:00,MEDIUM,App,CBK0001962,TXN00008141,USR88930,MCH5655,0,0,0,0,0,0,0,0
CBK0000785,TXN00012403,USR98061,MCH9923,2026-03-24 00:00:00,2026-03-29 08:53:42,,complaint,User claims account was compromised before transaction. details missing,PENDING_BANK,2026-03-29 00:00:00,CRITICAL,Branch,CBK0000785,TXN00012403,USR 98061,MCH9923,0,1,0,0,0,0,1,0
CBK0000492,TXN00008504,USR51736,MCH8181,2026-01-12 00:00:00,2026-01-15 03:05:53,303.99,double debit,Customer complaint text unclear due to poor call center notes.,IN_PROGRESS,,LOW,ivr,CBK0000492,TXN00008504,USR51736,MCH8181,0,0,0,0,0,1,0,0
CBK0001072,TXN00006554,20930,MCH7833,2026-01-11 00:00:00,2026-02-11 00:00:00,4172.97,Service Not Provided,merchant service was not delivered after payment.,WIP,2026-03-04 00:59:16,MEDIUM,Email,CBK0001072,TXN00006554,20930,MCH7833,0,0,0,0,0,0,0,0
CBK0002427,TXN00003973,USR_79707,MCH2266,,2026-03-23 01:55:27,2121.87,amount mismatch,USER REPORTS MONEY DEDUCTED BUT MERCHANT DENIES RECEIVING PAYMENT.,PENDING_BANK,2026-04-14 01:55:27,LOW,Email,CBK0002427,TXN00003973,usr_79707,MCH 2266,0,0,0,1,0,0,0,0
CBK0000433,TXN46623,USR-96958,MCH2105,2026-03-03 11:55:57,2026-03-05 12:55:00,0.6432,suspicious transaction,User claims account was compromised before transaction.,OPEN,,HIGH,CHATBOT,CBK0000433,TXN46623,USR-96958,MCH2105,0,0,0,0,0,1,0,1
CBK0001685,TXN00009635,USR26009,MCH8203,2026-01-29 11:05:25,2026-02-13 00:00:00,1538.91,double debit,USER REPORTS MONEY DEDUCTED BUT MERCHANT DENIES RECEIVING PAYMENT.,Pending Bank,2026-02-13 00:00:00,LOW,CHATBOT,CBK0001685,TXN00009635,USR26009,MCH-8203,0,0,0,0,0,0,0,0
CBK0001581,TXN96928,USR33856,MCH8779,2026-01-06 00:00:00,2026-01-08 02:03:43,2456.94,dispute raised,Payment made to unknown merchant as per customer statement.,IN_PROGRESS,2026-01-20 00:00:00,LOW,Call Center,CBK0001581,TXN96928,USR33856,MCH8779,0,0,0,0,0,0,0,0
CBK0002730,TXN00004070,USR84719,MCH4590,2026-02-15 00:00:00,2026-02-16 00:00:00,3047.23,Account Takeover,Complaint received after multiple failed attempts.,PENDING_BANK,2026-02-26 00:00:00,MEDIUM,CHATBOT,CBK0002730,TXN00004070,USR84719,MCH4590,0,0,0,0,0,0,0,0
CBK0000523,TXN00014885,USR52281,MCH1833,2026-01-16 00:00:00,2026-01-26 00:00:00,0.573,dispute raised,Complaint received after multiple failed attempts.,WIP,2026-02-10 00:00:00,HIGH,CHATBOT,CBK0000523,TXN00014885,USR52281,MCH1833,0,0,0,0,0,0,0,1
CBK0000301,TXN00016908,USR_68915,MCH4590,,2026-03-26 00:00:00,2938.45,Account Takeover,Payment made to unknown merchant as per customer statement.,IN_PROGRESS,2026-03-29 02:20:18,LOW,App,CBK0000301,TXN00016908,usr_68915,MCH4590,0,0,0,1,0,0,0,0
CBK0000742,TXN00007076,USR36630,MCH5264,2026-02-26 00:00:00,2026-02-28 00:00:00,533.33,service failed,Customer complaint text unclear due to poor call center notes.,PENDING_BANK,2026-03-23 11:58:36,MEDIUM,App,CBK0000742,TXN00007076,USR36630,MCH5264,0,0,0,0,0,0,0,0
CBK0002215,TXN00007143,USR62254,MCH6359,,2026-01-29 00:00:00,-2415.01,dispute raised,Customer complaint text unclear due to poor call center notes.,Pending Bank,2026-02-28 00:00:00,MEDIUM,App,CBK0002215,TXN00007143,USR62254,mch6359,1,0,0,1,0,0,0,0
CBK0000062,TXN00012210,USR39698,MCH5302,2026-01-22 10:10:40,2026-01-25 00:00:00,1467.32,extra amount deducted,Customer says amount was debited twice.,CLOSED,,HIGH,ivr,CBK0000062,TXN00012210,usr39698,MCH5302,0,0,0,0,0,1,0,1
CBK0002222,TXN00017740,USR92520,MCH5264,2026-02-18 17:42:00,2026-02-19 04:42:00,0.2328,service failed,User claims account was compromised before transaction.,IN_PROGRESS,2026-02-20 04:42:36,MEDIUM,CHATBOT,CBK0002222,TXN00017740,USR92520,MCH5264,0,0,0,0,0,0,0,0
CBK0001068,TXN00011141,USR_85237,MCH9377,2026-01-13 20:39:53,2026-01-14 00:00:00,1466.29,Merchant Not Delivered,user says upi pin was not entered by them.,CLOSED,2026-01-26 00:00:00,MEDIUM,IVR,CBK0001068,TXN00011141,usr_85237,MCH 9377,0,0,0,0,0,0,0,0
CBK0000903,TXN00009145,USR_87189,MCH8391,2026-01-14 00:00:00,2026-01-14 00:00:00,1922.11,Unauthorized Transaction,Customer says transaction was not authorized.,In Progress,2026-01-19 18:38:44,LOW,ivr,CBK0000903,TXN00009145,usr_87189,MCH8391,0,0,0,0,0,0,0,0
CBK0001360,TXN00018073,USR38459,MCH1267,2026-01-17 05:43:30,2026-01-18 00:00:00,171.37,Service Not Provided,User claims account was compromised before transaction.,PENDING_BANK,2026-01-30 00:00:00,LOW,Call Center,CBK0001360,TXN00018073,USR38459,MCH1267,0,0,0,0,0,0,0,0
CBK0002773,TXN00003172,USR_63475,MCH3441,2026-02-09 00:00:00,2026-02-11 00:00:00,-3809.65,Wrong Amount,User reports money deducted but merchant denies receiving payment.,OPEN,2026-03-03 00:00:00,LOW,CHATBOT,CBK0002773,TXN00003172,usr_63475,MCH 3441,1,0,0,0,0,0,0,0
CBK0001595,TXN00019657,USR11057,MCH7114,2026-03-10 01:00:24,2026-03-20 14:00:00,0.18735,customer issue,Merchant service was not delivered after payment.,CLOSED,2026-04-13 00:00:00,MEDIUM,App,CBK0001595,TXN00019657,USR11057,MCH7114,0,0,0,0,0,0,0,0
CBK0001556,TXN00003293,USR34180,MCH4663,2026-03-09 21:48:00,,0.2045,Duplicate Debit,User reports money deducted but merchant denies receiving payment.,Resolved,2026-03-22 00:00:00,MEDIUM,Email,CBK0001556,TXN00003293,USR34180,MCH4663,0,0,0,0,1,0,0,0
CBK0001298,TXN00007668,USR64776,MCH6492,2026-02-13 00:00:00,2026-02-16 00:00:00,872.83,account hacked,Complaint received after multiple failed attempts.,REJECTED,2026-03-02 00:00:00,LOW,IVR,CBK0001298,TXN00007668,USR64776,MCH6492,0,0,0,0,0,0,0,0
CBK0002671,TXN00018559,USR95364,MCH3979,2026-02-16 00:00:00,2026-02-17 02:27:10,0.9404,ATO,User says UPI PIN was not entered by them.,REJECTED,2026-03-14 02:27:10,LOW,Call Center,CBK0002671,TXN00018559,USR95364,MCH-3979,0,0,0,0,0,0,0,0
CBK0000319,,USR75218,MCH7937,2026-03-23 19:09:00,2026-03-25 00:00:00,-659.11,Wrong Amount,USER REPORTS MONEY DEDUCTED BUT MERCHANT DENIES RECEIVING PAYMENT.,Rejected,2026-04-01 00:00:00,LOW,IVR,CBK0000319,,usr75218,MCH7937,1,0,1,0,0,0,0,0
CBK0000794,TXN00013962,USR28913,MCH9984,2026-01-12 10:51:00,2026-01-28 00:00:00,0.1826,not delivered,User claims account was compromised before transaction.,Closed,,MEDIUM,Email,CBK0000794,TXN00013962,USR28913,mch9984,0,0,0,0,0,1,0,0
CBK0000484,TXN00005084,USR-96003,MCH8682,2026-03-06 05:20:24,2026-08-03 00:00:00,12351.07,merchant service issue,Customer says amount was debited twice.,Pending Bank,2026-03-30 23:20:24,LOW,IVR,CBK0000484,TXN00005084,USR-96003,MCH8682,0,0,0,0,0,0,0,0
CBK0002284,TXN00019560,USR71503,MCH7874,2026-01-17 12:10:09,2026-01-19 00:00:00,4923.1,not delivered,Complaint received after multiple failed attempts.,WIP,2026-02-05 00:00:00,CRITICAL,App,CBK0002284,TXN00019560,USR71503,MCH7874,0,0,0,0,0,0,1,0
CBK0001920,TXN00011275,USR18736,MCH4473,2026-02-21 00:00:00,2026-02-17 00:00:00,10469.69,ATO,User claims account was compromised before txn.,WIP,2026-02-23 12:13:00,HIGH,App,CBK0001920,TXN00011275,USR18736,MCH4473,0,0,0,0,0,0,0,1
CBK0000338,TXN00014545,USR52948,MCH4069,2026-02-28 00:00:00,2026-06-03 00:00:00,1623.27,customer issue,CUSTOMER SAYS AMOUNT WAS DEBITED TWICE.,Closed,,CRITICAL,chatbot,CBK0000338,TXN00014545,USR52948,MCH 4069,0,0,0,0,0,1,1,0
CBK0002530,TXN00008558,USR71564,4848,2026-01-29 00:00:00,2026-02-01 06:28:44,1053.3,unauthorized_transaction,User says UPI PIN was not entered by them. call dropped,CLOSED,2026-02-17 06:28:44,HIGH,ivr,CBK0002530,TXN00008558,USR71564,4848,0,0,0,0,0,0,0,1
CBK0002211,TXN00013107,USR37685,MCH8309,2026-01-17 04:52:50,2026-01-18 00:00:00,2345.09,DUP_DEBIT,Customer complaint text unclear due to poor call center notes.,In Progress,2026-01-24 00:00:00,HIGH,IVR,CBK0002211,TXN00013107,USR37685,MCH-8309,0,0,0,0,0,0,0,1
CBK0000646,TXN00018578,USR49324,MCH3174,2026-03-01 01:31:22,2026-02-03 00:00:00,0.497,ATO,User says UPI PIN was not entered by them.,IN_PROGRESS,2026-03-11 00:00:00,MEDIUM,CHATBOT,CBK0000646,TXN00018578,USR49324,MCH3174,0,0,0,0,0,0,0,0
CBK0002328,TXN-00016836,USR_20310,MCH6341,2026-02-12 16:33:00,2026-02-14 00:00:00,,Duplicate Debit,Customer says transaction was not authorized.,In Progress,,MEDIUM,App,CBK0002328,txn-00016836,usr_20310,MCH6341,0,1,0,0,0,1,0,0
CBK0001817,TXN00010816,USR54649,MCH5999,2026-01-20 00:00:00,2026-01-21 00:00:00,1622.49,dispute raised,Customer complaint text unclear due to poor call center notes.,WIP,2026-01-27 00:00:00,CRITICAL,CHATBOT,CBK0001817,TXN00010816,USR54649,MCH5999,0,0,0,0,0,0,1,0
CBK0000700,TXN00001244,USR88147,MCH2972,2026-02-13 00:00:00,2026-03-31 00:00:00,1404.94,service failed,User claims account was compromised before transaction.,WIP,2026-04-04 00:00:00,MEDIUM,CHATBOT,CBK0000700,TXN00001244,USR 88147,MCH-2972,0,0,0,0,0,0,0,0
CBK0000223,TXN00005582,USR-74418,MCH4130,2026-02-19 15:03:20,,16352.81,scam,User claims account was compromised before transaction.,RESOLVED,2026-02-25 03:03:20,HIGH,Call Center,CBK0000223,TXN00005582,USR-74418,mch4130,0,0,0,0,1,0,0,1
CBK0000775,TXN00004439,USR27107,MCH7732,2026-01-21 00:00:00,2026-01-24 00:00:00,1706.04,Merchant Not Delivered,Merchant service was not delivered after payment.,Rejected,,HIGH,IVR,CBK0000775,TXN00004439,USR27107,mch7732,0,0,0,0,0,1,0,1
CBK0000625,TXN00000101,USR93581,MCH5578,2026-02-16 00:00:00,2026-02-19 00:00:00,703.07,Merchant Not Delivered,Customer says transaction was not authorized.,Resolved,,CRITICAL,App,CBK0000625,TXN00000101,USR93581,MCH-5578,0,0,0,0,0,1,1,0
CBK0001883,TXN00014046,USR51538,MCH5600,2026-03-18 00:00:00,2026-03-20 13:07:18,4405.58,merchant service issue,User says UPI PIN was not entered by them.,Pending Bank,2026-03-25 00:00:00,LOW,App,CBK0001883,TXN00014046,USR51538,MCH5600,0,0,0,0,0,0,0,0
CBK0000292,,USR21921,MCH4375,2026-03-15 21:06:18,2026-03-21 00:00:00,,incorrect amount,Complaint received after multiple failed attempts. details missing,In Progress,2026-03-27 00:00:00,LOW,Branch,CBK0000292,,USR21921,MCH4375,0,1,1,0,0,0,0,0
CBK0001167,TXN00007185,USR30821,MCH4473,2026-03-14 00:00:00,2026-03-15 00:00:00,,unauthorized_transaction,Customer says amount was debited twice.,CLOSED,2026-03-28 06:08:16,MEDIUM,ivr,CBK0001167,TXN00007185,USR30821,MCH4473,0,1,0,0,0,0,0,0
CBK0001821,TXN00015418,USR40538,MCH3027,2026-09-02 00:00:00,2026-02-07 19:59:09,-2520.29,extra amount deducted,Payment made to unknown merchant as per customer statement.,PENDING_BANK,,MEDIUM,ivr,CBK0001821,TXN00015418,USR40538,MCH3027,1,0,0,0,0,1,0,0
CBK0001959,TXN00011213,USR97266,MCH6311,2026-03-23 11:07:04,,1071.93,Account Takeover,Customer complaint text unclear due to poor call center notes.,RESOLVED,,LOW,Email,CBK0001959,TXN00011213,USR 97266,MCH-6311,0,0,0,0,1,1,0,0
CBK0001011,TXN00016394,USR71985,MCH8514,2026-02-24 05:25:21,2026-03-11 17:25:21,,no service,User reports money deducted but merchant denies receiving payment.,OPEN,,HIGH,CHATBOT,CBK0001011,TXN00016394,USR71985,MCH8514,0,1,0,0,0,1,0,1
CBK0001468,TXN00016367,USR57411,MCH5305,2026-03-12 10:03:31,2026-03-11 00:00:00,6490.82,Customer Dispute,Payment made to unknown merchant as per customer statement.,In Progress,,MEDIUM,Email,CBK0001468,TXN00016367,USR57411,MCH5305,0,0,0,0,0,1,0,0
CBK0002451,TXN00008228,USR86411,MCH8154,2026-01-13 05:23:00,2026-01-18 00:00:00,-443.81,unauth txn,customer complaint text unclear due to poor call center notes.,RESOLVED,2026-01-29 09:23:00,LOW,Email,CBK0002451,TXN00008228,USR86411,MCH8154,1,0,0,0,0,0,0,0
CBK0000026,TXN00001919,USR39089,MCH5042,2026-03-03 00:00:00,2026-05-03 00:00:00,1859.77,no service,Complaint received after multiple failed attempts.,Rejected,2026-03-27 22:56:15,LOW,IVR,CBK0000026,TXN00001919,USR 39089,MCH 5042,0,0,0,0,0,0,0,0
CBK0002558,TXN00011898,USR64312,MCH7218,2026-01-14 19:22:13,2026-01-18 00:00:00,2771.91,DUP_DEBIT,Customer complaint text unclear due to poor call center notes.,REJECTED,2026-02-04 00:00:00,LOW,Branch,CBK0002558,TXN00011898,USR64312,MCH7218,0,0,0,0,0,0,0,0
CBK0001307,TXN00008095,USR42956,MCH9637,2026-03-11 05:18:57,2026-03-15 03:18:57,,customer issue,User claims account was compromised before transaction.,In Progress,2026-03-26 00:00:00,HIGH,Branch,CBK0001307,TXN00008095,USR42956,MCH9637,0,1,0,0,0,0,0,1
CBK0001225,TXN00015094,USR34566,MCH5674,2026-03-03 00:00:00,2026-05-03 00:00:00,12640.85,double debit,Customer complaint text unclear due to poor call center notes.,PENDING_BANK,,LOW,App,CBK0001225,TXN00015094,USR 34566,mch5674,0,0,0,0,0,1,0,0
CBK0000822,TXN00005564,USR76792,MCH6388,2026-03-15 00:00:00,2026-03-16 02:35:00,1858.07,not delivered,Customer says amount was debited twice.,Pending Bank,2026-04-08 02:35:00,MEDIUM,ivr,CBK0000822,TXN00005564,USR76792,mch6388,0,0,0,0,0,0,0,0
CBK0000596,TXN00006654,USR-37722,MCH4208,2026-01-02 00:00:00,2026-01-08 17:27:00,0.2733,UNAUTHORISED,User reports money deducted but merchant denies receiving payment.,CLOSED,,LOW,chatbot,CBK0000596,TXN00006654,USR-37722,MCH4208,0,0,0,0,0,1,0,0
CBK0001259,TXN00012199,USR39404,MCH2849,2026-03-30 00:00:00,2026-04-06 00:00:00,0.879,dispute raised,User claims account was compromised before transaction.,OPEN,2026-04-13 00:00:00,LOW,CHATBOT,CBK0001259,TXN00012199,USR39404,MCH2849,0,0,0,0,0,0,0,0
CBK0001764,TXN00007180,USR97480,MCH8142,2026-01-31 00:00:00,2026-02-01 00:00:00,671.37,service failed,User reports money deducted but merchant denies receiving payment.,PENDING_BANK,2026-02-10 00:00:00,HIGH,Email,CBK0001764,TXN00007180,usr97480,mch8142,0,0,0,0,0,0,0,1
CBK0002513,TXN00003753,USR-11110,MCH5076,2026-03-01 00:00:00,2026-01-06 09:06:26,691.4,Customer Dispute,Suspicious high-value payment disputed by customer.,Pending Bank,2026-01-29 09:06:00,MEDIUM,Call Center,CBK0002513,TXN00003753,USR-11110,mch5076,0,0,0,0,0,0,0,0
CBK0001370,TXN00017169,USR-14813,MCH6201,2026-03-05 07:45:00,2026-12-03 00:00:00,696.63,amount mismatch,Complaint received after multiple failed attempts.,Rejected,2026-03-14 07:45:00,LOW,Branch,CBK0001370,TXN00017169,USR-14813,MCH6201,0,0,0,0,0,0,0,0
CBK0002247,TXN00013006,USR65627,MCH4411,2026-02-19 23:35:31,2026-02-21 00:00:00,-1637.49,FRAUD,User says UPI PIN was not entered by them.,Resolved,2026-03-21 00:00:00,MEDIUM,App,CBK0002247,TXN00013006,USR65627,MCH4411,1,0,0,0,0,0,0,0
CBK0000563,TXN00011206,USR97772,7503,2026-02-17 00:00:00,2026-02-19 20:32:51,,charged twice,complaint received after multiple failed attempts.,REJECTED,2026-02-28 00:00:00,LOW,CHATBOT,CBK0000563,TXN00011206,USR 97772,7503,0,1,0,0,0,0,0,0
CBK0000347,TXN00015951,USR35882,MCH6839,2026-03-01 00:00:00,2026-03-02 22:57:12,607.62,suspicious transaction,CUSTOMER SAYS AMOUNT WAS DEBITED TWICE.,PENDING_BANK,2026-03-10 00:00:00,MEDIUM,Call Center,CBK0000347,TXN00015951,USR35882,MCH6839,0,0,0,0,0,0,0,0
CBK0002509,TXN00002022,USR-85958,MCH7739,,2026-02-22 16:14:00,7834.45,not done by me,Merchant service was not delivered after payment.,RESOLVED,2026-03-15 00:00:00,HIGH,Call Center,CBK0002509,TXN00002022,USR-85958,MCH7739,0,0,0,1,0,0,0,1
CBK0002177,TXN00018087,USR50619,MCH1160,2026-07-01 00:00:00,2026-01-15 00:00:00,2152.04,Service Not Provided,CUSTOMER SAYS TRANSACTION WAS NOT AUTHORIZED.,REJECTED,2026-01-22 00:00:00,LOW,Call Center,CBK0002177,TXN00018087,USR 50619,MCH1160,0,0,0,0,0,0,0,0
CBK0001158,TXN00016429,USR80809,MCH9349,2026-01-10 00:00:00,2026-01-12 05:11:00,276.59,Service Not Provided,Payment made to unknown merchant as per customer statement.,RESOLVED,2026-01-17 05:11:04,MEDIUM,Branch,CBK0001158,TXN00016429,USR80809,MCH9349,0,0,0,0,0,0,0,0
CBK0000277,TXN00013423,USR88037,MCH4048,2026-11-01 00:00:00,2026-01-14 07:32:19,498.7,Service Not Provided,Customer says amount was debited twice.,Pending Bank,,MEDIUM,App,CBK0000277,TXN00013423,usr88037,MCH4048,0,0,0,0,0,1,0,0
CBK0001620,TXN00013592,USR47384,MCH9347,,2026-02-08 00:00:00,1528.43,no service,User says UPI PIN was not entered by them.,CLOSED,2026-02-27 09:15:00,LOW,App,CBK0001620,TXN00013592,USR47384,MCH-9347,0,0,0,1,0,0,0,0
CBK0000264,TXN00012389,USR77084,MCH4475,2026-01-23 11:24:20,2026-01-28 00:00:00,1247.52,DUP_DEBIT,Customer complaint text unclear due to poor call center notes. call dropped,WIP,,LOW,Email,CBK0000264,TXN00012389,USR77084,MCH4475,0,0,0,0,0,1,0,0
CBK0000105,TXN00004321,USR86889,MCH1166,,2026-03-27 00:00:00,2032.79,not delivered,Customer complaint text unclear due to poor call center notes.,OPEN,2026-04-01 06:28:32,LOW,App,CBK0000105,TXN00004321,USR 86889,mch1166,0,0,0,1,0,0,0,0
CBK0001461,,USR21469,MCH3425,2026-02-26 00:00:00,2026-02-28 21:04:00,1041.71,Account Takeover,User reports money deducted but merchant denies receiving payment.,IN_PROGRESS,2026-03-24 00:00:00,LOW,Branch,CBK0001461,,USR21469,MCH3425,0,0,1,0,0,0,0,0
CBK0000459,TXN00018065,USR75856,6850,2026-02-11 19:04:00,2026-02-14 14:04:54,4568.57,FRAUD,merchant service was not delivered after payment.,OPEN,2026-03-01 14:04:00,LOW,ivr,CBK0000459,TXN00018065,USR75856,6850,0,0,0,0,0,0,0,0
CBK0001462,TXN00002045,USR-58805,MCH2842,2026-03-02 00:00:00,2026-01-03 00:00:00,3144.27,UNAUTHORISED,Suspicious high-value payment disputed by customer.,WIP,2026-03-21 12:45:23,MEDIUM,Email,CBK0001462,TXN00002045,USR-58805,MCH2842,0,0,0,0,0,0,0,0
CBK0002257,TXN41888,USR36095,MCH2102,2026-02-17 00:00:00,,3064.59,delivery issue,Customer says transaction was not authorized.,Rejected,2026-03-15 00:00:00,HIGH,Branch,CBK0002257,TXN41888,usr36095,MCH-2102,0,0,0,0,1,0,0,1
CBK0002657,TXN00017047,USR97927,MCH9426,2026-01-26 00:00:00,2026-02-05 00:00:00,1731.53,FRAUD,Complaint received after multiple failed attempts.,IN_PROGRESS,2026-03-04 00:00:00,LOW,Call Center,CBK0002657,TXN00017047,USR97927,MCH9426,0,0,0,0,0,0,0,0
CBK0000483,,USR36499,MCH5954,2026-03-28 16:40:00,2026-03-31 00:00:00,0.2047,item not received,User reports money deducted but merchant denies receiving payment.,PENDING_BANK,2026-04-19 15:40:00,LOW,App,CBK0000483,,usr36499,mch5954,0,0,1,0,0,0,0,0
CBK0001914,TXN00009715,USR93782,MCH5614,2026-02-12 00:00:00,2026-02-13 03:25:21,0.1483,Fraud Suspected,Suspicious high-value payment disputed by customer.,OPEN,2026-02-24 00:00:00,CRITICAL,App,CBK0001914,TXN00009715,USR93782,MCH5614,0,0,0,0,0,0,1,0
CBK0002052,TXN00019589,USR55253,MCH4612,2026-03-16 00:00:00,2026-03-17 00:00:00,0.215,customer issue,user says upi pin was not entered by them.,Resolved,,HIGH,Email,CBK0002052,TXN00019589,USR55253,MCH4612,0,0,0,0,0,1,0,1
CBK0002592,TXN00003766,USR79094,MCH8315,2026-01-17 13:54:40,2026-01-21 00:00:00,587.08,login compromised,Suspicious high-value payment disputed by customer.,PENDING_BANK,2026-01-28 00:00:00,MEDIUM,Email,CBK0002592,TXN00003766,USR79094,MCH8315,0,0,0,0,0,0,0,0
CBK0001281,TXN00018888,76747,MCH3704,,2026-04-17 00:00:00,,amount mismatch,User reports money deducted but merchant denies receiving payment.,REJECTED,2026-05-04 06:27:57,MEDIUM,ivr,CBK0001281,TXN00018888,76747,mch3704,0,1,0,1,0,0,0,0
CBK0001484,TXN00014252,USR18345,MCH7982,2026-03-15 00:00:00,2026-10-03 00:00:00,-5943.18,customer issue,Payment made to unknown merchant as per customer statement.,OPEN,,CRITICAL,App,CBK0001484,TXN00014252,USR 18345,MCH7982,1,0,0,0,0,1,1,0
CBK0001969,TXN00002091,USR88037,MCH7819,2026-03-21 00:00:00,2026-03-29 07:59:18,497.48,login compromised,Payment made to unknown merchant as per customer statement.,REJECTED,,HIGH,ivr,CBK0001969,TXN00002091,USR88037,MCH7819,0,0,0,0,0,1,0,1
CBK0000333,TXN00009429,USR43447,MCH6659,2026-03-06 05:06:00,2026-03-13 17:06:24,1275.75,merchant service issue,Complaint received after multiple failed attempts.,IN_PROGRESS,2026-03-30 00:00:00,LOW,App,CBK0000333,TXN00009429,USR43447,MCH-6659,0,0,0,0,0,0,0,0
CBK0001285,TXN-00011614,USR22620,MCH8730,2026-01-25 15:04:08,2026-01-26 00:00:00,459.43,double debit,Customer says amount was debited twice.,Resolved,2026-02-13 00:00:00,MEDIUM,CHATBOT,CBK0001285,txn-00011614,USR22620,MCH8730,0,0,0,0,0,0,0,0
CBK0001834,TXN00009538,93486,1097,2026-03-25 23:42:00,2026-03-28 00:00:00,0.1124,scam,Merchant service was not delivered after payment. call dropped,Closed,2026-12-04 00:00:00,MEDIUM,Email,CBK0001834,TXN00009538,93486,1097,0,0,0,0,0,0,0,0
CBK0000834,TXN00006801,USR60701,MCH8625,2026-01-04 16:40:24,2026-01-19 00:00:00,-1623.25,DUP_DEBIT,CUSTOMER SAYS AMOUNT WAS DEBITED TWICE.,Closed,,HIGH,ivr,CBK0000834,TXN00006801,USR60701,MCH8625,1,0,0,0,0,1,0,1
CBK0001644,TXN00015953,USR99110,MCH2723,,2026-03-20 00:00:00,,Merchant Not Delivered,Merchant service was not delivered after payment.,REJECTED,2026-03-31 12:00:12,LOW,chatbot,CBK0001644,TXN00015953,USR99110,MCH2723,0,1,0,1,0,0,0,0
CBK0002357,TXN00009106,USR64172,MCH7722,2026-05-03 00:00:00,2026-03-09 07:38:31,0.1104,ATO,Merchant service was not delivered after payment.,REJECTED,2026-04-05 07:38:31,MEDIUM,CHATBOT,CBK0002357,TXN00009106,USR64172,MCH7722,0,0,0,0,0,0,0,0
CBK0001454,TXN00011270,USR25463,MCH7713,2026-01-12 23:29:29,2026-02-12 00:00:00,0.2315,account hacked,Complaint received after multiple failed attempts.,Pending Bank,2026-03-14 00:00:00,MEDIUM,IVR,CBK0001454,TXN00011270,USR25463,MCH7713,0,0,0,0,0,0,0,0
CBK0002467,TXN00018324,USR12011,MCH6969,2026-03-09 02:28:51,2026-03-11 00:00:00,1624.65,amount mismatch,Customer says amount was debited twice.,IN_PROGRESS,,LOW,Call Center,CBK0002467,TXN00018324,USR12011,MCH-6969,0,0,0,0,0,1,0,0
CBK0001570,TXN00015345,USR_50434,MCH4720,2026-03-14 05:36:46,2026-03-21 13:36:00,891.13,not done by me,Payment made to unknown merchant as per customer statement.,RESOLVED,,LOW,Branch,CBK0001570,TXN00015345,usr_50434,MCH4720,0,0,0,0,0,1,0,0
CBK0000899,TXN00019564,USR-29187,MCH8779,2026-03-19 00:00:00,2026-03-20 00:00:00,17075.88,charged twice,user reports money deducted but merchant denies receiving payment.,In Progress,2026-04-04 08:18:37,LOW,Email,CBK0000899,TXN00019564,USR-29187,MCH8779,0,0,0,0,0,0,0,0
CBK0001181,TXN00009419,USR39500,MCH9291,2026-03-06 15:17:00,2026-04-21 00:00:00,16164.46,item not received,Complaint received after multiple failed attempts.,In Progress,,LOW,ivr,CBK0001181,TXN00009419,USR 39500,MCH-9291,0,0,0,0,0,1,0,0
CBK0002788,TXN00007182,USR38163,MCH5980,2026-03-11 00:00:00,2026-03-13 01:58:00,7942.83,complaint,Customer says transaction was not authorized.,WIP,2026-03-24 00:00:00,LOW,Branch,CBK0002788,TXN00007182,usr38163,MCH-5980,0,0,0,0,0,0,0,0
CBK0000419,TXN00018842,61484,MCH8719,2026-03-13 16:46:00,2026-03-29 08:46:00,1397.32,Wrong Amount,Payment made to unknown merchant as per customer statement.,CLOSED,,MEDIUM,Email,CBK0000419,TXN00018842,61484,MCH 8719,0,0,0,0,0,1,0,0
CBK0001389,TXN00013530,USR_54156,MCH6601,2026-01-09 13:45:32,2026-01-15 00:00:00,11913.51,Duplicate Debit,Customer says transaction was not authorized.,In Progress,,LOW,IVR,CBK0001389,TXN00013530,usr_54156,MCH6601,0,0,0,0,0,1,0,0
CBK0000747,TXN00015384,USR-91399,MCH3815,2026-02-21 00:00:00,2026-03-04 07:27:02,452.46,dispute raised,user claims account was compromised before transaction.,CLOSED,,LOW,chatbot,CBK0000747,TXN00015384,USR-91399,MCH3815,0,0,0,0,0,1,0,0
CBK0002757,TXN-00002386,USR65855,MCH2446,2026-01-07 14:37:01,2026-01-03 14:37:01,4215.68,service failed,Customer says amount was debited twice.,PENDING_BANK,,LOW,Call Center,CBK0002757,txn-00002386,usr65855,MCH2446,0,0,0,0,0,1,0,0
CBK0000332,TXN00005378,USR88270,MCH4590,2026-03-31 00:00:00,2026-05-16 14:52:28,1274.1,Service Not Provided,Complaint received after multiple failed attempts.,OPEN,2026-05-16 14:52:28,MEDIUM,Call Center,CBK0000332,TXN00005378,USR88270,MCH4590,0,0,0,0,0,0,0,0
CBK0002051,TXN00008348,USR53527,MCH2721,,2026-01-25 00:00:00,7413.72,Duplicate Debit,User claims account was compromised before transaction.,REJECTED,2026-02-23 23:19:00,CRITICAL,Email,CBK0002051,TXN00008348,usr53527,MCH 2721,0,0,0,1,0,0,1,0
CBK0002634,TXN00017469,USR67399,MCH4047,2026-02-04 00:00:00,2026-02-05 00:00:00,1016.01,amount mismatch,User reports money deducted but merchant denies receiving payment.,REJECTED,2026-02-20 00:00:00,LOW,IVR,CBK0002634,TXN00017469,USR67399,MCH4047,0,0,0,0,0,0,0,0
CBK0000497,TXN00001489,USR78501,MCH8779,2026-03-22 14:52:27,2026-05-07 01:52:00,6345.72,not delivered,Merchant service was not delivered after payment.,RESOLVED,2026-05-19 00:00:00,HIGH,App,CBK0000497,TXN00001489,USR78501,MCH8779,0,0,0,0,0,0,0,1
CBK0001504,TXN58280,USR46847,MCH9988,,2026-01-31 00:00:00,834.87,charged twice,User says UPI PIN was not entered by them.,OPEN,2026-02-09 22:09:00,MEDIUM,Branch,CBK0001504,TXN58280,USR46847,MCH9988,0,0,0,1,0,0,0,0
CBK0000746,TXN00006761,USR27533,MCH9632,2026-09-01 00:00:00,2026-01-16 00:00:00,1870.83,DUP_DEBIT,CUSTOMER COMPLAINT TEXT UNCLEAR DUE TO POOR CALL CENTER NOTES.,Open,2026-01-25 23:15:33,MEDIUM,CHATBOT,CBK0000746,TXN00006761,USR 27533,MCH9632,0,0,0,0,0,0,0,0
CBK0000073,TXN00007186,USR55692,MCH9079,2026-02-14 01:49:22,2026-02-21 00:00:00,7193.48,incorrect amount,Customer says amount was debited twice.,REJECTED,2026-02-21 00:00:00,MEDIUM,Email,CBK0000073,TXN00007186,USR55692,mch9079,0,0,0,0,0,0,0,0
CBK0001239,,USR43165,MCH9882,,2026-02-28 00:00:00,8059.65,extra amount deducted,Customer says amount was debited twice.,REJECTED,2026-02-28 00:00:00,MEDIUM,App,CBK0001239,,USR43165,MCH9882,0,0,1,1,0,0,0,0
CBK0000454,TXN00010362,USR13559,MCH3717,2026-01-02 00:00:00,2026-02-04 00:00:00,721.17,DUP_DEBIT,Payment made to unknown merchant as per customer statement.,OPEN,2026-02-10 00:00:00,MEDIUM,chatbot,CBK0000454,TXN00010362,USR13559,MCH3717,0,0,0,0,0,0,0,0
CBK0000202,TXN00003879,USR22628,MCH4977,2026-01-14 00:00:00,2026-01-20 00:00:00,-2999.94,double debit,CUSTOMER SAYS TRANSACTION WAS NOT AUTHORIZED.,PENDING_BANK,2026-02-05 00:00:00,LOW,IVR,CBK0000202,TXN00003879,USR22628,MCH4977,1,0,0,0,0,0,0,0
CBK0000384,TXN00007704,USR-74500,MCH5267,2026-02-07 00:00:00,2026-02-09 00:00:00,0.1568,amount mismatch,Customer says amount was debited twice.,CLOSED,,LOW,CHATBOT,CBK0000384,TXN00007704,USR-74500,MCH-5267,0,0,0,0,0,1,0,0
CBK0002015,TXN00003845,USR71348,MCH6074,2026-01-20 00:00:00,2026-01-23 00:00:00,0.2182,account hacked,Customer says amount was debited twice.,Resolved,2026-02-18 00:40:34,HIGH,CHATBOT,CBK0002015,TXN00003845,USR71348,mch6074,0,0,0,0,0,0,0,1
CBK0002359,TXN00004169,USR59679,MCH4473,2026-01-03 08:56:00,2026-01-08 00:00:00,13744.99,fraud,Customer complaint text unclear due to poor call center notes.,Closed,2026-01-16 14:56:06,CRITICAL,Email,CBK0002359,TXN00004169,USR59679,MCH4473,0,0,0,0,0,0,1,0
CBK0001364,TXN00018217,USR92659,MCH6674,,,1300.73,Customer Dispute,User claims account was compromised before transaction.,Pending Bank,2026-01-06 00:00:00,HIGH,chatbot,CBK0001364,TXN00018217,USR92659,MCH6674,0,0,0,1,1,0,0,1
CBK0002379,TXN00008645,USR-61509,MCH1914,2026-03-27 00:00:00,2026-03-29 00:00:00,-3501.28,account hacked,Complaint received after multiple failed attempts.,Rejected,,MEDIUM,ivr,CBK0002379,TXN00008645,USR-61509,MCH1914,1,0,0,0,0,1,0,0
CBK0000039,TXN00010340,USR89475,MCH2478,2026-01-07 12:28:00,2026-12-01 00:00:00,0.8382,not done by me,Payment made to unknown merchant as per customer statement.,In Progress,2026-01-31 00:00:00,MEDIUM,chatbot,CBK0000039,TXN00010340,USR89475,MCH2478,0,0,0,0,0,0,0,0
CBK0002254,TXN00016982,USR48692,MCH4326,2026-01-08 00:00:00,2026-10-01 00:00:00,662.25,suspicious transaction,User says UPI PIN was not entered by them.,OPEN,2026-01-27 22:58:49,MEDIUM,App,CBK0002254,TXN00016982,USR48692,MCH4326,0,0,0,0,0,0,0,0
CBK0000443,TXN00003234,USR48070,MCH7286,2026-02-25 00:00:00,2026-02-26 00:00:00,8014.91,scam,Suspicious high-value payment disputed by customer.,REJECTED,2026-03-21 00:00:00,HIGH,IVR,CBK0000443,TXN00003234,USR48070,MCH7286,0,0,0,0,0,0,0,1
CBK0001214,TXN84117,USR58335,MCH8999,2026-02-06 00:00:00,2026-02-11 21:36:27,3956.74,delivery issue,user reports money deducted but merchant denies receiving payment.,Closed,2026-02-27 00:00:00,HIGH,Branch,CBK0001214,TXN84117,USR58335,MCH8999,0,0,0,0,0,0,0,1
CBK0002038,TXN00005021,USR23918,MCH2822,2026-02-15 01:06:00,2026-02-17 05:06:57,7640.62,not delivered,Customer says transaction was not authorized.,RESOLVED,2026-01-03 00:00:00,LOW,Email,CBK0002038,TXN00005021,USR23918,MCH-2822,0,0,0,0,0,0,0,0
CBK0000298,TXN00003788,USR83977,MCH4437,2026-02-03 23:13:39,2026-02-05 03:13:00,5092.34,merchant service issue,Merchant service was not delivered after payment.,Pending Bank,2026-02-24 00:00:00,LOW,CHATBOT,CBK0000298,TXN00003788,USR 83977,MCH4437,0,0,0,0,0,0,0,0
CBK0001464,TXN32619,USR-22277,MCH4473,2026-01-02 00:00:00,2026-01-05 19:21:00,2826.04,item not received,User claims account was compromised before transaction.,RESOLVED,2026-01-30 00:00:00,MEDIUM,Email,CBK0001464,TXN32619,USR-22277,MCH4473,0,0,0,0,0,0,0,0
CBK0001736,TXN00006569,USR-82594,MCH5200,2026-03-07 00:00:00,2026-09-03 00:00:00,3352.04,merchant service issue,Merchant service was not delivered after payment. details missing,RESOLVED,,HIGH,App,CBK0001736,TXN00006569,USR-82594,MCH5200,0,0,0,0,0,1,0,1
CBK0000761,TXN00001654,USR73010,MCH6154,2026-05-02 00:00:00,2026-02-08 03:55:59,11920.81,fraud,Suspicious high-value payment disputed by cust.,PENDING_BANK,2026-02-10 00:00:00,LOW,ivr,CBK0000761,TXN00001654,USR73010,MCH6154,0,0,0,0,0,0,0,0
CBK0002190,TXN74121,USR68897,MCH4316,2026-03-13 12:21:29,2026-03-19 00:00:00,1678.99,not done by me,Customer says transaction was not authorized.,Pending Bank,2026-03-26 00:00:00,MEDIUM,chatbot,CBK0002190,TXN74121,USR68897,MCH4316,0,0,0,0,0,0,0,0
CBK0001234,TXN00011425,USR22130,MCH7915,2026-02-07 06:14:00,2026-02-07 00:00:00,-3369.42,FRAUD,customer says transaction was not authorized.,OPEN,2026-03-01 00:00:00,MEDIUM,ivr,CBK0001234,TXN00011425,USR 22130,MCH7915,1,0,0,0,0,0,0,0
CBK0000307,TXN00010177,USR_34955,MCH8749,2026-02-22 00:00:00,2026-02-23 16:33:27,690.45,Wrong Amount,customer complaint text unclear due to poor call center notes.,Open,2026-03-23 16:33:27,HIGH,ivr,CBK0000307,TXN00010177,usr_34955,MCH8749,0,0,0,0,0,0,0,1
CBK0000368,TXN00005138,USR72854,MCH3135,2026-03-03 00:00:00,2026-03-08 18:14:00,1597.23,service failed,Customer says amount was debited twice.,Pending Bank,2026-03-19 18:14:00,MEDIUM,chatbot,CBK0000368,TXN00005138,USR72854,MCH3135,0,0,0,0,0,0,0,0
CBK0001276,TXN00003403,USR85655,MCH1234,2026-03-14 00:00:00,2026-03-13 00:00:00,,Customer Dispute,Merchant service was not delivered after payment.,Open,,MEDIUM,Call Center,CBK0001276,TXN00003403,USR85655,MCH1234,0,1,0,0,0,1,0,0
CBK0002659,TXN00003213,USR61306,MCH7286,2026-03-25 00:00:00,2026-03-28 00:00:00,1246.38,amount mismatch,Customer says transaction was not authorized.,Open,2026-04-13 00:00:00,HIGH,ivr,CBK0002659,TXN00003213,USR 61306,MCH7286,0,0,0,0,0,0,0,1
CBK0000061,TXN00010949,USR32546,MCH9169,2026-06-01 00:00:00,2026-01-07 06:45:00,2673.31,no service,User says UPI PIN was not entered by them. call dropped,CLOSED,2026-01-12 00:00:00,MEDIUM,App,CBK0000061,TXN00010949,usr32546,MCH9169,0,0,0,0,0,0,0,0
CBK0000987,TXN00003201,USR35236,MCH3555,2026-02-03 15:38:55,2026-03-05 23:38:00,993.95,Unauthorized Transaction,Suspicious high-value payment disputed by customer. pls check asap,Rejected,,LOW,CHATBOT,CBK0000987,TXN00003201,USR35236,mch3555,0,0,0,0,0,1,0,0
CBK0001927,TXN00011359,USR71316,MCH5954,2026-03-14 00:00:00,2026-03-22 14:50:33,6170.83,ATO,Customer says amount was debited twice.,CLOSED,2026-04-09 14:50:33,MEDIUM,chatbot,CBK0001927,TXN00011359,USR71316,MCH5954,0,0,0,0,0,0,0,0
CBK0001093,,USR43765,9369,2026-02-20 06:25:08,2026-02-21 00:00:00,1407.25,Wrong Amount,Customer says transaction was not authorized.,Open,2026-03-19 00:00:00,MEDIUM,ivr,CBK0001093,,USR43765,9369,0,0,1,0,0,0,0,0
CBK0000217,TXN00010428,USR35582,MCH8391,,2026-03-17 00:00:00,2580.03,suspicious transaction,User claims account was compromised before transaction.,Pending Bank,,HIGH,Email,CBK0000217,TXN00010428,usr35582,MCH8391,0,0,0,1,0,1,0,1
CBK0000902,TXN00019180,USR18416,MCH3100,2026-02-28 00:00:00,2026-03-04 08:02:37,0.163,Service Not Provided,Complaint received after multiple failed attempts.,Pending Bank,,HIGH,Branch,CBK0000902,TXN00019180,usr18416,mch3100,0,0,0,0,0,1,0,1
CBK0000652,TXN00015166,USR42412,MCH2811,2026-01-06 00:00:00,2026-01-09 00:00:00,732.38,service failed,USER SAYS UPI PIN WAS NOT ENTERED BY THEM.,Open,2026-01-26 00:00:00,HIGH,ivr,CBK0000652,TXN00015166,usr42412,MCH2811,0,0,0,0,0,0,0,1
CBK0001358,TXN00013107,USR31479,MCH2757,2026-01-20 00:15:51,,1035.74,login compromised,Payment made to unknown merchant as per customer statement.,CLOSED,2026-02-26 00:00:00,LOW,IVR,CBK0001358,TXN00013107,USR31479,MCH 2757,0,0,0,0,1,0,0,0
CBK0001023,TXN00007154,USR60699,MCH6910,2026-01-24 02:08:45,2026-01-29 13:08:00,3092.99,DUP_DEBIT,User claims account was compromised before transaction.,REJECTED,,LOW,CHATBOT,CBK0001023,TXN00007154,USR60699,MCH6910,0,0,0,0,0,1,0,0
CBK0001630,TXN00011150,USR97781,MCH4684,2026-03-04 21:59:00,2026-03-07 00:00:00,0.3344,Duplicate Debit,Customer says transaction was not authorized.,RESOLVED,,MEDIUM,Call Center,CBK0001630,TXN00011150,USR97781,MCH 4684,0,0,0,0,0,1,0,0
CBK0002123,TXN-00015926,USR-65059,MCH5703,,2026-03-12 14:21:21,0.851,Merchant Not Delivered,User claims account was compromised before transaction.,WIP,2026-04-07 00:00:00,MEDIUM,chatbot,CBK0002123,txn-00015926,USR-65059,MCH 5703,0,0,0,1,0,0,0,0
CBK0000421,TXN00010803,USR72422,MCH2757,2026-02-24 00:00:00,2026-02-27 00:00:00,7913.77,suspicious transaction,Payment made to unknown merchant as per customer statement.,In Progress,,MEDIUM,Branch,CBK0000421,TXN00010803,USR72422,MCH2757,0,0,0,0,0,1,0,0
CBK0002771,TXN00003740,USR_43341,4181,2026-02-07 00:00:00,2026-02-08 09:22:00,6434.35,Customer Dispute,user says upi pin was not entered by them.,IN_PROGRESS,2026-03-08 00:00:00,LOW,Branch,CBK0002771,TXN00003740,usr_43341,4181,0,0,0,0,0,0,0,0
CBK0002424,TXN00002184,USR26661,MCH1213,2026-01-02 15:21:00,,3019.75,fraud,Payment made to unknown merchant as per customer statement.,CLOSED,2026-01-24 00:00:00,MEDIUM,Email,CBK0002424,TXN00002184,USR26661,MCH1213,0,0,0,0,1,0,0,0
CBK0000631,TXN00004185,USR_21843,MCH5007,2026-01-16 00:00:00,,7433.73,extra amount deducted,USER REPORTS MONEY DEDUCTED BUT MERCHANT DENIES RECEIVING PAYMENT.,Open,2026-01-26 00:00:00,LOW,CHATBOT,CBK0000631,TXN00004185,usr_21843,MCH 5007,0,0,0,0,1,0,0,0
CBK0001390,TXN00017748,USR66250,MCH1711,2026-03-04 16:20:03,2026-03-19 19:20:03,0.816,Account Takeover,User says UPI PIN was not entered by them.,Resolved,2026-03-20 00:00:00,LOW,App,CBK0001390,TXN00017748,USR66250,MCH1711,0,0,0,0,0,0,0,0
CBK0002141,TXN00009768,USR20378,MCH9291,2026-03-20 00:00:00,2026-03-30 17:28:30,0.2335,unauth txn,User says UPI PIN was not entered by them.,Open,2026-04-03 00:00:00,MEDIUM,App,CBK0002141,TXN00009768,USR20378,MCH9291,0,0,0,0,0,0,0,0
CBK0002126,TXN00010837,USR17697,MCH6219,2026-03-15 07:18:08,2026-03-16 11:18:08,3555.94,Wrong Amount,User reports money deducted but merchant denies receiving payment.,RESOLVED,,LOW,CHATBOT,CBK0002126,TXN00010837,usr17697,MCH6219,0,0,0,0,0,1,0,0
CBK0000494,TXN00017891,USR29919,MCH9291,2026-01-01 08:32:31,2026-12-01 00:00:00,3343.99,Merchant Not Delivered,Merchant service was not delivered after payment.,Rejected,2026-01-31 00:00:00,CRITICAL,App,CBK0000494,TXN00017891,USR29919,MCH9291,0,0,0,0,0,0,1,0
CBK0000727,TXN00008469,USR71348,MCH9319,2026-01-03 19:11:00,2026-01-11 00:00:00,-604.81,DUP_DEBIT,User says UPI PIN was not entered by them.,Rejected,2026-04-02 00:00:00,MEDIUM,App,CBK0000727,TXN00008469,USR71348,MCH9319,1,0,0,0,0,0,0,0
CBK0000531,TXN00014058,USR49275,MCH9836,2026-01-24 00:00:00,2026-01-30 00:00:07,1009.36,incorrect amount,User claims account was compromised before transaction.,PENDING_BANK,2026-02-20 00:00:00,CRITICAL,ivr,CBK0000531,TXN00014058,USR49275,MCH9836,0,0,0,0,0,0,1,0
CBK0001139,TXN00009825,USR93426,MCH6856,2026-03-03 00:00:00,2026-03-06 14:42:00,-6446.22,Duplicate Debit,Customer says amount was debited twice. urgent,IN_PROGRESS,2026-03-23 14:42:18,CRITICAL,App,CBK0001139,TXN00009825,USR93426,MCH-6856,1,0,0,0,0,0,1,0
CBK0001402,TXN00004276,USR-93581,MCH2383,2026-01-22 09:19:32,2026-01-28 05:19:32,-3192.45,Fraud Suspected,User reports money deducted but merchant denies receiving payment.,OPEN,2026-02-22 00:00:00,MEDIUM,IVR,CBK0001402,TXN00004276,USR-93581,mch2383,1,0,0,0,0,0,0,0
CBK0002461,TXN00017240,USR28613,MCH1420,2026-02-12 06:09:18,2026-02-18 00:00:00,7674.03,no service,Merchant service was not delivered after payment.,Pending Bank,2026-03-03 00:00:00,LOW,App,CBK0002461,TXN00017240,USR 28613,MCH1420,0,0,0,0,0,0,0,0
CBK0000246,TXN00019885,USR90720,MCH8625,2026-02-22 05:29:58,2026-02-23 00:00:00,2738.74,charged twice,Payment made to unknown merchant as per customer statement.,Pending Bank,,MEDIUM,ivr,CBK0000246,TXN00019885,USR90720,MCH8625,0,0,0,0,0,1,0,0
CBK0001110,TXN00013301,USR-82155,MCH9291,2026-03-27 08:05:22,2026-03-30 06:05:00,,UNAUTHORISED,Complaint received after multiple failed attempts.,RESOLVED,,HIGH,CHATBOT,CBK0001110,TXN00013301,USR-82155,MCH9291,0,1,0,0,0,1,0,1
CBK0000372,TXN00010170,USR38969,MCH7294,2026-01-03 19:40:32,2026-01-18 00:00:00,,Customer Dispute,Payment made to unknown merchant as per customer statement.,Resolved,,MEDIUM,App,CBK0000372,TXN00010170,USR38969,MCH7294,0,1,0,0,0,1,0,0
CBK0002016,TXN-00007362,USR90209,MCH9344,2026-03-23 00:00:00,2026-04-03 14:15:00,3269.55,Service Not Provided,Customer says transaction was not authorized.,WIP,2026-04-17 00:00:00,LOW,CHATBOT,CBK0002016,txn-00007362,USR90209,MCH9344,0,0,0,0,0,0,0,0
CBK0002498,TXN00009704,USR26525,MCH4212,2026-01-24 00:00:00,2026-01-26 03:33:00,2595.11,Service Not Provided,Customer says amount was debited twice.,Resolved,2026-01-26 00:00:00,LOW,Call Center,CBK0002498,TXN00009704,USR26525,MCH4212,0,0,0,0,0,0,0,0
CBK0001481,TXN00001735,USR85139,3100,2026-02-26 00:00:00,2026-03-28 00:00:00,-3084.74,service failed,Merchant service was not delivered after payment.,Closed,2026-03-28 00:00:00,MEDIUM,IVR,CBK0001481,TXN00001735,USR85139,3100,1,0,0,0,0,0,0,0
CBK0002392,TXN00006668,USR-61084,MCH2875,2026-01-28 00:00:00,2026-01-30 00:00:00,0.1736,Customer Dispute,payment made to unknown merchant as per customer statement.,Resolved,2026-02-17 12:08:01,HIGH,Email,CBK0002392,TXN00006668,USR-61084,MCH2875,0,0,0,0,0,0,0,1
CBK0000614,TXN00000040,94585,MCH8779,2026-01-20 00:00:00,2026-01-25 00:00:00,-1389.07,ATO,Complaint received after multiple failed attempts. call dropped,Resolved,2026-02-10 00:00:00,LOW,App,CBK0000614,TXN00000040,94585,MCH8779,1,0,0,0,0,0,0,0
CBK0002520,TXN00006276,USR55226,MCH7826,2026-01-21 00:00:00,2026-01-22 00:00:00,0.189,DUP_DEBIT,Merchant service was not delivered after payment.,PENDING_BANK,2026-01-24 16:37:21,CRITICAL,Branch,CBK0002520,TXN00006276,USR55226,MCH7826,0,0,0,0,0,0,1,0
CBK0000593,TXN00013111,USR25826,MCH9808,2026-02-26 00:00:00,2026-03-05 18:10:06,,ATO,Customer says transaction was not authorized.,Open,2026-03-15 00:00:00,HIGH,ivr,CBK0000593,TXN00013111,USR25826,MCH9808,0,1,0,0,0,0,0,1
CBK0000551,TXN00012467,USR71976,MCH4344,2026-02-01 10:46:36,2026-02-05 08:46:36,1654.78,dispute raised,Suspicious high-value payment disputed by customer.,Pending Bank,2026-03-07 00:00:00,LOW,CHATBOT,CBK0000551,TXN00012467,USR71976,MCH4344,0,0,0,0,0,0,0,0
CBK0000138,TXN00003017,USR74855,MCH9944,2026-01-12 10:06:13,2026-01-18 08:06:13,707.43,login compromised,Customer complaint text unclear due to poor call center notes.,Rejected,2026-02-13 00:00:00,LOW,Email,CBK0000138,TXN00003017,usr74855,MCH9944,0,0,0,0,0,0,0,0
CBK0000100,TXN00017882,USR54020,MCH3381,2026-01-17 00:00:00,2026-01-20 00:00:00,732.66,double debit,User reports money deducted but merchant denies receiving payment.,OPEN,2026-02-17 00:00:00,HIGH,App,CBK0000100,TXN00017882,USR54020,MCH3381,0,0,0,0,0,0,0,1
CBK0000620,TXN00014536,49473,MCH9291,2026-01-08 10:01:00,2026-01-10 00:00:00,-12058.7,double debit,Suspicious high-value payment disputed by customer.,In Progress,,MEDIUM,IVR,CBK0000620,TXN00014536,49473,MCH9291,1,0,0,0,0,1,0,0
CBK0000787,TXN00015064,USR33856,MCH8652,2026-02-03 00:00:00,2026-03-20 00:00:00,981.9,Duplicate Debit,User reports money deducted but merchant denies receiving payment.,In Progress,2026-03-25 00:00:00,MEDIUM,IVR,CBK0000787,TXN00015064,USR33856,MCH 8652,0,0,0,0,0,0,0,0
CBK0002134,TXN00009374,USR27878,MCH5264,2026-03-30 13:34:53,2026-04-02 15:34:53,0.5,Customer Dispute,Customer says amount was debited twice.,PENDING_BANK,,MEDIUM,IVR,CBK0002134,TXN00009374,USR27878,MCH5264,0,0,0,0,0,1,0,0
CBK0001981,TXN00014392,USR72048,4590,2026-03-17 00:00:00,2026-03-20 00:00:00,4520.19,Duplicate Debit,user claims account was compromised before transaction.,REJECTED,2026-03-23 00:00:00,LOW,App,CBK0001981,TXN00014392,USR72048,4590,0,0,0,0,0,0,0,0
CBK0001249,TXN00003498,USR73675,MCH3822,2026-03-31 00:00:00,2026-04-08 14:29:36,3661.3,suspicious transaction,user reports money deducted but merchant denies receiving payment.,Resolved,2026-04-20 00:00:00,MEDIUM,Email,CBK0001249,TXN00003498,USR 73675,MCH3822,0,0,0,0,0,0,0,0
CBK0002554,TXN00000914,USR21146,MCH2266,2026-02-08 11:30:00,2026-03-25 00:00:00,1207.28,item not received,User claims account was compromised before txn.,OPEN,2026-04-02 00:00:00,HIGH,Branch,CBK0002554,TXN00000914,usr21146,MCH-2266,0,0,0,0,0,0,0,1
CBK0002602,TXN00012801,USR20795,MCH5787,2026-02-11 00:00:00,2026-02-18 00:00:00,2374.29,Service Not Provided,Suspicious high-value payment disputed by customer.,Resolved,2026-03-09 12:23:30,MEDIUM,Call Center,CBK0002602,TXN00012801,USR20795,MCH5787,0,0,0,0,0,0,0,0
CBK0002797,TXN00013910,USR34880,MCH1320,2026-01-21 11:46:59,2026-01-27 08:46:00,877.44,unauthorized_transaction,USER REPORTS MONEY DEDUCTED BUT MERCHANT DENIES RECEIVING PAYMENT.,WIP,,HIGH,chatbot,CBK0002797,TXN00013910,USR34880,MCH1320,0,0,0,0,0,1,0,1
CBK0000521,TXN-00019385,USR20822,MCH6549,2026-03-19 19:31:42,2026-03-21 00:00:00,1082.82,unauthorized_transaction,Suspicious high-value payment disputed by customer.,In Progress,2026-04-11 11:31:42,HIGH,Branch,CBK0000521,txn-00019385,USR20822,MCH6549,0,0,0,0,0,0,0,1
CBK0001422,TXN00013883,USR-59251,MCH7833,2026-01-13 00:00:00,2026-01-15 11:58:51,0.3588,Unauthorized Transaction,Payment made to unknown merchant as per customer statement.,OPEN,2026-01-21 00:00:00,MEDIUM,chatbot,CBK0001422,TXN00013883,USR-59251,MCH7833,0,0,0,0,0,0,0,0
CBK0000458,TXN00016719,26895,4723,2026-01-16 00:00:00,2026-01-19 00:00:00,2956.42,complaint,User claims account was compromised before txn.,RESOLVED,2026-02-03 00:00:00,LOW,CHATBOT,CBK0000458,TXN00016719,26895,4723,0,0,0,0,0,0,0,0
CBK0000085,TXN00004176,USR35280,MCH8030,2026-01-08 00:00:00,2026-01-09 21:57:00,1105.82,login compromised,Customer complaint text unclear due to poor call center notes.,CLOSED,2026-01-27 21:57:00,HIGH,Branch,CBK0000085,TXN00004176,USR35280,MCH8030,0,0,0,0,0,0,0,1
CBK0000376,TXN00010928,USR62685,MCH9719,2026-02-26 00:00:00,2026-03-01 05:50:00,0.1538,DUP_DEBIT,Customer says transaction was not authorized. urgent,Closed,2026-03-17 05:50:00,HIGH,CHATBOT,CBK0000376,TXN00010928,USR62685,MCH9719,0,0,0,0,0,0,0,1
CBK0002059,,USR69096,MCH6070,2026-02-03 00:00:00,2026-02-06 07:00:00,-599.01,Account Takeover,user says upi pin was not entered by them.,Resolved,,LOW,Branch,CBK0002059,,USR69096,MCH6070,1,0,1,0,0,1,0,0
CBK0002759,TXN00003778,USR65783,MCH3028,2026-06-02 00:00:00,2026-02-07 12:51:27,0.7597,amount mismatch,User claims account was compromised before transaction.,PENDING_BANK,2026-02-25 00:00:00,MEDIUM,Call Center,CBK0002759,TXN00003778,USR65783,MCH 3028,0,0,0,0,0,0,0,0
CBK0000425,TXN00019652,USR51854,MCH4908,2026-06-03 00:00:00,,1289.49,FRAUD,Payment made to unknown merchant as per customer statement.,In Progress,2026-03-25 08:31:28,CRITICAL,App,CBK0000425,TXN00019652,USR51854,MCH4908,0,0,0,0,1,0,1,0
CBK0000473,TXN00006355,USR_15888,MCH5561,2026-01-12 00:00:00,2026-01-14 00:00:00,1211.72,Merchant Not Delivered,Customer says transaction was not authorized.,RESOLVED,2026-01-18 13:37:06,MEDIUM,Branch,CBK0000473,TXN00006355,usr_15888,MCH-5561,0,0,0,0,0,0,0,0
CBK0002609,TXN00005872,USR_71348,9291,2026-03-31 04:58:00,2026-04-16 00:00:00,2023.21,not done by me,Customer complaint text unclear due to poor call center notes.,RESOLVED,2026-05-11 00:00:00,LOW,CHATBOT,CBK0002609,TXN00005872,usr_71348,9291,0,0,0,0,0,0,0,0
CBK0002781,TXN00007463,USR88712,MCH4226,2026-02-08 10:50:00,2026-02-09 00:00:00,0.54,merchant service issue,Merchant service was not delivered after payment.,IN_PROGRESS,,MEDIUM,IVR,CBK0002781,TXN00007463,USR88712,MCH4226,0,0,0,0,0,1,0,0
CBK0000437,TXN00008304,USR-31182,MCH7390,2026-03-17 00:00:00,2026-03-19 00:00:00,6321.44,UNAUTHORISED,Merchant service was not delivered after payment. NA,Pending Bank,,MEDIUM,CHATBOT,CBK0000437,TXN00008304,USR-31182,MCH7390,0,0,0,0,0,1,0,0
CBK0001434,TXN-00014276,USR37196,MCH2407,2026-03-27 00:00:00,2026-03-30 00:00:00,637.61,charged twice,payment made to unknown merchant as per customer statement.,Pending Bank,2026-04-08 00:00:00,MEDIUM,IVR,CBK0001434,txn-00014276,USR37196,MCH2407,0,0,0,0,0,0,0,0
CBK0002012,TXN00012346,USR-40998,3992,2026-01-07 00:00:00,2026-01-10 15:42:32,1010.1,account hacked,Customer says amount was debited twice.,WIP,,HIGH,Call Center,CBK0002012,TXN00012346,USR-40998,3992,0,0,0,0,0,1,0,1
CBK0000297,TXN00019269,USR53731,MCH9458,2026-02-08 09:15:08,2026-02-11 00:00:00,2732.12,UNAUTHORISED,CUSTOMER SAYS TRANSACTION WAS NOT AUTHORIZED.,Closed,2026-02-15 00:00:00,MEDIUM,IVR,CBK0000297,TXN00019269,USR 53731,MCH9458,0,0,0,0,0,0,0,0
CBK0002058,TXN00010832,USR29952,MCH6418,2026-02-22 21:09:00,2026-02-28 00:00:00,0.1882,ATO,User says UPI PIN was not entered by them. urgent,IN_PROGRESS,2026-03-16 00:00:00,LOW,CHATBOT,CBK0002058,TXN00010832,USR29952,MCH6418,0,0,0,0,0,0,0,0
CBK0000267,,13313,MCH9823,2026-02-09 00:00:00,2026-02-12 00:00:00,1878.56,login compromised,Complaint received after multiple failed attempts.,Closed,2026-03-03 00:00:00,MEDIUM,chatbot,CBK0000267,,13313,MCH9823,0,0,1,0,0,0,0,0
CBK0000035,TXN00004120,USR53171,MCH6920,2026-03-07 00:00:00,2026-05-03 00:00:00,5701.53,double debit,user reports money deducted but merchant denies receiving payment.,In Progress,2026-04-02 00:00:00,LOW,IVR,CBK0000035,TXN00004120,USR53171,MCH6920,0,0,0,0,0,0,0,0
CBK0002020,TXN-00019784,USR89588,MCH8760,2026-03-08 00:00:00,2026-03-10 00:00:00,2591.32,not done by me,Customer says amount was debited twice.,RESOLVED,,LOW,IVR,CBK0002020,txn-00019784,USR89588,MCH8760,0,0,0,0,0,1,0,0
CBK0001016,TXN00018653,USR39211,MCH1376,2026-02-19 00:00:00,2026-02-22 00:00:00,2423.45,ATO,User reports money deducted but merchant denies receiving payment.,REJECTED,2026-05-03 00:00:00,LOW,CHATBOT,CBK0001016,TXN00018653,USR39211,MCH 1376,0,0,0,0,0,0,0,0
CBK0000905,TXN00003495,USR37693,MCH8091,2026-01-08 00:00:00,2026-02-08 00:07:18,2983.97,Merchant Not Delivered,Complaint received after multiple failed attempts.,Pending Bank,,LOW,Email,CBK0000905,TXN00003495,USR37693,MCH8091,0,0,0,0,0,1,0,0
CBK0000394,TXN00000779,USR64440,MCH8614,2026-02-03 13:21:00,2026-03-06 00:00:00,4511.29,DUP_DEBIT,User claims account was compromised before txn.,WIP,2026-03-28 00:00:00,MEDIUM,CHATBOT,CBK0000394,TXN00000779,USR64440,MCH8614,0,0,0,0,0,0,0,0
CBK0000059,TXN00011102,USR87051,MCH4693,2026-06-03 00:00:00,2026-03-07 00:00:00,1825.45,ATO,COMPLAINT RECEIVED AFTER MULTIPLE FAILED ATTEMPTS.,Open,2026-03-09 00:00:00,LOW,Call Center,CBK0000059,TXN00011102,USR87051,MCH-4693,0,0,0,0,0,0,0,0
CBK0001956,TXN00004350,USR48482,MCH1641,2026-03-16 00:00:00,2026-03-22 00:00:00,2131.37,UNAUTHORISED,user claims account was compromised before transaction.,In Progress,2026-03-30 00:00:00,LOW,chatbot,CBK0001956,TXN00004350,USR 48482,MCH1641,0,0,0,0,0,0,0,0
CBK0002439,TXN00009347,USR87914,MCH6751,,2026-03-12 20:47:00,1704.94,Wrong Amount,Suspicious high-value payment disputed by customer.,In Progress,2026-03-24 00:00:00,LOW,ivr,CBK0002439,TXN00009347,USR87914,MCH6751,0,0,0,1,0,0,0,0
CBK0002733,TXN00015766,USR87074,MCH6810,2026-03-26 15:10:36,2026-04-05 00:00:00,198.26,ATO,User reports money deducted but merchant denies receiving payment.,OPEN,,LOW,CHATBOT,CBK0002733,TXN00015766,USR 87074,MCH6810,0,0,0,0,0,1,0,0
CBK0000344,TXN00018344,USR11559,MCH4841,2026-02-05 00:00:00,2026-03-07 00:00:00,0.906,Fraud Suspected,Merchant service was not delivered after payment.,CLOSED,2026-03-08 22:10:00,HIGH,IVR,CBK0000344,TXN00018344,USR11559,MCH4841,0,0,0,0,0,0,0,1
CBK0000704,TXN00015091,USR45203,MCH9864,2026-03-28 00:00:00,2026-04-03 18:18:00,20286.73,Service Not Provided,Suspicious high-value payment disputed by customer. NA,Open,2026-05-01 00:00:00,HIGH,chatbot,CBK0000704,TXN00015091,USR45203,MCH9864,0,0,0,0,0,0,0,1
CBK0001841,TXN00005953,USR96307,MCH1423,2026-03-28 00:00:00,2026-03-29 00:00:00,0.1742,Merchant Not Delivered,Payment made to unknown merchant as per customer statement.,REJECTED,2026-04-18 00:00:00,LOW,IVR,CBK0001841,TXN00005953,usr96307,MCH1423,0,0,0,0,0,0,0,0
CBK0000305,TXN00002303,21074,MCH1320,2026-02-04 00:00:00,2026-02-09 00:00:00,1712.22,no service,Customer says amount was debited twice.,WIP,2026-02-22 00:00:00,LOW,App,CBK0000305,TXN00002303,21074,MCH1320,0,0,0,0,0,0,0,0
CBK0002157,TXN00010666,USR74780,MCH6850,2026-02-07 00:00:00,2026-03-09 00:00:00,1349.33,extra amount deducted,Payment made to unknown merchant as per customer statement.,Closed,2026-03-27 00:00:00,LOW,Branch,CBK0002157,TXN00010666,USR74780,MCH6850,0,0,0,0,0,0,0,0
CBK0000219,TXN76688,USR63208,MCH6288,2026-03-31 00:00:00,2026-04-06 00:00:00,355.19,Merchant Not Delivered,User claims account was compromised before transaction.,RESOLVED,2026-05-05 00:00:00,LOW,Branch,CBK0000219,TXN76688,USR63208,MCH6288,0,0,0,0,0,0,0,0
CBK0000503,TXN00009139,USR87033,MCH8779,2026-03-05 00:00:00,2026-03-08 00:00:00,1518.49,not done by me,Payment made to unknown merchant as per customer statement.,Closed,2026-03-29 10:48:07,CRITICAL,Email,CBK0000503,TXN00009139,USR87033,MCH 8779,0,0,0,0,0,0,1,0
CBK0002098,TXN00012193,USR22644,MCH5980,2026-03-19 04:04:00,2026-03-20 00:00:00,1913.11,fraud,Merchant service was not delivered after payment.,CLOSED,2026-03-24 00:00:00,HIGH,Call Center,CBK0002098,TXN00012193,USR22644,MCH-5980,0,0,0,0,0,0,0,1
CBK0002395,TXN00010795,USR24347,MCH3677,2026-03-30 00:00:00,2026-04-14 00:00:00,-933.13,Duplicate Debit,User reports money deducted but merchant denies receiving payment.,WIP,2026-05-10 12:23:00,LOW,chatbot,CBK0002395,TXN00010795,USR24347,MCH3677,1,0,0,0,0,0,0,0
CBK0001580,TXN00004779,USR_38912,MCH6908,2026-01-12 10:59:00,2026-01-13 09:59:00,1565.13,scam,customer says amount was debited twice.,Open,2026-01-16 00:00:00,MEDIUM,Email,CBK0001580,TXN00004779,usr_38912,mch6908,0,0,0,0,0,0,0,0
CBK0000388,TXN00000433,USR50784,MCH6968,2026-02-18 00:00:00,2026-02-23 19:00:44,0.979,amount mismatch,User says UPI PIN was not entered by them.,OPEN,2026-03-19 00:00:00,LOW,Branch,CBK0000388,TXN00000433,USR50784,MCH6968,0,0,0,0,0,0,0,0
CBK0000891,TXN00017408,USR_10307,7766,2026-03-23 00:00:00,2026-03-23 00:00:00,836.19,delivery issue,user reports money deducted but merchant denies receiving payment.,WIP,,LOW,Email,CBK0000891,TXN00017408,usr_10307,7766,0,0,0,0,0,1,0,0
CBK0000501,TXN00019009,USR96611,MCH3763,2026-01-10 00:00:00,2026-01-15 00:00:00,1552.99,amount mismatch,Customer complaint text unclear due to poor call center notes.,Pending Bank,2026-01-27 15:33:00,HIGH,App,CBK0000501,TXN00019009,USR 96611,MCH3763,0,0,0,0,0,0,0,1
CBK0002227,TXN97124,USR21632,MCH9291,2026-02-25 20:48:05,2026-04-12 00:00:00,1596.33,Duplicate Debit,User reports money deducted but merchant denies receiving payment.,Resolved,2026-04-26 00:00:00,HIGH,App,CBK0002227,TXN97124,USR21632,MCH9291,0,0,0,0,0,0,0,1
CBK0000060,TXN00004672,USR95647,MCH3815,,2026-01-09 00:00:00,985.98,merchant service issue,Suspicious high-value payment disputed by customer.,RESOLVED,2026-04-02 00:00:00,HIGH,ivr,CBK0000060,TXN00004672,USR95647,MCH-3815,0,0,0,1,0,0,0,1
CBK0002174,,USR-75213,MCH2779,2026-02-28 00:00:00,2026-04-14 23:11:36,484.07,ATO,User reports money deducted but merchant denies receiving payment.,CLOSED,2026-05-10 00:00:00,MEDIUM,Branch,CBK0002174,,USR-75213,MCH2779,0,0,1,0,0,0,0,0
CBK0000869,TXN00011061,USR71557,MCH8342,2026-03-03 00:00:00,2026-03-14 00:00:00,-211.84,complaint,Merchant service was not delivered after payment.,CLOSED,2026-04-11 00:00:00,LOW,Call Center,CBK0000869,TXN00011061,USR71557,MCH8342,1,0,0,0,0,0,0,0
CBK0001381,TXN00011623,USR99837,MCH8765,2026-01-28 09:27:00,2026-01-30 21:27:00,3487.78,no service,Customer says amount was debited twice. NA,CLOSED,,HIGH,ivr,CBK0001381,TXN00011623,USR99837,MCH8765,0,0,0,0,0,1,0,1
CBK0002396,TXN00000711,USR70575,MCH1910,2026-02-25 00:00:00,,,customer issue,User says UPI PIN was not entered by them. NA,RESOLVED,,HIGH,IVR,CBK0002396,TXN00000711,USR 70575,MCH1910,0,1,0,0,1,1,0,1
CBK0000723,TXN00001222,USR96458,MCH9291,2026-01-14 00:00:00,2026-01-16 04:31:14,,merchant service issue,PAYMENT MADE TO UNKNOWN MERCHANT AS PER CUSTOMER STATEMENT.,RESOLVED,,LOW,Email,CBK0000723,TXN00001222,USR96458,MCH9291,0,1,0,0,0,1,0,0
CBK0000504,TXN00008435,USR93535,MCH7466,,2026-02-06 00:00:00,755.82,not delivered,Customer says amount was debited twice.,Rejected,2026-03-03 09:34:59,MEDIUM,Email,CBK0000504,TXN00008435,USR93535,MCH7466,0,0,0,1,0,0,0,0
CBK0002746,TXN00015136,USR57117,MCH5167,2026-02-24 00:00:00,2026-02-26 00:00:00,661.74,Merchant Not Delivered,Customer complaint text unclear due to poor call center notes.,Open,2026-03-27 08:47:00,LOW,Call Center,CBK0002746,TXN00015136,USR 57117,mch5167,0,0,0,0,0,0,0,0
CBK0002737,TXN00005881,USR91565,MCH2757,2026-02-03 19:55:07,2026-02-07 00:00:00,2284.0,Wrong Amount,Merchant service was not delivered after payment.,Rejected,2026-02-13 08:55:00,MEDIUM,Email,CBK0002737,TXN00005881,USR91565,MCH2757,0,0,0,0,0,0,0,0
CBK0002270,TXN00000045,USR-73010,MCH6294,2026-01-03 00:00:03,2026-01-05 22:00:00,1101.8,ATO,Customer says transaction was not authorized.,CLOSED,2026-01-11 22:00:03,MEDIUM,Call Center,CBK0002270,TXN00000045,USR-73010,MCH6294,0,0,0,0,0,0,0,0
CBK0001994,TXN00000296,USR71624,MCH4650,2026-03-29 00:00:00,2026-03-29 17:25:00,0.512,login compromised,Complaint received after multiple failed attempts.,RESOLVED,2026-03-30 00:00:00,HIGH,App,CBK0001994,TXN00000296,USR71624,MCH4650,0,0,0,0,0,0,0,1
CBK0002612,TXN00010607,USR-32830,MCH9346,2026-03-01 00:00:00,2026-03-17 00:00:00,397.65,Account Takeover,CUSTOMER SAYS AMOUNT WAS DEBITED TWICE.,RESOLVED,2026-04-07 00:00:00,HIGH,Branch,CBK0002612,TXN00010607,USR-32830,MCH9346,0,0,0,0,0,0,0,1
CBK0001950,TXN00002053,33960,5223,2026-03-26 00:00:00,2026-03-27 11:08:07,2130.67,charged twice,Customer complaint text unclear due to poor call center notes.,Pending Bank,2026-04-08 11:08:00,MEDIUM,Email,CBK0001950,TXN00002053,33960,5223,0,0,0,0,0,0,0,0
CBK0000757,TXN00010601,USR53404,MCH4311,2026-03-20 14:22:47,2026-03-26 10:22:00,1363.12,item not received,User says UPI PIN was not entered by them.,Closed,2026-04-22 00:00:00,MEDIUM,ivr,CBK0000757,TXN00010601,USR53404,MCH4311,0,0,0,0,0,0,0,0
CBK0000159,TXN00001671,USR51888,MCH8727,2026-02-19 00:00:00,2026-02-24 00:00:00,0.2605,Wrong Amount,User says UPI PIN was not entered by them.,PENDING_BANK,2026-02-24 00:00:00,HIGH,IVR,CBK0000159,TXN00001671,USR51888,MCH8727,0,0,0,0,0,0,0,1
CBK0001270,TXN00015781,USR60184,MCH5412,2026-02-22 00:00:00,2026-02-25 18:53:25,6433.23,amount mismatch,Customer says transaction was not authorized.,OPEN,2026-02-25 18:53:25,HIGH,CHATBOT,CBK0001270,TXN00015781,usr60184,MCH5412,0,0,0,0,0,0,0,1
CBK0001833,TXN-00009923,USR24660,MCH3434,2026-01-04 12:15:00,2025-12-30 12:15:20,0.294,complaint,Merchant service was not delivered after payment.,Open,2025-12-31 00:00:00,MEDIUM,Call Center,CBK0001833,txn-00009923,USR24660,MCH-3434,0,0,0,0,0,0,0,0
CBK0000148,,USR37395,MCH3992,2026-02-25 00:00:00,2026-02-28 00:00:00,,customer issue,Suspicious high-value payment disputed by customer.,Closed,2026-03-09 00:00:00,CRITICAL,ivr,CBK0000148,,USR37395,MCH 3992,0,1,1,0,0,0,1,0
CBK0002188,TXN00011115,USR83988,MCH3113,,2026-01-03 00:00:00,3037.16,Customer Dispute,User reports money deducted but merchant denies receiving payment.,PENDING_BANK,2026-01-14 02:37:33,LOW,CHATBOT,CBK0002188,TXN00011115,USR83988,MCH3113,0,0,0,1,0,0,0,0
CBK0000906,TXN00009979,USR59679,MCH6645,2026-02-02 22:05:54,2026-02-04 00:00:00,876.91,account hacked,User claims account was compromised before transaction.,Rejected,2026-02-13 00:00:00,MEDIUM,App,CBK0000906,TXN00009979,USR59679,MCH-6645,0,0,0,0,0,0,0,0
CBK0001190,TXN00017091,USR51699,MCH7327,2026-02-17 00:00:00,2026-02-28 00:00:00,2254.1,account hacked,User says UPI PIN was not entered by them.,OPEN,2026-03-11 02:20:08,HIGH,App,CBK0001190,TXN00017091,usr51699,MCH7327,0,0,0,0,0,0,0,1
CBK0000325,TXN00011027,51987,MCH6810,2026-01-04 03:24:27,2026-01-06 00:00:00,3285.5,unauth txn,Customer says txn was not authorized.,IN_PROGRESS,2026-01-16 00:00:00,MEDIUM,App,CBK0000325,TXN00011027,51987,MCH 6810,0,0,0,0,0,0,0,0
CBK0002358,TXN00012958,USR-45319,MCH4022,2026-02-23 16:54:56,2026-03-03 00:00:00,1142.21,Duplicate Debit,Customer complaint text unclear due to poor call center notes. call dropped,PENDING_BANK,2026-03-20 03:54:56,LOW,ivr,CBK0002358,TXN00012958,USR-45319,MCH4022,0,0,0,0,0,0,0,0
CBK0001443,TXN00003853,USR70317,MCH6921,2026-02-19 00:00:00,2026-02-22 00:00:00,2342.78,item not received,PAYMENT MADE TO UNKNOWN MERCHANT AS PER CUSTOMER STATEMENT.,Closed,2026-02-26 00:00:00,MEDIUM,IVR,CBK0001443,TXN00003853,USR70317,MCH-6921,0,0,0,0,0,0,0,0
CBK0001944,TXN00005059,USR14388,MCH5076,2026-03-10 22:25:51,2026-04-25 00:00:00,4128.34,amount mismatch,CUSTOMER SAYS AMOUNT WAS DEBITED TWICE.,OPEN,2026-04-26 05:25:51,CRITICAL,ivr,CBK0001944,TXN00005059,USR14388,MCH5076,0,0,0,0,0,0,1,0
CBK0000097,TXN00014288,USR75999,MCH4226,2026-03-14 12:10:00,2026-03-13 00:00:00,4255.52,dispute raised,Payment made to unknown merchant as per customer statement.,Pending Bank,,MEDIUM,IVR,CBK0000097,TXN00014288,USR75999,MCH4226,0,0,0,0,0,1,0,0
CBK0000609,TXN00001796,USR77277,MCH2970,2026-06-01 00:00:00,2026-01-11 00:00:00,,delivery issue,User reports money deducted but merchant denies receiving payment.,Closed,,LOW,Branch,CBK0000609,TXN00001796,USR77277,MCH2970,0,1,0,0,0,1,0,0
CBK0000920,TXN-00000546,USR20076,MCH2383,2026-02-03 00:00:00,2026-04-17 13:17:00,427.33,amount mismatch,Complaint received after multiple failed attempts.,PENDING_BANK,2026-04-27 00:00:00,LOW,App,CBK0000920,txn-00000546,USR20076,MCH2383,0,0,0,0,0,0,0,0
CBK0001945,TXN00015576,USR59679,MCH5013,2026-02-28 04:17:48,2026-03-03 00:00:00,2182.01,charged twice,MERCHANT SERVICE WAS NOT DELIVERED AFTER PAYMENT.,OPEN,2026-07-03 00:00:00,HIGH,ivr,CBK0001945,TXN00015576,USR 59679,MCH5013,0,0,0,0,0,0,0,1
CBK0002769,TXN00003447,USR76233,MCH8735,2026-02-19 00:00:00,2026-02-21 00:00:00,1984.96,Wrong Amount,Payment made to unknown merchant as per cust statement.,REJECTED,2026-03-03 00:00:00,MEDIUM,chatbot,CBK0002769,TXN00003447,USR76233,MCH8735,0,0,0,0,0,0,0,0
CBK0002138,TXN00000295,USR86497,MCH2786,2026-10-01 00:00:00,2026-01-16 00:00:00,731.69,FRAUD,Customer says amount was debited twice.,WIP,2026-01-30 00:00:00,LOW,chatbot,CBK0002138,TXN00000295,USR86497,MCH2786,0,0,0,0,0,0,0,0
CBK0001973,TXN00013275,USR71371,MCH9810,2026-03-19 00:00:00,2026-03-27 00:00:00,666.32,delivery issue,Complaint received after multiple failed attempts.,PENDING_BANK,2026-04-19 00:00:00,MEDIUM,CHATBOT,CBK0001973,TXN00013275,USR 71371,MCH9810,0,0,0,0,0,0,0,0
CBK0000440,TXN00019212,USR83469,MCH7067,,2026-01-20 03:57:35,2786.25,login compromised,customer says transaction was not authorized.,Open,2026-01-28 03:57:35,LOW,Call Center,CBK0000440,TXN00019212,USR83469,MCH7067,0,0,0,1,0,0,0,0
CBK0001313,TXN00002015,USR70926,MCH8374,2026-03-24 00:00:00,2026-03-26 22:40:05,2615.98,ATO,Merchant service was not delivered after payment.,OPEN,2026-04-11 22:40:00,CRITICAL,CHATBOT,CBK0001313,TXN00002015,USR70926,MCH8374,0,0,0,0,0,0,1,0
CBK0001519,TXN00000459,USR36461,MCH6850,2026-01-05 01:52:09,2026-02-20 00:52:09,8278.26,customer issue,Customer says amount was debited twice.,PENDING_BANK,2026-03-19 00:00:00,HIGH,Call Center,CBK0001519,TXN00000459,usr36461,MCH-6850,0,0,0,0,0,0,0,1
CBK0001153,TXN00007272,USR23407,MCH9088,2026-03-13 04:40:00,2026-03-14 00:00:00,0.928,Account Takeover,Merchant service was not delivered after payment.,Pending Bank,2026-03-19 23:40:22,HIGH,chatbot,CBK0001153,TXN00007272,USR23407,mch9088,0,0,0,0,0,0,0,1
CBK0000490,TXN-00019708,USR89588,MCH9291,2026-02-23 01:22:04,,1943.24,Customer Dispute,customer says amount was debited twice.,Open,2026-04-18 23:22:00,LOW,Call Center,CBK0000490,txn-00019708,USR89588,MCH9291,0,0,0,0,1,0,0,0
CBK0000306,TXN00000680,USR-62254,MCH5980,2026-01-26 00:00:00,2026-02-02 00:00:00,589.63,scam,User says UPI PIN was not entered by them.,IN_PROGRESS,2026-02-21 12:35:42,HIGH,CHATBOT,CBK0000306,TXN00000680,USR-62254,MCH5980,0,0,0,0,0,0,0,1
CBK0001088,TXN00012038,USR_14244,MCH5655,2026-01-19 00:00:00,2026-01-23 00:00:00,,double debit,Customer complaint text unclear due to poor call center notes.,CLOSED,,LOW,Email,CBK0001088,TXN00012038,usr_14244,MCH5655,0,1,0,0,0,1,0,0
CBK0002181,TXN00014627,USR41247,MCH7342,2026-03-02 00:00:00,2026-03-04 00:00:00,4363.55,Customer Dispute,Customer says amount was debited twice.,PENDING_BANK,,MEDIUM,CHATBOT,CBK0002181,TXN00014627,USR 41247,mch7342,0,0,0,0,0,1,0,0
CBK0000863,TXN00016767,USR90880,MCH2841,2026-03-06 00:00:00,2026-03-07 21:23:05,0.1273,Merchant Not Delivered,customer says transaction was not authorized.,CLOSED,2026-03-04 00:00:00,HIGH,Email,CBK0000863,TXN00016767,USR90880,MCH2841,0,0,0,0,0,0,0,1
CBK0000178,TXN00004134,USR75133,MCH1949,2026-02-24 00:00:00,,794.23,suspicious transaction,Customer complaint text unclear due to poor call center notes.,OPEN,2026-03-06 06:12:04,HIGH,IVR,CBK0000178,TXN00004134,USR 75133,MCH1949,0,0,0,0,1,0,0,1
CBK0000340,TXN00006753,USR93690,MCH7199,2026-01-18 00:00:00,2026-01-15 19:42:11,-6262.28,merchant service issue,Suspicious high-value payment disputed by customer.,In Progress,2026-01-16 00:00:00,LOW,App,CBK0000340,TXN00006753,USR93690,MCH7199,1,0,0,0,0,0,0,0
CBK0001772,TXN00010231,USR49951,MCH4775,2026-01-29 11:52:47,2026-01-30 00:00:00,,unauthorized_transaction,payment made to unknown merchant as per customer statement.,REJECTED,2026-02-08 00:00:00,MEDIUM,App,CBK0001772,TXN00010231,USR49951,MCH4775,0,1,0,0,0,0,0,0
CBK0002100,TXN00012645,USR65267,MCH1601,2026-03-30 00:00:00,2026-04-03 00:00:00,-1273.59,suspicious transaction,Customer says transaction was not authorized.,Closed,,LOW,ivr,CBK0002100,TXN00012645,usr65267,MCH1601,1,0,0,0,0,1,0,0
CBK0001757,TXN00018643,USR46650,MCH2383,2026-02-16 00:00:00,2026-02-19 16:58:00,,not delivered,User reports money deducted but merchant denies receiving payment.,Open,2026-03-16 00:00:00,LOW,CHATBOT,CBK0001757,TXN00018643,USR46650,MCH2383,0,1,0,0,0,0,0,0
CBK0000314,TXN00017581,USR74438,MCH2757,2026-04-01 00:00:00,2026-01-08 21:56:24,1299.7,suspicious transaction,Customer says transaction was not authorized.,CLOSED,2026-01-11 00:00:00,CRITICAL,chatbot,CBK0000314,TXN00017581,USR 74438,MCH2757,0,0,0,0,0,0,1,0
CBK0002107,TXN00013202,USR27107,MCH9715,2026-03-29 00:00:00,2026-04-01 00:00:00,0.1331,ATO,Customer says amount was debited twice.,In Progress,2026-04-21 00:00:00,CRITICAL,ivr,CBK0002107,TXN00013202,USR27107,MCH9715,0,0,0,0,0,0,1,0
CBK0001444,TXN00003678,USR50434,MCH5076,2026-01-01 07:55:22,2026-04-01 00:00:00,8722.75,item not received,User claims account was compromised before transaction.,Closed,,HIGH,CHATBOT,CBK0001444,TXN00003678,USR50434,MCH5076,0,0,0,0,0,1,0,1
CBK0001899,TXN00000835,USR-11194,MCH1631,2026-03-27 15:04:48,2026-03-29 00:00:00,,dispute raised,Suspicious high-value payment disputed by customer.,Rejected,,LOW,IVR,CBK0001899,TXN00000835,USR-11194,MCH1631,0,1,0,0,0,1,0,0
CBK0001951,TXN00007053,USR17824,MCH8057,2026-03-26 16:44:00,2026-05-10 00:00:00,3545.44,amount mismatch,User claims account was compromised before transaction.,CLOSED,2026-06-09 00:00:00,HIGH,Branch,CBK0001951,TXN00007053,USR17824,mch8057,0,0,0,0,0,0,0,1
CBK0000193,TXN00011628,USR15884,MCH9002,2026-01-10 00:00:00,2026-01-13 11:20:14,6328.27,dispute raised,Customer complaint text unclear due to poor call center notes.,IN_PROGRESS,2026-01-30 11:20:14,CRITICAL,ivr,CBK0000193,TXN00011628,USR15884,mch9002,0,0,0,0,0,0,1,0
CBK0001867,TXN00017191,USR13167,MCH3106,2026-03-28 20:09:00,2026-04-01 06:09:00,-13889.45,merchant service issue,CUSTOMER COMPLAINT TEXT UNCLEAR DUE TO POOR CALL CENTER NOTES.,Resolved,2026-04-22 00:00:00,MEDIUM,Email,CBK0001867,TXN00017191,USR13167,MCH3106,1,0,0,0,0,0,0,0
CBK0001712,TXN00007450,USR_20950,MCH4523,2026-03-24 11:00:00,2026-04-23 00:00:00,-1985.25,delivery issue,Merchant service was not delivered after payment.,PENDING_BANK,2026-04-24 00:00:00,HIGH,chatbot,CBK0001712,TXN00007450,usr_20950,MCH 4523,1,0,0,0,0,0,0,1
CBK0000165,TXN00013500,USR-82240,MCH3046,2026-01-23 09:33:00,2026-09-03 00:00:00,-3214.54,charged twice,User reports money deducted but merchant denies receiving payment.,OPEN,2026-03-16 19:33:00,LOW,IVR,CBK0000165,TXN00013500,USR-82240,MCH3046,1,0,0,0,0,0,0,0
CBK0002719,TXN00016715,USR73639,MCH6051,2026-01-09 00:00:00,2026-01-14 00:00:00,1128.27,suspicious transaction,payment made to unknown merchant as per customer statement.,REJECTED,,MEDIUM,ivr,CBK0002719,TXN00016715,USR 73639,MCH6051,0,0,0,0,0,1,0,0
CBK0001706,TXN00012764,USR22644,MCH1401,2026-10-03 00:00:00,2026-03-18 08:08:27,9737.34,service failed,Complaint received after multiple failed attempts.,Closed,,MEDIUM,chatbot,CBK0001706,TXN00012764,usr22644,MCH1401,0,0,0,0,0,1,0,0
CBK0000945,TXN00003565,USR46365,MCH4473,2026-03-14 00:00:00,2026-03-14 00:00:00,1723.81,ATO,merchant service was not delivered after payment.,REJECTED,2026-04-08 03:51:15,HIGH,Branch,CBK0000945,TXN00003565,usr46365,MCH4473,0,0,0,0,0,0,0,1
CBK0001335,TXN00016756,USR44060,MCH7471,2026-03-14 00:00:00,2026-03-14 00:00:00,455.72,incorrect amount,Customer complaint text unclear due to poor call center notes.,REJECTED,2026-03-18 00:00:00,MEDIUM,Call Center,CBK0001335,TXN00016756,USR44060,mch7471,0,0,0,0,0,0,0,0
CBK0000852,TXN00010668,USR81745,MCH4420,2026-06-03 00:00:00,2026-04-06 15:52:29,1305.45,not done by me,Customer says amount was debited twice. NA,PENDING_BANK,2026-04-25 00:00:00,MEDIUM,App,CBK0000852,TXN00010668,USR 81745,MCH4420,0,0,0,0,0,0,0,0
CBK0002796,TXN00001679,USR97772,MCH2029,2026-02-27 08:22:56,2026-03-04 14:22:56,-705.52,ATO,Complaint received after multiple failed attempts.,WIP,2026-03-17 00:00:00,MEDIUM,IVR,CBK0002796,TXN00001679,USR97772,MCH2029,1,0,0,0,0,0,0,0
CBK0000318,TXN00001878,USR10693,MCH5303,2026-03-08 00:00:00,2026-03-15 00:00:00,0.3834,not delivered,Suspicious high-value payment disputed by customer.,IN_PROGRESS,,HIGH,ivr,CBK0000318,TXN00001878,usr10693,MCH5303,0,0,0,0,0,1,0,1
CBK0001790,TXN00000533,USR46536,MCH5535,2026-01-18 17:59:52,2026-02-03 00:00:00,6055.78,fraud,CUSTOMER SAYS TRANSACTION WAS NOT AUTHORIZED.,OPEN,2026-02-13 00:00:00,MEDIUM,Email,CBK0001790,TXN00000533,USR46536,MCH5535,0,0,0,0,0,0,0,0
CBK0000283,TXN00017871,USR39576,MCH3354,2026-01-17 10:50:06,2026-02-01 00:00:00,,fraud,Payment made to unknown merchant as per cust statement.,Rejected,,HIGH,ivr,CBK0000283,TXN00017871,USR39576,MCH3354,0,1,0,0,0,1,0,1
CBK0001613,TXN00012902,USR20076,MCH8345,2026-02-18 00:00:00,2026-02-20 00:00:00,586.88,Merchant Not Delivered,Customer says transaction was not authorized.,PENDING_BANK,2026-03-21 05:15:27,LOW,Email,CBK0001613,TXN00012902,USR20076,MCH8345,0,0,0,0,0,0,0,0
CBK0002598,TXN00012208,USR54794,MCH2336,2026-01-06 00:00:00,2026-01-09 00:00:00,5802.45,Fraud Suspected,Payment made to unknown merchant as per cust statement.,Closed,2026-10-01 00:00:00,MEDIUM,Branch,CBK0002598,TXN00012208,usr54794,MCH2336,0,0,0,0,0,0,0,0
CBK0001754,TXN00006873,USR_95486,MCH1520,2026-02-12 00:00:00,2026-02-14 11:52:00,,item not received,Customer says amount was debited twice. call dropped,REJECTED,2026-03-12 00:00:00,CRITICAL,Branch,CBK0001754,TXN00006873,usr_95486,MCH 1520,0,1,0,0,0,0,1,0
CBK0000642,TXN00009627,USR88037,MCH4516,2026-02-04 00:00:00,2026-02-07 00:00:00,10535.8,customer issue,Merchant service was not delivered after payment.,IN_PROGRESS,2026-09-02 00:00:00,LOW,Call Center,CBK0000642,TXN00009627,USR 88037,MCH-4516,0,0,0,0,0,0,0,0
CBK0000637,TXN00005214,USR91453,MCH6014,2026-02-06 00:00:00,2026-02-07 00:00:00,,delivery issue,Suspicious high-value payment disputed by customer.,IN_PROGRESS,2026-03-06 00:00:00,MEDIUM,chatbot,CBK0000637,TXN00005214,usr91453,MCH 6014,0,1,0,0,0,0,0,0
CBK0001718,TXN33788,USR_58639,MCH2757,2026-01-06 14:14:30,2026-01-07 00:00:00,-664.74,Wrong Amount,User reports money deducted but merchant denies receiving payment.,OPEN,2026-01-26 16:14:30,LOW,Branch,CBK0001718,TXN33788,usr_58639,mch2757,1,0,0,0,0,0,0,0
CBK0002437,TXN00007105,USR45914,MCH3247,2026-03-27 00:00:00,2026-03-27 21:16:00,,Wrong Amount,Payment made to unknown merchant as per customer statement. details missing,Pending Bank,2026-04-10 00:00:00,MEDIUM,Call Center,CBK0002437,TXN00007105,usr45914,MCH3247,0,1,0,0,0,0,0,0
CBK0000245,TXN00010561,USR45218,MCH8515,2026-02-05 03:39:40,2026-06-02 00:00:00,865.55,incorrect amount,Customer says amount was debited twice.,RESOLVED,,LOW,CHATBOT,CBK0000245,TXN00010561,USR45218,MCH 8515,0,0,0,0,0,1,0,0
CBK0001410,TXN-00012186,USR-14130,MCH6048,2026-01-04 00:00:00,2026-01-06 00:00:00,4466.44,scam,User says UPI PIN was not entered by them.,WIP,,LOW,ivr,CBK0001410,txn-00012186,USR-14130,MCH6048,0,0,0,0,0,1,0,0
CBK0001558,TXN00018011,USR_70587,MCH9995,2026-02-12 15:33:24,2026-12-02 00:00:00,550.29,amount mismatch,User claims account was compromised before transaction. NA,PENDING_BANK,2026-03-07 00:00:00,LOW,Email,CBK0001558,TXN00018011,usr_70587,MCH9995,0,0,0,0,0,0,0,0
CBK0000610,TXN00014090,USR65211,MCH6850,2026-03-24 17:38:00,2026-04-01 06:38:00,848.3,Account Takeover,User says UPI PIN was not entered by them.,Open,,MEDIUM,ivr,CBK0000610,TXN00014090,USR65211,MCH6850,0,0,0,0,0,1,0,0
CBK0002304,TXN00005004,USR24536,MCH6507,2026-02-25 16:37:09,,0.1095,Unauthorized Transaction,Customer says transaction was not authorized.,Resolved,2026-03-23 00:00:00,MEDIUM,Branch,CBK0002304,TXN00005004,USR24536,mch6507,0,0,0,0,1,0,0,0
CBK0000205,TXN00009947,USR49302,MCH7335,2026-01-24 11:39:04,2026-02-04 04:39:04,,UNAUTHORISED,Complaint received after multiple failed attempts.,WIP,2026-03-05 00:00:00,CRITICAL,App,CBK0000205,TXN00009947,USR49302,MCH7335,0,1,0,0,0,0,1,0
CBK0002199,TXN83913,USR69345,MCH1289,2026-03-17 20:54:58,2026-03-20 07:54:58,0.732,charged twice,Payment made to unknown merchant as per customer statement.,PENDING_BANK,2026-03-21 00:00:00,HIGH,Branch,CBK0002199,TXN83913,USR69345,MCH1289,0,0,0,0,0,0,0,1
CBK0000096,TXN00015289,USR24926,MCH9472,2026-03-29 09:32:00,2026-04-05 00:00:00,2649.1,service failed,Payment made to unknown merchant as per customer statement.,Closed,2026-04-26 00:00:00,LOW,ivr,CBK0000096,TXN00015289,USR24926,MCH9472,0,0,0,0,0,0,0,0
CBK0001480,TXN00010969,40561,MCH9717,2026-02-17 00:00:00,2026-02-20 00:00:00,1918.05,merchant service issue,Customer says amount was debited twice. call dropped,Open,2026-03-04 00:00:00,LOW,Call Center,CBK0001480,TXN00010969,40561,MCH9717,0,0,0,0,0,0,0,0
CBK0001125,TXN00011934,USR25357,8928,2026-02-18 00:00:00,,,service failed,User claims account was compromised before transaction.,CLOSED,2026-03-06 11:31:18,MEDIUM,Call Center,CBK0001125,TXN00011934,USR25357,8928,0,1,0,0,1,0,0,0
CBK0000842,TXN00002437,58147,MCH1299,2026-01-27 09:34:13,2026-02-02 00:00:00,1368.83,Fraud Suspected,Suspicious high-value payment disputed by customer.,PENDING_BANK,2026-03-01 00:00:00,HIGH,Call Center,CBK0000842,TXN00002437,58147,MCH1299,0,0,0,0,0,0,0,1
CBK0002364,TXN00001342,USR61151,MCH5245,2026-02-23 23:42:23,2026-03-03 00:00:00,0.2534,incorrect amount,Customer complaint text unclear due to poor call center notes.,IN_PROGRESS,2026-03-24 09:42:23,HIGH,ivr,CBK0002364,TXN00001342,USR 61151,MCH5245,0,0,0,0,0,0,0,1
CBK0000474,TXN00009795,USR24690,MCH8976,2026-03-27 00:00:00,2026-03-27 09:12:31,1506.67,double debit,Suspicious high-value payment disputed by customer.,RESOLVED,2026-04-22 00:00:00,LOW,IVR,CBK0000474,TXN00009795,USR24690,MCH8976,0,0,0,0,0,0,0,0
CBK0001677,TXN00005417,USR53957,MCH2848,2026-01-02 00:00:00,,2380.3,delivery issue,Payment made to unknown merchant as per customer statement.,Closed,2026-02-02 00:00:00,MEDIUM,App,CBK0001677,TXN00005417,USR 53957,MCH2848,0,0,0,0,1,0,0,0
CBK0002352,TXN00009981,USR92382,MCH2075,2026-03-11 00:00:00,2026-12-03 00:00:00,1850.41,FRAUD,Customer says transaction was not authorized.,CLOSED,2026-03-28 10:00:00,HIGH,Call Center,CBK0002352,TXN00009981,USR 92382,MCH2075,0,0,0,0,0,0,0,1
CBK0000055,TXN00017357,USR15485,MCH3992,2026-03-27 00:00:00,2026-03-29 00:00:00,3043.82,complaint,User claims account was compromised before txn.,IN_PROGRESS,,CRITICAL,chatbot,CBK0000055,TXN00017357,USR15485,MCH3992,0,0,0,0,0,1,1,0
CBK0002441,TXN00007492,USR71182,MCH9948,,2026-12-03 00:00:00,1969.45,Duplicate Debit,Customer says transaction was not authorized.,OPEN,,LOW,chatbot,CBK0002441,TXN00007492,usr71182,MCH9948,0,0,0,1,0,1,0,0
CBK0001193,TXN00014849,USR-27328,MCH4912,2026-01-19 00:00:00,2026-01-30 00:00:00,0.2302,double debit,merchant service was not delivered after payment.,REJECTED,2026-02-09 00:04:06,HIGH,Branch,CBK0001193,TXN00014849,USR-27328,MCH4912,0,0,0,0,0,0,0,1
CBK0002705,TXN00005717,USR91772,MCH2757,2026-01-19 17:45:15,2026-01-22 00:00:00,2449.38,Wrong Amount,Customer complaint text unclear due to poor call center notes.,PENDING_BANK,2026-01-24 00:00:00,LOW,IVR,CBK0002705,TXN00005717,USR91772,MCH2757,0,0,0,0,0,0,0,0
CBK0001851,TXN00006293,USR95875,MCH2065,2026-02-27 00:00:00,2026-03-07 00:00:00,2387.22,delivery issue,Merchant service was not delivered after payment.,Pending Bank,2026-03-30 00:00:00,MEDIUM,IVR,CBK0001851,TXN00006293,USR95875,MCH2065,0,0,0,0,0,0,0,0
CBK0002384,TXN00005874,USR26867,MCH5264,,2026-03-06 03:25:03,,DUP_DEBIT,User says UPI PIN was not entered by them.,Resolved,2026-03-22 00:00:00,MEDIUM,Email,CBK0002384,TXN00005874,USR26867,MCH-5264,0,1,0,1,0,0,0,0
CBK0001729,TXN-00002228,USR56148,MCH6141,2026-02-09 09:11:00,2026-02-13 00:00:00,378.3,Wrong Amount,User claims account was compromised before transaction.,Pending Bank,2026-01-03 00:00:00,HIGH,chatbot,CBK0001729,txn-00002228,USR 56148,MCH6141,0,0,0,0,0,0,0,1
CBK0001485,TXN00000921,USR25087,MCH2266,2026-03-03 18:48:32,2026-08-03 00:00:00,1585.45,service failed,user claims account was compromised before transaction.,CLOSED,,LOW,Email,CBK0001485,TXN00000921,USR25087,MCH2266,0,0,0,0,0,1,0,0
CBK0002550,TXN00001381,USR44152,MCH1993,,2026-09-03 00:00:00,1001.43,incorrect amount,User claims account was compromised before transaction.,IN_PROGRESS,,LOW,ivr,CBK0002550,TXN00001381,USR44152,MCH 1993,0,0,0,1,0,1,0,0
CBK0001475,TXN00017932,USR30591,MCH4204,2026-01-28 00:00:00,,4452.54,no service,Suspicious high-value payment disputed by customer. details missing,OPEN,2026-02-23 12:38:55,CRITICAL,Branch,CBK0001475,TXN00017932,USR30591,MCH4204,0,0,0,0,1,0,1,0
CBK0000033,TXN00009708,USR97772,MCH5076,2026-01-18 00:00:00,2026-01-24 11:33:49,3007.22,amount mismatch,merchant service was not delivered after payment.,Rejected,2026-02-18 00:00:00,HIGH,ivr,CBK0000033,TXN00009708,USR97772,MCH-5076,0,0,0,0,0,0,0,1
CBK0001804,TXN00008462,USR37261,MCH2030,2026-03-04 19:34:51,2026-03-06 00:00:00,-884.33,Unauthorized Transaction,Customer says amount was debited twice.,Rejected,2026-03-11 01:34:51,LOW,Email,CBK0001804,TXN00008462,USR 37261,MCH2030,1,0,0,0,0,0,0,0
CBK0000724,TXN-00001310,USR27947,MCH2065,2026-02-13 06:58:57,2026-02-16 00:00:00,2026.3,unauth txn,Merchant service was not delivered after payment.,Open,2026-02-17 00:00:00,LOW,Branch,CBK0000724,txn-00001310,USR27947,MCH2065,0,0,0,0,0,0,0,0
CBK0002240,TXN00000019,USR40246,MCH4062,2026-02-26 00:00:00,2026-03-01 01:49:00,377.11,suspicious transaction,Customer says amount was debited twice.,In Progress,2026-03-08 01:49:15,HIGH,chatbot,CBK0002240,TXN00000019,USR40246,mch4062,0,0,0,0,0,0,0,1
CBK0001379,TXN00010182,USR52335,MCH5954,2026-03-31 00:00:00,2026-02-04 00:00:00,1252.47,ATO,User says UPI PIN was not entered by them.,CLOSED,2026-04-26 00:00:00,LOW,Branch,CBK0001379,TXN00010182,USR52335,MCH5954,0,0,0,0,0,0,0,0
CBK0000668,TXN00011231,USR61576,7063,2026-03-19 00:00:00,2026-03-15 00:00:00,4533.6,not done by me,User reports money deducted but merchant denies receiving payment. details missing,PENDING_BANK,2026-03-04 00:00:00,MEDIUM,IVR,CBK0000668,TXN00011231,usr61576,7063,0,0,0,0,0,0,0,0
CBK0000799,TXN00012446,USR75853,2771,2026-02-02 22:34:00,2026-02-03 21:34:00,1105.07,unauthorized_transaction,Customer says transaction was not authorized.,Rejected,,MEDIUM,ivr,CBK0000799,TXN00012446,USR75853,2771,0,0,0,0,0,1,0,0
CBK0000762,TXN00003810,USR65062,MCH5911,2026-01-23 00:00:00,2026-01-25 00:00:00,861.41,Merchant Not Delivered,User reports money deducted but merchant denies receiving payment.,IN_PROGRESS,2026-02-12 00:00:00,MEDIUM,IVR,CBK0000762,TXN00003810,USR65062,MCH5911,0,0,0,0,0,0,0,0
CBK0002241,TXN00009947,USR75572,MCH3262,2026-01-01 00:00:00,2026-03-01 00:00:00,,Account Takeover,Merchant service was not delivered after payment. pls check asap,Open,2026-01-07 00:00:00,HIGH,Branch,CBK0002241,TXN00009947,USR 75572,MCH 3262,0,1,0,0,0,0,0,1
CBK0000120,TXN00005470,USR35882,MCH5805,2026-03-24 00:00:00,2026-03-25 00:00:00,881.56,complaint,COMPLAINT RECEIVED AFTER MULTIPLE FAILED ATTEMPTS.,OPEN,,MEDIUM,chatbot,CBK0000120,TXN00005470,usr35882,MCH 5805,0,0,0,0,0,1,0,0
CBK0001486,TXN00012555,USR32962,MCH5076,2026-01-08 00:00:00,,2740.59,customer issue,USER SAYS UPI PIN WAS NOT ENTERED BY THEM.,Pending Bank,2026-01-09 00:00:00,LOW,IVR,CBK0001486,TXN00012555,usr32962,MCH5076,0,0,0,0,1,0,0,0
CBK0000278,TXN00018188,USR33934,MCH1639,2026-01-03 00:00:00,2026-01-05 00:00:00,609.57,customer issue,Payment made to unknown merchant as per customer statement.,In Progress,2026-03-02 00:00:00,CRITICAL,Branch,CBK0000278,TXN00018188,USR33934,MCH1639,0,0,0,0,0,0,1,0
CBK0001433,TXN00011103,USR93242,MCH9047,2026-01-02 23:19:14,2026-02-02 00:00:00,5968.43,double debit,Suspicious high-value payment disputed by cust.,Resolved,2026-02-25 04:19:00,LOW,Branch,CBK0001433,TXN00011103,USR93242,MCH9047,0,0,0,0,0,0,0,0
CBK0000423,TXN00012405,USR33721,MCH8247,2026-01-26 21:04:00,2026-02-11 00:00:00,0.1837,charged twice,User claims account was compromised before transaction.,Rejected,2026-12-03 00:00:00,MEDIUM,Branch,CBK0000423,TXN00012405,USR33721,mch8247,0,0,0,0,0,0,0,0
CBK0001435,TXN00004594,USR40538,MCH1070,2026-01-16 00:00:00,2026-01-16 21:36:00,262.38,fraud,MERCHANT SERVICE WAS NOT DELIVERED AFTER PAYMENT.,WIP,2026-02-02 00:00:00,LOW,IVR,CBK0001435,TXN00004594,USR40538,MCH1070,0,0,0,0,0,0,0,0
CBK0001616,TXN00009207,USR49823,MCH8953,2026-04-02 00:00:00,2026-02-06 00:00:00,0.4915,Wrong Amount,Suspicious high-value payment disputed by customer.,Open,,HIGH,chatbot,CBK0001616,TXN00009207,USR 49823,MCH8953,0,0,0,0,0,1,0,1
CBK0001552,TXN00014793,USR10598,MCH1855,2026-01-21 18:47:00,2026-01-23 00:00:00,641.02,item not received,USER CLAIMS ACCOUNT WAS COMPROMISED BEFORE TRANSACTION.,IN_PROGRESS,2026-02-02 00:00:00,HIGH,chatbot,CBK0001552,TXN00014793,USR 10598,mch1855,0,0,0,0,0,0,0,1
CBK0002116,TXN00018024,USR18423,MCH9655,2026-02-26 02:31:01,2026-02-28 00:00:00,,Merchant Not Delivered,user says upi pin was not entered by them.,CLOSED,2026-03-21 21:31:01,MEDIUM,chatbot,CBK0002116,TXN00018024,USR18423,MCH9655,0,1,0,0,0,0,0,0
CBK0001293,TXN00010530,USR99535,MCH4181,2026-03-21 18:14:15,2026-03-24 20:14:15,7652.76,DUP_DEBIT,User claims account was compromised before transaction.,Pending Bank,2026-04-21 00:00:00,HIGH,App,CBK0001293,TXN00010530,USR99535,MCH4181,0,0,0,0,0,0,0,1
CBK0000110,TXN-00005150,USR19275,MCH7578,2026-01-03 00:00:00,2026-01-01 00:00:00,2477.97,account hacked,Customer complaint text unclear due to poor call center notes.,Rejected,2026-01-20 18:56:14,MEDIUM,Call Center,CBK0000110,txn-00005150,USR19275,MCH7578,0,0,0,0,0,0,0,0
CBK0000851,TXN00015265,USR52830,MCH1188,2026-02-01 00:00:00,2026-02-05 00:00:00,9117.57,scam,User says UPI PIN was not entered by them.,CLOSED,2026-02-18 00:00:00,MEDIUM,IVR,CBK0000851,TXN00015265,USR52830,MCH-1188,0,0,0,0,0,0,0,0
CBK0000664,TXN00014659,USR74769,MCH9010,2026-03-12 13:53:38,2026-03-15 22:53:00,1093.6,Unauthorized Transaction,suspicious high-value payment disputed by customer.,Open,2026-03-21 00:00:00,CRITICAL,App,CBK0000664,TXN00014659,USR74769,MCH9010,0,0,0,0,0,0,1,0
CBK0000737,TXN-00008826,85122,MCH9786,2026-01-14 00:00:00,2026-01-24 00:00:00,1347.43,login compromised,Complaint received after multiple failed attempts.,Open,,LOW,Email,CBK0000737,txn-00008826,85122,MCH9786,0,0,0,0,0,1,0,0
CBK0001284,TXN-00000281,USR46321,MCH9422,2026-01-10 00:00:00,,-1426.33,item not received,User claims account was compromised before transaction.,REJECTED,2026-02-11 00:00:00,HIGH,Call Center,CBK0001284,txn-00000281,USR46321,MCH 9422,1,0,0,0,1,0,0,1
CBK0002010,TXN00008590,USR58106,MCH9878,2026-02-01 00:00:00,2026-02-06 00:00:00,0.283,incorrect amount,User claims account was compromised before transaction.,OPEN,2026-03-04 16:37:00,MEDIUM,Email,CBK0002010,TXN00008590,USR58106,MCH9878,0,0,0,0,0,0,0,0
CBK0002245,,USR77262,MCH9007,,2026-03-13 07:52:00,0.279,double debit,Payment made to unknown merchant as per cust statement.,In Progress,,MEDIUM,chatbot,CBK0002245,,USR77262,MCH9007,0,0,1,1,0,1,0,0
CBK0002235,TXN00009348,USR81487,MCH6056,2026-03-17 00:00:00,2026-05-01 00:00:00,2309.36,double debit,CUSTOMER SAYS AMOUNT WAS DEBITED TWICE.,In Progress,,LOW,CHATBOT,CBK0002235,TXN00009348,USR81487,MCH6056,0,0,0,0,0,1,0,0
CBK0001762,TXN00011289,USR14871,MCH4080,2026-02-19 00:00:00,2026-02-27 00:00:00,1035.0,item not received,User reports money deducted but merchant denies receiving payment.,WIP,2026-03-22 04:25:49,HIGH,Branch,CBK0001762,TXN00011289,USR14871,MCH4080,0,0,0,0,0,0,0,1
CBK0001604,TXN00019626,USR38245,MCH7973,2026-02-09 00:00:00,2026-02-13 00:00:00,0.781,fraud,Suspicious high-value payment disputed by customer.,REJECTED,,MEDIUM,Email,CBK0001604,TXN00019626,USR38245,MCH7973,0,0,0,0,0,1,0,0
CBK0002182,TXN00015499,USR22939,MCH5631,2026-03-11 06:34:26,2026-03-14 00:00:00,1792.1,delivery issue,Customer says transaction was not authorized.,In Progress,,LOW,IVR,CBK0002182,TXN00015499,usr22939,MCH5631,0,0,0,0,0,1,0,0
CBK0000904,,USR46902,MCH9120,2026-03-24 00:00:00,2026-03-26 19:54:00,,Wrong Amount,Suspicious high-value payment disputed by customer.,IN_PROGRESS,2026-04-10 19:54:00,LOW,CHATBOT,CBK0000904,,USR 46902,MCH9120,0,1,1,0,0,0,0,0
CBK0002381,TXN00011829,USR54103,MCH7837,,2026-01-19 00:00:00,,suspicious transaction,Customer says transaction was not authorized.,Open,2026-01-28 00:00:00,HIGH,Call Center,CBK0002381,TXN00011829,usr54103,MCH7837,0,1,0,1,0,0,0,1
CBK0000835,TXN00016557,USR_82094,MCH3363,2026-03-20 00:00:00,2026-03-31 11:25:32,3670.72,account hacked,User claims account was compromised before transaction. pls check asap,Pending Bank,,MEDIUM,Call Center,CBK0000835,TXN00016557,usr_82094,MCH-3363,0,0,0,0,0,1,0,0
CBK0000403,TXN00014814,USR43455,MCH2055,2026-02-14 16:05:00,,7081.78,charged twice,Payment made to unknown merchant as per customer statement.,IN_PROGRESS,2026-03-07 11:05:00,LOW,Call Center,CBK0000403,TXN00014814,USR43455,mch2055,0,0,0,0,1,0,0,0
CBK0000426,TXN00001222,USR40061,MCH7377,2026-01-13 00:00:00,2026-02-13 02:39:13,10359.87,service failed,User reports money deducted but merchant denies receiving payment.,Open,,MEDIUM,Email,CBK0000426,TXN00001222,USR40061,MCH7377,0,0,0,0,0,1,0,0
CBK0002539,TXN00001614,USR85040,MCH7599,2026-02-02 01:33:00,2026-02-04 00:00:00,0.13495,merchant service issue,customer says amount was debited twice.,Pending Bank,,LOW,ivr,CBK0002539,TXN00001614,usr85040,MCH7599,0,0,0,0,0,1,0,0
CBK0000672,TXN94670,USR23466,MCH2383,,2026-03-19 00:00:00,33780.71,charged twice,MERCHANT SERVICE WAS NOT DELIVERED AFTER PAYMENT.,WIP,,LOW,Email,CBK0000672,TXN94670,USR23466,MCH2383,0,0,0,1,0,1,0,0
CBK0000170,TXN00016286,USR62841,MCH6175,2026-01-26 00:00:00,,800.41,unauthorized_transaction,customer says transaction was not authorized.,WIP,,MEDIUM,ivr,CBK0000170,TXN00016286,USR62841,mch6175,0,0,0,0,1,1,0,0
CBK0000632,TXN00016316,USR44482,MCH7297,2026-10-01 00:00:00,2026-01-13 00:00:00,0.5742,dispute raised,User says UPI PIN was not entered by them.,RESOLVED,2026-01-27 00:00:00,LOW,Call Center,CBK0000632,TXN00016316,USR44482,MCH7297,0,0,0,0,0,0,0,0
CBK0002133,TXN00010760,USR68349,MCH2383,,2026-01-17 03:43:00,1471.98,complaint,Customer complaint text unclear due to poor call center notes.,WIP,2026-04-02 00:00:00,MEDIUM,Branch,CBK0002133,TXN00010760,USR68349,MCH2383,0,0,0,1,0,0,0,0
CBK0001183,TXN00017897,USR88749,MCH7263,2026-01-25 00:00:00,2026-01-27 22:56:59,1234.0,dispute raised,Customer complaint text unclear due to poor call center notes.,Resolved,2026-02-17 22:56:00,MEDIUM,Branch,CBK0001183,TXN00017897,USR88749,MCH7263,0,0,0,0,0,0,0,0
CBK0000342,TXN00004782,USR30157,MCH5825,2026-01-23 00:00:00,2026-01-26 00:00:00,779.81,customer issue,Customer complaint text unclear due to poor call center notes.,Rejected,2026-02-07 00:00:00,MEDIUM,Call Center,CBK0000342,TXN00004782,USR30157,MCH5825,0,0,0,0,0,0,0,0
CBK0001451,TXN00003075,USR13134,MCH6033,2026-01-19 00:00:00,2026-03-02 00:00:00,2267.96,extra amount deducted,User claims account was compromised before transaction.,OPEN,2026-02-12 00:00:00,LOW,Email,CBK0001451,TXN00003075,USR 13134,MCH6033,0,0,0,0,0,0,0,0
CBK0002072,TXN00004967,USR42423,MCH8097,2026-02-21 04:46:00,2026-02-24 07:46:00,-952.74,charged twice,Suspicious high-value payment disputed by customer.,RESOLVED,,LOW,Call Center,CBK0002072,TXN00004967,USR42423,MCH8097,1,0,0,0,0,1,0,0
CBK0002486,TXN-00007604,USR_66432,MCH6076,2026-02-14 20:40:00,2026-02-20 00:00:00,440.35,delivery issue,Merchant service was not delivered after payment.,Open,2026-03-22 18:40:38,MEDIUM,CHATBOT,CBK0002486,txn-00007604,usr_66432,MCH6076,0,0,0,0,0,0,0,0
CBK0001104,TXN00007230,USR60004,MCH8097,2026-03-21 00:00:00,2026-03-22 00:00:00,4334.18,scam,Suspicious high-value payment disputed by customer.,Resolved,,CRITICAL,App,CBK0001104,TXN00007230,usr60004,MCH-8097,0,0,0,0,0,1,1,0
CBK0000824,TXN78658,USR57147,MCH4226,2026-02-18 00:00:00,2026-03-01 00:00:00,2283.69,extra amount deducted,User says UPI PIN was not entered by them.,Closed,2026-03-25 00:00:00,CRITICAL,IVR,CBK0000824,TXN78658,USR57147,MCH4226,0,0,0,0,0,0,1,0
CBK0000049,TXN00009231,USR41135,MCH3165,2026-03-11 00:00:00,,669.96,scam,Customer complaint text unclear due to poor call center notes.,WIP,2026-04-18 00:00:00,LOW,Branch,CBK0000049,TXN00009231,usr41135,MCH 3165,0,0,0,0,1,0,0,0
CBK0000576,TXN00019045,USR_84127,MCH4763,2026-02-13 00:00:00,2026-02-16 00:00:00,4841.06,unauthorized_transaction,customer complaint text unclear due to poor call center notes.,PENDING_BANK,2026-02-21 00:00:00,MEDIUM,Branch,CBK0000576,TXN00019045,usr_84127,mch4763,0,0,0,0,0,0,0,0
CBK0001936,TXN00016714,USR63167,MCH9457,2026-09-01 00:00:00,2026-01-12 00:00:00,,complaint,suspicious high-value payment disputed by customer.,Pending Bank,2026-02-07 00:00:00,MEDIUM,IVR,CBK0001936,TXN00016714,USR63167,MCH9457,0,1,0,0,0,0,0,0
CBK0000103,TXN00008797,USR69455,MCH2902,2026-03-29 03:22:50,2026-03-31 00:00:00,980.58,account hacked,User says UPI PIN was not entered by them.,Pending Bank,2026-04-02 00:00:00,MEDIUM,IVR,CBK0000103,TXN00008797,USR69455,MCH 2902,0,0,0,0,0,0,0,0
CBK0001724,TXN00001257,USR18577,MCH5237,2026-06-02 00:00:00,2026-02-07 03:04:41,2576.33,Fraud Suspected,customer says transaction was not authorized.,Closed,2026-01-03 00:00:00,LOW,ivr,CBK0001724,TXN00001257,USR18577,MCH5237,0,0,0,0,0,0,0,0
CBK0000243,TXN00006922,USR46902,MCH2461,2026-02-13 00:00:00,2026-02-15 00:00:00,-1272.25,suspicious transaction,User claims account was compromised before transaction.,Closed,2026-02-17 00:00:00,LOW,App,CBK0000243,TXN00006922,usr46902,MCH2461,1,0,0,0,0,0,0,0
CBK0000515,TXN00005131,USR30157,MCH8694,,2026-02-09 07:20:00,9968.68,customer issue,Payment made to unknown merchant as per customer statement.,Open,,MEDIUM,CHATBOT,CBK0000515,TXN00005131,USR30157,MCH-8694,0,0,0,1,0,1,0,0
CBK0002691,TXN00002791,USR22598,MCH2822,2026-01-27 20:56:14,2026-02-11 00:00:00,15201.89,service failed,Customer says transaction was not authorized.,Open,2026-02-23 20:56:14,CRITICAL,IVR,CBK0002691,TXN00002791,USR22598,MCH2822,0,0,0,0,0,0,1,0
CBK0001254,TXN00015085,USR72505,MCH4244,2026-03-23 07:03:00,2026-03-26 22:03:00,3569.92,charged twice,COMPLAINT RECEIVED AFTER MULTIPLE FAILED ATTEMPTS.,Open,,LOW,Branch,CBK0001254,TXN00015085,USR72505,MCH4244,0,0,0,0,0,1,0,0
CBK0002569,TXN00012026,USR10288,MCH8779,2026-01-12 00:00:00,,0.4655,Account Takeover,Payment made to unknown merchant as per customer statement.,REJECTED,2026-01-25 00:00:00,LOW,App,CBK0002569,TXN00012026,USR10288,MCH8779,0,0,0,0,1,0,0,0
CBK0000912,TXN00017717,USR72474,MCH8508,2026-02-19 00:00:00,2026-02-21 00:00:00,24414.54,suspicious transaction,Complaint received after multiple failed attempts.,Open,2026-03-11 00:00:00,LOW,Email,CBK0000912,TXN00017717,USR72474,MCH8508,0,0,0,0,0,0,0,0
CBK0000379,TXN00005013,USR11871,MCH1785,2026-02-09 22:37:06,2026-02-12 17:37:06,1946.17,Wrong Amount,User claims account was compromised before transaction.,OPEN,2026-03-10 00:00:00,LOW,App,CBK0000379,TXN00005013,USR11871,MCH1785,0,0,0,0,0,0,0,0
CBK0000529,TXN00016687,USR79572,MCH6500,2026-01-10 12:15:27,2026-01-11 00:00:00,15660.34,Merchant Not Delivered,User reports money deducted but merchant denies receiving payment.,CLOSED,,MEDIUM,ivr,CBK0000529,TXN00016687,USR79572,MCH 6500,0,0,0,0,0,1,0,0
CBK0001805,TXN00007244,USR76141,MCH3777,2026-03-25 00:00:00,2026-03-27 22:50:39,3040.89,Account Takeover,User claims account was compromised before transaction.,IN_PROGRESS,2026-04-19 00:00:00,HIGH,CHATBOT,CBK0001805,TXN00007244,USR76141,MCH3777,0,0,0,0,0,0,0,1
CBK0000881,TXN00009647,USR95891,MCH5076,2026-03-28 00:00:00,2026-04-01 00:00:00,,merchant service issue,User reports money deducted but merchant denies receiving payment.,In Progress,2026-04-03 01:09:00,MEDIUM,ivr,CBK0000881,TXN00009647,USR95891,MCH5076,0,1,0,0,0,0,0,0
CBK0001009,TXN00016326,USR34963,MCH9568,2026-03-13 00:00:00,2026-03-15 00:00:00,905.23,incorrect amount,user claims account was compromised before transaction.,IN_PROGRESS,2026-12-04 00:00:00,LOW,CHATBOT,CBK0001009,TXN00016326,USR34963,MCH9568,0,0,0,0,0,0,0,0
CBK0002707,TXN00010218,USR11076,MCH7833,,2026-01-30 06:18:41,0.694,delivery issue,user reports money deducted but merchant denies receiving payment.,Closed,2026-03-01 06:18:00,MEDIUM,Branch,CBK0002707,TXN00010218,usr11076,MCH7833,0,0,0,1,0,0,0,0
CBK0001445,TXN00003088,USR27045,MCH4407,2026-01-13 00:00:00,2026-01-16 00:00:00,1019.25,Fraud Suspected,User says UPI PIN was not entered by them.,OPEN,2026-02-10 00:00:00,MEDIUM,App,CBK0001445,TXN00003088,usr27045,MCH 4407,0,0,0,0,0,0,0,0
CBK0001702,TXN00003610,USR66677,MCH8953,2026-01-30 00:00:00,2026-03-02 00:00:00,6753.79,DUP_DEBIT,MERCHANT SERVICE WAS NOT DELIVERED AFTER PAYMENT.,Closed,2026-02-04 00:00:00,LOW,IVR,CBK0001702,TXN00003610,USR66677,MCH-8953,0,0,0,0,0,0,0,0
CBK0002518,TXN00001703,USR36969,MCH3491,2026-03-13 00:00:00,2026-03-19 00:00:00,1926.45,not delivered,User reports money deducted but merchant denies receiving payment.,WIP,,MEDIUM,Email,CBK0002518,TXN00001703,USR 36969,MCH3491,0,0,0,0,0,1,0,0
CBK0001694,TXN51122,USR46938,MCH9841,2026-03-02 00:00:00,2026-03-18 00:00:00,348.47,Wrong Amount,Customer says amount was debited twice.,REJECTED,2026-03-25 00:00:00,LOW,Email,CBK0001694,TXN51122,USR46938,MCH9841,0,0,0,0,0,0,0,0
CBK0000043,TXN00015200,USR15181,MCH4051,2026-02-12 05:01:35,2026-02-15 00:00:00,,incorrect amount,complaint received after multiple failed attempts.,Resolved,2026-03-08 00:00:00,LOW,ivr,CBK0000043,TXN00015200,USR15181,MCH-4051,0,1,0,0,0,0,0,0
CBK0002493,TXN00014670,USR79511,MCH9179,2026-03-13 00:00:00,2026-03-19 00:00:00,1969.23,unauth txn,Merchant service was not delivered after payment.,In Progress,2026-04-17 00:00:00,MEDIUM,IVR,CBK0002493,TXN00014670,USR 79511,MCH9179,0,0,0,0,0,0,0,0
CBK0002402,TXN00015883,USR71704,MCH9745,2026-01-08 00:00:00,2026-01-19 00:00:00,2183.47,no service,Suspicious high-value payment disputed by customer.,CLOSED,,MEDIUM,Call Center,CBK0002402,TXN00015883,USR71704,MCH9745,0,0,0,0,0,1,0,0
CBK0000530,TXN00013623,USR83977,7491,2026-03-23 13:39:00,2026-03-25 00:00:00,5881.5,Duplicate Debit,Customer complaint text unclear due to poor call center notes.,Rejected,2026-04-01 00:00:00,HIGH,CHATBOT,CBK0000530,TXN00013623,USR 83977,7491,0,0,0,0,0,0,0,1
CBK0001362,TXN00003264,USR32927,MCH3566,2026-02-25 05:34:00,2026-02-28 00:00:00,1771.56,not delivered,User says UPI PIN was not entered by them.,IN_PROGRESS,2026-03-11 00:34:58,HIGH,Email,CBK0001362,TXN00003264,USR32927,MCH 3566,0,0,0,0,0,0,0,1
CBK0000844,TXN00012434,USR_60718,MCH5451,,2026-02-26 16:33:00,2898.89,merchant service issue,Customer says transaction was not authorized.,REJECTED,2026-09-03 00:00:00,MEDIUM,chatbot,CBK0000844,TXN00012434,usr_60718,MCH 5451,0,0,0,1,0,0,0,0
CBK0000560,,USR33142,MCH4991,2026-03-07 20:06:00,2026-03-08 00:00:00,3235.8,account hacked,Payment made to unknown merchant as per customer statement.,RESOLVED,2026-03-11 00:00:00,HIGH,CHATBOT,CBK0000560,,USR33142,mch4991,0,0,1,0,0,0,0,1
CBK0001906,TXN00005849,USR68355,MCH6716,2026-03-31 00:00:00,2026-04-02 04:29:55,-2213.96,Duplicate Debit,customer says amount was debited twice.,RESOLVED,2026-04-12 00:00:00,MEDIUM,Call Center,CBK0001906,TXN00005849,USR 68355,MCH 6716,1,0,0,0,0,0,0,0
CBK0001073,TXN00004089,USR33934,MCH1529,2026-01-25 00:00:00,2026-01-30 16:41:27,493.48,dispute raised,Merchant service was not delivered after payment.,RESOLVED,2026-02-12 00:00:00,LOW,Call Center,CBK0001073,TXN00004089,USR33934,MCH1529,0,0,0,0,0,0,0,0
CBK0000917,TXN00010215,USR71348,MCH2938,2026-01-22 00:00:00,2026-02-01 23:51:18,6899.7,delivery issue,User says UPI PIN was not entered by them.,PENDING_BANK,2026-02-28 00:00:00,MEDIUM,chatbot,CBK0000917,TXN00010215,USR 71348,MCH2938,0,0,0,0,0,0,0,0
CBK0001579,TXN00013935,USR67399,MCH5294,2026-01-30 00:00:00,,1513.85,incorrect amount,User reports money deducted but merchant denies receiving payment.,PENDING_BANK,2026-02-23 00:00:00,LOW,App,CBK0001579,TXN00013935,USR67399,MCH 5294,0,0,0,0,1,0,0,0
CBK0001324,TXN00002901,USR43702,MCH2167,2026-03-19 00:00:00,2026-03-29 00:00:00,0.668,FRAUD,Suspicious high-value payment disputed by customer.,Open,,MEDIUM,CHATBOT,CBK0001324,TXN00002901,USR43702,MCH-2167,0,0,0,0,0,1,0,0
CBK0001788,TXN00016160,USR74134,MCH4181,2026-01-25 00:00:00,2026-02-05 04:45:43,604.17,DUP_DEBIT,User says UPI PIN was not entered by them.,CLOSED,2026-02-11 04:45:00,MEDIUM,ivr,CBK0001788,TXN00016160,USR74134,MCH4181,0,0,0,0,0,0,0,0
CBK0000717,TXN-00011204,USR82688,MCH4181,2026-03-04 00:00:00,,,item not received,Customer says transaction was not authorized.,Rejected,2026-03-19 06:54:31,HIGH,App,CBK0000717,txn-00011204,usr82688,MCH4181,0,1,0,0,1,0,0,1
CBK0002271,TXN00012860,USR27755,MCH6850,2026-01-27 00:00:00,2026-01-30 23:27:37,0.4626,account hacked,User reports money deducted but merchant denies receiving payment.,Pending Bank,2026-02-10 23:27:37,LOW,App,CBK0002271,TXN00012860,USR27755,MCH6850,0,0,0,0,0,0,0,0
CBK0002524,TXN00010461,USR-72734,MCH2390,2026-03-14 02:52:00,,300.44,extra amount deducted,Suspicious high-value payment disputed by customer.,Open,,LOW,IVR,CBK0002524,TXN00010461,USR-72734,MCH 2390,0,0,0,0,1,1,0,0
CBK0000268,TXN00000069,16371,MCH5588,2026-03-21 00:00:00,2026-03-20 00:00:00,985.19,extra amount deducted,Merchant service was not delivered after payment.,PENDING_BANK,2026-03-20 10:09:00,CRITICAL,Email,CBK0000268,TXN00000069,16371,MCH5588,0,0,0,0,0,0,1,0
CBK0000025,TXN00018011,USR73468,MCH3488,2026-01-18 21:37:05,2026-01-20 00:00:00,376.33,Customer Dispute,COMPLAINT RECEIVED AFTER MULTIPLE FAILED ATTEMPTS.,Rejected,2026-02-12 00:00:00,HIGH,ivr,CBK0000025,TXN00018011,USR73468,MCH-3488,0,0,0,0,0,0,0,1
CBK0002252,TXN00018705,USR30837,MCH4857,2026-02-13 09:40:00,2026-02-18 00:00:00,325.69,dispute raised,Customer says amount was debited twice.,PENDING_BANK,2026-02-19 00:00:00,LOW,Email,CBK0002252,TXN00018705,USR30837,mch4857,0,0,0,0,0,0,0,0
CBK0001230,TXN00015088,USR_49696,MCH6914,2026-01-10 11:58:51,2026-01-18 00:00:00,590.13,item not received,user reports money deducted but merchant denies receiving payment.,RESOLVED,2026-05-02 00:00:00,LOW,Call Center,CBK0001230,TXN00015088,usr_49696,MCH6914,0,0,0,0,0,0,0,0
CBK0000725,TXN00001816,77595,MCH4624,2026-02-03 00:00:00,2026-02-05 00:11:27,506.82,fraud,Customer says transaction was not authorized.,Resolved,2026-02-15 00:00:00,HIGH,CHATBOT,CBK0000725,TXN00001816,77595,MCH4624,0,0,0,0,0,0,0,1
CBK0000871,TXN00014130,USR50013,MCH3815,2026-02-24 14:55:00,2026-03-02 00:00:00,6351.69,suspicious transaction,Customer says transaction was not authorized.,Pending Bank,2026-04-03 00:00:00,MEDIUM,chatbot,CBK0000871,TXN00014130,USR50013,MCH3815,0,0,0,0,0,0,0,0
CBK0001638,TXN00016806,USR90476,MCH2266,2026-01-23 00:00:00,2026-01-23 08:43:25,754.9,no service,Suspicious high-value payment disputed by customer.,CLOSED,2026-02-11 00:00:00,MEDIUM,Call Center,CBK0001638,TXN00016806,USR90476,MCH2266,0,0,0,0,0,0,0,0
CBK0001862,TXN00015119,USR29393,MCH2677,2026-01-29 00:00:00,,0.2069,not delivered,Customer says transaction was not authorized.,Rejected,2026-02-25 00:00:00,LOW,chatbot,CBK0001862,TXN00015119,USR29393,MCH-2677,0,0,0,0,1,0,0,0
CBK0000953,TXN00011579,USR13025,MCH7570,2026-03-02 00:00:00,2026-03-18 00:00:00,0.4186,merchant service issue,User claims account was compromised before transaction.,CLOSED,2026-04-13 00:00:00,CRITICAL,chatbot,CBK0000953,TXN00011579,USR 13025,mch7570,0,0,0,0,0,0,1,0
CBK0001597,TXN00014374,USR80134,MCH4854,2026-02-06 00:00:00,2026-02-06 00:00:00,1445.01,unauth txn,Complaint received after multiple failed attempts.,RESOLVED,,LOW,Branch,CBK0001597,TXN00014374,USR80134,MCH4854,0,0,0,0,0,1,0,0
CBK0000870,TXN00013994,USR44954,MCH7833,,2026-11-02 00:00:00,522.4,DUP_DEBIT,User says UPI PIN was not entered by them.,REJECTED,2026-02-25 02:46:35,MEDIUM,ivr,CBK0000870,TXN00013994,USR 44954,MCH 7833,0,0,0,1,0,0,0,0
CBK0000954,TXN00009961,USR59679,MCH7079,2026-03-14 09:02:40,2026-03-16 00:00:00,983.39,Customer Dispute,Merchant service was not delivered after payment.,Pending Bank,2026-04-12 00:00:00,LOW,IVR,CBK0000954,TXN00009961,USR59679,MCH7079,0,0,0,0,0,0,0,0
CBK0001048,TXN00006989,USR32480,MCH4181,2026-03-31 00:00:00,2026-02-04 00:00:00,1796.19,FRAUD,Suspicious high-value payment disputed by customer.,PENDING_BANK,2026-04-27 00:00:00,MEDIUM,ivr,CBK0001048,TXN00006989,USR 32480,MCH4181,0,0,0,0,0,0,0,0
CBK0001910,TXN00015728,USR83310,MCH3536,2026-01-24 00:00:00,2026-01-28 00:00:00,791.9,Fraud Suspected,Customer complaint text unclear due to poor call center notes.,Rejected,2026-02-06 18:00:46,LOW,Email,CBK0001910,TXN00015728,USR83310,mch3536,0,0,0,0,0,0,0,0
CBK0000098,TXN00003777,USR36855,MCH7866,2026-12-01 00:00:00,2026-01-14 00:00:00,177.16,item not received,Customer complaint text unclear due to poor call center notes.,PENDING_BANK,2026-01-17 20:23:00,MEDIUM,App,CBK0000098,TXN00003777,USR36855,MCH7866,0,0,0,0,0,0,0,0
CBK0002471,TXN00004346,67181,MCH1914,2026-01-27 00:00:00,2026-02-02 03:10:00,2582.05,fraud,Suspicious high-value payment disputed by customer.,Rejected,,LOW,Call Center,CBK0002471,TXN00004346,67181,MCH1914,0,0,0,0,0,1,0,0
CBK0002636,TXN00019539,USR51854,MCH1037,2026-10-03 00:00:00,2026-03-12 00:00:00,671.14,dispute raised,Complaint received after multiple failed attempts.,PENDING_BANK,,LOW,Branch,CBK0002636,TXN00019539,USR 51854,MCH1037,0,0,0,0,0,1,0,0
CBK0001913,TXN00010478,USR46902,MCH9912,2026-03-16 00:00:00,2026-03-13 00:00:00,2872.74,account hacked,suspicious high-value payment disputed by customer.,In Progress,2026-03-31 00:00:00,MEDIUM,Email,CBK0001913,TXN00010478,USR46902,MCH9912,0,0,0,0,0,0,0,0
CBK0001514,TXN-00017992,USR36766,MCH3815,2026-02-12 00:00:00,,1134.77,incorrect amount,Customer says amount was debited twice.,REJECTED,2026-02-25 00:00:00,LOW,CHATBOT,CBK0001514,txn-00017992,USR 36766,MCH3815,0,0,0,0,1,0,0,0
CBK0000255,TXN00008054,USR91954,MCH2417,2026-03-22 00:00:00,2026-03-24 11:29:00,472.22,Duplicate Debit,suspicious high-value payment disputed by customer.,Rejected,2026-04-07 00:00:00,HIGH,Branch,CBK0000255,TXN00008054,USR 91954,MCH2417,0,0,0,0,0,0,0,1
CBK0000802,TXN00019956,USR41434,MCH1767,2026-03-06 00:28:00,2026-03-09 00:00:00,503.49,no service,User claims account was compromised before transaction.,Pending Bank,,LOW,ivr,CBK0000802,TXN00019956,usr41434,MCH1767,0,0,0,0,0,1,0,0
CBK0001917,TXN00019782,USR15741,MCH5222,2026-01-26 00:00:00,2026-01-28 00:00:00,2150.18,delivery issue,Customer says amount was debited twice.,Rejected,2026-02-19 00:43:29,HIGH,ivr,CBK0001917,TXN00019782,USR15741,MCH5222,0,0,0,0,0,0,0,1
CBK0002006,TXN00008821,USR-51720,MCH8701,2026-02-21 00:00:00,2026-03-24 00:00:00,2136.49,Fraud Suspected,complaint received after multiple failed attempts.,WIP,2026-04-04 00:00:00,LOW,Branch,CBK0002006,TXN00008821,USR-51720,MCH8701,0,0,0,0,0,0,0,0
CBK0002151,TXN00009818,97580,MCH2800,2026-01-16 07:14:35,2026-01-17 00:00:00,2614.31,not done by me,User claims account was compromised before transaction. NA,WIP,,MEDIUM,chatbot,CBK0002151,TXN00009818,97580,MCH2800,0,0,0,0,0,1,0,0
CBK0002043,TXN-00009451,USR14683,MCH5344,2026-02-26 19:22:00,2026-03-06 01:22:00,3711.97,Customer Dispute,CUSTOMER SAYS TRANSACTION WAS NOT AUTHORIZED.,PENDING_BANK,,MEDIUM,CHATBOT,CBK0002043,txn-00009451,usr14683,MCH5344,0,0,0,0,0,1,0,0
CBK0001861,TXN00008377,USR29849,MCH5427,,,1274.95,Unauthorized Transaction,Payment made to unknown merchant as per customer statement.,IN_PROGRESS,2026-03-31 00:00:00,MEDIUM,IVR,CBK0001861,TXN00008377,USR29849,MCH5427,0,0,0,1,1,0,0,0
CBK0002295,TXN00011080,USR86500,MCH1485,2026-03-27 00:15:00,2026-03-28 00:00:00,3444.75,no service,Merchant service was not delivered after payment.,RESOLVED,2026-04-25 13:15:25,MEDIUM,chatbot,CBK0002295,TXN00011080,USR86500,MCH1485,0,0,0,0,0,0,0,0
CBK0001901,TXN00014122,USR98061,MCH7055,2026-02-28 00:00:00,2026-03-15 16:03:17,440.57,customer issue,CUSTOMER SAYS TRANSACTION WAS NOT AUTHORIZED.,Resolved,2026-04-11 16:03:17,MEDIUM,Call Center,CBK0001901,TXN00014122,USR98061,MCH7055,0,0,0,0,0,0,0,0
CBK0000699,TXN35789,USR17657,MCH1670,2026-03-06 00:00:00,2026-03-08 00:00:00,1813.99,double debit,Suspicious high-value payment disputed by customer.,RESOLVED,,LOW,chatbot,CBK0000699,TXN35789,USR17657,mch1670,0,0,0,0,0,1,0,0
CBK0000405,TXN00010731,USR66391,MCH4181,2026-02-26 18:04:00,2026-02-28 00:00:00,0.1916,scam,User reports money deducted but merchant denies receiving payment.,Resolved,,LOW,CHATBOT,CBK0000405,TXN00010731,usr66391,MCH-4181,0,0,0,0,0,1,0,0
CBK0001374,TXN85698,USR29467,MCH4473,2026-01-20 20:07:30,2026-01-23 03:07:30,551.1,dispute raised,complaint received after multiple failed attempts.,Pending Bank,2026-02-15 00:00:00,HIGH,IVR,CBK0001374,TXN85698,USR29467,MCH4473,0,0,0,0,0,0,0,1
CBK0000143,TXN59408,USR34207,MCH9423,2026-03-20 00:00:00,2026-03-25 00:00:00,0.8028,not done by me,Suspicious high-value payment disputed by cust.,Pending Bank,2026-04-20 00:00:00,HIGH,App,CBK0000143,TXN59408,USR34207,MCH 9423,0,0,0,0,0,0,0,1
CBK0002488,TXN00002926,USR83342,MCH8398,2026-02-17 14:21:10,2026-02-20 00:00:00,407.36,Account Takeover,Payment made to unknown merchant as per customer statement.,Closed,2026-03-15 11:21:00,CRITICAL,Branch,CBK0002488,TXN00002926,USR83342,MCH8398,0,0,0,0,0,0,1,0
CBK0002319,TXN00011383,USR79596,MCH3966,2026-03-22 00:00:00,2026-03-23 09:22:00,1933.11,extra amount deducted,USER REPORTS MONEY DEDUCTED BUT MERCHANT DENIES RECEIVING PAYMENT.,Closed,2026-04-13 09:22:44,MEDIUM,Branch,CBK0002319,TXN00011383,USR79596,MCH3966,0,0,0,0,0,0,0,0
CBK0002720,TXN00010672,USR87829,MCH9344,2026-02-12 21:52:01,2026-02-14 00:00:00,0.2072,item not received,Customer complaint text unclear due to poor call center notes.,CLOSED,2026-02-18 17:52:00,MEDIUM,chatbot,CBK0002720,TXN00010672,USR87829,MCH9344,0,0,0,0,0,0,0,0
CBK0000144,TXN00006125,USR91671,MCH4943,2026-03-06 23:07:46,2026-03-12 00:00:00,2573.59,no service,Merchant service was not delivered after payment. pls check asap,CLOSED,2026-04-08 00:00:00,HIGH,chatbot,CBK0000144,TXN00006125,USR 91671,MCH4943,0,0,0,0,0,0,0,1
CBK0002039,TXN00005346,USR68277,MCH2065,2026-01-25 00:00:00,2026-01-27 02:10:02,-5067.95,not done by me,Complaint received after multiple failed attempts.,IN_PROGRESS,,MEDIUM,CHATBOT,CBK0002039,TXN00005346,USR68277,MCH2065,1,0,0,0,0,1,0,0
CBK0002476,TXN56546,USR63172,MCH4667,2026-03-11 00:00:00,2026-03-14 00:00:00,,extra amount deducted,User says UPI PIN was not entered by them.,In Progress,2026-03-22 00:00:00,MEDIUM,ivr,CBK0002476,TXN56546,USR63172,MCH4667,0,1,0,0,0,0,0,0
CBK0000649,TXN-00019659,USR74992,MCH8779,2026-03-04 00:00:00,2026-03-10 00:00:00,2545.52,no service,Payment made to unknown merchant as per cust statement.,CLOSED,2026-03-19 13:25:24,MEDIUM,IVR,CBK0000649,txn-00019659,USR74992,MCH8779,0,0,0,0,0,0,0,0
CBK0001419,TXN00003304,USR91108,MCH2574,2026-01-07 00:00:00,2026-11-01 00:00:00,6448.11,login compromised,Payment made to unknown merchant as per cust statement.,Closed,2026-06-02 00:00:00,MEDIUM,Branch,CBK0001419,TXN00003304,USR91108,mch2574,0,0,0,0,0,0,0,0
CBK0000680,TXN00006440,USR32302,MCH2383,2026-11-03 00:00:00,2026-03-16 23:47:02,0.6058,amount mismatch,Payment made to unknown merchant as per customer statement.,OPEN,2026-03-17 00:00:00,LOW,App,CBK0000680,TXN00006440,USR32302,MCH2383,0,0,0,0,0,0,0,0
CBK0001400,TXN00013909,USR85655,MCH5170,2026-03-14 09:46:00,2026-03-14 13:46:00,836.05,ATO,Merchant service was not delivered after payment.,Rejected,,CRITICAL,Call Center,CBK0001400,TXN00013909,USR85655,MCH5170,0,0,0,0,0,1,1,0
CBK0002631,TXN00010422,USR63280,MCH9480,2026-03-21 00:00:00,2026-03-16 00:00:00,2144.03,FRAUD,Payment made to unknown merchant as per customer statement.,Rejected,2026-04-15 00:00:00,MEDIUM,ivr,CBK0002631,TXN00010422,USR63280,MCH9480,0,0,0,0,0,0,0,0
CBK0000134,TXN00007757,USR87362,MCH3332,2026-03-19 00:00:00,2026-03-24 00:00:00,-2328.13,Merchant Not Delivered,Suspicious high-value payment disputed by customer.,OPEN,2026-04-15 22:34:56,HIGH,Branch,CBK0000134,TXN00007757,USR87362,MCH3332,1,0,0,0,0,0,0,1
CBK0002742,TXN00015781,USR70003,MCH5954,2026-02-10 00:00:00,2026-02-20 00:00:00,3126.09,Account Takeover,User says UPI PIN was not entered by them.,WIP,2026-03-15 04:14:07,MEDIUM,App,CBK0002742,TXN00015781,USR70003,MCH5954,0,0,0,0,0,0,0,0
CBK0001184,TXN00010902,USR62254,MCH4226,2026-03-03 00:00:00,2026-03-06 03:53:28,3801.16,dispute raised,Complaint received after multiple failed attempts.,REJECTED,2026-04-01 00:00:00,MEDIUM,App,CBK0001184,TXN00010902,USR62254,mch4226,0,0,0,0,0,0,0,0
CBK0002704,TXN00013438,USR19231,MCH9625,2026-01-05 00:00:00,2026-01-05 00:00:00,532.41,ATO,Customer complaint text unclear due to poor call center notes.,Closed,2026-01-15 00:00:00,MEDIUM,CHATBOT,CBK0002704,TXN00013438,USR19231,MCH 9625,0,0,0,0,0,0,0,0
CBK0001780,TXN00012392,USR_78095,MCH8798,2026-03-19 09:14:00,2026-03-22 00:00:00,687.06,scam,Customer says amount was debited twice.,In Progress,,MEDIUM,Email,CBK0001780,TXN00012392,usr_78095,MCH 8798,0,0,0,0,0,1,0,0
CBK0001081,TXN00019947,USR35882,MCH7833,2026-05-01 00:00:00,2026-01-07 00:00:00,3167.22,UNAUTHORISED,Customer says transaction was not authorized.,WIP,,MEDIUM,Email,CBK0001081,TXN00019947,USR35882,MCH7833,0,0,0,0,0,1,0,0
CBK0001043,TXN00017300,USR-36485,MCH4326,2026-02-14 17:44:04,2026-02-16 00:00:00,2554.87,Duplicate Debit,User says UPI PIN was not entered by them.,Pending Bank,,HIGH,Branch,CBK0001043,TXN00017300,USR-36485,MCH-4326,0,0,0,0,0,1,0,1
CBK0001417,TXN00014359,USR93454,6178,2026-02-23 20:16:08,2026-02-03 00:00:00,0.3642,Account Takeover,Payment made to unknown merchant as per customer statement.,Closed,2026-06-03 00:00:00,LOW,chatbot,CBK0001417,TXN00014359,USR93454,6178,0,0,0,0,0,0,0,0
CBK0001565,TXN00019006,USR76917,MCH2053,2026-03-20 00:00:00,2026-03-17 00:00:00,,merchant service issue,customer says transaction was not authorized.,REJECTED,,MEDIUM,IVR,CBK0001565,TXN00019006,USR76917,MCH2053,0,1,0,0,0,1,0,0
CBK0000830,TXN00007939,USR55355,MCH2375,2026-01-13 00:00:00,,976.66,not delivered,Customer says amount was debited twice.,Open,2026-01-24 00:00:00,MEDIUM,Branch,CBK0000830,TXN00007939,USR55355,MCH2375,0,0,0,0,1,0,0,0
CBK0002595,TXN00006136,USR28582,MCH5118,,2026-02-14 00:00:00,3785.87,not delivered,Merchant service was not delivered after payment.,WIP,2026-03-14 00:00:00,LOW,ivr,CBK0002595,TXN00006136,USR28582,MCH 5118,0,0,0,1,0,0,0,0
CBK0000253,TXN00009329,USR58076,MCH4388,2026-01-02 00:00:00,2026-02-02 00:00:00,648.33,DUP_DEBIT,payment made to unknown merchant as per customer statement.,Closed,2026-02-25 00:00:00,CRITICAL,App,CBK0000253,TXN00009329,USR58076,MCH4388,0,0,0,0,0,0,1,0
CBK0001279,TXN42287,USR83181,MCH2757,2026-02-24 00:00:00,2026-02-27 00:00:00,1318.76,not done by me,User reports money deducted but merchant denies receiving payment.,REJECTED,2026-12-03 00:00:00,MEDIUM,App,CBK0001279,TXN42287,USR83181,MCH 2757,0,0,0,0,0,0,0,0
CBK0001955,TXN00018686,USR46407,MCH5510,2026-01-11 17:40:36,2026-01-17 00:00:00,530.01,unauthorized_transaction,Customer says transaction was not authorized.,PENDING_BANK,2026-01-30 00:00:00,MEDIUM,chatbot,CBK0001955,TXN00018686,USR46407,MCH-5510,0,0,0,0,0,0,0,0
CBK0000119,TXN79001,USR_68410,1820,2026-03-13 00:00:00,2026-03-15 00:00:00,5620.82,Service Not Provided,User reports money deducted but merchant denies receiving payment.,Resolved,,LOW,CHATBOT,CBK0000119,TXN79001,usr_68410,1820,0,0,0,0,0,1,0,0
CBK0002049,TXN47225,USR73797,MCH2065,2026-02-04 00:00:00,2026-02-05 20:41:10,,incorrect amount,User says UPI PIN was not entered by them.,WIP,,LOW,chatbot,CBK0002049,TXN47225,USR73797,MCH2065,0,1,0,0,0,1,0,0
CBK0001489,TXN00014835,USR25333,MCH5151,2026-02-25 00:00:00,2026-02-28 08:34:00,2565.94,unauthorized_transaction,Customer says amount was debited twice.,Pending Bank,,MEDIUM,IVR,CBK0001489,TXN00014835,USR25333,mch5151,0,0,0,0,0,1,0,0
CBK0002698,TXN00019768,USR65106,MCH2472,2026-03-29 00:00:00,2026-03-31 00:00:00,537.48,UNAUTHORISED,User claims account was compromised before transaction.,Resolved,2026-04-23 16:54:00,HIGH,Branch,CBK0002698,TXN00019768,USR 65106,MCH2472,0,0,0,0,0,0,0,1
CBK0002529,TXN00012156,USR45756,MCH6446,2026-02-04 00:00:00,2026-02-09 14:09:00,-1477.28,customer issue,Complaint received after multiple failed attempts.,REJECTED,,MEDIUM,CHATBOT,CBK0002529,TXN00012156,USR45756,MCH6446,1,0,0,0,0,1,0,0
CBK0001652,TXN00018423,USR_89267,MCH7879,2026-02-03 00:00:00,2026-02-08 16:45:00,0.1074,merchant service issue,User reports money deducted but merchant denies receiving payment.,IN_PROGRESS,2026-02-20 00:00:00,HIGH,IVR,CBK0001652,TXN00018423,usr_89267,MCH7879,0,0,0,0,0,0,0,1
CBK0001924,TXN00005199,USR-42019,MCH3162,2026-01-09 08:32:40,2026-01-11 00:00:00,2351.11,unauthorized_transaction,payment made to unknown merchant as per customer statement.,Resolved,2026-01-12 21:32:00,LOW,ivr,CBK0001924,TXN00005199,USR-42019,MCH3162,0,0,0,0,0,0,0,0
CBK0001178,TXN00014094,USR27804,MCH3932,2026-02-27 01:30:01,,-2999.91,incorrect amount,merchant service was not delivered after payment.,OPEN,2026-03-20 12:30:01,MEDIUM,CHATBOT,CBK0001178,TXN00014094,usr27804,MCH3932,1,0,0,0,1,0,0,0
CBK0002203,TXN00005966,USR-98685,MCH9257,2026-02-22 00:00:00,2026-02-27 10:29:49,8500.66,ATO,Customer says transaction was not authorized. details missing,RESOLVED,2026-03-29 00:00:00,MEDIUM,Email,CBK0002203,TXN00005966,USR-98685,MCH9257,0,0,0,0,0,0,0,0
CBK0001473,TXN00001160,USR20984,MCH6953,2026-01-02 00:00:00,2026-01-02 00:00:00,2273.54,charged twice,customer complaint text unclear due to poor call center notes.,PENDING_BANK,2026-11-01 00:00:00,LOW,Email,CBK0001473,TXN00001160,USR20984,MCH6953,0,0,0,0,0,0,0,0
CBK0001769,TXN00001679,USR43379,MCH9176,2026-02-21 00:00:00,2026-02-24 11:40:00,0.3976,customer issue,Suspicious high-value payment disputed by customer.,RESOLVED,2026-03-06 00:00:00,MEDIUM,CHATBOT,CBK0001769,TXN00001679,USR43379,MCH9176,0,0,0,0,0,0,0,0
CBK0001563,TXN00004035,USR38725,MCH4473,2026-01-08 04:46:00,2026-01-13 00:00:00,4064.18,charged twice,User claims account was compromised before transaction.,Closed,2026-08-02 00:00:00,MEDIUM,IVR,CBK0001563,TXN00004035,USR 38725,MCH4473,0,0,0,0,0,0,0,0
CBK0000763,TXN00005691,USR98061,MCH6850,2026-02-11 00:00:00,2026-02-14 22:00:46,,extra amount deducted,Suspicious high-value payment disputed by customer.,Pending Bank,2026-10-03 00:00:00,HIGH,Email,CBK0000763,TXN00005691,USR98061,MCH-6850,0,1,0,0,0,0,0,1
CBK0001306,TXN00000143,USR63816,MCH4399,2026-03-15 00:00:00,2026-03-26 08:39:16,0.449,extra amount deducted,User says UPI PIN was not entered by them.,PENDING_BANK,2026-04-07 00:00:00,MEDIUM,Call Center,CBK0001306,TXN00000143,USR63816,MCH4399,0,0,0,0,0,0,0,0
CBK0002421,TXN00008235,USR71538,MCH4564,2026-03-24 15:27:52,2026-03-26 00:00:00,0.1302,Customer Dispute,Customer complaint text unclear due to poor call center notes. call dropped,REJECTED,2026-04-07 16:27:00,MEDIUM,Branch,CBK0002421,TXN00008235,USR71538,MCH4564,0,0,0,0,0,0,0,0
CBK0001918,TXN00006549,USR90740,MCH2943,2026-02-05 01:21:00,2026-02-10 00:00:00,905.53,complaint,User says UPI PIN was not entered by them.,REJECTED,2026-03-02 00:00:00,LOW,IVR,CBK0001918,TXN00006549,usr90740,MCH2943,0,0,0,0,0,0,0,0
CBK0001928,TXN00018064,USR85507,MCH2857,2026-01-02 01:25:56,2026-01-09 05:25:00,0.59,complaint,Customer says transaction was not authorized.,RESOLVED,2026-01-30 00:00:00,MEDIUM,Email,CBK0001928,TXN00018064,USR 85507,MCH2857,0,0,0,0,0,0,0,0
CBK0001721,TXN-00013741,USR65211,MCH5954,2026-02-08 00:00:00,2026-02-14 00:34:00,1756.23,Merchant Not Delivered,Complaint received after multiple failed attempts.,Closed,2026-03-11 00:34:00,HIGH,Branch,CBK0001721,txn-00013741,USR65211,MCH5954,0,0,0,0,0,0,0,1
CBK0001619,TXN00007989,USR21845,MCH1998,2026-02-17 00:00:00,2026-02-17 00:00:00,1245.09,amount mismatch,Customer complaint text unclear due to poor call center notes.,Closed,2026-02-23 22:05:00,MEDIUM,CHATBOT,CBK0001619,TXN00007989,USR21845,mch1998,0,0,0,0,0,0,0,0
CBK0000139,TXN34566,USR29306,MCH4355,2026-01-13 06:24:38,2026-01-15 00:00:00,0.2696,DUP_DEBIT,User says UPI PIN was not entered by them.,REJECTED,,LOW,ivr,CBK0000139,TXN34566,USR29306,MCH-4355,0,0,0,0,0,1,0,0
CBK0001893,TXN00018872,USR67363,MCH2594,2026-01-31 00:00:00,2026-02-02 00:00:00,4001.57,unauth txn,User reports money deducted but merchant denies receiving payment.,REJECTED,,MEDIUM,IVR,CBK0001893,TXN00018872,USR67363,mch2594,0,0,0,0,0,1,0,0
CBK0001686,TXN00003833,21384,MCH4729,2026-03-18 10:00:38,2026-03-22 00:00:00,1688.18,Customer Dispute,Customer says transaction was not authorized.,Open,2026-04-17 00:00:00,MEDIUM,ivr,CBK0001686,TXN00003833,21384,MCH4729,0,0,0,0,0,0,0,0
CBK0000868,TXN00017012,USR26098,MCH2383,2026-02-07 23:22:53,2026-02-09 00:00:00,990.42,service failed,customer says amount was debited twice.,RESOLVED,,MEDIUM,ivr,CBK0000868,TXN00017012,USR 26098,MCH2383,0,0,0,0,0,1,0,0
CBK0002309,TXN00012387,USR18453,MCH5452,2026-02-03 00:00:00,2026-03-07 00:00:00,-2462.0,DUP_DEBIT,Customer complaint text unclear due to poor call center notes. NA,Rejected,,MEDIUM,CHATBOT,CBK0002309,TXN00012387,USR18453,MCH-5452,1,0,0,0,0,1,0,0
CBK0000116,TXN00008116,USR77356,MCH8789,2026-02-13 00:00:00,2026-02-19 00:00:00,841.93,UNAUTHORISED,Suspicious high-value payment disputed by customer.,CLOSED,2026-03-16 00:00:00,LOW,IVR,CBK0000116,TXN00008116,USR77356,mch8789,0,0,0,0,0,0,0,0
CBK0000093,TXN00009196,USR28608,MCH7127,2026-01-20 18:00:00,2026-01-22 00:00:00,,Service Not Provided,Suspicious high-value payment disputed by customer.,Pending Bank,2026-02-07 12:00:43,MEDIUM,Email,CBK0000093,TXN00009196,USR28608,MCH-7127,0,1,0,0,0,0,0,0
CBK0000064,TXN00019898,USR48525,MCH5257,2026-03-13 04:30:00,2026-03-15 20:30:00,861.86,amount mismatch,Suspicious high-value payment disputed by customer.,CLOSED,2026-04-03 20:30:01,MEDIUM,Email,CBK0000064,TXN00019898,USR48525,MCH5257,0,0,0,0,0,0,0,0
CBK0002119,TXN00005222,USR53942,MCH6399,2026-01-21 09:16:49,2026-01-29 00:00:00,1345.55,Account Takeover,COMPLAINT RECEIVED AFTER MULTIPLE FAILED ATTEMPTS.,Rejected,,LOW,IVR,CBK0002119,TXN00005222,USR53942,MCH6399,0,0,0,0,0,1,0,0
CBK0002412,TXN00003020,USR96958,MCH8779,2026-03-14 00:00:00,2026-03-17 00:00:00,2521.22,DUP_DEBIT,User claims account was compromised before transaction.,CLOSED,2026-03-18 20:13:34,LOW,Email,CBK0002412,TXN00003020,USR 96958,MCH8779,0,0,0,0,0,0,0,0
CBK0000149,TXN00015300,USR25559,MCH8125,2026-03-24 00:00:00,,753.9,account hacked,Merchant service was not delivered after payment.,In Progress,,MEDIUM,App,CBK0000149,TXN00015300,USR25559,mch8125,0,0,0,0,1,1,0,0
CBK0002702,TXN00010278,USR59665,MCH8977,2026-03-10 00:00:00,2026-03-16 05:57:07,-1779.15,Unauthorized Transaction,COMPLAINT RECEIVED AFTER MULTIPLE FAILED ATTEMPTS.,CLOSED,2026-04-01 05:57:00,HIGH,IVR,CBK0002702,TXN00010278,USR59665,MCH8977,1,0,0,0,0,0,0,1
CBK0002747,TXN00010095,USR18347,MCH9442,2026-03-24 00:00:00,,1820.01,Duplicate Debit,Merchant service was not delivered after payment.,Resolved,2026-03-30 00:00:00,LOW,Email,CBK0002747,TXN00010095,usr18347,MCH9442,0,0,0,0,1,0,0,0
CBK0002394,TXN00001169,USR60198,MCH6518,2026-02-27 00:00:00,2026-03-03 00:00:00,10453.78,extra amount deducted,Customer says transaction was not authorized.,WIP,2026-03-16 00:00:00,MEDIUM,CHATBOT,CBK0002394,TXN00001169,USR60198,mch6518,0,0,0,0,0,0,0,0
CBK0001574,TXN00019043,USR90528,MCH6885,2026-01-17 00:00:00,2026-01-22 23:10:00,0.215,FRAUD,user reports money deducted but merchant denies receiving payment.,PENDING_BANK,2026-10-02 00:00:00,HIGH,Branch,CBK0001574,TXN00019043,USR90528,mch6885,0,0,0,0,0,0,0,1
CBK0002307,TXN36574,USR15565,MCH4590,2026-02-08 00:00:00,2026-02-09 00:00:00,676.79,Fraud Suspected,USER REPORTS MONEY DEDUCTED BUT MERCHANT DENIES RECEIVING PAYMENT.,Resolved,2026-02-15 12:46:00,MEDIUM,Call Center,CBK0002307,TXN36574,USR15565,MCH4590,0,0,0,0,0,0,0,0
CBK0000816,TXN-00014266,USR92332,MCH2146,2026-03-21 11:09:00,2026-03-21 00:00:00,,Customer Dispute,Customer complaint text unclear due to poor call center notes. details missing,Pending Bank,2026-03-25 00:00:00,MEDIUM,Branch,CBK0000816,txn-00014266,USR92332,MCH2146,0,1,0,0,0,0,0,0
CBK0001321,TXN00019939,USR87558,MCH3588,2026-02-19 00:00:00,2026-02-20 00:00:00,1954.14,Merchant Not Delivered,User claims account was compromised before transaction. call dropped,RESOLVED,2026-03-09 00:00:00,MEDIUM,Email,CBK0001321,TXN00019939,usr87558,MCH3588,0,0,0,0,0,0,0,0
CBK0000821,TXN00001860,USR54089,MCH8467,2026-03-21 00:00:00,2026-03-22 00:00:00,,ATO,User reports money deducted but merchant denies receiving payment.,Open,,LOW,IVR,CBK0000821,TXN00001860,USR54089,MCH8467,0,1,0,0,0,1,0,0
CBK0002326,TXN00005168,USR42079,MCH6628,2026-01-01 00:00:00,2026-01-02 00:00:00,5074.67,FRAUD,Customer complaint text unclear due to poor call center notes.,Resolved,2026-01-05 00:00:00,HIGH,Call Center,CBK0002326,TXN00005168,USR42079,MCH6628,0,0,0,0,0,0,0,1
CBK0002415,TXN00007375,USR25624,MCH3252,,2026-03-23 00:00:00,0.4608,complaint,Payment made to unknown merchant as per customer statement.,Resolved,2026-04-17 22:41:55,HIGH,Call Center,CBK0002415,TXN00007375,USR 25624,MCH3252,0,0,0,1,0,0,0,1
CBK0001513,TXN00000653,USR70889,MCH8076,2026-03-15 00:00:00,2026-03-19 00:00:00,0.4308,not delivered,Customer says transaction was not authorized.,Pending Bank,2026-01-04 00:00:00,LOW,App,CBK0001513,TXN00000653,USR 70889,MCH8076,0,0,0,0,0,0,0,0
CBK0002048,TXN00015397,USR65030,MCH4270,2026-02-08 00:00:00,,460.42,Account Takeover,User reports money deducted but merchant denies receiving payment. call dropped,Rejected,2026-03-04 09:53:00,CRITICAL,Branch,CBK0002048,TXN00015397,USR65030,MCH-4270,0,0,0,0,1,0,1,0
CBK0002293,TXN00004932,USR-18205,MCH1981,2026-02-28 11:31:00,2026-02-24 00:00:00,595.39,Fraud Suspected,User reports money deducted but merchant denies receiving payment.,REJECTED,,LOW,Branch,CBK0002293,TXN00004932,USR-18205,MCH1981,0,0,0,0,0,1,0,0
CBK0000520,TXN00002770,USR60151,MCH8249,2026-02-22 00:00:00,2026-02-24 00:00:00,-908.2,incorrect amount,Customer says amount was debited twice.,WIP,2026-03-23 00:00:00,LOW,chatbot,CBK0000520,TXN00002770,usr60151,MCH8249,1,0,0,0,0,0,0,0
CBK0001708,TXN00009350,USR60818,MCH2906,2026-01-18 00:00:00,,478.75,amount mismatch,Customer says transaction was not authorized.,RESOLVED,2026-01-27 00:00:00,MEDIUM,Call Center,CBK0001708,TXN00009350,USR60818,MCH2906,0,0,0,0,1,0,0,0
CBK0001097,,USR-34204,MCH5980,2026-03-11 00:00:00,2026-03-13 00:00:00,2968.29,amount mismatch,Merchant service was not delivered after payment.,Rejected,2026-03-23 00:00:00,MEDIUM,IVR,CBK0001097,,USR-34204,MCH5980,0,0,1,0,0,0,0,0
CBK0000477,TXN00001582,USR30157,MCH7030,2026-01-09 00:00:00,2026-01-10 00:00:00,6740.29,account hacked,User says UPI PIN was not entered by them.,CLOSED,2026-01-20 00:00:00,MEDIUM,ivr,CBK0000477,TXN00001582,usr30157,MCH 7030,0,0,0,0,0,0,0,0
CBK0000740,TXN00019738,USR22040,MCH1234,2026-03-20 00:00:00,2026-03-26 03:59:33,584.74,Account Takeover,Merchant service was not delivered after payment.,RESOLVED,2026-04-07 03:59:33,LOW,Email,CBK0000740,TXN00019738,usr22040,mch1234,0,0,0,0,0,0,0,0
CBK0001907,TXN00014905,USR24536,MCH2714,2026-02-23 00:00:00,,797.17,complaint,Merchant service was not delivered after payment.,Open,2026-03-23 00:00:00,MEDIUM,App,CBK0001907,TXN00014905,USR 24536,MCH2714,0,0,0,0,1,0,0,0
CBK0001098,TXN00006667,USR54912,4734,2026-03-16 00:00:00,2026-03-19 00:00:00,4240.52,delivery issue,User reports money deducted but merchant denies receiving payment. call dropped,In Progress,2026-04-07 00:00:00,LOW,CHATBOT,CBK0001098,TXN00006667,USR54912,4734,0,0,0,0,0,0,0,0
CBK0002034,TXN00014295,USR46599,MCH7669,2026-02-22 00:00:00,2026-04-09 00:23:56,3265.64,DUP_DEBIT,customer complaint text unclear due to poor call center notes.,Resolved,2026-05-05 00:23:56,LOW,Call Center,CBK0002034,TXN00014295,USR46599,MCH7669,0,0,0,0,0,0,0,0
CBK0000328,TXN00011489,USR62345,MCH8996,,2026-01-26 04:02:00,0.1419,account hacked,Customer says transaction was not authorized.,Closed,2026-01-27 04:02:03,LOW,chatbot,CBK0000328,TXN00011489,USR62345,MCH8996,0,0,0,1,0,0,0,0
CBK0002510,TXN49297,USR99880,1439,2026-02-05 04:07:59,,1707.55,dispute raised,User says UPI PIN was not entered by them. NA,PENDING_BANK,,MEDIUM,Email,CBK0002510,TXN49297,USR99880,1439,0,0,0,0,1,1,0,0
CBK0000819,TXN00008276,USR66046,MCH3941,2026-02-25 00:00:00,2026-03-12 00:00:00,2947.75,not done by me,Suspicious high-value payment disputed by customer.,OPEN,2026-03-28 00:00:00,HIGH,chatbot,CBK0000819,TXN00008276,USR66046,MCH 3941,0,0,0,0,0,0,0,1
CBK0001301,TXN00005559,USR98939,MCH5403,2026-01-10 00:00:00,2026-01-07 00:00:00,597.81,Customer Dispute,merchant service was not delivered after payment.,REJECTED,,MEDIUM,chatbot,CBK0001301,TXN00005559,USR98939,MCH5403,0,0,0,0,0,1,0,0
CBK0000547,TXN00003173,USR42144,MCH9330,2026-03-22 02:40:00,2026-03-24 00:00:00,0.3014,charged twice,Customer complaint text unclear due to poor call center notes.,REJECTED,2026-04-14 00:00:00,LOW,Email,CBK0000547,TXN00003173,usr42144,MCH-9330,0,0,0,0,0,0,0,0
CBK0001625,TXN00006214,USR39132,MCH3495,2026-02-13 00:00:00,2026-03-30 23:46:00,4111.68,customer issue,User reports money deducted but merchant denies receiving payment.,Closed,2026-04-12 23:46:08,MEDIUM,Email,CBK0001625,TXN00006214,USR39132,MCH3495,0,0,0,0,0,0,0,0
CBK0001515,TXN00000062,USR11366,MCH2992,,2026-03-07 14:01:00,330.73,merchant service issue,User says UPI PIN was not entered by them.,CLOSED,2026-04-05 00:00:00,LOW,Branch,CBK0001515,TXN00000062,USR11366,MCH2992,0,0,0,1,0,0,0,0
CBK0000788,TXN00003574,USR22284,MCH4473,2026-03-28 00:00:00,2026-03-30 14:07:24,3933.58,Unauthorized Transaction,User says UPI PIN was not entered by them.,RESOLVED,2026-04-28 00:00:00,LOW,Branch,CBK0000788,TXN00003574,USR22284,MCH4473,0,0,0,0,0,0,0,0
CBK0000089,TXN00017797,USR85655,MCH8344,2026-01-22 00:00:00,2026-01-23 23:22:08,1590.47,not delivered,Complaint received after multiple failed attempts.,OPEN,2026-07-02 00:00:00,HIGH,ivr,CBK0000089,TXN00017797,USR85655,MCH8344,0,0,0,0,0,0,0,1
CBK0002218,TXN00018418,USR35410,MCH7622,2026-03-13 08:55:08,2026-03-16 00:00:00,671.84,Customer Dispute,Customer says transaction was not authorized.,WIP,2026-04-08 00:00:00,HIGH,Branch,CBK0002218,TXN00018418,USR35410,MCH7622,0,0,0,0,0,0,0,1
CBK0001356,TXN00018996,USR61151,MCH3100,2026-01-25 00:00:00,2026-01-27 00:00:00,1863.8,incorrect amount,Customer says amount was debited twice.,Closed,2026-02-12 00:00:00,LOW,ivr,CBK0001356,TXN00018996,usr61151,MCH3100,0,0,0,0,0,0,0,0
CBK0001028,TXN00007136,USR67087,MCH5446,2026-03-02 03:15:09,2026-03-05 00:00:00,6758.4,DUP_DEBIT,Customer complaint text unclear due to poor call center notes.,In Progress,2026-03-20 00:15:00,LOW,Call Center,CBK0001028,TXN00007136,USR67087,MCH5446,0,0,0,0,0,0,0,0
CBK0000407,TXN00008429,USR90727,MCH2989,2026-01-13 11:06:46,2026-01-15 00:00:00,1512.54,Customer Dispute,User claims account was compromised before transaction.,In Progress,2026-01-18 00:00:00,MEDIUM,App,CBK0000407,TXN00008429,USR90727,MCH2989,0,0,0,0,0,0,0,0
CBK0000386,TXN00017080,USR66286,MCH2441,2026-02-03 00:00:00,2026-03-03 00:00:00,687.73,DUP_DEBIT,Merchant service was not delivered after payment.,Rejected,,LOW,CHATBOT,CBK0000386,TXN00017080,USR66286,MCH2441,0,0,0,0,0,1,0,0
CBK0002369,TXN-00000843,USR_72135,MCH4517,2026-01-03 00:00:00,2026-03-02 02:12:47,947.54,login compromised,SUSPICIOUS HIGH-VALUE PAYMENT DISPUTED BY CUSTOMER.,Rejected,2026-03-17 02:12:00,LOW,Call Center,CBK0002369,txn-00000843,usr_72135,MCH4517,0,0,0,0,0,0,0,0
CBK0001194,TXN00010450,USR85606,MCH3304,2026-01-20 13:36:47,2026-01-20 19:36:47,0.1024,account hacked,Suspicious high-value payment disputed by cust.,PENDING_BANK,2026-01-30 00:00:00,MEDIUM,IVR,CBK0001194,TXN00010450,USR85606,MCH-3304,0,0,0,0,0,0,0,0
CBK0000299,TXN00010454,USR21651,MCH1397,2026-03-15 00:00:00,2026-03-18 13:17:09,2554.86,account hacked,Merchant service was not delivered after payment.,In Progress,,LOW,Branch,CBK0000299,TXN00010454,USR21651,MCH-1397,0,0,0,0,0,1,0,0
CBK0000125,TXN00006063,USR72570,MCH3943,2026-02-14 00:00:00,2026-02-15 11:35:00,0.2157,ATO,User claims account was compromised before transaction.,IN_PROGRESS,2026-02-18 00:00:00,HIGH,ivr,CBK0000125,TXN00006063,USR72570,MCH3943,0,0,0,0,0,0,0,1
CBK0000754,TXN00001826,USR35882,MCH3115,2026-02-28 00:00:00,2026-03-10 00:00:00,895.55,customer issue,User claims account was compromised before transaction. urgent,Pending Bank,,MEDIUM,chatbot,CBK0000754,TXN00001826,USR35882,MCH3115,0,0,0,0,0,1,0,0
CBK0001655,TXN00016496,USR31906,MCH4225,2026-01-29 00:00:00,2026-02-06 00:00:00,5996.21,customer issue,Customer complaint text unclear due to poor call center notes.,RESOLVED,2026-02-13 00:00:00,CRITICAL,IVR,CBK0001655,TXN00016496,USR31906,MCH4225,0,0,0,0,0,0,1,0
CBK0002024,TXN00016207,USR91246,MCH7726,2026-02-01 00:00:00,2026-01-04 00:00:00,628.32,not delivered,Suspicious high-value payment disputed by customer.,CLOSED,2026-01-24 07:10:00,MEDIUM,Email,CBK0002024,TXN00016207,USR91246,MCH7726,0,0,0,0,0,0,0,0
CBK0001470,TXN30234,USR24750,MCH6880,2026-03-24 00:00:00,,1915.5,fraud,Customer complaint text unclear due to poor call center notes.,CLOSED,2026-04-17 00:00:00,MEDIUM,Branch,CBK0001470,TXN30234,USR24750,MCH6880,0,0,0,0,1,0,0,0
CBK0001499,TXN00016211,USR84128,MCH7738,2026-03-02 00:00:00,2026-03-03 00:00:00,-6191.97,Duplicate Debit,Payment made to unknown merchant as per customer statement.,REJECTED,2026-03-07 00:00:00,HIGH,chatbot,CBK0001499,TXN00016211,USR84128,MCH7738,1,0,0,0,0,0,0,1
CBK0002580,TXN00004925,USR73573,MCH6810,,,9977.75,no service,User reports money deducted but merchant denies receiving payment.,REJECTED,2026-03-25 00:00:00,MEDIUM,App,CBK0002580,TXN00004925,USR73573,MCH6810,0,0,0,1,1,0,0,0
CBK0001399,TXN00015053,USR20076,5050,2026-02-05 05:08:00,,-3746.75,double debit,merchant service was not delivered after payment.,RESOLVED,2026-03-13 05:08:00,MEDIUM,Email,CBK0001399,TXN00015053,USR20076,5050,1,0,0,0,1,0,0,0
CBK0002120,TXN00008067,USR62703,MCH7593,2026-01-17 00:08:00,2026-01-27 01:08:22,14279.05,item not received,customer complaint text unclear due to poor call center notes.,IN_PROGRESS,,CRITICAL,chatbot,CBK0002120,TXN00008067,USR62703,MCH 7593,0,0,0,0,0,1,1,0
CBK0000349,TXN-00015766,USR88643,MCH2541,2026-02-12 00:00:00,2026-02-18 02:44:00,2585.25,not done by me,Suspicious high-value payment disputed by customer.,Rejected,2026-02-25 02:44:00,HIGH,ivr,CBK0000349,txn-00015766,USR88643,mch2541,0,0,0,0,0,0,0,1
CBK0000160,TXN00015230,38364,MCH5454,2026-02-08 23:09:47,2026-02-14 02:09:47,2419.56,customer issue,Merchant service was not delivered after payment.,PENDING_BANK,,HIGH,Call Center,CBK0000160,TXN00015230,38364,MCH5454,0,0,0,0,0,1,0,1
CBK0001199,TXN00005512,USR76915,MCH3815,2026-03-07 00:00:00,2026-03-12 00:00:00,2981.85,DUP_DEBIT,suspicious high-value payment disputed by customer.,WIP,2026-04-01 00:00:00,LOW,chatbot,CBK0001199,TXN00005512,USR 76915,MCH3815,0,0,0,0,0,0,0,0
CBK0001976,TXN00004835,USR37357,MCH5772,2026-02-23 04:26:51,2026-02-20 00:00:00,0.11573,account hacked,user reports money deducted but merchant denies receiving payment.,In Progress,2026-03-13 04:26:00,MEDIUM,IVR,CBK0001976,TXN00004835,USR37357,MCH5772,0,0,0,0,0,0,0,0
CBK0001819,TXN00014412,USR-27393,9291,2026-01-16 22:17:46,2026-01-24 00:00:00,,extra amount deducted,suspicious high-value payment disputed by customer.,REJECTED,,MEDIUM,ivr,CBK0001819,TXN00014412,USR-27393,9291,0,1,0,0,0,1,0,0
CBK0001463,TXN00018916,USR92463,MCH4008,2026-03-25 00:00:00,,0.1889,extra amount deducted,User reports money deducted but merchant denies receiving payment. NA,Pending Bank,2026-04-13 00:00:00,MEDIUM,ivr,CBK0001463,TXN00018916,USR92463,MCH 4008,0,0,0,0,1,0,0,0
CBK0002435,TXN00015767,USR33671,MCH2699,2026-03-01 00:00:00,2026-02-24 01:38:00,1904.98,item not received,Merchant service was not delivered after payment.,Rejected,2026-03-19 01:38:00,MEDIUM,CHATBOT,CBK0002435,TXN00015767,USR33671,MCH2699,0,0,0,0,0,0,0,0
CBK0001554,TXN00012362,USR87967,MCH3177,2026-02-01 00:00:00,2026-02-08 02:49:19,1105.15,login compromised,Merchant service was not delivered after payment.,Resolved,2026-02-23 00:00:00,LOW,Email,CBK0001554,TXN00012362,USR87967,mch3177,0,0,0,0,0,0,0,0
CBK0002443,TXN00017471,44213,MCH3992,2026-01-02 00:00:00,2026-04-02 00:00:00,918.63,Unauthorized Transaction,User claims account was compromised before transaction.,REJECTED,2026-02-20 00:00:00,HIGH,Email,CBK0002443,TXN00017471,44213,MCH3992,0,0,0,0,0,0,0,1
CBK0000204,TXN00014673,USR21209,MCH8154,2026-01-24 00:00:00,2026-01-26 01:45:00,749.06,customer issue,Customer says amount was debited twice.,Closed,2026-02-10 01:45:00,MEDIUM,Call Center,CBK0000204,TXN00014673,USR21209,MCH 8154,0,0,0,0,0,0,0,0
CBK0002056,TXN00003732,USR18442,MCH1606,2026-03-03 00:00:00,2026-04-03 00:00:00,5678.98,not done by me,Customer says transaction was not authorized.,RESOLVED,,CRITICAL,ivr,CBK0002056,TXN00003732,USR18442,MCH1606,0,0,0,0,0,1,1,0
CBK0002192,TXN00002316,USR77746,MCH1674,2026-01-12 04:00:55,2026-01-14 00:00:00,20754.36,scam,Customer says amount was debited twice.,In Progress,,HIGH,IVR,CBK0002192,TXN00002316,USR77746,MCH1674,0,0,0,0,0,1,0,1
CBK0002590,TXN00001121,USR43833,MCH4575,2026-03-23 00:00:00,,0.993,delivery issue,user says upi pin was not entered by them.,Closed,2026-04-20 10:56:00,MEDIUM,Email,CBK0002590,TXN00001121,usr43833,MCH4575,0,0,0,0,1,0,0,0
CBK0001086,TXN00019525,USR21162,MCH3992,2026-01-12 00:00:00,2026-01-14 08:32:01,5874.15,dispute raised,customer complaint text unclear due to poor call center notes.,In Progress,2026-01-22 00:00:00,LOW,Call Center,CBK0001086,TXN00019525,USR21162,MCH3992,0,0,0,0,0,0,0,0
CBK0002137,TXN00008657,USR_34250,MCH6955,2026-02-23 00:00:00,2026-03-03 03:32:50,4252.24,fraud,Suspicious high-value payment disputed by customer. urgent,Open,2026-03-28 00:00:00,LOW,ivr,CBK0002137,TXN00008657,usr_34250,MCH6955,0,0,0,0,0,0,0,0
CBK0002492,TXN00001518,USR-20737,5541,2026-03-16 00:00:00,2026-03-18 00:00:00,9039.58,dispute raised,Complaint received after multiple failed attempts. urgent,IN_PROGRESS,2026-03-21 00:00:00,HIGH,Email,CBK0002492,TXN00001518,USR-20737,5541,0,0,0,0,0,0,0,1
CBK0001965,TXN00008205,USR62398,MCH6714,2026-02-12 00:00:00,2026-12-02 00:00:00,1147.39,ATO,Customer says amount was debited twice. pls check asap,Resolved,2026-03-01 22:26:43,HIGH,CHATBOT,CBK0001965,TXN00008205,USR62398,MCH6714,0,0,0,0,0,0,0,1
CBK0001409,TXN00014019,USR20076,MCH4751,2026-01-14 00:00:00,2026-01-16 00:00:00,2386.95,service failed,User reports money deducted but merchant denies receiving payment.,IN_PROGRESS,2026-01-29 00:00:00,MEDIUM,CHATBOT,CBK0001409,TXN00014019,USR20076,MCH4751,0,0,0,0,0,0,0,0
CBK0000738,TXN-00018812,USR-98980,MCH2757,2026-01-05 00:00:00,2026-01-16 00:00:00,0.15054,FRAUD,User says UPI PIN was not entered by them.,Pending Bank,2026-02-14 00:00:00,HIGH,Call Center,CBK0000738,txn-00018812,USR-98980,MCH2757,0,0,0,0,0,0,0,1
CBK0000293,TXN00016470,USR50092,MCH1879,2026-01-19 00:00:00,2026-01-25 15:05:00,1947.05,Customer Dispute,Suspicious high-value payment disputed by customer.,Pending Bank,2026-02-13 00:00:00,HIGH,IVR,CBK0000293,TXN00016470,USR 50092,MCH1879,0,0,0,0,0,0,0,1
CBK0001585,TXN82330,USR14591,MCH3928,2026-03-31 00:00:00,2026-04-01 21:31:00,2452.3,Merchant Not Delivered,Customer complaint text unclear due to poor call center notes.,Pending Bank,2026-04-21 00:00:00,CRITICAL,ivr,CBK0001585,TXN82330,USR14591,MCH3928,0,0,0,0,0,0,1,0
CBK0000019,TXN00008321,USR27583,MCH4590,2026-02-22 00:00:00,2026-02-25 00:00:00,699.14,DUP_DEBIT,User says UPI PIN was not entered by them.,WIP,2026-02-27 00:00:00,HIGH,chatbot,CBK0000019,TXN00008321,usr27583,MCH 4590,0,0,0,0,0,0,0,1
CBK0001180,TXN00012133,USR84844,MCH6202,2026-02-01 07:09:49,2026-06-02 00:00:00,7361.16,dispute raised,customer says transaction was not authorized.,Pending Bank,2026-02-27 00:00:00,MEDIUM,chatbot,CBK0001180,TXN00012133,usr84844,MCH6202,0,0,0,0,0,0,0,0
CBK0000324,TXN00014492,USR34540,MCH4590,2026-01-02 00:00:00,2026-02-02 13:49:55,,Fraud Suspected,user says upi pin was not entered by them.,Resolved,2026-02-25 00:00:00,HIGH,CHATBOT,CBK0000324,TXN00014492,USR34540,MCH4590,0,1,0,0,0,0,0,1
CBK0001005,TXN00006695,USR65902,MCH5655,2026-02-19 11:11:00,2026-02-22 00:00:00,1671.67,Account Takeover,Merchant service was not delivered after payment.,PENDING_BANK,,MEDIUM,App,CBK0001005,TXN00006695,USR65902,MCH5655,0,0,0,0,0,1,0,0
CBK0001149,TXN00013355,USR_52988,MCH1182,2026-03-27 10:20:15,2026-03-23 10:20:15,6746.58,customer issue,User says UPI PIN was not entered by them.,RESOLVED,2026-04-20 00:00:00,LOW,CHATBOT,CBK0001149,TXN00013355,usr_52988,MCH1182,0,0,0,0,0,0,0,0
CBK0002743,TXN53543,USR85742,MCH4473,2026-01-25 01:22:37,2026-01-25 00:00:00,299.18,not delivered,User says UPI PIN was not entered by them.,Rejected,2026-02-23 00:00:00,LOW,Email,CBK0002743,TXN53543,USR85742,MCH4473,0,0,0,0,0,0,0,0
CBK0002526,TXN00014583,USR53424,MCH7006,2026-03-20 19:24:00,2026-03-24 00:00:00,6768.55,Wrong Amount,Customer says amount was debited twice.,In Progress,2026-08-04 00:00:00,LOW,CHATBOT,CBK0002526,TXN00014583,USR53424,MCH7006,0,0,0,0,0,0,0,0
CBK0000792,TXN00017591,USR59752,MCH2176,2026-02-07 00:00:00,2026-09-02 00:00:00,6180.12,dispute raised,CUSTOMER SAYS AMOUNT WAS DEBITED TWICE.,CLOSED,2026-02-26 17:50:00,MEDIUM,Email,CBK0000792,TXN00017591,USR 59752,MCH2176,0,0,0,0,0,0,0,0
CBK0000971,TXN00019356,USR80212,MCH2335,2026-01-07 00:00:00,2026-01-10 06:07:00,6782.66,unauth txn,merchant service was not delivered after payment.,CLOSED,2026-02-04 00:00:00,HIGH,IVR,CBK0000971,TXN00019356,USR80212,MCH2335,0,0,0,0,0,0,0,1
CBK0002752,TXN00009074,USR58639,MCH4181,2026-01-05 07:07:09,2026-05-01 00:00:00,611.73,account hacked,Complaint received after multiple failed attempts.,OPEN,,MEDIUM,Branch,CBK0002752,TXN00009074,USR58639,MCH4181,0,0,0,0,0,1,0,0
CBK0002406,TXN00019470,USR71704,MCH3759,2026-03-02 00:00:00,2026-03-04 00:00:00,3505.15,delivery issue,Merchant service was not delivered after payment. urgent,CLOSED,,LOW,Branch,CBK0002406,TXN00019470,USR71704,MCH3759,0,0,0,0,0,1,0,0
CBK0000896,TXN00014731,USR29803,MCH7761,2026-03-25 00:00:00,2026-03-29 04:53:24,4988.8,delivery issue,Suspicious high-value payment disputed by cust.,Rejected,2026-04-13 00:00:00,MEDIUM,App,CBK0000896,TXN00014731,USR29803,MCH7761,0,0,0,0,0,0,0,0
CBK0000874,TXN00008435,USR43450,MCH8870,2026-03-02 00:00:00,2026-06-02 00:00:00,2126.63,complaint,User reports money deducted but merchant denies receiving payment.,RESOLVED,2026-03-03 00:00:00,MEDIUM,Email,CBK0000874,TXN00008435,USR43450,mch8870,0,0,0,0,0,0,0,0
CBK0002644,TXN00006588,USR72024,MCH7102,2026-03-27 00:00:00,,-1971.85,complaint,Complaint received after multiple failed attempts.,REJECTED,2026-04-20 00:00:00,CRITICAL,chatbot,CBK0002644,TXN00006588,USR72024,MCH7102,1,0,0,0,1,0,1,0
CBK0000057,TXN00005197,USR33934,MCH6452,,,0.574,account hacked,Customer says transaction was not authorized.,PENDING_BANK,2026-02-08 00:00:00,MEDIUM,Email,CBK0000057,TXN00005197,USR33934,mch6452,0,0,0,1,1,0,0,0
CBK0002367,TXN00000803,USR40928,MCH2574,2026-02-10 00:00:00,2026-02-11 17:54:00,0.1719,customer issue,Suspicious high-value payment disputed by customer.,Pending Bank,2026-02-17 17:54:00,MEDIUM,Call Center,CBK0002367,TXN00000803,USR40928,MCH-2574,0,0,0,0,0,0,0,0
CBK0001703,TXN00014396,USR62221,MCH7833,2026-03-30 00:00:00,2026-04-14 00:00:00,1107.61,unauth txn,MERCHANT SERVICE WAS NOT DELIVERED AFTER PAYMENT.,Closed,,HIGH,App,CBK0001703,TXN00014396,USR62221,MCH7833,0,0,0,0,0,1,0,1
CBK0001314,TXN00015397,USR25021,MCH8657,2026-02-10 00:00:00,2026-02-17 00:00:00,7499.76,not delivered,Customer says transaction was not authorized.,REJECTED,,LOW,IVR,CBK0001314,TXN00015397,USR25021,MCH-8657,0,0,0,0,0,1,0,0
CBK0001319,,USR-87558,MCH8935,2026-03-28 00:00:00,2026-04-13 00:00:00,1537.87,Customer Dispute,User says UPI PIN was not entered by them.,Closed,2026-05-12 00:00:00,MEDIUM,Call Center,CBK0001319,,USR-87558,MCH8935,0,0,1,0,0,0,0,0
CBK0002004,TXN00016498,USR71282,MCH5954,2026-01-02 14:58:00,2026-01-03 00:00:00,3489.66,scam,Customer complaint text unclear due to poor call center notes.,REJECTED,,HIGH,chatbot,CBK0002004,TXN00016498,USR71282,MCH5954,0,0,0,0,0,1,0,1
CBK0000030,TXN00002461,44431,MCH2413,2026-01-18 06:52:30,2026-01-20 00:00:00,,not done by me,Customer says transaction was not authorized.,RESOLVED,2026-02-05 16:52:30,LOW,Branch,CBK0000030,TXN00002461,44431,MCH2413,0,1,0,0,0,0,0,0
CBK0001890,,USR70787,MCH9165,2026-01-19 00:00:00,2026-01-25 00:00:00,594.52,login compromised,Complaint received after multiple failed attempts.,Closed,2026-02-24 00:00:00,MEDIUM,IVR,CBK0001890,,USR 70787,MCH9165,0,0,1,0,0,0,0,0
CBK0001601,TXN-00014556,51157,MCH7360,2026-02-14 20:36:49,2026-02-17 17:36:49,13308.54,FRAUD,CUSTOMER SAYS AMOUNT WAS DEBITED TWICE.,PENDING_BANK,,MEDIUM,chatbot,CBK0001601,txn-00014556,51157,MCH 7360,0,0,0,0,0,1,0,0
CBK0002519,TXN00002544,USR91069,MCH4788,2026-02-23 04:34:00,2026-02-23 00:00:00,-3839.34,service failed,User reports money deducted but merchant denies receiving payment.,Resolved,,LOW,IVR,CBK0002519,TXN00002544,USR91069,MCH4788,1,0,0,0,0,1,0,0
CBK0002316,TXN00018781,USR80429,MCH4070,2026-03-14 00:00:00,2026-03-15 00:00:00,428.55,suspicious transaction,User reports money deducted but merchant denies receiving payment.,Resolved,2026-03-21 00:00:00,LOW,CHATBOT,CBK0002316,TXN00018781,USR80429,MCH4070,0,0,0,0,0,0,0,0
CBK0000050,TXN00004935,USR75712,MCH2076,2026-01-31 00:00:00,2026-02-01 17:11:00,18552.59,complaint,Suspicious high-value payment disputed by customer.,Resolved,2026-03-03 00:00:00,LOW,Call Center,CBK0000050,TXN00004935,USR75712,MCH2076,0,0,0,0,0,0,0,0
CBK0002086,TXN00004716,USR14045,MCH9271,2026-01-25 14:59:00,2026-01-30 21:59:00,169.35,DUP_DEBIT,Customer says amount was debited twice. NA,REJECTED,2026-02-06 21:59:00,MEDIUM,Call Center,CBK0002086,TXN00004716,usr14045,MCH9271,0,0,0,0,0,0,0,0
CBK0002244,,USR64363,MCH2948,2026-01-03 00:00:00,2026-04-01 00:00:00,4378.8,Duplicate Debit,USER REPORTS MONEY DEDUCTED BUT MERCHANT DENIES RECEIVING PAYMENT.,Rejected,,MEDIUM,Call Center,CBK0002244,,USR64363,MCH2948,0,0,1,0,0,1,0,0
CBK0000467,TXN00009035,USR66080,MCH9242,2026-02-20 19:44:28,2026-02-21 09:44:28,1224.57,Fraud Suspected,Customer says amount was debited twice.,Resolved,,LOW,Branch,CBK0000467,TXN00009035,usr66080,MCH-9242,0,0,0,0,0,1,0,0
CBK0002168,TXN00002821,USR83150,MCH5655,2026-02-10 00:00:00,2026-02-11 00:00:00,4707.47,unauth txn,Customer says amount was debited twice.,RESOLVED,,LOW,ivr,CBK0002168,TXN00002821,USR83150,MCH-5655,0,0,0,0,0,1,0,0
CBK0000988,TXN00007940,USR74004,MCH2383,2026-03-14 00:00:00,2026-03-22 11:13:00,0.1608,login compromised,User claims account was compromised before transaction. NA,Closed,,HIGH,chatbot,CBK0000988,TXN00007940,USR74004,MCH2383,0,0,0,0,0,1,0,1
CBK0001035,TXN00012639,USR38128,MCH9737,2026-01-19 00:00:00,2026-01-20 00:00:00,3681.26,amount mismatch,payment made to unknown merchant as per customer statement.,WIP,2026-02-13 00:00:00,HIGH,Call Center,CBK0001035,TXN00012639,USR38128,MCH9737,0,0,0,0,0,0,0,1
CBK0002784,TXN00003041,USR21253,MCH2118,2026-01-18 17:10:46,2026-02-02 17:10:46,0.4136,Service Not Provided,User reports money deducted but merchant denies receiving payment.,RESOLVED,,MEDIUM,Email,CBK0002784,TXN00003041,USR21253,MCH-2118,0,0,0,0,0,1,0,0
CBK0001119,TXN00013564,USR13165,MCH8547,2026-01-04 00:00:00,2026-01-04 19:22:27,-4295.67,delivery issue,Complaint received after multiple failed attempts. NA,WIP,2026-01-24 00:00:00,MEDIUM,Call Center,CBK0001119,TXN00013564,USR13165,MCH8547,1,0,0,0,0,0,0,0
CBK0002692,TXN00011494,USR52887,MCH1757,2026-01-25 00:00:00,2026-02-05 07:06:20,-1084.65,Account Takeover,PAYMENT MADE TO UNKNOWN MERCHANT AS PER CUSTOMER STATEMENT.,REJECTED,2026-03-01 00:00:00,LOW,IVR,CBK0002692,TXN00011494,usr52887,MCH1757,1,0,0,0,0,0,0,0
CBK0001902,TXN00008905,USR53056,5119,,,1362.36,extra amount deducted,User claims account was compromised before transaction.,PENDING_BANK,,CRITICAL,ivr,CBK0001902,TXN00008905,USR53056,5119,0,0,0,1,1,1,1,0
CBK0002606,TXN00018342,USR69706,MCH8779,2026-03-23 00:00:00,2026-03-25 00:00:00,2231.66,fraud,payment made to unknown merchant as per customer statement.,WIP,2026-04-04 00:00:00,CRITICAL,IVR,CBK0002606,TXN00018342,USR69706,MCH8779,0,0,0,0,0,0,1,0
CBK0001896,TXN00005799,USR97580,MCH8791,2026-01-06 10:14:34,2026-01-12 00:00:00,674.67,amount mismatch,Customer complaint text unclear due to poor call center notes.,CLOSED,2026-01-14 01:14:34,CRITICAL,CHATBOT,CBK0001896,TXN00005799,USR97580,MCH8791,0,0,0,0,0,0,1,0
CBK0002555,TXN00003972,76553,MCH1320,,2026-01-18 07:02:56,4309.44,no service,User reports money deducted but merchant denies receiving payment.,Open,,LOW,Email,CBK0002555,TXN00003972,76553,MCH1320,0,0,0,1,0,1,0,0
CBK0002064,,USR68861,MCH3516,2026-03-29 00:00:00,2026-04-14 00:00:00,-1531.2,complaint,customer says transaction was not authorized.,PENDING_BANK,2026-05-07 00:00:00,LOW,chatbot,CBK0002064,,USR68861,MCH3516,1,0,1,0,0,0,0,0
CBK0002521,TXN00013602,USR98636,MCH1574,,2026-03-15 00:00:00,2090.68,fraud,Merchant service was not delivered after payment.,In Progress,,CRITICAL,CHATBOT,CBK0002521,TXN00013602,USR98636,MCH 1574,0,0,0,1,0,1,1,0
CBK0000615,TXN00002775,USR83032,MCH3402,2026-01-07 00:00:00,2026-01-18 06:04:00,1908.8,fraud,customer says amount was debited twice.,Open,2026-02-16 06:04:00,HIGH,Email,CBK0000615,TXN00002775,USR83032,MCH3402,0,0,0,0,0,0,0,1
CBK0002405,TXN00017196,USR45251,MCH2538,2026-03-06 00:00:00,2026-03-07 02:28:07,9937.63,fraud,COMPLAINT RECEIVED AFTER MULTIPLE FAILED ATTEMPTS.,In Progress,2026-03-09 02:28:07,MEDIUM,chatbot,CBK0002405,TXN00017196,USR45251,mch2538,0,0,0,0,0,0,0,0
CBK0002453,TXN00013396,USR24527,MCH2822,2026-02-23 00:00:00,,0.203,Service Not Provided,User claims account was compromised before transaction.,Open,2026-03-24 00:00:00,LOW,ivr,CBK0002453,TXN00013396,USR24527,MCH2822,0,0,0,0,1,0,0,0
CBK0001288,TXN38794,USR82920,MCH5755,2026-03-10 00:00:00,2026-04-10 02:16:42,0.1144,incorrect amount,User says UPI PIN was not entered by them.,Open,2026-04-24 02:16:00,HIGH,chatbot,CBK0001288,TXN38794,USR82920,MCH5755,0,0,0,0,0,0,0,1
CBK0000696,TXN00007676,USR-33564,MCH3259,2026-02-28 00:00:00,2026-02-28 00:00:00,841.13,dispute raised,CUSTOMER SAYS TRANSACTION WAS NOT AUTHORIZED.,IN_PROGRESS,2026-03-01 09:11:30,CRITICAL,IVR,CBK0000696,TXN00007676,USR-33564,MCH3259,0,0,0,0,0,0,1,0
CBK0002448,TXN00004698,USR56276,MCH3396,2026-03-15 05:45:53,,1942.99,dispute raised,Suspicious high-value payment disputed by customer.,CLOSED,,LOW,IVR,CBK0002448,TXN00004698,USR56276,MCH3396,0,0,0,0,1,1,0,0
CBK0000897,,USR78326,MCH2266,2026-01-24 00:00:00,2026-01-27 00:00:00,1390.61,charged twice,User claims account was compromised before transaction.,Closed,,LOW,Branch,CBK0000897,,USR78326,mch2266,0,0,1,0,0,1,0,0
CBK0000464,TXN00001948,USR72135,MCH8274,2026-03-11 00:50:00,2026-04-10 00:00:00,3935.87,Service Not Provided,Complaint received after multiple failed attempts.,Resolved,2026-04-24 23:50:00,LOW,chatbot,CBK0000464,TXN00001948,USR72135,MCH8274,0,0,0,0,0,0,0,0
CBK0002482,TXN00018844,39808,MCH5330,2026-01-26 00:00:00,2026-02-02 03:31:15,6620.7,Merchant Not Delivered,Payment made to unknown merchant as per customer statement.,Pending Bank,,MEDIUM,chatbot,CBK0002482,TXN00018844,39808,MCH5330,0,0,0,0,0,1,0,0
CBK0000411,TXN00003133,USR48609,MCH3992,,2026-03-20 00:00:00,3287.47,unauthorized_transaction,complaint received after multiple failed attempts.,Pending Bank,2026-04-16 00:00:00,MEDIUM,Email,CBK0000411,TXN00003133,USR48609,MCH3992,0,0,0,1,0,0,0,0
CBK0000722,TXN00014532,USR42970,MCH9937,2026-02-28 00:00:00,2026-04-03 00:00:00,4825.86,Wrong Amount,Customer says transaction was not authorized.,Rejected,2026-11-03 00:00:00,HIGH,ivr,CBK0000722,TXN00014532,USR42970,MCH9937,0,0,0,0,0,0,0,1
CBK0001545,TXN00005459,USR26201,MCH9867,,2026-02-15 00:00:00,0.2038,Account Takeover,user claims account was compromised before transaction.,Rejected,2026-02-21 00:00:00,LOW,App,CBK0001545,TXN00005459,USR26201,MCH9867,0,0,0,1,0,0,0,0
CBK0000145,TXN00009456,USR21384,MCH8779,2026-02-23 00:00:00,,3537.13,dispute raised,Complaint received after multiple failed attempts.,IN_PROGRESS,2026-03-21 00:00:00,MEDIUM,chatbot,CBK0000145,TXN00009456,USR21384,MCH8779,0,0,0,0,1,0,0,0
CBK0001154,TXN00007949,USR61761,MCH5076,,2026-01-25 17:35:49,2276.53,account hacked,complaint received after multiple failed attempts.,RESOLVED,2026-02-10 00:00:00,LOW,IVR,CBK0001154,TXN00007949,USR 61761,MCH5076,0,0,0,1,0,0,0,0
CBK0002135,TXN00017607,USR62613,MCH1320,2026-02-09 00:00:00,2026-03-11 00:00:00,0.291,Unauthorized Transaction,Suspicious high-value payment disputed by customer. details missing,OPEN,2026-03-21 09:52:20,LOW,Email,CBK0002135,TXN00017607,USR 62613,MCH1320,0,0,0,0,0,0,0,0
CBK0000048,TXN00003553,USR11419,MCH5833,2026-02-22 00:00:00,2026-02-26 00:00:00,3278.36,account hacked,Customer says transaction was not authorized.,Pending Bank,2026-03-07 03:45:00,MEDIUM,Email,CBK0000048,TXN00003553,USR11419,MCH5833,0,0,0,0,0,0,0,0
CBK0000719,TXN00008362,USR51141,MCH4473,2026-03-23 00:00:00,2026-05-07 11:49:41,716.05,item not received,payment made to unknown merchant as per customer statement.,In Progress,2026-05-31 11:49:00,LOW,App,CBK0000719,TXN00008362,USR51141,MCH4473,0,0,0,0,0,0,0,0
CBK0001188,,USR99905,MCH7881,2026-02-10 09:30:00,2026-02-20 00:00:00,6211.43,Unauthorized Transaction,User reports money deducted but merchant denies receiving payment.,CLOSED,2026-03-05 21:30:45,HIGH,IVR,CBK0001188,,USR 99905,MCH-7881,0,0,1,0,0,0,0,1
CBK0001540,TXN00018190,USR83597,MCH5264,,2026-02-24 00:00:00,3985.84,UNAUTHORISED,Customer complaint text unclear due to poor call center notes.,REJECTED,,MEDIUM,ivr,CBK0001540,TXN00018190,USR83597,MCH5264,0,0,0,1,0,1,0,0
CBK0002666,TXN00005307,USR63160,MCH3992,2026-02-23 00:09:00,2026-02-24 00:00:00,,Customer Dispute,Complaint received after multiple failed attempts.,CLOSED,2026-03-26 17:09:06,LOW,App,CBK0002666,TXN00005307,usr63160,MCH3992,0,1,0,0,0,0,0,0
CBK0000111,TXN00019912,USR43416,MCH5748,2026-02-28 00:00:00,2026-03-08 00:41:12,2124.72,Service Not Provided,User says UPI PIN was not entered by them.,Open,2026-03-13 00:00:00,LOW,Email,CBK0000111,TXN00019912,USR43416,MCH5748,0,0,0,0,0,0,0,0
CBK0000561,TXN-00011891,USR27107,MCH8154,2026-02-23 00:00:00,,146.7,UNAUTHORISED,Customer complaint text unclear due to poor call center notes.,Open,2026-03-19 00:00:00,HIGH,chatbot,CBK0000561,txn-00011891,USR 27107,MCH8154,0,0,0,0,1,0,0,1
CBK0001938,TXN00010250,USR52258,MCH7697,2026-01-29 00:00:00,2026-01-30 00:00:00,,Unauthorized Transaction,Complaint received after multiple failed attempts.,Open,2026-02-09 00:00:00,LOW,App,CBK0001938,TXN00010250,usr52258,MCH7697,0,1,0,0,0,0,0,0
CBK0001070,TXN00006138,USR72463,MCH7131,2026-02-21 00:00:00,2026-02-28 00:00:00,486.96,unauthorized_transaction,Merchant service was not delivered after payment.,Closed,,LOW,ivr,CBK0001070,TXN00006138,USR72463,MCH-7131,0,0,0,0,0,1,0,0
CBK0001240,TXN00005144,USR87558,MCH2223,2026-02-17 14:32:16,2026-02-25 00:00:00,1262.32,unauth txn,merchant service was not delivered after payment.,Resolved,2026-03-07 00:00:00,LOW,IVR,CBK0001240,TXN00005144,USR87558,MCH2223,0,0,0,0,0,0,0,0
CBK0001172,TXN00000950,USR35692,MCH2757,2026-03-03 14:07:36,2026-03-05 00:00:00,1749.52,double debit,Customer says amount was debited twice.,Rejected,2026-03-22 00:00:00,LOW,Email,CBK0001172,TXN00000950,USR35692,MCH2757,0,0,0,0,0,0,0,0
CBK0002786,TXN00001975,USR44809,MCH9291,2026-03-11 00:00:00,2026-03-14 00:00:00,1823.8,unauth txn,Customer says transaction was not authorized.,Resolved,2026-03-16 06:59:19,HIGH,IVR,CBK0002786,TXN00001975,USR 44809,MCH9291,0,0,0,0,0,0,0,1
CBK0001609,TXN00011210,USR50352,MCH2706,2026-02-20 08:31:54,2026-02-23 00:00:00,1853.91,not done by me,User claims account was compromised before transaction.,Open,2026-02-03 00:00:00,MEDIUM,ivr,CBK0001609,TXN00011210,USR 50352,MCH2706,0,0,0,0,0,0,0,0
CBK0000209,TXN59223,USR24507,MCH4782,,2026-02-17 00:00:00,0.902,double debit,Payment made to unknown merchant as per cust statement.,Open,,HIGH,App,CBK0000209,TXN59223,USR24507,MCH-4782,0,0,0,1,0,1,0,1
CBK0002101,TXN00010055,USR53903,MCH2065,2026-01-22 00:00:00,2026-01-28 00:51:01,3918.28,extra amount deducted,User reports money deducted but merchant denies receiving payment.,REJECTED,2026-02-13 00:00:00,MEDIUM,ivr,CBK0002101,TXN00010055,USR 53903,MCH2065,0,0,0,0,0,0,0,0
CBK0002166,TXN00005750,USR64580,MCH5980,2026-03-21 07:22:46,2026-03-22 00:00:00,1459.51,Service Not Provided,Customer says transaction was not authorized.,IN_PROGRESS,2026-02-04 00:00:00,MEDIUM,IVR,CBK0002166,TXN00005750,USR64580,MCH5980,0,0,0,0,0,0,0,0
CBK0001971,TXN00001893,USR40538,MCH4473,2026-03-25 04:27:22,2026-03-26 00:00:00,1059.97,DUP_DEBIT,Customer complaint text unclear due to poor call center notes.,Resolved,2026-04-20 00:00:00,LOW,Call Center,CBK0001971,TXN00001893,USR40538,MCH 4473,0,0,0,0,0,0,0,0
CBK0000872,TXN00015686,USR41987,MCH4226,2026-02-27 00:00:00,2026-03-04 09:09:00,4354.56,charged twice,Complaint received after multiple failed attempts.,RESOLVED,2026-03-04 00:00:00,MEDIUM,App,CBK0000872,TXN00015686,USR41987,MCH-4226,0,0,0,0,0,0,0,0
CBK0002618,TXN00011168,USR44759,MCH5594,2026-06-01 00:00:00,2026-01-10 00:35:07,5239.53,Account Takeover,Customer complaint text unclear due to poor call center notes. call dropped,Rejected,2026-01-27 00:00:00,MEDIUM,CHATBOT,CBK0002618,TXN00011168,USR44759,MCH5594,0,0,0,0,0,0,0,0
CBK0000176,TXN00001405,USR91859,MCH2900,2026-03-13 00:00:00,2026-03-18 14:11:00,2105.51,item not received,Merchant service was not delivered after payment. call dropped,CLOSED,2026-04-05 00:00:00,MEDIUM,chatbot,CBK0000176,TXN00001405,USR91859,MCH 2900,0,0,0,0,0,0,0,0
CBK0001836,TXN00002935,USR58979,MCH4535,2026-01-17 00:00:00,2026-01-19 14:28:40,318.65,Merchant Not Delivered,Customer says transaction was not authorized.,RESOLVED,,LOW,ivr,CBK0001836,TXN00002935,USR58979,mch4535,0,0,0,0,0,1,0,0
CBK0000130,TXN00002672,USR96637,MCH4181,2026-01-06 00:00:00,2026-01-13 13:42:00,4547.87,incorrect amount,User reports money deducted but merchant denies receiving payment.,Pending Bank,,LOW,Email,CBK0000130,TXN00002672,USR96637,MCH4181,0,0,0,0,0,1,0,0
CBK0001271,TXN00015189,USR33650,MCH4181,2026-01-10 13:57:59,2026-01-13 20:57:59,638.59,unauthorized_transaction,User claims account was compromised before transaction.,Rejected,2026-01-18 00:00:00,HIGH,ivr,CBK0001271,TXN00015189,USR33650,MCH4181,0,0,0,0,0,0,0,1
CBK0001593,TXN00015434,USR18724,MCH7728,2026-03-05 10:42:00,2026-03-21 07:42:38,8317.58,suspicious transaction,customer says transaction was not authorized.,Pending Bank,2026-04-07 00:00:00,MEDIUM,Email,CBK0001593,TXN00015434,USR18724,MCH7728,0,0,0,0,0,0,0,0
CBK0001879,TXN00007654,USR60131,MCH8887,2026-02-05 01:30:00,2026-02-06 23:30:00,552.24,extra amount deducted,Complaint received after multiple failed attempts.,RESOLVED,,LOW,ivr,CBK0001879,TXN00007654,USR60131,MCH8887,0,0,0,0,0,1,0,0
CBK0001717,TXN00005246,USR87318,MCH2104,2026-03-04 12:35:00,2026-03-08 00:35:05,-99.96,charged twice,User says UPI PIN was not entered by them.,Rejected,,LOW,IVR,CBK0001717,TXN00005246,USR87318,MCH2104,1,0,0,0,0,1,0,0
CBK0000702,TXN00017072,USR56312,MCH5133,2026-01-18 03:52:25,2026-01-23 00:00:00,0.15432,Wrong Amount,Customer says amount was debited twice.,WIP,2026-02-07 00:00:00,HIGH,IVR,CBK0000702,TXN00017072,USR56312,MCH5133,0,0,0,0,0,0,0,1
CBK0002647,TXN99966,USR24761,MCH4392,2026-01-24 00:00:00,2026-01-27 09:02:00,-841.29,amount mismatch,User reports money deducted but merchant denies receiving payment.,OPEN,2026-02-20 09:02:00,MEDIUM,Branch,CBK0002647,TXN99966,USR 24761,MCH-4392,1,0,0,0,0,0,0,0
CBK0001723,TXN00000941,USR58335,MCH7616,,2026-01-07 07:32:40,6049.12,not done by me,Complaint received after multiple failed attempts.,Closed,2026-01-20 00:00:00,LOW,Branch,CBK0001723,TXN00000941,USR 58335,mch7616,0,0,0,1,0,0,0,0
CBK0002770,TXN00013498,USR24608,MCH3992,2026-01-05 17:13:36,2026-02-05 00:00:00,469.12,Unauthorized Transaction,Customer says transaction was not authorized.,Pending Bank,,LOW,IVR,CBK0002770,TXN00013498,USR24608,MCH3992,0,0,0,0,0,1,0,0
CBK0002346,TXN00001292,USR_25528,MCH6328,2026-03-24 00:00:00,,33975.77,service failed,Customer says transaction was not authorized.,OPEN,2026-05-05 00:00:00,LOW,Email,CBK0002346,TXN00001292,usr_25528,MCH6328,0,0,0,0,1,0,0,0
CBK0002487,TXN-00009313,USR32981,MCH1201,2026-02-03 00:00:00,2026-10-02 00:00:00,1561.28,complaint,Payment made to unknown merchant as per customer statement.,REJECTED,2026-03-03 00:00:00,LOW,IVR,CBK0002487,txn-00009313,USR32981,MCH1201,0,0,0,0,0,0,0,0
CBK0001909,TXN00015341,USR-51939,MCH4348,2026-02-27 00:00:00,2026-04-14 00:00:00,5481.51,charged twice,Merchant service was not delivered after payment.,In Progress,2026-05-01 00:00:00,MEDIUM,CHATBOT,CBK0001909,TXN00015341,USR-51939,mch4348,0,0,0,0,0,0,0,0
CBK0002234,TXN00016207,USR_61715,MCH6850,2026-01-13 00:00:00,2026-01-23 00:00:00,0.1383,Account Takeover,merchant service was not delivered after payment.,PENDING_BANK,2026-01-29 15:38:41,HIGH,Branch,CBK0002234,TXN00016207,usr_61715,MCH6850,0,0,0,0,0,0,0,1
CBK0000854,TXN00000164,17326,MCH7017,2026-01-01 05:32:00,2026-01-08 00:00:00,0.3086,account hacked,Complaint received after multiple failed attempts.,Open,2026-02-02 00:00:00,CRITICAL,Email,CBK0000854,TXN00000164,17326,MCH7017,0,0,0,0,0,0,1,0
CBK0002376,TXN00004589,USR_76792,MCH5515,2026-01-20 11:45:52,2026-01-30 20:45:00,1100.37,not done by me,suspicious high-value payment disputed by customer.,WIP,2026-02-08 00:00:00,MEDIUM,IVR,CBK0002376,TXN00004589,usr_76792,MCH5515,0,0,0,0,0,0,0,0
CBK0002540,TXN00010104,USR46321,MCH2065,2026-03-04 00:00:00,2026-03-06 00:00:00,1912.26,double debit,Merchant service was not delivered after payment.,OPEN,,HIGH,ivr,CBK0002540,TXN00010104,USR 46321,MCH 2065,0,0,0,0,0,1,0,1
CBK0001666,TXN00018160,USR11659,MCH6810,2026-02-28 00:00:00,2026-03-01 00:00:00,0.482,item not received,Complaint received after multiple failed attempts.,Pending Bank,2026-03-17 08:39:00,MEDIUM,chatbot,CBK0001666,TXN00018160,USR11659,MCH6810,0,0,0,0,0,0,0,0
CBK0001340,TXN00001898,USR41763,MCH4190,2026-02-25 08:15:11,2026-03-03 00:00:00,638.96,not done by me,Complaint received after multiple failed attempts.,Resolved,2026-03-06 06:15:11,MEDIUM,IVR,CBK0001340,TXN00001898,usr41763,MCH4190,0,0,0,0,0,0,0,0
CBK0002616,TXN00000806,USR_30612,MCH2757,2026-02-10 00:00:00,2026-02-11 03:28:31,3611.11,Merchant Not Delivered,Customer says transaction was not authorized.,RESOLVED,2026-03-05 03:28:00,LOW,CHATBOT,CBK0002616,TXN00000806,usr_30612,MCH 2757,0,0,0,0,0,0,0,0
CBK0000813,TXN00008478,USR72576,MCH2072,2026-03-03 00:00:00,2026-03-08 22:39:44,2598.96,charged twice,user claims account was compromised before transaction.,Closed,2026-05-04 00:00:00,CRITICAL,App,CBK0000813,TXN00008478,USR 72576,MCH2072,0,0,0,0,0,0,1,0
CBK0000244,TXN00005487,USR31599,MCH6810,2026-02-26 00:00:00,2026-01-03 00:00:00,,DUP_DEBIT,User claims account was compromised before transaction.,Closed,2026-03-08 00:00:00,HIGH,Branch,CBK0000244,TXN00005487,USR31599,MCH6810,0,1,0,0,0,0,0,1
CBK0002653,TXN00000675,USR49080,MCH5147,2026-02-24 00:00:00,2026-02-25 18:22:00,3743.54,delivery issue,Payment made to unknown merchant as per cust statement.,WIP,2026-03-20 00:00:00,LOW,IVR,CBK0002653,TXN00000675,USR49080,mch5147,0,0,0,0,0,0,0,0
CBK0001966,TXN00005813,USR30602,MCH6570,2026-03-12 21:54:53,2026-03-15 02:54:53,0.1708,Customer Dispute,Payment made to unknown merchant as per customer statement.,CLOSED,2026-03-30 00:00:00,HIGH,Call Center,CBK0001966,TXN00005813,USR30602,MCH6570,0,0,0,0,0,0,0,1
CBK0000687,TXN00005195,USR53215,MCH8519,2026-03-06 00:00:00,2026-03-07 00:00:00,4251.73,complaint,Customer complaint text unclear due to poor call center notes.,In Progress,,LOW,Call Center,CBK0000687,TXN00005195,USR53215,MCH-8519,0,0,0,0,0,1,0,0
CBK0000836,TXN-00003340,USR69581,MCH5218,2026-01-09 19:59:04,2026-01-25 00:00:00,1823.47,Fraud Suspected,customer complaint text unclear due to poor call center notes.,Resolved,2026-01-26 00:00:00,MEDIUM,Email,CBK0000836,txn-00003340,USR69581,MCH5218,0,0,0,0,0,0,0,0
CBK0001498,TXN00017926,USR98061,MCH5655,2026-02-08 06:54:39,2026-02-10 02:54:00,5338.83,customer issue,Customer complaint text unclear due to poor call center notes.,IN_PROGRESS,2026-02-20 00:00:00,LOW,ivr,CBK0001498,TXN00017926,usr98061,MCH5655,0,0,0,0,0,0,0,0
CBK0000710,TXN00012306,USR86472,MCH2032,2026-02-08 00:00:00,2026-02-09 14:17:35,-1076.54,item not received,Customer says amount was debited twice.,Pending Bank,,LOW,ivr,CBK0000710,TXN00012306,USR86472,MCH2032,1,0,0,0,0,1,0,0
CBK0000444,TXN00014743,USR56564,MCH2369,2026-02-22 00:00:00,2026-02-26 00:00:00,-1382.96,account hacked,Customer says transaction was not authorized.,Pending Bank,,MEDIUM,chatbot,CBK0000444,TXN00014743,usr56564,MCH-2369,1,0,0,0,0,1,0,0
CBK0002153,TXN34179,USR47114,MCH8849,,2026-04-07 00:00:00,3258.82,extra amount deducted,SUSPICIOUS HIGH-VALUE PAYMENT DISPUTED BY CUSTOMER.,PENDING_BANK,2026-04-15 05:48:00,CRITICAL,Call Center,CBK0002153,TXN34179,usr47114,MCH8849,0,0,0,1,0,0,1,0
CBK0000839,TXN-00014620,USR55888,MCH8779,2026-03-20 00:00:00,2026-03-30 00:00:00,501.3,ATO,Customer says amount was debited twice.,RESOLVED,2026-04-14 00:00:00,MEDIUM,CHATBOT,CBK0000839,txn-00014620,USR55888,MCH8779,0,0,0,0,0,0,0,0
CBK0002121,TXN00013687,USR26337,MCH2065,2026-02-04 00:00:00,2026-02-05 00:00:00,506.18,Merchant Not Delivered,USER SAYS UPI PIN WAS NOT ENTERED BY THEM.,OPEN,2026-02-22 00:00:00,HIGH,ivr,CBK0002121,TXN00013687,usr26337,MCH2065,0,0,0,0,0,0,0,1
CBK0002600,TXN95920,USR42158,MCH8602,2026-02-06 12:50:00,2026-02-13 18:50:00,45384.61,Unauthorized Transaction,Merchant service was not delivered after payment.,Closed,2026-02-21 18:50:00,HIGH,chatbot,CBK0002600,TXN95920,USR42158,MCH8602,0,0,0,0,0,0,0,1
CBK0001527,TXN44508,USR35882,MCH5076,2026-03-24 00:00:00,2026-04-01 00:00:00,,login compromised,Customer says transaction was not authorized. details missing,Resolved,,HIGH,App,CBK0001527,TXN44508,USR35882,MCH 5076,0,1,0,0,0,1,0,1
CBK0000399,TXN00003924,USR85504,MCH7005,2026-01-08 00:00:00,,2479.92,not done by me,Complaint received after multiple failed attempts.,RESOLVED,2026-01-16 00:00:00,MEDIUM,Email,CBK0000399,TXN00003924,usr85504,MCH7005,0,0,0,0,1,0,0,0
CBK0000708,TXN00014452,USR24775,MCH2757,2026-02-17 00:00:00,2026-02-20 21:31:31,-798.72,delivery issue,Suspicious high-value payment disputed by customer.,REJECTED,2026-03-15 00:00:00,LOW,IVR,CBK0000708,TXN00014452,USR24775,MCH2757,1,0,0,0,0,0,0,0
CBK0000485,TXN00016648,USR-27340,MCH3100,2026-01-16 15:36:13,2026-01-19 00:00:00,0.1142,Customer Dispute,Complaint received after multiple failed attempts.,PENDING_BANK,2026-01-31 00:00:00,MEDIUM,Call Center,CBK0000485,TXN00016648,USR-27340,MCH3100,0,0,0,0,0,0,0,0
CBK0001355,TXN00002926,USR49477,MCH5714,2026-03-08 18:59:00,2026-03-19 00:00:00,6014.84,item not received,User reports money deducted but merchant denies receiving payment.,Rejected,,HIGH,IVR,CBK0001355,TXN00002926,USR49477,MCH-5714,0,0,0,0,0,1,0,1
CBK0002468,TXN00004673,USR45477,MCH4469,2026-03-14 23:12:19,2026-03-22 16:12:19,3382.78,suspicious transaction,Payment made to unknown merchant as per customer statement.,Closed,2026-04-13 00:00:00,LOW,Email,CBK0002468,TXN00004673,USR45477,MCH4469,0,0,0,0,0,0,0,0
CBK0002672,TXN00014672,USR51854,MCH2993,2026-02-20 00:00:00,2026-02-22 00:00:00,1817.11,FRAUD,Customer says transaction was not authorized.,OPEN,2026-03-08 09:32:00,HIGH,Email,CBK0002672,TXN00014672,USR 51854,MCH2993,0,0,0,0,0,0,0,1
CBK0001013,TXN96416,33841,MCH9291,2026-01-17 07:44:00,2026-01-20 22:44:00,5544.6,customer issue,User reports money deducted but merchant denies receiving payment.,PENDING_BANK,2026-02-14 00:00:00,MEDIUM,Call Center,CBK0001013,TXN96416,33841,MCH9291,0,0,0,0,0,0,0,0
CBK0002150,TXN00013524,USR74666,MCH8154,2026-01-31 00:00:00,2026-02-07 00:00:00,2142.84,Fraud Suspected,Customer says transaction was not authorized.,Open,2026-03-04 00:00:00,LOW,IVR,CBK0002150,TXN00013524,USR74666,MCH 8154,0,0,0,0,0,0,0,0
CBK0001411,TXN00011455,USR24660,MCH3964,2026-02-02 22:05:00,2026-05-03 00:00:00,3012.1,FRAUD,PAYMENT MADE TO UNKNOWN MERCHANT AS PER CUSTOMER STATEMENT.,OPEN,,LOW,Call Center,CBK0001411,TXN00011455,USR24660,MCH3964,0,0,0,0,0,1,0,0
CBK0002646,TXN00007962,USR17493,MCH3415,2026-01-06 03:01:00,2026-02-05 00:00:00,875.42,Duplicate Debit,user says upi pin was not entered by them.,CLOSED,2026-02-26 16:01:00,CRITICAL,ivr,CBK0002646,TXN00007962,USR17493,MCH3415,0,0,0,0,0,0,1,0
CBK0001852,TXN00017893,USR27328,MCH3100,2026-03-01 00:00:00,2026-01-04 08:34:57,4556.84,double debit,User claims account was compromised before transaction.,WIP,2026-01-27 00:00:00,LOW,ivr,CBK0001852,TXN00017893,USR27328,MCH3100,0,0,0,0,0,0,0,0
CBK0001453,TXN00012893,USR-52532,MCH2931,2026-03-06 07:48:50,,-1558.33,amount mismatch,Complaint received after multiple failed attempts. details missing,Rejected,2026-03-30 00:00:00,LOW,IVR,CBK0001453,TXN00012893,USR-52532,mch2931,1,0,0,0,1,0,0,0
CBK0002693,,USR66470,MCH7690,2026-02-02 05:38:00,2026-02-17 00:00:00,1231.18,login compromised,customer complaint text unclear due to poor call center notes.,Open,2026-02-28 15:38:40,MEDIUM,chatbot,CBK0002693,,USR66470,MCH7690,0,0,1,0,0,0,0,0
CBK0001695,TXN00007159,USR-91996,MCH6645,,2026-03-03 14:25:14,0.1034,Fraud Suspected,Customer says transaction was not authorized. call dropped,Pending Bank,,LOW,App,CBK0001695,TXN00007159,USR-91996,MCH 6645,0,0,0,1,0,1,0,0
CBK0001743,TXN00005081,USR-55177,MCH3198,2026-10-01 00:00:00,2026-01-21 00:00:00,782.28,login compromised,User says UPI PIN was not entered by them. NA,RESOLVED,,LOW,CHATBOT,CBK0001743,TXN00005081,USR-55177,MCH-3198,0,0,0,0,0,1,0,0
CBK0002656,TXN00003111,USR97954,MCH1274,2026-01-02 00:00:00,2026-01-04 00:00:00,1858.78,account hacked,Customer says transaction was not authorized.,Closed,2026-11-01 00:00:00,LOW,App,CBK0002656,TXN00003111,USR97954,MCH 1274,0,0,0,0,0,0,0,0
CBK0001196,TXN00016378,USR64980,MCH2065,2026-02-28 14:57:09,2026-03-02 21:57:09,403.8,FRAUD,Complaint received after multiple failed attempts.,OPEN,,HIGH,CHATBOT,CBK0001196,TXN00016378,USR 64980,MCH2065,0,0,0,0,0,1,0,1
CBK0000269,TXN00016915,USR75856,MCH1213,2026-03-25 00:00:00,2026-03-28 00:00:00,886.36,account hacked,Payment made to unknown merchant as per customer statement.,CLOSED,2026-04-25 21:01:00,MEDIUM,IVR,CBK0000269,TXN00016915,USR75856,MCH1213,0,0,0,0,0,0,0,0
CBK0000701,TXN00002775,USR-31842,MCH7869,2026-01-25 00:00:00,2026-01-30 15:50:18,6779.18,not delivered,Merchant service was not delivered after payment.,Pending Bank,2026-02-21 00:00:00,LOW,CHATBOT,CBK0000701,TXN00002775,USR-31842,MCH7869,0,0,0,0,0,0,0,0
CBK0001127,TXN00017229,USR_16037,MCH3572,,2026-02-28 00:00:00,796.1,delivery issue,Customer says amount was debited twice.,IN_PROGRESS,2026-06-03 00:00:00,MEDIUM,Email,CBK0001127,TXN00017229,usr_16037,MCH3572,0,0,0,1,0,0,0,0
CBK0000665,TXN00012726,USR82229,MCH6230,2026-02-07 00:00:00,2026-02-10 01:03:00,360.49,delivery issue,Complaint received after multiple failed attempts.,OPEN,,LOW,Branch,CBK0000665,TXN00012726,USR 82229,MCH6230,0,0,0,0,0,1,0,0
CBK0000569,TXN00016196,USR24538,MCH2336,2026-01-09 00:00:00,2026-01-10 00:00:00,-2141.56,customer issue,Suspicious high-value payment disputed by customer.,WIP,2026-01-17 00:00:00,MEDIUM,Email,CBK0000569,TXN00016196,usr24538,MCH2336,1,0,0,0,0,0,0,0
CBK0000913,TXN00004115,USR85406,MCH2832,,2026-03-12 00:00:00,1495.6,not done by me,Merchant service was not delivered after payment.,Rejected,,MEDIUM,IVR,CBK0000913,TXN00004115,USR85406,MCH2832,0,0,0,1,0,1,0,0
CBK0000380,TXN00000414,USR57745,MCH6126,2026-02-10 00:00:00,2026-02-13 00:00:00,806.29,login compromised,user reports money deducted but merchant denies receiving payment.,Rejected,2026-03-13 00:00:00,LOW,Call Center,CBK0000380,TXN00000414,USR57745,MCH6126,0,0,0,0,0,0,0,0
CBK0002497,TXN00019914,USR48451,MCH6538,2026-01-21 19:23:00,2026-01-22 00:00:00,3065.07,no service,User claims account was compromised before transaction.,PENDING_BANK,2026-01-26 00:00:00,MEDIUM,ivr,CBK0002497,TXN00019914,USR48451,MCH6538,0,0,0,0,0,0,0,0
CBK0002799,TXN00003221,USR-38263,MCH3031,,2026-01-30 00:00:00,0.574,item not received,Merchant service was not delivered after payment.,RESOLVED,2026-02-17 00:00:00,MEDIUM,Email,CBK0002799,TXN00003221,USR-38263,MCH3031,0,0,0,1,0,0,0,0
CBK0000317,TXN00005496,USR91453,MCH1988,2026-02-22 00:00:00,2026-03-25 00:00:00,,delivery issue,Complaint received after multiple failed attempts.,RESOLVED,2026-04-15 00:00:00,MEDIUM,IVR,CBK0000317,TXN00005496,USR91453,MCH1988,0,1,0,0,0,0,0,0
CBK0000582,TXN00006728,USR32162,MCH1074,2026-02-14 00:00:00,2026-02-17 00:00:00,1002.59,Merchant Not Delivered,Customer says transaction was not authorized.,PENDING_BANK,2026-02-22 00:00:00,CRITICAL,Email,CBK0000582,TXN00006728,USR32162,MCH1074,0,0,0,0,0,0,1,0
CBK0002571,TXN00011546,USR-24926,MCH2822,2026-01-26 00:00:00,2026-02-03 00:00:00,3305.27,DUP_DEBIT,Complaint received after multiple failed attempts.,REJECTED,2026-02-17 00:00:00,LOW,ivr,CBK0002571,TXN00011546,USR-24926,MCH2822,0,0,0,0,0,0,0,0
CBK0001943,TXN00000649,USR47711,MCH1196,2026-03-13 00:00:00,2026-04-13 00:00:00,1174.17,item not received,user says upi pin was not entered by them.,IN_PROGRESS,2026-05-11 02:50:07,MEDIUM,IVR,CBK0001943,TXN00000649,USR 47711,MCH1196,0,0,0,0,0,0,0,0
CBK0001177,TXN00004028,USR95524,MCH7017,2026-06-02 00:00:00,2026-02-09 00:00:00,0.2255,amount mismatch,Customer says amount was debited twice.,In Progress,2026-03-01 00:00:00,HIGH,IVR,CBK0001177,TXN00004028,USR95524,MCH7017,0,0,0,0,0,0,0,1
CBK0002055,TXN00004686,USR87013,MCH3011,2026-01-06 00:33:00,2026-01-07 00:00:00,1634.47,customer issue,USER CLAIMS ACCOUNT WAS COMPROMISED BEFORE TRANSACTION.,CLOSED,2026-01-27 00:00:00,MEDIUM,Call Center,CBK0002055,TXN00004686,usr87013,MCH3011,0,0,0,0,0,0,0,0
CBK0000104,TXN00010908,USR70176,MCH5980,2026-02-19 00:00:00,2026-02-22 17:53:00,608.69,double debit,CUSTOMER SAYS TRANSACTION WAS NOT AUTHORIZED.,Rejected,2026-09-03 00:00:00,LOW,Branch,CBK0000104,TXN00010908,USR70176,MCH5980,0,0,0,0,0,0,0,0
CBK0002489,,USR88037,MCH4590,2026-03-13 00:00:00,2026-03-09 00:00:00,1315.92,DUP_DEBIT,Suspicious high-value payment disputed by customer.,Resolved,2026-03-17 00:00:00,MEDIUM,CHATBOT,CBK0002489,,USR88037,MCH4590,0,0,1,0,0,0,0,0
CBK0000154,TXN00011689,USR92364,MCH2569,2026-03-07 00:00:00,2026-03-14 22:06:34,473.27,not delivered,User reports money deducted but merchant denies receiving payment.,REJECTED,2026-03-23 00:00:00,LOW,ivr,CBK0000154,TXN00011689,usr92364,MCH2569,0,0,0,0,0,0,0,0
CBK0001635,TXN00008467,USR70836,MCH6914,2026-03-11 00:00:00,2026-03-14 10:21:00,-1016.94,scam,Customer says amount was debited twice.,Closed,2026-03-21 00:00:00,MEDIUM,Call Center,CBK0001635,TXN00008467,USR70836,MCH6914,1,0,0,0,0,0,0,0
CBK0002756,TXN00003850,USR52907,1919,2026-03-06 00:00:00,2026-04-20 18:06:08,5978.59,charged twice,Suspicious high-value payment disputed by customer.,REJECTED,2026-05-12 18:06:08,LOW,IVR,CBK0002756,TXN00003850,USR52907,1919,0,0,0,0,0,0,0,0
CBK0000892,TXN00019345,USR99727,MCH8400,2026-03-06 01:42:03,2026-06-03 00:00:00,-393.4,Account Takeover,Merchant service was not delivered after payment.,PENDING_BANK,,MEDIUM,Branch,CBK0000892,TXN00019345,USR99727,MCH 8400,1,0,0,0,0,1,0,0
CBK0000445,TXN00013230,USR28772,MCH3727,2026-01-18 00:00:00,2026-01-22 00:00:00,1323.41,item not received,customer complaint text unclear due to poor call center notes.,In Progress,,LOW,CHATBOT,CBK0000445,TXN00013230,USR28772,MCH3727,0,0,0,0,0,1,0,0
CBK0000845,TXN00009880,USR90298,MCH5574,2026-01-25 22:25:35,2026-01-28 00:00:00,731.59,suspicious transaction,User says UPI PIN was not entered by them.,CLOSED,2026-02-11 19:25:35,CRITICAL,IVR,CBK0000845,TXN00009880,usr90298,MCH 5574,0,0,0,0,0,0,1,0
CBK0001262,TXN00010454,USR21439,MCH7751,2026-03-15 00:00:00,2026-03-30 22:30:00,470.39,unauthorized_transaction,Customer complaint text unclear due to poor call center notes.,RESOLVED,2026-04-11 22:30:00,LOW,Call Center,CBK0001262,TXN00010454,USR21439,MCH7751,0,0,0,0,0,0,0,0
CBK0000862,TXN00002240,USR-25056,MCH6810,2026-03-23 00:00:00,2026-03-26 00:00:00,401.02,Wrong Amount,User claims account was compromised before transaction.,CLOSED,2026-04-21 10:54:00,MEDIUM,Call Center,CBK0000862,TXN00002240,USR-25056,MCH6810,0,0,0,0,0,0,0,0
CBK0000981,TXN00009791,USR68023,MCH2433,2026-01-11 00:00:00,2026-01-14 00:00:00,807.97,DUP_DEBIT,Payment made to unknown merchant as per customer statement.,Closed,2026-01-22 00:00:00,LOW,ivr,CBK0000981,TXN00009791,USR68023,MCH2433,0,0,0,0,0,0,0,0
CBK0001975,TXN00019834,USR-32424,MCH5954,2026-01-11 00:00:00,2026-01-14 00:00:00,41457.94,FRAUD,Customer says amount was debited twice.,RESOLVED,2026-02-06 00:00:00,LOW,Branch,CBK0001975,TXN00019834,USR-32424,MCH5954,0,0,0,0,0,0,0,0
CBK0001523,TXN00010463,USR76129,MCH3006,2026-01-15 00:00:00,2026-01-23 03:12:56,,not done by me,Customer says amount was debited twice.,IN_PROGRESS,,MEDIUM,Call Center,CBK0001523,TXN00010463,USR76129,MCH3006,0,1,0,0,0,1,0,0
CBK0000671,TXN00004668,USR54740,MCH4646,,2026-03-18 13:09:02,,complaint,Customer says amount was debited twice.,CLOSED,2026-03-22 00:00:00,MEDIUM,ivr,CBK0000671,TXN00004668,USR54740,mch4646,0,1,0,1,0,0,0,0
CBK0001669,TXN00017590,USR41522,MCH4473,2026-01-27 08:27:52,2026-01-29 00:00:00,740.63,Duplicate Debit,Complaint received after multiple failed attempts.,WIP,2026-02-27 00:00:00,MEDIUM,Call Center,CBK0001669,TXN00017590,USR41522,MCH4473,0,0,0,0,0,0,0,0
CBK0001823,,USR32406,MCH8595,2026-02-13 04:08:53,2026-02-16 21:08:53,3940.26,extra amount deducted,Customer complaint text unclear due to poor call center notes.,Pending Bank,2026-10-03 00:00:00,LOW,Email,CBK0001823,,usr32406,MCH8595,0,0,1,0,0,0,0,0
CBK0001608,TXN00019683,USR20968,MCH4899,2026-02-14 00:00:00,2026-03-02 15:14:00,-363.03,complaint,USER REPORTS MONEY DEDUCTED BUT MERCHANT DENIES RECEIVING PAYMENT.,WIP,2026-03-11 00:00:00,MEDIUM,Email,CBK0001608,TXN00019683,USR20968,MCH4899,1,0,0,0,0,0,0,0
CBK0000198,TXN00019042,USR16744,MCH8391,2026-02-22 00:00:00,2026-03-25 15:25:13,1241.09,Fraud Suspected,User says UPI PIN was not entered by them.,Closed,2026-04-24 15:25:13,MEDIUM,IVR,CBK0000198,TXN00019042,USR16744,MCH8391,0,0,0,0,0,0,0,0
CBK0000573,TXN00005006,USR65253,MCH5655,2026-04-01 00:00:00,2026-01-07 00:00:00,216.3,FRAUD,Suspicious high-value payment disputed by customer.,Pending Bank,2026-01-22 00:00:00,LOW,CHATBOT,CBK0000573,TXN00005006,USR65253,MCH5655,0,0,0,0,0,0,0,0
CBK0000621,TXN59284,USR96201,MCH6056,2026-01-12 09:54:00,2026-01-15 00:00:00,0.1857,suspicious transaction,Customer says transaction was not authorized.,REJECTED,,MEDIUM,Branch,CBK0000621,TXN59284,USR 96201,MCH 6056,0,0,0,0,0,1,0,0
CBK0002266,TXN00009068,USR70505,MCH8037,2026-03-25 00:00:00,2026-03-20 00:00:00,0.15,unauthorized_transaction,complaint received after multiple failed attempts.,RESOLVED,2026-03-31 00:00:00,HIGH,IVR,CBK0002266,TXN00009068,USR 70505,mch8037,0,0,0,0,0,0,0,1
CBK0000786,TXN00000679,USR22762,MCH2342,2026-03-14 00:00:00,2026-03-15 07:28:00,4474.08,unauth txn,payment made to unknown merchant as per customer statement.,OPEN,2026-02-04 00:00:00,HIGH,ivr,CBK0000786,TXN00000679,USR22762,mch2342,0,0,0,0,0,0,0,1
CBK0002074,TXN00000823,USR21224,MCH2266,2026-03-15 05:37:00,2026-03-17 04:37:11,4418.82,customer issue,CUSTOMER SAYS AMOUNT WAS DEBITED TWICE.,OPEN,,MEDIUM,App,CBK0002074,TXN00000823,usr21224,MCH2266,0,0,0,0,0,1,0,0
CBK0000463,TXN00017663,USR67399,MCH7286,2026-01-11 00:00:00,2026-01-17 00:24:23,8257.96,delivery issue,Customer says amount was debited twice.,WIP,2026-02-03 00:00:00,HIGH,ivr,CBK0000463,TXN00017663,USR67399,MCH-7286,0,0,0,0,0,0,0,1
CBK0001768,,USR27328,MCH9291,2026-01-03 00:00:00,2026-01-09 00:00:00,7478.21,amount mismatch,Suspicious high-value payment disputed by customer.,Resolved,,MEDIUM,IVR,CBK0001768,,USR27328,MCH9291,0,0,1,0,0,1,0,0
CBK0002458,TXN00016001,USR-25348,MCH7859,2026-02-15 15:36:38,2026-02-20 00:00:00,992.78,ATO,Payment made to unknown merchant as per customer statement.,Resolved,2026-03-06 15:36:38,MEDIUM,chatbot,CBK0002458,TXN00016001,USR-25348,MCH7859,0,0,0,0,0,0,0,0
CBK0002584,TXN00014405,USR78603,MCH8391,2026-01-17 00:00:00,,6441.32,complaint,Customer says amount was debited twice.,Closed,2026-02-03 03:04:42,LOW,IVR,CBK0002584,TXN00014405,USR78603,MCH 8391,0,0,0,0,1,0,0,0
CBK0000885,TXN00005367,USR25239,2903,,2026-01-29 00:00:00,0.734,complaint,Complaint received after multiple failed attempts.,Resolved,,LOW,IVR,CBK0000885,TXN00005367,USR25239,2903,0,0,0,1,0,1,0,0
CBK0000395,TXN00019343,USR25559,MCH6850,2026-02-14 00:00:00,2026-02-17 08:20:00,4178.65,Duplicate Debit,Customer says amount was debited twice.,Pending Bank,,CRITICAL,Call Center,CBK0000395,TXN00019343,USR25559,MCH6850,0,0,0,0,0,1,1,0
CBK0002791,TXN00015597,USR82439,MCH6037,2026-01-19 00:00:00,2026-01-24 00:00:00,5141.83,account hacked,complaint received after multiple failed attempts.,CLOSED,2026-02-20 00:00:00,LOW,Call Center,CBK0002791,TXN00015597,usr82439,mch6037,0,0,0,0,0,0,0,0
CBK0002669,TXN00019872,USR24991,MCH4473,2026-02-28 00:00:00,2026-03-10 00:00:00,2597.87,incorrect amount,User says UPI PIN was not entered by them.,IN_PROGRESS,2026-03-27 12:32:00,MEDIUM,chatbot,CBK0002669,TXN00019872,USR 24991,MCH4473,0,0,0,0,0,0,0,0
CBK0001044,TXN00017041,USR46644,2822,2026-03-16 00:00:00,2026-03-17 00:00:00,-768.89,ATO,PAYMENT MADE TO UNKNOWN MERCHANT AS PER CUSTOMER STATEMENT.,IN_PROGRESS,,HIGH,chatbot,CBK0001044,TXN00017041,USR46644,2822,1,0,0,0,0,1,0,1
CBK0000014,TXN00006433,USR59260,MCH7254,2026-03-17 00:00:00,2026-03-24 00:00:00,468.43,suspicious transaction,User says UPI PIN was not entered by them.,Resolved,2026-03-30 00:00:00,HIGH,Branch,CBK0000014,TXN00006433,USR59260,MCH7254,0,0,0,0,0,0,0,1
CBK0000546,TXN00015015,USR64208,MCH3613,2026-03-19 10:37:17,2026-03-21 07:37:17,1247.41,Fraud Suspected,User reports money deducted but merchant denies receiving payment.,CLOSED,2026-04-12 07:37:17,MEDIUM,CHATBOT,CBK0000546,TXN00015015,USR64208,MCH3613,0,0,0,0,0,0,0,0
CBK0000365,TXN50079,USR19852,MCH7962,2026-09-01 00:00:00,2026-01-10 21:54:00,2659.07,FRAUD,Customer complaint text unclear due to poor call center notes.,WIP,2026-01-26 00:00:00,LOW,IVR,CBK0000365,TXN50079,USR19852,MCH 7962,0,0,0,0,0,0,0,0
CBK0000052,TXN00002289,USR12120,MCH6097,2026-02-03 19:27:00,2026-02-06 16:27:24,0.397,charged twice,Customer complaint text unclear due to poor call center notes.,Closed,,LOW,Branch,CBK0000052,TXN00002289,USR12120,MCH6097,0,0,0,0,0,1,0,0
CBK0002106,TXN00000751,USR_78076,MCH4328,2026-02-04 00:00:00,2026-02-06 00:00:00,3107.33,UNAUTHORISED,Complaint received after multiple failed attempts.,Pending Bank,,MEDIUM,App,CBK0002106,TXN00000751,usr_78076,MCH4328,0,0,0,0,0,1,0,0
CBK0001518,TXN00015930,USR-24159,MCH7364,2026-10-02 00:00:00,2026-02-11 00:00:00,8611.05,no service,User says UPI PIN was not entered by them.,RESOLVED,,LOW,App,CBK0001518,TXN00015930,USR-24159,MCH7364,0,0,0,0,0,1,0,0
CBK0001873,TXN00015156,USR14556,MCH4153,2026-03-30 00:00:00,2026-04-10 00:00:00,743.67,Merchant Not Delivered,Customer complaint text unclear due to poor call center notes.,OPEN,,LOW,chatbot,CBK0001873,TXN00015156,USR14556,MCH4153,0,0,0,0,0,1,0,0
CBK0002145,TXN00013507,USR12300,1320,2026-01-03 15:18:11,2026-01-08 00:00:00,384.66,extra amount deducted,user reports money deducted but merchant denies receiving payment.,Pending Bank,2026-01-31 00:00:00,MEDIUM,ivr,CBK0002145,TXN00013507,USR12300,1320,0,0,0,0,0,0,0,0
CBK0000346,TXN00019000,USR70482,MCH9834,2026-01-07 00:00:00,,595.88,service failed,Complaint received after multiple failed attempts.,REJECTED,2026-03-01 10:53:00,LOW,IVR,CBK0000346,TXN00019000,USR70482,MCH9834,0,0,0,0,1,0,0,0
CBK0000518,TXN00019651,USR-43011,MCH8391,2026-02-17 08:25:20,2026-02-13 00:00:00,7485.82,fraud,USER SAYS UPI PIN WAS NOT ENTERED BY THEM.,REJECTED,2026-03-07 00:00:00,HIGH,IVR,CBK0000518,TXN00019651,USR-43011,MCH8391,0,0,0,0,0,0,0,1
CBK0001990,TXN00013175,USR40088,MCH2076,2026-03-29 13:19:19,2026-04-13 15:19:00,0.917,account hacked,User says UPI PIN was not entered by them.,IN_PROGRESS,,HIGH,Email,CBK0001990,TXN00013175,USR40088,MCH2076,0,0,0,0,0,1,0,1
CBK0000392,TXN00012439,USR38698,MCH3682,2026-02-09 00:00:00,2026-02-11 00:00:00,1778.59,Merchant Not Delivered,Suspicious high-value payment disputed by customer.,Rejected,,MEDIUM,IVR,CBK0000392,TXN00012439,USR38698,mch3682,0,0,0,0,0,1,0,0
CBK0001163,TXN00015098,USR22550,MCH3992,2026-01-03 07:07:35,2026-01-06 00:00:00,862.23,Wrong Amount,User reports money deducted but merchant denies receiving payment.,PENDING_BANK,2026-01-28 08:07:35,LOW,Email,CBK0001163,TXN00015098,USR22550,MCH3992,0,0,0,0,0,0,0,0
CBK0000271,TXN00002677,USR94094,MCH6810,2026-01-07 08:03:00,,-12852.7,dispute raised,Payment made to unknown merchant as per customer statement.,PENDING_BANK,2026-01-30 00:00:00,MEDIUM,Email,CBK0000271,TXN00002677,USR 94094,MCH6810,1,0,0,0,1,0,0,0
CBK0001550,TXN00019667,USR_69706,MCH1489,2026-03-16 00:00:00,2026-03-17 23:14:00,,complaint,Complaint received after multiple failed attempts.,IN_PROGRESS,2026-03-30 00:00:00,MEDIUM,CHATBOT,CBK0001550,TXN00019667,usr_69706,MCH1489,0,1,0,0,0,0,0,0
CBK0001538,TXN00007658,USR99769,MCH5655,,2026-03-12 00:00:00,-2100.66,complaint,Payment made to unknown merchant as per customer statement.,PENDING_BANK,2026-03-14 00:00:00,MEDIUM,App,CBK0001538,TXN00007658,USR99769,MCH5655,1,0,0,1,0,0,0,0
CBK0002298,TXN00017266,USR-66122,MCH2822,2026-01-20 01:05:38,2026-01-30 00:00:00,260.19,FRAUD,User says UPI PIN was not entered by them.,Pending Bank,,HIGH,App,CBK0002298,TXN00017266,USR-66122,MCH2822,0,0,0,0,0,1,0,1
CBK0001034,TXN00017915,USR_65211,MCH7357,2026-02-02 00:00:00,2026-02-08 00:00:00,1532.42,service failed,Customer complaint text unclear due to poor call center notes. urgent,REJECTED,2026-03-07 06:28:19,MEDIUM,ivr,CBK0001034,TXN00017915,usr_65211,mch7357,0,0,0,0,0,0,0,0
CBK0001526,TXN00000871,45479,MCH8259,2026-01-04 07:14:00,2026-01-11 00:00:00,589.34,Customer Dispute,customer says transaction was not authorized.,RESOLVED,,CRITICAL,Email,CBK0001526,TXN00000871,45479,mch8259,0,0,0,0,0,1,1,0
CBK0002297,TXN00013147,USR10842,MCH2327,2026-03-29 08:55:00,2026-04-02 00:00:00,4819.26,ATO,Complaint received after multiple failed attempts.,WIP,,LOW,Call Center,CBK0002297,TXN00013147,USR10842,MCH2327,0,0,0,0,0,1,0,0
CBK0001810,TXN00004960,USR99526,MCH3990,2026-03-28 00:00:00,2026-04-27 22:27:53,1327.87,merchant service issue,User says UPI PIN was not entered by them.,CLOSED,2026-05-02 00:00:00,LOW,App,CBK0001810,TXN00004960,USR99526,mch3990,0,0,0,0,0,0,0,0
CBK0000684,TXN00017791,USR21714,MCH2319,2026-02-12 00:00:00,2026-02-20 00:00:00,2658.78,unauthorized_transaction,user claims account was compromised before transaction.,PENDING_BANK,2026-03-07 00:00:00,MEDIUM,Email,CBK0000684,TXN00017791,USR21714,MCH2319,0,0,0,0,0,0,0,0
CBK0002500,TXN00001461,USR25808,MCH6058,2026-03-13 00:00:00,,740.03,extra amount deducted,Merchant service was not delivered after payment. details missing,PENDING_BANK,2026-03-16 00:00:00,MEDIUM,CHATBOT,CBK0002500,TXN00001461,usr25808,MCH6058,0,0,0,0,1,0,0,0
CBK0000962,,USR_21384,MCH8160,2026-03-09 00:00:00,2026-03-12 00:00:00,6282.15,not done by me,Customer says amount was debited twice. pls check asap,Closed,2026-03-25 00:00:00,MEDIUM,CHATBOT,CBK0000962,,usr_21384,MCH8160,0,0,1,0,0,0,0,0
CBK0001781,TXN00007749,USR_87914,MCH9316,2026-03-31 00:00:00,2026-04-07 00:00:00,1287.86,double debit,User reports money deducted but merchant denies receiving payment.,WIP,,HIGH,Email,CBK0001781,TXN00007749,usr_87914,MCH 9316,0,0,0,0,0,1,0,1
CBK0001231,TXN00001392,USR68023,MCH4246,2026-01-14 05:07:55,2026-01-16 18:07:55,508.21,delivery issue,Merchant service was not delivered after payment.,WIP,2026-02-04 00:00:00,MEDIUM,App,CBK0001231,TXN00001392,USR 68023,MCH4246,0,0,0,0,0,0,0,0
CBK0001832,TXN95203,USR-76886,MCH4590,2026-10-02 00:00:00,2026-02-13 00:00:00,3668.05,double debit,Complaint received after multiple failed attempts.,Open,2026-03-02 06:18:49,HIGH,ivr,CBK0001832,TXN95203,USR-76886,MCH 4590,0,0,0,0,0,0,0,1
CBK0001393,TXN00004549,USR66391,MCH2802,2026-03-10 00:00:00,2026-03-16 00:00:00,1639.85,amount mismatch,Customer complaint text unclear due to poor call center notes.,Open,2026-04-02 00:00:00,HIGH,CHATBOT,CBK0001393,TXN00004549,USR66391,MCH2802,0,0,0,0,0,0,0,1
CBK0001633,,USR69513,MCH6502,,2026-02-18 00:00:00,0.2553,not done by me,Payment made to unknown merchant as per customer statement.,PENDING_BANK,2026-02-27 00:00:00,HIGH,App,CBK0001633,,USR69513,MCH 6502,0,0,1,1,0,0,0,1
CBK0000555,TXN00010709,61652,MCH3388,2026-03-01 00:00:00,2026-04-03 00:00:00,372.66,Service Not Provided,customer complaint text unclear due to poor call center notes.,CLOSED,2026-03-21 00:00:00,MEDIUM,Call Center,CBK0000555,TXN00010709,61652,MCH 3388,0,0,0,0,0,0,0,0
CBK0002452,TXN00016739,USR_87040,8521,2026-01-31 00:00:00,2026-02-06 14:44:00,10606.78,suspicious transaction,User reports money deducted but merchant denies receiving payment.,Pending Bank,2026-02-15 14:44:00,LOW,Call Center,CBK0002452,TXN00016739,usr_87040,8521,0,0,0,0,0,0,0,0
CBK0002410,TXN00010646,USR89422,7235,2026-02-06 00:00:00,2026-02-11 00:00:00,12234.17,no service,Customer complaint text unclear due to poor call center notes.,In Progress,2026-02-11 00:00:00,LOW,CHATBOT,CBK0002410,TXN00010646,USR89422,7235,0,0,0,0,0,0,0,0
CBK0001429,TXN-00002466,USR_67833,MCH9464,2026-03-31 00:00:00,2026-03-04 00:00:00,3099.92,Unauthorized Transaction,User says UPI PIN was not entered by them.,Resolved,2026-04-22 00:00:00,CRITICAL,Branch,CBK0001429,txn-00002466,usr_67833,mch9464,0,0,0,0,0,0,1,0
CBK0001612,TXN00014722,USR65193,MCH2065,2026-01-19 00:00:00,2026-01-22 11:17:44,336.91,FRAUD,Complaint received after multiple failed attempts.,WIP,2026-02-04 11:17:44,MEDIUM,CHATBOT,CBK0001612,TXN00014722,USR65193,MCH2065,0,0,0,0,0,0,0,0
CBK0001102,TXN00011957,USR73976,MCH5980,2026-03-24 00:49:47,2026-03-25 15:49:00,3402.48,ATO,Customer says amount was debited twice.,Open,,LOW,IVR,CBK0001102,TXN00011957,USR73976,mch5980,0,0,0,0,0,1,0,0
CBK0001642,TXN00010479,USR22574,MCH9738,2026-01-16 00:00:00,2026-01-18 02:57:54,3691.3,UNAUTHORISED,Customer says transaction was not authorized.,CLOSED,2026-02-17 02:57:54,MEDIUM,Email,CBK0001642,TXN00010479,USR22574,MCH9738,0,0,0,0,0,0,0,0
CBK0002208,TXN00006710,USR27567,MCH1708,2026-03-03 00:00:00,,12811.39,DUP_DEBIT,Customer says transaction was not authorized.,Rejected,2026-03-23 12:32:00,HIGH,ivr,CBK0002208,TXN00006710,USR27567,MCH1708,0,0,0,0,1,0,0,1
CBK0002081,TXN00007014,USR43464,MCH9155,2026-01-12 00:00:00,2026-01-14 11:53:14,1748.13,dispute raised,User reports money deducted but merchant denies receiving payment.,In Progress,2026-01-17 00:00:00,LOW,ivr,CBK0002081,TXN00007014,USR43464,MCH9155,0,0,0,0,0,0,0,0
CBK0002643,TXN00011560,USR74311,MCH9291,2026-01-06 16:33:45,2026-01-22 11:33:45,2932.55,Merchant Not Delivered,Complaint received after multiple failed attempts.,REJECTED,2026-05-02 00:00:00,HIGH,CHATBOT,CBK0002643,TXN00011560,USR74311,MCH9291,0,0,0,0,0,0,0,1
CBK0001100,TXN58495,USR57427,MCH5101,2026-03-19 00:00:00,2026-04-04 00:00:00,543.72,charged twice,Merchant service was not delivered after payment.,Rejected,,HIGH,chatbot,CBK0001100,TXN58495,usr57427,mch5101,0,0,0,0,0,1,0,1
CBK0000016,TXN00013636,USR71660,MCH4806,2026-03-19 18:06:00,2026-03-22 07:06:10,0.8898,Customer Dispute,payment made to unknown merchant as per customer statement.,RESOLVED,2026-03-24 00:00:00,MEDIUM,Branch,CBK0000016,TXN00013636,USR71660,MCH4806,0,0,0,0,0,0,0,0
CBK0002228,TXN00018314,USR71704,MCH3815,2026-03-20 17:55:00,2026-03-21 12:55:00,1635.13,Merchant Not Delivered,Merchant service was not delivered after payment.,Pending Bank,2026-07-04 00:00:00,MEDIUM,Branch,CBK0002228,TXN00018314,USR 71704,mch3815,0,0,0,0,0,0,0,0
CBK0001211,,USR_53527,MCH4848,2026-03-27 00:00:00,2026-03-29 12:22:56,988.08,scam,Complaint received after multiple failed attempts.,Open,2026-04-11 00:00:00,HIGH,App,CBK0001211,,usr_53527,mch4848,0,0,1,0,0,0,0,1
CBK0001447,TXN00015239,USR59920,MCH4650,2026-02-17 00:00:00,2026-02-19 00:00:00,10770.37,charged twice,User says UPI PIN was not entered by them.,IN_PROGRESS,2026-02-19 00:00:00,LOW,Branch,CBK0001447,TXN00015239,USR59920,MCH-4650,0,0,0,0,0,0,0,0
CBK0001476,TXN00009355,USR74753,MCH9250,,2026-01-17 07:44:00,2786.42,Wrong Amount,User reports money deducted but merchant denies receiving payment.,Resolved,2026-01-18 00:00:00,MEDIUM,ivr,CBK0001476,TXN00009355,USR 74753,MCH 9250,0,0,0,1,0,0,0,0
CBK0002292,TXN00014118,USR56014,MCH1692,2026-01-06 00:00:00,2026-01-07 00:00:00,0.323,extra amount deducted,Merchant service was not delivered after payment.,Rejected,2026-01-29 00:00:00,MEDIUM,CHATBOT,CBK0002292,TXN00014118,USR56014,MCH1692,0,0,0,0,0,0,0,0
CBK0001345,TXN00016061,USR71319,MCH7074,2026-02-01 00:00:00,2026-01-05 00:00:00,-3106.54,service failed,USER SAYS UPI PIN WAS NOT ENTERED BY THEM.,REJECTED,2026-01-24 00:00:00,MEDIUM,ivr,CBK0001345,TXN00016061,USR71319,MCH7074,1,0,0,0,0,0,0,0
CBK0001200,TXN-00008369,USR34652,MCH1854,2026-03-09 13:02:31,2026-03-10 00:00:00,690.97,fraud,Payment made to unknown merchant as per cust statement.,Open,2026-03-13 00:00:00,MEDIUM,Call Center,CBK0001200,txn-00008369,USR34652,MCH1854,0,0,0,0,0,0,0,0
CBK0000280,TXN-00006257,USR14813,5918,,2026-01-05 00:00:00,350.52,no service,User says UPI PIN was not entered by them.,CLOSED,2026-01-30 01:29:00,MEDIUM,Email,CBK0000280,txn-00006257,USR14813,5918,0,0,0,1,0,0,0,0
CBK0001354,TXN00014155,USR29864,MCH9709,2026-02-01 00:00:00,2026-06-02 00:00:00,2193.93,DUP_DEBIT,Customer says amount was debited twice.,Resolved,2026-02-19 00:00:00,MEDIUM,Email,CBK0001354,TXN00014155,USR29864,MCH9709,0,0,0,0,0,0,0,0
CBK0001015,TXN00016813,USR32994,MCH3718,2026-03-06 17:47:01,,9012.82,charged twice,User reports money deducted but merchant denies receiving payment.,OPEN,,HIGH,Branch,CBK0001015,TXN00016813,USR32994,MCH3718,0,0,0,0,1,1,0,1
CBK0002601,TXN00008048,USR47942,3036,2026-02-07 03:19:43,2026-02-10 00:00:00,0.7477,Fraud Suspected,Payment made to unknown merchant as per customer statement.,IN_PROGRESS,2026-04-03 00:00:00,HIGH,ivr,CBK0002601,TXN00008048,usr47942,3036,0,0,0,0,0,0,0,1
CBK0001159,TXN00004247,USR78862,MCH9098,2026-01-30 00:00:00,,1908.75,no service,Merchant service was not delivered after payment. NA,WIP,,MEDIUM,chatbot,CBK0001159,TXN00004247,USR78862,mch9098,0,0,0,0,1,1,0,0
CBK0000535,TXN00013922,USR57069,MCH3346,2026-02-27 00:00:00,2026-03-04 00:00:00,,login compromised,Customer complaint text unclear due to poor call center notes.,IN_PROGRESS,2026-03-12 22:10:12,MEDIUM,App,CBK0000535,TXN00013922,USR57069,MCH3346,0,1,0,0,0,0,0,0
CBK0000581,TXN00007551,USR73632,MCH8435,2026-11-01 00:00:00,2026-01-14 00:00:00,1887.02,Duplicate Debit,merchant service was not delivered after payment.,Resolved,2026-01-28 00:00:00,MEDIUM,chatbot,CBK0000581,TXN00007551,USR73632,MCH8435,0,0,0,0,0,0,0,0
CBK0002148,TXN00006250,USR11419,MCH4680,2026-01-28 00:26:31,2026-01-29 00:00:00,836.39,customer issue,Payment made to unknown merchant as per customer statement.,WIP,2026-02-26 00:00:00,LOW,chatbot,CBK0002148,TXN00006250,USR11419,MCH4680,0,0,0,0,0,0,0,0
CBK0001882,TXN00001309,USR58639,MCH2755,2026-01-27 00:00:00,2026-01-29 03:01:00,,account hacked,suspicious high-value payment disputed by customer.,Pending Bank,,HIGH,Email,CBK0001882,TXN00001309,usr58639,MCH2755,0,1,0,0,0,1,0,1
CBK0000659,TXN00017737,USR53527,MCH3861,2026-11-02 00:00:00,2026-02-16 00:00:00,1419.1,customer issue,Payment made to unknown merchant as per customer statement.,CLOSED,2026-02-28 23:40:00,CRITICAL,chatbot,CBK0000659,TXN00017737,USR53527,MCH3861,0,0,0,0,0,0,1,0
CBK0001128,TXN00007988,USR69706,MCH2973,2026-11-01 00:00:00,2026-01-17 00:00:00,1309.6,Unauthorized Transaction,Merchant service was not delivered after payment.,Resolved,,LOW,IVR,CBK0001128,TXN00007988,USR69706,MCH2973,0,0,0,0,0,1,0,0
CBK0001019,TXN00010667,25121,MCH5175,2026-01-03 00:00:00,2026-03-02 09:12:00,276.61,customer issue,Complaint received after multiple failed attempts.,Open,2026-03-16 09:12:00,LOW,Email,CBK0001019,TXN00010667,25121,MCH5175,0,0,0,0,0,0,0,0
CBK0002025,TXN00011048,USR73065,MCH3751,2026-02-09 00:00:00,2026-02-11 00:00:00,946.11,dispute raised,Suspicious high-value payment disputed by customer.,CLOSED,2026-03-11 00:00:00,LOW,App,CBK0002025,TXN00011048,USR73065,MCH3751,0,0,0,0,0,0,0,0
CBK0000548,TXN00010219,USR53771,MCH4421,2026-03-03 00:00:00,2026-06-03 00:00:00,9344.29,unauthorized_transaction,customer says transaction was not authorized.,In Progress,2026-03-23 00:00:00,HIGH,chatbot,CBK0000548,TXN00010219,usr53771,MCH4421,0,0,0,0,0,0,0,1
CBK0001720,TXN-00009955,USR71375,MCH7982,2026-03-04 05:18:00,2026-03-11 00:00:00,2132.38,Merchant Not Delivered,user claims account was compromised before transaction.,PENDING_BANK,,MEDIUM,chatbot,CBK0001720,txn-00009955,USR71375,MCH7982,0,0,0,0,0,1,0,0
CBK0002283,TXN00010523,USR84010,MCH6886,2026-02-22 02:27:40,2026-02-25 00:00:00,907.87,amount mismatch,Customer complaint text unclear due to poor call center notes.,WIP,,HIGH,App,CBK0002283,TXN00010523,USR84010,MCH6886,0,0,0,0,0,1,0,1
CBK0000008,TXN00010497,USR15241,MCH2822,2026-02-10 00:00:00,2026-02-15 00:00:00,1549.8,ATO,Merchant service was not delivered after payment.,Pending Bank,2026-02-16 00:00:00,MEDIUM,chatbot,CBK0000008,TXN00010497,USR15241,MCH2822,0,0,0,0,0,0,0,0
CBK0000850,TXN00013581,USR49649,MCH8251,2026-01-09 00:00:00,2026-01-09 22:29:08,162.44,FRAUD,Payment made to unknown merchant as per customer statement.,CLOSED,2026-01-24 22:29:00,LOW,chatbot,CBK0000850,TXN00013581,USR 49649,mch8251,0,0,0,0,0,0,0,0
CBK0002122,TXN00015416,USR51198,MCH5655,2026-02-07 00:00:00,2026-02-09 00:00:00,4100.6,incorrect amount,Merchant service was not delivered after payment.,REJECTED,,LOW,Email,CBK0002122,TXN00015416,USR51198,MCH5655,0,0,0,0,0,1,0,0
CBK0002649,TXN00007227,USR_18102,MCH8436,2026-03-03 00:00:00,2026-03-06 08:40:00,3120.43,no service,Payment made to unknown merchant as per customer statement.,Rejected,2026-03-15 00:00:00,MEDIUM,Email,CBK0002649,TXN00007227,usr_18102,MCH8436,0,0,0,0,0,0,0,0
CBK0002301,TXN00016200,USR35882,MCH8547,2026-01-20 15:12:31,2026-01-22 03:12:00,1071.38,Merchant Not Delivered,Suspicious high-value payment disputed by customer.,Closed,2026-07-02 00:00:00,HIGH,Email,CBK0002301,TXN00016200,USR35882,MCH8547,0,0,0,0,0,0,0,1
CBK0001793,TXN00004370,USR75457,MCH8779,2026-01-24 00:00:00,2026-01-30 00:00:00,733.59,UNAUTHORISED,user claims account was compromised before transaction.,Pending Bank,2026-02-16 00:00:00,MEDIUM,ivr,CBK0001793,TXN00004370,USR75457,MCH8779,0,0,0,0,0,0,0,0
CBK0002022,TXN00011522,USR85266,MCH4641,,,1768.79,item not received,User claims account was compromised before transaction.,Pending Bank,2026-05-01 00:00:00,HIGH,App,CBK0002022,TXN00011522,USR 85266,MCH4641,0,0,0,1,1,0,0,1
CBK0001053,TXN00012989,USR53359,MCH4181,2026-02-22 00:00:00,2026-02-28 09:07:48,2439.31,dispute raised,Customer says transaction was not authorized.,In Progress,2026-03-21 00:00:00,LOW,Branch,CBK0001053,TXN00012989,USR53359,MCH4181,0,0,0,0,0,0,0,0
CBK0000766,TXN00012205,USR25990,4590,2026-01-08 15:49:00,,2093.79,item not received,Customer complaint text unclear due to poor call center notes.,PENDING_BANK,2026-02-09 00:00:00,MEDIUM,Branch,CBK0000766,TXN00012205,USR25990,4590,0,0,0,0,1,0,0,0
CBK0002308,TXN00006966,USR87795,MCH4912,2026-11-02 00:00:00,2026-02-12 20:09:09,645.29,no service,Customer says transaction was not authorized.,In Progress,2026-02-17 00:00:00,MEDIUM,Email,CBK0002308,TXN00006966,USR 87795,MCH4912,0,0,0,0,0,0,0,0
CBK0001472,TXN00015404,USR62254,MCH1722,2026-03-29 00:00:00,2026-03-30 00:00:00,1356.41,dispute raised,user says upi pin was not entered by them.,Open,2026-03-31 17:46:38,LOW,App,CBK0001472,TXN00015404,usr62254,MCH1722,0,0,0,0,0,0,0,0
CBK0001737,TXN35157,USR51742,MCH3992,2026-01-22 00:00:00,,4673.28,Account Takeover,Customer says transaction was not authorized.,Closed,,CRITICAL,App,CBK0001737,TXN35157,USR 51742,MCH3992,0,0,0,0,1,1,1,0
CBK0000416,TXN00011455,USR31649,MCH3367,2026-03-15 00:00:00,2026-03-17 00:00:00,-5856.29,fraud,User claims account was compromised before transaction.,RESOLVED,2026-03-19 00:00:00,MEDIUM,Branch,CBK0000416,TXN00011455,USR31649,MCH3367,1,0,0,0,0,0,0,0
CBK0001659,TXN00013503,USR75281,MCH8953,2026-03-29 00:00:00,2026-04-01 23:21:32,2276.34,no service,Customer says transaction was not authorized.,Rejected,,MEDIUM,Call Center,CBK0001659,TXN00013503,USR75281,MCH 8953,0,0,0,0,0,1,0,0
CBK0001784,TXN00013078,USR21865,MCH5686,,2026-03-11 16:33:33,0.26923,Customer Dispute,Complaint received after multiple failed attempts.,IN_PROGRESS,2026-03-25 00:00:00,HIGH,Call Center,CBK0001784,TXN00013078,USR21865,MCH5686,0,0,0,1,0,0,0,1
CBK0001450,TXN00009783,USR_83126,MCH9291,2026-01-24 22:52:00,2026-01-30 00:00:00,2123.46,Duplicate Debit,User says UPI PIN was not entered by them.,CLOSED,2026-02-15 00:00:00,MEDIUM,chatbot,CBK0001450,TXN00009783,usr_83126,MCH9291,0,0,0,0,0,0,0,0
CBK0002715,TXN00004748,USR44569,MCH3100,2026-02-09 00:00:00,2026-02-09 00:00:00,3976.68,item not received,Payment made to unknown merchant as per cust statement.,Closed,2026-02-25 00:00:00,LOW,Email,CBK0002715,TXN00004748,USR44569,MCH3100,0,0,0,0,0,0,0,0
CBK0001083,TXN00012710,USR93300,MCH8278,2026-03-31 09:56:13,2026-04-04 00:00:00,1691.84,delivery issue,Customer says transaction was not authorized. NA,IN_PROGRESS,,LOW,Call Center,CBK0001083,TXN00012710,USR93300,MCH8278,0,0,0,0,0,1,0,0
CBK0001401,TXN00005811,USR43185,MCH1236,2026-02-17 19:01:40,2026-02-18 20:01:40,636.43,incorrect amount,user says upi pin was not entered by them.,Closed,,MEDIUM,chatbot,CBK0001401,TXN00005811,USR43185,MCH1236,0,0,0,0,0,1,0,0
CBK0002028,TXN00013363,USR79366,MCH1123,2026-02-15 00:00:00,,0.74,dispute raised,User claims account was compromised before transaction.,REJECTED,2026-02-27 00:00:00,LOW,CHATBOT,CBK0002028,TXN00013363,USR79366,mch1123,0,0,0,0,1,0,0,0
CBK0001705,TXN00019762,USR21831,MCH4473,2026-01-29 00:00:00,2026-02-01 11:13:12,978.26,fraud,User claims account was compromised before transaction.,RESOLVED,2026-02-13 00:00:00,HIGH,Email,CBK0001705,TXN00019762,USR21831,MCH4473,0,0,0,0,0,0,0,1
CBK0002651,TXN00011973,USR_27533,MCH7670,2026-02-16 20:01:15,2026-02-19 15:01:15,50.0,item not received,Payment made to unknown merchant as per customer statement.,OPEN,2026-02-26 15:01:15,HIGH,Branch,CBK0002651,TXN00011973,usr_27533,MCH7670,0,0,0,0,0,0,0,1
CBK0000233,TXN00018991,USR98336,MCH7031,2026-02-17 00:00:00,2026-02-23 00:00:00,5661.32,unauth txn,Customer complaint text unclear due to poor call center notes.,Open,2026-03-23 17:03:00,MEDIUM,IVR,CBK0000233,TXN00018991,USR 98336,MCH7031,0,0,0,0,0,0,0,0
CBK0002624,TXN00001580,USR72987,MCH6380,2026-01-18 00:00:00,2026-01-22 00:00:00,19958.58,Unauthorized Transaction,Customer complaint text unclear due to poor call center notes.,Pending Bank,2026-01-25 01:58:32,CRITICAL,App,CBK0002624,TXN00001580,USR72987,MCH6380,0,0,0,0,0,0,1,0
CBK0000713,TXN00015731,USR42970,MCH8779,2026-02-08 00:00:00,2026-02-11 00:00:00,,customer issue,user says upi pin was not entered by them.,Open,2026-03-03 18:11:53,HIGH,Email,CBK0000713,TXN00015731,USR42970,MCH8779,0,1,0,0,0,0,0,1
CBK0002349,TXN00003229,USR-86279,MCH1006,2026-02-21 00:00:00,2026-02-26 12:36:19,12194.3,double debit,User reports money deducted but merchant denies receiving payment.,WIP,2026-03-25 00:00:00,MEDIUM,chatbot,CBK0002349,TXN00003229,USR-86279,MCH1006,0,0,0,0,0,0,0,0
CBK0001368,TXN00017555,USR49364,MCH8953,2026-01-24 07:12:30,,2069.43,Unauthorized Transaction,user reports money deducted but merchant denies receiving payment.,Open,2026-02-14 00:00:00,LOW,chatbot,CBK0001368,TXN00017555,USR 49364,MCH8953,0,0,0,0,1,0,0,0
CBK0002527,TXN00014880,USR22078,MCH5647,2026-01-13 00:00:00,,3936.04,unauth txn,Payment made to unknown merchant as per customer statement.,Resolved,2026-02-02 00:00:00,MEDIUM,Email,CBK0002527,TXN00014880,USR22078,MCH5647,0,0,0,0,1,0,0,0
CBK0000355,TXN00010372,USR64774,MCH3196,2026-03-08 13:27:13,2026-03-23 00:00:00,307.0,UNAUTHORISED,CUSTOMER SAYS TRANSACTION WAS NOT AUTHORIZED.,IN_PROGRESS,2026-11-04 00:00:00,CRITICAL,IVR,CBK0000355,TXN00010372,USR64774,MCH3196,0,0,0,0,0,0,1,0
CBK0000500,TXN00002450,USR53546,7357,2026-01-21 00:00:00,2026-01-23 00:00:00,896.7,amount mismatch,User claims account was compromised before transaction.,Pending Bank,,MEDIUM,CHATBOT,CBK0000500,TXN00002450,usr53546,7357,0,0,0,0,0,1,0,0
CBK0000213,TXN00019537,USR55133,MCH1458,2026-02-15 00:00:00,2026-02-15 13:11:18,613.06,customer issue,User reports money deducted but merchant denies receiving payment. NA,Rejected,2026-02-15 00:00:00,MEDIUM,Call Center,CBK0000213,TXN00019537,USR55133,MCH1458,0,0,0,0,0,0,0,0
CBK0000214,TXN00000769,USR93581,MCH6844,2026-03-18 00:00:00,,509.24,extra amount deducted,User claims account was compromised before transaction.,OPEN,2026-04-06 00:00:00,MEDIUM,IVR,CBK0000214,TXN00000769,usr93581,MCH6844,0,0,0,0,1,0,0,0
CBK0000577,,USR81643,MCH3563,2026-01-11 04:14:50,2026-01-11 00:00:00,,Service Not Provided,Customer says transaction was not authorized.,OPEN,2026-01-29 00:00:00,LOW,Branch,CBK0000577,,USR81643,MCH3563,0,1,1,0,0,0,0,0
CBK0001437,TXN00009735,USR48653,MCH3671,2026-02-04 00:00:00,2026-02-07 00:00:00,1222.97,item not received,Customer complaint text unclear due to poor call center notes.,Pending Bank,2026-02-15 00:00:00,HIGH,chatbot,CBK0001437,TXN00009735,usr48653,MCH3671,0,0,0,0,0,0,0,1
CBK0000992,TXN00000272,USR31026,MCH2646,2026-01-03 12:44:24,,0.925,account hacked,User claims account was compromised before transaction.,Pending Bank,2026-01-25 00:00:00,MEDIUM,Branch,CBK0000992,TXN00000272,USR31026,MCH2646,0,0,0,0,1,0,0,0
CBK0000628,TXN00004074,USR56605,MCH8953,2026-02-24 20:57:00,2026-02-03 00:00:00,3617.74,merchant service issue,Payment made to unknown merchant as per customer statement.,Rejected,2026-03-23 00:00:00,LOW,Email,CBK0000628,TXN00004074,USR56605,mch8953,0,0,0,0,0,0,0,0
CBK0001050,TXN00010429,USR33397,MCH2522,2026-03-18 20:21:00,2026-05-03 00:00:00,4066.0,DUP_DEBIT,Customer complaint text unclear due to poor call center notes.,WIP,2026-05-16 04:21:08,LOW,IVR,CBK0001050,TXN00010429,USR33397,MCH2522,0,0,0,0,0,0,0,0
CBK0000364,TXN00017377,USR55664,MCH9309,2026-02-02 00:00:00,2026-02-08 04:18:41,9493.15,charged twice,Customer complaint text unclear due to poor call center notes. call dropped,OPEN,2026-02-19 00:00:00,MEDIUM,Branch,CBK0000364,TXN00017377,USR55664,MCH9309,0,0,0,0,0,0,0,0
CBK0002272,TXN00008542,USR97580,MCH5904,2026-01-12 05:13:00,2026-01-14 00:00:00,,service failed,Customer says amount was debited twice.,Pending Bank,2026-01-21 00:00:00,MEDIUM,CHATBOT,CBK0002272,TXN00008542,usr97580,mch5904,0,1,0,0,0,0,0,0
CBK0000106,TXN00016875,USR34270,MCH7335,,,-570.66,Unauthorized Transaction,Payment made to unknown merchant as per customer statement.,Pending Bank,2026-04-19 00:00:00,LOW,CHATBOT,CBK0000106,TXN00016875,USR34270,MCH 7335,1,0,0,1,1,0,0,0
CBK0000848,TXN00000823,USR23460,MCH5954,2026-03-30 00:00:00,2026-04-29 00:00:00,1982.27,scam,Customer says transaction was not authorized.,RESOLVED,2026-05-06 00:00:00,LOW,ivr,CBK0000848,TXN00000823,USR 23460,MCH5954,0,0,0,0,0,0,0,0
CBK0000506,TXN00018031,USR67892,MCH2770,2026-01-19 00:00:00,2026-01-22 05:45:24,-700.6,extra amount deducted,User reports money deducted but merchant denies receiving payment.,REJECTED,2026-02-18 00:00:00,MEDIUM,Call Center,CBK0000506,TXN00018031,USR67892,MCH2770,1,0,0,0,0,0,0,0
CBK0000714,TXN00000238,USR50454,MCH5655,2026-02-06 00:00:00,2026-02-07 00:00:00,2745.21,unauthorized_transaction,Suspicious high-value payment disputed by customer.,Pending Bank,,MEDIUM,Email,CBK0000714,TXN00000238,USR50454,MCH5655,0,0,0,0,0,1,0,0
CBK0002318,TXN00011955,USR_35555,MCH3810,2026-03-22 10:52:40,2026-03-26 00:00:00,-918.61,dispute raised,Suspicious high-value payment disputed by customer. call dropped,Pending Bank,,LOW,App,CBK0002318,TXN00011955,usr_35555,MCH3810,1,0,0,0,0,1,0,0
CBK0000557,TXN00012212,USR36059,MCH7684,2026-02-03 00:00:00,2026-02-03 19:12:00,2586.86,DUP_DEBIT,User reports money deducted but merchant denies receiving payment.,Pending Bank,2026-02-09 00:00:00,LOW,Branch,CBK0000557,TXN00012212,USR 36059,MCH7684,0,0,0,0,0,0,0,0
CBK0001877,TXN98339,15575,MCH5651,2026-01-29 20:48:22,2026-01-28 00:00:00,194.24,FRAUD,User says UPI PIN was not entered by them.,WIP,2026-04-02 00:00:00,LOW,CHATBOT,CBK0001877,TXN98339,15575,MCH5651,0,0,0,0,0,0,0,0
CBK0000601,TXN00017368,USR21789,MCH8779,2026-02-07 00:00:00,2026-02-12 00:00:00,,merchant service issue,Customer complaint text unclear due to poor call center notes.,WIP,2026-02-26 00:00:00,MEDIUM,Branch,CBK0000601,TXN00017368,USR21789,MCH8779,0,1,0,0,0,0,0,0
CBK0001786,TXN91289,USR77896,8389,2026-03-08 00:00:00,2026-03-19 00:00:00,954.04,no service,Complaint received after multiple failed attempts.,RESOLVED,,CRITICAL,Branch,CBK0001786,TXN91289,USR77896,8389,0,0,0,0,0,1,1,0
CBK0000102,TXN00013948,USR79115,MCH3570,2026-01-22 00:00:00,2026-01-29 19:15:57,7171.27,complaint,Payment made to unknown merchant as per customer statement.,In Progress,2026-02-16 19:15:57,LOW,App,CBK0000102,TXN00013948,USR79115,MCH3570,0,0,0,0,0,0,0,0
CBK0000745,TXN00010462,USR47272,MCH8805,2026-01-13 00:00:00,2026-01-17 00:35:00,4246.38,account hacked,User reports money deducted but merchant denies receiving payment.,CLOSED,2026-02-03 00:35:16,LOW,CHATBOT,CBK0000745,TXN00010462,USR47272,MCH8805,0,0,0,0,0,0,0,0
CBK0000748,TXN00009850,USR16745,MCH7753,2026-02-06 07:19:27,2026-02-04 07:19:27,1130.39,FRAUD,Customer complaint text unclear due to poor call center notes.,OPEN,2026-02-21 00:00:00,LOW,Email,CBK0000748,TXN00009850,USR 16745,MCH7753,0,0,0,0,0,0,0,0
CBK0002478,TXN00016308,USR74358,MCH6401,2026-01-14 00:00:00,2026-01-17 21:14:00,3857.22,fraud,Suspicious high-value payment disputed by customer.,Open,2026-01-23 21:14:01,LOW,chatbot,CBK0002478,TXN00016308,USR74358,MCH6401,0,0,0,0,0,0,0,0
CBK0002800,TXN00003664,USR55718,MCH3777,2026-01-08 06:03:43,2026-01-10 21:03:00,1000.95,Merchant Not Delivered,Customer says amount was debited twice.,Closed,2026-01-31 21:03:00,MEDIUM,IVR,CBK0002800,TXN00003664,USR55718,MCH3777,0,0,0,0,0,0,0,0
CBK0002115,TXN00015780,USR98420,MCH7025,2026-01-21 00:00:00,2026-02-06 03:02:02,1404.29,Customer Dispute,User says UPI PIN was not entered by them.,OPEN,2026-02-27 00:00:00,MEDIUM,ivr,CBK0002115,TXN00015780,USR 98420,MCH7025,0,0,0,0,0,0,0,0
CBK0000948,TXN00019010,USR39487,MCH7891,2026-02-18 00:00:00,2026-02-13 00:00:00,983.91,ATO,Payment made to unknown merchant as per customer statement.,PENDING_BANK,2026-02-27 00:00:00,LOW,Email,CBK0000948,TXN00019010,USR39487,MCH7891,0,0,0,0,0,0,0,0
CBK0002763,TXN00010243,USR96392,MCH8516,2026-03-29 07:29:00,2026-03-29 22:29:48,0.1043,incorrect amount,merchant service was not delivered after payment.,RESOLVED,2026-04-14 00:00:00,LOW,Call Center,CBK0002763,TXN00010243,USR96392,mch8516,0,0,0,0,0,0,0,0
CBK0001826,TXN00012615,USR61997,MCH4353,2026-02-02 00:00:00,2026-02-13 14:10:00,2049.68,unauthorized_transaction,Suspicious high-value payment disputed by customer.,PENDING_BANK,2026-03-03 14:10:36,MEDIUM,App,CBK0001826,TXN00012615,USR61997,MCH4353,0,0,0,0,0,0,0,0
CBK0000378,TXN00018467,USR80805,MCH5264,2026-02-14 00:00:00,,0.688,Duplicate Debit,customer says transaction was not authorized.,WIP,2026-03-15 00:00:00,MEDIUM,Branch,CBK0000378,TXN00018467,USR80805,mch5264,0,0,0,0,1,0,0,0
CBK0001134,TXN00017548,USR13243,MCH9359,2026-11-03 00:00:00,2026-03-13 00:00:00,6612.88,Duplicate Debit,User reports money deducted but merchant denies receiving payment.,Resolved,2026-03-29 00:00:00,MEDIUM,ivr,CBK0001134,TXN00017548,USR13243,mch9359,0,0,0,0,0,0,0,0
CBK0001731,TXN00004984,USR87558,MCH9299,2026-03-31 00:00:00,2026-05-04 00:00:00,1369.23,ATO,User reports money deducted but merchant denies receiving payment.,RESOLVED,,HIGH,chatbot,CBK0001731,TXN00004984,USR87558,MCH9299,0,0,0,0,0,1,0,1
CBK0002574,TXN00017235,USR62800,MCH8945,2026-02-08 05:11:43,2026-02-12 02:11:43,18567.74,no service,User says UPI PIN was not entered by them.,PENDING_BANK,2026-02-25 02:11:00,MEDIUM,IVR,CBK0002574,TXN00017235,USR62800,MCH8945,0,0,0,0,0,0,0,0
CBK0001494,TXN00012935,USR-97835,MCH9262,2026-01-26 00:00:00,2026-01-27 01:43:00,0.7997,dispute raised,User reports money deducted but merchant denies receiving payment.,Open,2026-02-13 00:00:00,LOW,CHATBOT,CBK0001494,TXN00012935,USR-97835,MCH9262,0,0,0,0,0,0,0,0
CBK0001678,TXN00013912,USR44975,MCH7114,2026-01-18 00:00:00,2026-01-19 00:00:00,-1478.88,Merchant Not Delivered,Customer says amount was debited twice.,OPEN,2026-02-10 00:00:00,HIGH,ivr,CBK0001678,TXN00013912,usr44975,MCH-7114,1,0,0,0,0,0,0,1
CBK0001643,TXN00000106,USR58071,MCH5954,2026-02-11 00:00:00,2026-02-19 08:16:00,7755.19,unauthorized_transaction,Complaint received after multiple failed attempts.,Pending Bank,,CRITICAL,CHATBOT,CBK0001643,TXN00000106,USR58071,MCH5954,0,0,0,0,0,1,1,0
CBK0000190,TXN00009749,USR32223,MCH5076,2026-01-15 00:00:00,2026-01-23 00:00:00,193.15,amount mismatch,Customer says transaction was not authorized.,RESOLVED,2026-02-02 00:00:00,LOW,IVR,CBK0000190,TXN00009749,USR32223,MCH5076,0,0,0,0,0,0,0,0
CBK0000556,TXN00013406,USR49847,MCH4590,2026-08-03 00:00:00,2026-03-24 02:07:00,6052.19,suspicious transaction,Customer complaint text unclear due to poor call center notes.,Open,2026-04-16 00:00:00,HIGH,IVR,CBK0000556,TXN00013406,USR49847,mch4590,0,0,0,0,0,0,0,1
CBK0000222,TXN00003640,USR-39837,MCH5980,2026-01-07 11:53:00,2026-09-01 00:00:00,2301.83,Account Takeover,Suspicious high-value payment disputed by customer.,Pending Bank,2026-01-24 12:53:46,MEDIUM,Call Center,CBK0000222,TXN00003640,USR-39837,mch5980,0,0,0,0,0,0,0,0
CBK0002310,TXN00008525,USR62313,MCH8146,2026-03-03 00:00:00,2026-05-03 00:00:00,1760.95,Wrong Amount,Suspicious high-value payment disputed by customer.,CLOSED,,HIGH,Branch,CBK0002310,TXN00008525,USR62313,MCH8146,0,0,0,0,0,1,0,1
CBK0001236,TXN00016325,50779,1320,2026-03-01 00:00:00,2026-03-07 00:00:00,1085.5,not done by me,Suspicious high-value payment disputed by customer.,REJECTED,2026-04-06 06:00:50,MEDIUM,Email,CBK0001236,TXN00016325,50779,1320,0,0,0,0,0,0,0,0
CBK0001039,TXN00010686,USR-79207,MCH7408,2026-02-27 07:41:36,2026-03-01 20:41:36,0.1379,extra amount deducted,User says UPI PIN was not entered by them.,Rejected,2026-03-03 00:00:00,CRITICAL,App,CBK0001039,TXN00010686,USR-79207,MCH7408,0,0,0,0,0,0,1,0
CBK0002425,TXN00014868,USR39427,MCH2383,2026-01-23 23:41:30,2026-01-27 13:41:00,0.367,Merchant Not Delivered,Suspicious high-value payment disputed by customer.,PENDING_BANK,,MEDIUM,ivr,CBK0002425,TXN00014868,USR39427,MCH2383,0,0,0,0,0,1,0,0
CBK0001745,TXN00007273,USR17798,MCH6810,2026-03-02 00:00:00,2026-03-04 00:00:00,673.49,Duplicate Debit,Payment made to unknown merchant as per customer statement.,Open,2026-03-25 00:00:00,MEDIUM,Call Center,CBK0001745,TXN00007273,USR17798,MCH6810,0,0,0,0,0,0,0,0
CBK0000764,TXN00017113,USR98093,MCH8779,2026-03-18 14:56:31,2026-03-21 00:00:00,580.57,Customer Dispute,Merchant service was not delivered after payment.,PENDING_BANK,2026-04-09 00:00:00,MEDIUM,Branch,CBK0000764,TXN00017113,USR98093,MCH8779,0,0,0,0,0,0,0,0
CBK0001814,TXN00002883,USR42970,MCH2296,2026-03-03 18:11:00,,-19036.69,charged twice,USER SAYS UPI PIN WAS NOT ENTERED BY THEM.,OPEN,2026-03-26 00:00:00,CRITICAL,Call Center,CBK0001814,TXN00002883,USR 42970,MCH-2296,1,0,0,0,1,0,1,0
CBK0002536,TXN00009622,USR33596,MCH3032,2026-03-03 00:00:00,,,ATO,User reports money deducted but merchant denies receiving payment.,Open,2026-03-17 00:16:23,CRITICAL,App,CBK0002536,TXN00009622,USR33596,MCH3032,0,1,0,0,1,0,1,0
CBK0000231,TXN00017060,USR94815,MCH5980,2026-03-25 11:16:26,2026-04-05 00:00:00,575.09,Customer Dispute,User reports money deducted but merchant denies receiving payment.,CLOSED,2026-04-09 00:00:00,LOW,ivr,CBK0000231,TXN00017060,USR94815,MCH-5980,0,0,0,0,0,0,0,0
CBK0000462,TXN00018761,USR24660,MCH9291,2026-01-23 00:00:00,2026-01-24 00:00:00,1500.59,unauthorized_transaction,Customer says amount was debited twice.,IN_PROGRESS,2026-02-17 00:00:00,LOW,Email,CBK0000462,TXN00018761,USR24660,mch9291,0,0,0,0,0,0,0,0
CBK0000469,TXN00002630,USR94595,MCH7286,2026-03-05 13:56:13,2026-03-07 00:00:00,-7890.76,unauthorized_transaction,Complaint received after multiple failed attempts. call dropped,Pending Bank,,LOW,CHATBOT,CBK0000469,TXN00002630,usr94595,MCH7286,1,0,0,0,0,1,0,0
CBK0000889,TXN00015963,USR97266,MCH6752,2026-01-12 00:00:00,2026-01-22 00:00:00,0.3356,FRAUD,CUSTOMER SAYS AMOUNT WAS DEBITED TWICE.,In Progress,2026-01-28 00:00:00,MEDIUM,IVR,CBK0000889,TXN00015963,USR97266,MCH-6752,0,0,0,0,0,0,0,0
CBK0000604,TXN00008566,USR17861,MCH3597,2026-03-12 00:00:00,2026-03-15 06:08:29,2673.74,unauth txn,User claims account was compromised before transaction.,PENDING_BANK,,LOW,CHATBOT,CBK0000604,TXN00008566,usr17861,MCH3597,0,0,0,0,0,1,0,0
CBK0000611,TXN00014367,USR58639,MCH4078,2026-02-17 00:00:00,2026-05-03 00:00:00,996.14,service failed,User says UPI PIN was not entered by them.,Open,,LOW,CHATBOT,CBK0000611,TXN00014367,usr58639,MCH4078,0,0,0,0,0,1,0,0
CBK0001017,TXN85757,USR56228,MCH8964,2026-03-29 00:00:00,2026-04-02 00:00:00,585.8,charged twice,Payment made to unknown merchant as per customer statement.,Rejected,2026-04-19 00:00:00,CRITICAL,CHATBOT,CBK0001017,TXN85757,USR56228,MCH8964,0,0,0,0,0,0,1,0
CBK0002108,TXN00013246,USR62233,MCH8714,2026-02-12 00:00:00,2026-02-15 00:00:00,5800.55,charged twice,Customer says amount was debited twice.,REJECTED,2026-02-17 00:00:00,LOW,App,CBK0002108,TXN00013246,usr62233,MCH8714,0,0,0,0,0,0,0,0
CBK0001742,TXN00000794,USR25428,MCH4105,2026-02-19 00:00:00,2026-02-22 00:00:00,6042.03,Merchant Not Delivered,Complaint received after multiple failed attempts.,OPEN,,HIGH,IVR,CBK0001742,TXN00000794,USR25428,MCH4105,0,0,0,0,0,1,0,1
CBK0000082,TXN00013051,USR86387,MCH8735,2026-02-26 00:00:00,2026-02-27 00:00:00,0.7272,item not received,Suspicious high-value payment disputed by customer.,IN_PROGRESS,,LOW,App,CBK0000082,TXN00013051,USR86387,MCH8735,0,0,0,0,0,1,0,0
CBK0000597,TXN00012105,USR_80223,MCH3594,2026-07-02 00:00:00,2026-03-10 00:00:00,1866.96,Duplicate Debit,User reports money deducted but merchant denies receiving payment.,IN_PROGRESS,2026-03-25 00:00:00,LOW,chatbot,CBK0000597,TXN00012105,usr_80223,MCH3594,0,0,0,0,0,0,0,0
CBK0001220,TXN00001198,21945,MCH7467,2026-02-05 16:07:55,2026-02-03 00:00:00,3605.24,not done by me,User says UPI PIN was not entered by them.,RESOLVED,2026-02-25 00:00:00,HIGH,App,CBK0001220,TXN00001198,21945,MCH7467,0,0,0,0,0,0,0,1
CBK0001207,TXN00007505,USR33427,MCH5300,2026-01-31 06:45:27,2026-02-02 09:45:27,13713.48,Duplicate Debit,Customer complaint text unclear due to poor call center notes.,WIP,2026-02-21 00:00:00,LOW,CHATBOT,CBK0001207,TXN00007505,USR33427,MCH5300,0,0,0,0,0,0,0,0
CBK0000177,TXN00001663,USR24926,7681,2026-02-08 00:00:00,2026-02-11 00:00:00,2379.68,service failed,Complaint received after multiple failed attempts.,Resolved,2026-02-17 00:00:00,LOW,ivr,CBK0000177,TXN00001663,USR24926,7681,0,0,0,0,0,0,0,0
CBK0001332,TXN-00009814,USR65176,MCH2398,2026-01-22 00:00:00,2026-02-01 00:00:00,1195.47,not delivered,Customer says transaction was not authorized.,IN_PROGRESS,2026-02-26 11:15:00,MEDIUM,Branch,CBK0001332,txn-00009814,USR 65176,MCH2398,0,0,0,0,0,0,0,0
CBK0000021,TXN00013452,USR_44435,MCH8391,2026-02-18 00:00:00,2026-03-06 00:25:19,-2480.91,Fraud Suspected,User reports money deducted but merchant denies receiving payment.,In Progress,,MEDIUM,IVR,CBK0000021,TXN00013452,usr_44435,MCH8391,1,0,0,0,0,1,0,0
CBK0001202,TXN-00005621,USR59000,MCH3815,2026-03-15 00:00:00,2026-03-19 21:25:48,0.8601,customer issue,Customer says transaction was not authorized.,Resolved,,LOW,chatbot,CBK0001202,txn-00005621,USR59000,MCH 3815,0,0,0,0,0,1,0,0
CBK0002171,TXN00015034,USR73039,MCH1572,2026-03-19 00:00:00,2026-03-22 20:42:00,8134.61,DUP_DEBIT,Payment made to unknown merchant as per cust statement.,RESOLVED,,HIGH,Call Center,CBK0002171,TXN00015034,USR73039,MCH1572,0,0,0,0,0,1,0,1
CBK0001878,TXN00014566,USR75314,MCH2363,2026-03-20 00:00:00,2026-03-24 07:04:16,2311.12,charged twice,customer says transaction was not authorized.,PENDING_BANK,2026-04-09 07:04:16,HIGH,App,CBK0001878,TXN00014566,USR75314,MCH2363,0,0,0,0,0,0,0,1
CBK0002648,TXN00015715,USR23388,7559,2026-02-10 00:00:00,2026-02-12 17:59:00,9730.68,amount mismatch,Customer complaint text unclear due to poor call center notes.,In Progress,2026-02-15 17:59:00,LOW,Email,CBK0002648,TXN00015715,USR23388,7559,0,0,0,0,0,0,0,0
CBK0000078,TXN00019392,USR55898,MCH8405,2026-01-21 00:00:00,2026-01-22 00:00:00,16244.17,customer issue,User claims account was compromised before transaction.,Closed,2026-01-27 00:00:00,HIGH,ivr,CBK0000078,TXN00019392,usr55898,MCH-8405,0,0,0,0,0,0,0,1
CBK0001469,TXN00008274,USR-45724,MCH3032,2026-02-25 00:00:00,2026-02-28 00:00:00,1114.45,not delivered,Suspicious high-value payment disputed by customer.,RESOLVED,2026-03-18 11:31:43,HIGH,Call Center,CBK0001469,TXN00008274,USR-45724,MCH3032,0,0,0,0,0,0,0,1
CBK0001428,TXN00001443,USR74417,MCH7286,2026-01-30 00:00:00,2026-02-02 00:00:00,504.11,UNAUTHORISED,User claims account was compromised before transaction.,OPEN,2026-02-05 00:00:00,LOW,App,CBK0001428,TXN00001443,USR74417,MCH7286,0,0,0,0,0,0,0,0
CBK0001501,TXN00010823,USR14938,MCH1880,2026-01-10 21:26:00,2026-01-11 07:26:55,-2588.02,DUP_DEBIT,Complaint received after multiple failed attempts.,OPEN,,MEDIUM,App,CBK0001501,TXN00010823,USR14938,MCH-1880,1,0,0,0,0,1,0,0
CBK0001566,TXN00004832,USR79325,MCH4041,2026-01-15 00:00:00,2026-01-26 00:00:00,1582.6,Unauthorized Transaction,Customer says amount was debited twice.,IN_PROGRESS,,MEDIUM,Email,CBK0001566,TXN00004832,USR79325,MCH4041,0,0,0,0,0,1,0,0
CBK0001806,TXN00003889,USR73653,MCH4226,2026-01-12 01:06:58,2026-01-17 00:00:00,0.276,scam,User says UPI PIN was not entered by them.,Rejected,2026-02-07 00:00:00,HIGH,IVR,CBK0001806,TXN00003889,USR73653,MCH4226,0,0,0,0,0,0,0,1
CBK0001668,TXN00013060,USR11531,MCH8697,2026-01-04 00:00:00,2026-01-06 00:00:00,255.73,incorrect amount,Customer says txn was not authorized.,In Progress,2026-02-04 07:49:01,MEDIUM,Email,CBK0001668,TXN00013060,usr11531,MCH8697,0,0,0,0,0,0,0,0
CBK0000755,TXN00002595,USR34052,MCH5808,2026-03-28 00:00:00,2026-03-29 00:00:00,-1658.43,not done by me,Suspicious high-value payment disputed by customer.,Pending Bank,2026-04-27 22:33:32,HIGH,chatbot,CBK0000755,TXN00002595,USR34052,MCH5808,1,0,0,0,0,0,0,1
CBK0001037,TXN98409,USR20076,MCH8779,,2026-01-09 22:50:47,645.47,extra amount deducted,Suspicious high-value payment disputed by customer.,OPEN,2026-11-01 00:00:00,HIGH,Branch,CBK0001037,TXN98409,USR20076,MCH8779,0,0,0,1,0,0,0,1
CBK0001813,TXN00002689,USR68461,MCH8451,2026-01-26 07:59:00,2026-01-29 00:00:00,2158.72,delivery issue,Merchant service was not delivered after payment.,OPEN,2026-02-23 00:00:00,HIGH,Call Center,CBK0001813,TXN00002689,USR68461,MCH8451,0,0,0,0,0,0,0,1
CBK0000382,TXN00000312,USR42726,MCH6175,,2026-01-13 00:00:00,-545.34,no service,User claims account was compromised before transaction.,PENDING_BANK,2026-02-09 00:00:00,MEDIUM,CHATBOT,CBK0000382,TXN00000312,USR42726,MCH 6175,1,0,0,1,0,0,0,0
CBK0000706,TXN00005543,USR82059,MCH4181,2026-03-03 00:00:00,2026-03-05 15:23:41,1362.67,extra amount deducted,complaint received after multiple failed attempts.,OPEN,2026-03-30 15:23:00,MEDIUM,Call Center,CBK0000706,TXN00005543,USR82059,MCH4181,0,0,0,0,0,0,0,0
CBK0002633,TXN00018827,USR76516,MCH2530,2026-03-07 00:00:00,,2231.59,merchant service issue,Payment made to unknown merchant as per customer statement.,REJECTED,2026-04-09 08:35:00,MEDIUM,IVR,CBK0002633,TXN00018827,USR76516,MCH2530,0,0,0,0,1,0,0,0
CBK0000549,TXN00011700,USR72892,MCH1046,2026-03-30 11:04:32,2026-04-29 00:00:00,14999.55,dispute raised,Suspicious high-value payment disputed by customer.,OPEN,2026-05-05 00:00:00,LOW,Branch,CBK0000549,TXN00011700,usr72892,MCH1046,0,0,0,0,0,0,0,0
CBK0000192,TXN00001285,USR71300,MCH9402,2026-08-01 00:00:00,2026-01-14 00:00:00,0.42,complaint,USER SAYS UPI PIN WAS NOT ENTERED BY THEM.,Open,2026-01-15 00:00:00,LOW,App,CBK0000192,TXN00001285,USR71300,MCH9402,0,0,0,0,0,0,0,0
CBK0001672,TXN00010193,USR30239,MCH9948,,2026-03-16 00:00:00,-1194.2,Customer Dispute,Customer complaint text unclear due to poor call center notes.,CLOSED,2026-03-25 00:00:00,MEDIUM,Email,CBK0001672,TXN00010193,USR30239,MCH9948,1,0,0,1,0,0,0,0
CBK0002502,TXN00001155,USR59679,MCH6426,2026-03-09 02:37:30,2026-03-09 05:37:30,335.78,incorrect amount,Payment made to unknown merchant as per customer statement.,IN_PROGRESS,,MEDIUM,Branch,CBK0002502,TXN00001155,USR59679,MCH6426,0,0,0,0,0,1,0,0
CBK0000308,TXN00017336,USR23149,MCH8953,2026-03-23 00:00:00,2026-04-08 16:47:26,3087.13,Merchant Not Delivered,User says UPI PIN was not entered by them.,RESOLVED,,CRITICAL,Call Center,CBK0000308,TXN00017336,USR23149,mch8953,0,0,0,0,0,1,1,0
CBK0001002,TXN00015644,USR-20239,MCH3815,2026-03-27 00:00:00,2026-03-22 07:53:46,4307.19,scam,User claims account was compromised before transaction.,Pending Bank,2026-04-05 00:00:00,MEDIUM,chatbot,CBK0001002,TXN00015644,USR-20239,MCH3815,0,0,0,0,0,0,0,0
CBK0001066,TXN00015023,USR41036,MCH5655,2026-01-31 01:40:40,2026-02-02 00:00:00,946.63,no service,merchant service was not delivered after payment.,In Progress,2026-02-15 01:40:00,HIGH,ivr,CBK0001066,TXN00015023,USR41036,MCH5655,0,0,0,0,0,0,0,1
CBK0000617,TXN00014515,USR11419,MCH7833,2026-02-09 00:00:00,2026-02-16 21:12:01,181.44,item not received,USER SAYS UPI PIN WAS NOT ENTERED BY THEM.,OPEN,2026-03-04 00:00:00,LOW,CHATBOT,CBK0000617,TXN00014515,USR11419,mch7833,0,0,0,0,0,0,0,0
CBK0002721,TXN00017658,USR43499,MCH9765,2026-02-09 16:24:25,2026-02-10 00:00:00,845.38,complaint,Customer says transaction was not authorized.,Pending Bank,2026-02-12 18:24:00,MEDIUM,Email,CBK0002721,TXN00017658,USR43499,MCH9765,0,0,0,0,0,0,0,0
CBK0001758,TXN00014222,USR16922,MCH6546,,2026-03-16 00:00:00,0.2187,extra amount deducted,Customer says amount was debited twice.,Rejected,2026-03-17 00:00:00,LOW,chatbot,CBK0001758,TXN00014222,USR16922,mch6546,0,0,0,1,0,0,0,0
CBK0002630,TXN00019209,USR61436,9582,2026-12-03 00:00:00,2026-03-28 00:00:00,13306.35,login compromised,COMPLAINT RECEIVED AFTER MULTIPLE FAILED ATTEMPTS.,Open,2026-04-26 00:00:00,LOW,chatbot,CBK0002630,TXN00019209,usr61436,9582,0,0,0,0,0,0,0,0
CBK0000265,TXN00016348,USR10307,MCH4590,2026-02-21 13:58:00,2026-02-18 13:58:34,2797.85,no service,User claims account was compromised before transaction.,Rejected,2026-02-18 13:58:34,LOW,ivr,CBK0000265,TXN00016348,usr10307,mch4590,0,0,0,0,0,0,0,0
CBK0000795,TXN00010007,USR13134,MCH3292,2026-03-14 00:00:00,2026-03-15 00:00:00,2021.11,amount mismatch,Customer says transaction was not authorized. details missing,In Progress,2026-04-11 00:00:00,LOW,IVR,CBK0000795,TXN00010007,USR13134,MCH3292,0,0,0,0,0,0,0,0
CBK0000274,TXN00005429,USR12958,MCH5946,2026-01-15 00:00:00,2026-01-18 00:00:00,1860.96,not delivered,Customer complaint text unclear due to poor call center notes.,OPEN,2026-02-07 14:33:08,LOW,ivr,CBK0000274,TXN00005429,usr12958,MCH5946,0,0,0,0,0,0,0,0
CBK0000779,TXN-00000534,USR89996,MCH4842,2026-02-07 00:00:00,2026-02-04 00:00:00,1352.13,unauth txn,User reports money deducted but merchant denies receiving payment.,OPEN,2026-03-03 00:00:00,LOW,Call Center,CBK0000779,txn-00000534,USR89996,mch4842,0,0,0,0,0,0,0,0
CBK0001116,TXN80108,USR56399,MCH3406,2026-02-05 00:00:00,2026-03-22 14:28:00,1189.65,Merchant Not Delivered,User claims account was compromised before transaction.,WIP,2026-03-31 00:00:00,HIGH,ivr,CBK0001116,TXN80108,USR56399,MCH3406,0,0,0,0,0,0,0,1
CBK0000162,TXN00001838,USR56312,MCH5172,2026-02-16 00:00:00,2026-02-19 04:02:59,0.422,fraud,Customer says transaction was not authorized.,REJECTED,2026-03-05 00:00:00,LOW,IVR,CBK0000162,TXN00001838,USR56312,MCH5172,0,0,0,0,0,0,0,0
CBK0000758,TXN00015649,USR-79175,MCH9344,2026-03-19 00:00:00,2026-03-21 00:00:00,2175.05,ATO,Complaint received after multiple failed attempts.,REJECTED,2026-04-16 00:00:00,HIGH,ivr,CBK0000758,TXN00015649,USR-79175,MCH9344,0,0,0,0,0,0,0,1
CBK0000235,TXN00006623,USR14727,MCH4226,2026-01-27 00:00:00,2026-02-12 09:53:35,1154.99,no service,USER CLAIMS ACCOUNT WAS COMPROMISED BEFORE TRANSACTION.,IN_PROGRESS,2026-02-14 00:00:00,LOW,CHATBOT,CBK0000235,TXN00006623,USR14727,MCH-4226,0,0,0,0,0,0,0,0
CBK0001865,TXN00006954,USR17902,MCH6053,2026-03-21 00:00:00,2026-03-25 00:00:00,186.51,not delivered,Customer says transaction was not authorized.,Closed,2026-04-20 07:07:09,MEDIUM,IVR,CBK0001865,TXN00006954,USR 17902,MCH 6053,0,0,0,0,0,0,0,0
CBK0001534,TXN00017134,USR12661,MCH2383,2026-03-17 01:16:59,2026-03-18 15:16:59,-2108.75,Unauthorized Transaction,Customer says transaction was not authorized.,Resolved,2026-03-24 15:16:00,LOW,Branch,CBK0001534,TXN00017134,USR12661,MCH2383,1,0,0,0,0,0,0,0
CBK0001809,TXN00010916,USR20534,MCH8241,2026-01-11 00:00:00,2026-01-18 00:00:00,2538.37,Customer Dispute,Customer complaint text unclear due to poor call center notes.,Rejected,,LOW,CHATBOT,CBK0001809,TXN00010916,USR20534,MCH8241,0,0,0,0,0,1,0,0
CBK0001765,TXN00013993,USR29854,MCH6810,2026-02-06 18:41:00,2026-02-07 18:41:49,2111.63,login compromised,User claims account was compromised before txn.,IN_PROGRESS,2026-02-20 00:00:00,LOW,ivr,CBK0001765,TXN00013993,USR29854,MCH6810,0,0,0,0,0,0,0,0
CBK0001287,TXN00011889,USR22939,MCH9579,2026-03-05 00:00:00,2026-03-06 00:00:00,1592.55,unauth txn,User reports money deducted but merchant denies receiving payment.,Rejected,2026-03-29 00:00:00,LOW,IVR,CBK0001287,TXN00011889,USR22939,MCH9579,0,0,0,0,0,0,0,0
CBK0002594,TXN00005908,USR24024,MCH1329,2026-01-20 00:00:00,2026-01-21 00:00:00,1603.01,DUP_DEBIT,CUSTOMER SAYS AMOUNT WAS DEBITED TWICE.,Closed,2026-02-04 22:51:08,LOW,ivr,CBK0002594,TXN00005908,usr24024,MCH1329,0,0,0,0,0,0,0,0
CBK0002782,TXN00004814,USR53828,MCH2822,2026-03-09 04:06:54,2026-03-19 07:06:00,,fraud,Payment made to unknown merchant as per cust statement.,Rejected,,LOW,Branch,CBK0002782,TXN00004814,usr53828,MCH2822,0,1,0,0,0,1,0,0
CBK0000678,TXN00006912,USR67333,MCH9291,2026-02-08 00:00:00,,140.31,account hacked,User reports money deducted but merchant denies receiving payment.,WIP,,MEDIUM,Branch,CBK0000678,TXN00006912,USR67333,MCH9291,0,0,0,0,1,1,0,0
CBK0002017,TXN00009156,USR_53547,MCH6913,2026-02-18 00:00:00,2026-02-22 12:44:40,1074.12,charged twice,Customer says transaction was not authorized.,IN_PROGRESS,2026-03-18 12:44:00,LOW,Branch,CBK0002017,TXN00009156,usr_53547,MCH6913,0,0,0,0,0,0,0,0
CBK0001396,TXN00008851,USR34889,MCH8779,2026-03-28 00:00:00,2026-04-27 12:50:00,1383.51,Duplicate Debit,User reports money deducted but merchant denies receiving payment.,Rejected,2026-05-16 12:50:00,MEDIUM,Branch,CBK0001396,TXN00008851,USR34889,MCH 8779,0,0,0,0,0,0,0,0
CBK0000750,TXN00010355,USR45600,MCH5980,2026-02-24 00:33:16,2026-03-03 00:00:00,-1284.43,item not received,Complaint received after multiple failed attempts.,CLOSED,,HIGH,Email,CBK0000750,TXN00010355,USR45600,MCH5980,1,0,0,0,0,1,0,1
CBK0002021,TXN00012401,USR36322,MCH8425,2026-11-03 00:00:00,2026-03-17 00:00:00,13235.72,delivery issue,Customer says amount was debited twice.,CLOSED,2026-04-09 00:00:00,LOW,chatbot,CBK0002021,TXN00012401,usr36322,MCH8425,0,0,0,0,0,0,0,0
CBK0000977,TXN00003072,USR68775,MCH5569,2026-03-26 04:29:27,2026-03-29 03:29:27,3800.57,item not received,Customer complaint text unclear due to poor call center notes.,Open,2026-04-24 00:00:00,LOW,Branch,CBK0000977,TXN00003072,USR68775,MCH5569,0,0,0,0,0,0,0,0
CBK0000640,TXN00012946,USR57297,MCH2401,2026-01-12 00:00:00,2026-01-18 00:00:00,0.3312,Service Not Provided,Suspicious high-value payment disputed by customer.,Closed,2026-01-20 00:00:00,LOW,Email,CBK0000640,TXN00012946,USR57297,MCH2401,0,0,0,0,0,0,0,0
CBK0001144,TXN00018387,USR76178,MCH1024,2026-02-15 04:54:00,2026-02-20 00:00:00,741.15,FRAUD,USER REPORTS MONEY DEDUCTED BUT MERCHANT DENIES RECEIVING PAYMENT.,Open,,MEDIUM,CHATBOT,CBK0001144,TXN00018387,USR76178,MCH1024,0,0,0,0,0,1,0,0
CBK0002611,TXN00001244,USR27732,MCH4473,2026-01-24 00:00:00,2026-01-27 00:00:00,722.73,suspicious transaction,Customer says txn was not authorized.,Rejected,2026-02-19 00:00:00,MEDIUM,IVR,CBK0002611,TXN00001244,USR27732,MCH-4473,0,0,0,0,0,0,0,0
CBK0002124,TXN00002782,USR13215,MCH4702,2026-02-28 00:00:00,2026-03-16 00:00:00,0.832,merchant service issue,Suspicious high-value payment disputed by cust.,Rejected,,HIGH,App,CBK0002124,TXN00002782,usr13215,MCH4702,0,0,0,0,0,1,0,1
CBK0001212,TXN00010220,USR14892,MCH2296,2026-03-03 00:00:00,2026-03-04 13:37:27,4146.24,double debit,merchant service was not delivered after payment.,Resolved,2026-03-23 00:00:00,LOW,ivr,CBK0001212,TXN00010220,USR 14892,MCH2296,0,0,0,0,0,0,0,0
CBK0000027,TXN00014669,USR_36534,MCH6898,2026-02-10 00:00:00,2026-02-21 00:00:00,0.1596,fraud,Customer says amount was debited twice.,RESOLVED,2026-03-10 06:38:00,LOW,Email,CBK0000027,TXN00014669,usr_36534,MCH 6898,0,0,0,0,0,0,0,0
CBK0002385,TXN00016200,USR-19881,MCH2065,2026-01-04 02:48:11,2026-02-03 00:00:00,2148.76,item not received,customer says amount was debited twice.,IN_PROGRESS,2026-02-16 00:00:00,MEDIUM,Email,CBK0002385,TXN00016200,USR-19881,MCH2065,0,0,0,0,0,0,0,0
CBK0001267,TXN00003341,USR56149,MCH6968,2026-02-24 00:00:00,2026-03-26 17:11:59,0.635,Wrong Amount,CUSTOMER SAYS TRANSACTION WAS NOT AUTHORIZED.,Rejected,2026-04-20 00:00:00,LOW,Email,CBK0001267,TXN00003341,USR56149,MCH6968,0,0,0,0,0,0,0,0
CBK0002560,TXN00010384,USR77352,MCH2786,,2026-01-10 00:00:00,2047.46,complaint,Merchant service was not delivered after payment.,In Progress,2026-01-26 00:00:00,MEDIUM,Branch,CBK0002560,TXN00010384,USR77352,MCH2786,0,0,0,1,0,0,0,0
CBK0001386,TXN00012491,USR83236,4552,2026-01-21 00:00:00,2026-01-22 17:32:00,-3187.1,Service Not Provided,User reports money deducted but merchant denies receiving payment.,CLOSED,2026-02-06 17:32:51,HIGH,Branch,CBK0001386,TXN00012491,USR83236,4552,1,0,0,0,0,0,0,1
CBK0000397,TXN00011692,USR71635,MCH2757,2026-03-03 00:00:00,2026-03-04 07:26:00,0.3309,Duplicate Debit,Merchant service was not delivered after payment.,OPEN,2026-03-05 00:00:00,MEDIUM,ivr,CBK0000397,TXN00011692,USR 71635,MCH2757,0,0,0,0,0,0,0,0
CBK0002613,TXN00008727,USR47519,MCH3071,2026-03-14 00:00:00,2026-03-17 22:35:31,253.89,complaint,Merchant service was not delivered after payment.,IN_PROGRESS,,LOW,IVR,CBK0002613,TXN00008727,USR47519,MCH3071,0,0,0,0,0,1,0,0
CBK0001869,TXN00000074,USR_49567,MCH3266,2026-02-18 00:00:00,2026-02-23 23:56:04,-1503.93,Wrong Amount,Customer says transaction was not authorized. urgent,Resolved,2026-03-18 00:00:00,MEDIUM,ivr,CBK0001869,TXN00000074,usr_49567,MCH3266,1,0,0,0,0,0,0,0
CBK0002654,TXN00013866,USR55262,MCH4226,2026-03-25 00:00:00,2026-04-09 21:53:19,-3952.26,Account Takeover,Payment made to unknown merchant as per customer statement.,Rejected,2026-04-13 21:53:19,LOW,CHATBOT,CBK0002654,TXN00013866,USR55262,MCH4226,1,0,0,0,0,0,0,0
CBK0002714,TXN00001631,USR87649,3989,2026-02-26 00:00:00,,1405.08,not done by me,Suspicious high-value payment disputed by customer.,RESOLVED,2026-03-25 19:43:59,LOW,ivr,CBK0002714,TXN00001631,USR87649,3989,0,0,0,0,1,0,0,0
CBK0001562,TXN00018017,USR24710,MCH6971,2026-02-07 03:36:00,2026-02-17 08:36:00,1017.08,customer issue,User claims account was compromised before transaction.,Open,2026-01-03 00:00:00,MEDIUM,chatbot,CBK0001562,TXN00018017,USR 24710,MCH6971,0,0,0,0,0,0,0,0
CBK0001934,TXN00000863,USR78884,MCH9125,2026-03-11 16:53:00,2026-03-19 13:53:26,0.2164,merchant service issue,User says UPI PIN was not entered by them.,OPEN,2026-03-26 00:00:00,HIGH,chatbot,CBK0001934,TXN00000863,USR78884,MCH9125,0,0,0,0,0,0,0,1
CBK0000041,TXN00001568,USR27328,MCH3518,2026-01-02 00:00:00,2026-01-06 00:00:00,0.2814,Duplicate Debit,merchant service was not delivered after payment.,In Progress,2026-02-01 02:46:29,LOW,App,CBK0000041,TXN00001568,USR 27328,MCH3518,0,0,0,0,0,0,0,0
CBK0001885,,USR59329,MCH5331,2026-01-26 00:00:00,2026-01-31 00:00:00,1908.88,fraud,user says upi pin was not entered by them.,REJECTED,2026-02-02 00:00:00,HIGH,IVR,CBK0001885,,USR59329,MCH5331,0,0,1,0,0,0,0,1
CBK0001719,TXN00009609,USR13864,MCH7474,2026-01-27 05:30:35,2026-02-01 00:00:00,2225.74,login compromised,Customer says amount was debited twice.,CLOSED,,HIGH,ivr,CBK0001719,TXN00009609,USR13864,MCH7474,0,0,0,0,0,1,0,1
CBK0000006,TXN00007711,USR96033,MCH8372,2026-02-06 00:00:00,2026-02-11 23:37:04,842.88,incorrect amount,User reports money deducted but merchant denies receiving payment.,WIP,2026-02-17 00:00:00,HIGH,Call Center,CBK0000006,TXN00007711,USR 96033,MCH8372,0,0,0,0,0,0,0,1
CBK0001575,TXN00003257,USR_24459,MCH6850,2026-01-30 00:00:00,2026-02-02 00:00:00,198.46,item not received,Merchant service was not delivered after payment.,Resolved,2026-02-04 15:20:00,LOW,ivr,CBK0001575,TXN00003257,usr_24459,MCH6850,0,0,0,0,0,0,0,0
CBK0002321,TXN00014977,USR11586,MCH2103,2026-01-19 10:23:00,2026-01-19 00:00:00,683.69,fraud,User claims account was compromised before transaction.,REJECTED,,HIGH,App,CBK0002321,TXN00014977,USR11586,MCH2103,0,0,0,0,0,1,0,1
CBK0000487,TXN00004712,USR85655,MCH1072,2026-03-08 07:36:45,2026-03-11 00:00:00,2950.32,account hacked,User says UPI PIN was not entered by them.,REJECTED,2026-04-03 00:00:00,CRITICAL,ivr,CBK0000487,TXN00004712,USR85655,MCH1072,0,0,0,0,0,0,1,0
CBK0002725,TXN00008319,USR50664,MCH9581,2026-03-01 00:00:00,2026-03-11 00:00:00,,Unauthorized Transaction,User reports money deducted but merchant denies receiving payment.,Closed,2026-03-30 00:00:00,LOW,chatbot,CBK0002725,TXN00008319,USR50664,MCH9581,0,1,0,0,0,0,0,0
CBK0002628,TXN00016840,USR73920,MCH4401,2026-01-07 00:00:00,2026-01-09 14:02:55,276.74,dispute raised,customer says amount was debited twice.,OPEN,,HIGH,Branch,CBK0002628,TXN00016840,USR 73920,MCH4401,0,0,0,0,0,1,0,1
CBK0002130,TXN00010659,USR82224,MCH4086,,2026-03-20 00:00:00,,charged twice,payment made to unknown merchant as per customer statement.,CLOSED,2026-04-18 00:00:00,LOW,ivr,CBK0002130,TXN00010659,USR82224,MCH4086,0,1,0,1,0,0,0,0
CBK0000935,TXN00017209,USR91820,MCH5221,2026-12-03 00:00:00,2026-03-14 22:13:16,1552.09,charged twice,Customer complaint text unclear due to poor call center notes.,CLOSED,2026-03-29 00:00:00,MEDIUM,Email,CBK0000935,TXN00017209,USR91820,MCH5221,0,0,0,0,0,0,0,0
CBK0002163,TXN00012741,USR_47358,MCH2822,,2026-03-09 00:00:00,863.52,unauth txn,Customer complaint text unclear due to poor call center notes.,In Progress,2026-03-31 00:00:00,MEDIUM,CHATBOT,CBK0002163,TXN00012741,usr_47358,mch2822,0,0,0,1,0,0,0,0
CBK0000210,TXN00001539,USR60489,MCH7607,2026-02-06 00:00:00,2026-02-08 00:00:00,2117.07,dispute raised,customer says transaction was not authorized.,WIP,2026-02-09 00:00:00,MEDIUM,chatbot,CBK0000210,TXN00001539,USR60489,MCH7607,0,0,0,0,0,0,0,0
CBK0000972,TXN00017157,USR27216,MCH1366,2026-03-26 09:32:21,2026-03-29 00:00:00,738.08,amount mismatch,Customer says transaction was not authorized. call dropped,Pending Bank,2026-04-04 00:00:00,MEDIUM,Branch,CBK0000972,TXN00017157,USR27216,MCH1366,0,0,0,0,0,0,0,0
CBK0001378,TXN00013740,53440,MCH5264,2026-02-03 00:00:00,2026-02-06 00:00:00,-7287.56,amount mismatch,Suspicious high-value payment disputed by customer.,IN_PROGRESS,2026-12-02 00:00:00,LOW,Email,CBK0001378,TXN00013740,53440,MCH5264,1,0,0,0,0,0,0,0
CBK0000498,TXN00013816,USR55662,MCH9760,2026-03-16 00:00:00,2026-03-20 05:14:03,-734.96,UNAUTHORISED,Customer complaint text unclear due to poor call center notes.,RESOLVED,2026-04-13 00:00:00,LOW,ivr,CBK0000498,TXN00013816,usr55662,mch9760,1,0,0,0,0,0,0,0
CBK0002011,TXN00005230,USR24993,MCH5993,2026-01-15 20:42:00,2026-01-18 00:00:00,5154.73,no service,User says UPI PIN was not entered by them.,REJECTED,2026-02-16 00:00:00,MEDIUM,App,CBK0002011,TXN00005230,USR24993,mch5993,0,0,0,0,0,0,0,0
CBK0002475,TXN00015216,USR46902,MCH4919,2026-02-16 12:45:00,2026-02-19 00:00:00,0.2997,not done by me,Suspicious high-value payment disputed by customer.,WIP,2026-02-23 00:00:00,CRITICAL,Call Center,CBK0002475,TXN00015216,USR46902,MCH4919,0,0,0,0,0,0,1,0
CBK0000024,TXN00007464,USR69440,MCH7458,2026-01-18 00:00:00,2026-02-02 03:05:42,2001.83,extra amount deducted,Complaint received after multiple failed attempts.,REJECTED,2026-02-14 00:00:00,MEDIUM,chatbot,CBK0000024,TXN00007464,USR69440,MCH7458,0,0,0,0,0,0,0,0
CBK0002300,TXN00009857,USR61606,6632,2026-02-28 00:00:00,2026-03-05 00:00:00,519.97,item not received,Suspicious high-value payment disputed by customer.,REJECTED,,MEDIUM,Branch,CBK0002300,TXN00009857,USR61606,6632,0,0,0,0,0,1,0,0
CBK0002143,TXN78938,USR24536,MCH9291,2026-01-15 09:56:06,2026-01-18 00:00:00,2889.21,incorrect amount,user claims account was compromised before transaction.,CLOSED,2026-02-01 00:00:00,MEDIUM,Call Center,CBK0002143,TXN78938,USR24536,MCH9291,0,0,0,0,0,0,0,0
CBK0000161,TXN00017149,USR60681,MCH8391,2026-01-22 00:00:00,2026-01-24 00:00:00,1317.13,suspicious transaction,suspicious high-value payment disputed by customer.,IN_PROGRESS,2026-02-21 00:00:00,HIGH,IVR,CBK0000161,TXN00017149,USR60681,MCH8391,0,0,0,0,0,0,0,1
CBK0001670,TXN00018666,USR83277,MCH7513,,2026-03-06 00:00:00,0.1677,unauth txn,Suspicious high-value payment disputed by customer.,Open,2026-03-25 00:00:00,MEDIUM,Branch,CBK0001670,TXN00018666,USR83277,MCH7513,0,0,0,1,0,0,0,0
CBK0000931,TXN00005802,USR60098,MCH6474,2026-01-29 19:01:00,,964.98,Fraud Suspected,user claims account was compromised before transaction.,Open,2026-02-04 05:01:06,MEDIUM,ivr,CBK0000931,TXN00005802,USR60098,MCH6474,0,0,0,0,1,0,0,0
CBK0001176,TXN00012064,USR50427,MCH3651,2026-03-28 00:00:00,2026-03-29 00:00:00,786.31,unauthorized_transaction,Suspicious high-value payment disputed by customer.,IN_PROGRESS,2026-04-04 00:00:00,MEDIUM,Email,CBK0001176,TXN00012064,USR50427,MCH3651,0,0,0,0,0,0,0,0
CBK0001027,TXN00002451,USR57852,MCH2510,2026-03-01 00:00:00,2026-03-07 00:00:00,-224.97,not done by me,Customer complaint text unclear due to poor call center notes.,RESOLVED,,MEDIUM,Call Center,CBK0001027,TXN00002451,USR57852,MCH2510,1,0,0,0,0,1,0,0
CBK0001490,TXN00003514,USR77962,MCH9344,2026-03-15 00:00:00,2026-03-25 00:00:00,1510.93,service failed,USER SAYS UPI PIN WAS NOT ENTERED BY THEM.,Pending Bank,2026-04-19 00:00:00,MEDIUM,CHATBOT,CBK0001490,TXN00003514,USR 77962,MCH9344,0,0,0,0,0,0,0,0
CBK0000732,TXN00004610,USR-32036,MCH3057,2026-01-01 22:58:19,2026-02-16 08:58:00,5879.13,scam,Suspicious high-value payment disputed by customer.,RESOLVED,2026-02-18 00:00:00,MEDIUM,Email,CBK0000732,TXN00004610,USR-32036,MCH 3057,0,0,0,0,0,0,0,0
CBK0000216,TXN00011136,USR94832,MCH2451,,2026-02-10 05:09:00,,merchant service issue,user reports money deducted but merchant denies receiving payment.,Rejected,,MEDIUM,IVR,CBK0000216,TXN00011136,usr94832,MCH2451,0,1,0,1,0,1,0,0
CBK0002070,TXN00002337,USR40538,MCH4812,2026-02-24 00:00:00,2026-03-07 00:00:00,,scam,Merchant service was not delivered after payment.,Closed,2026-03-11 06:38:28,CRITICAL,Branch,CBK0002070,TXN00002337,USR40538,MCH-4812,0,1,0,0,0,0,1,0
CBK0001887,TXN00011174,USR_84917,MCH4909,,2026-01-03 00:00:00,2412.7,Customer Dispute,User reports money deducted but merchant denies receiving payment.,Pending Bank,,MEDIUM,IVR,CBK0001887,TXN00011174,usr_84917,mch4909,0,0,0,1,0,1,0,0
CBK0001789,TXN00007455,USR44134,MCH3520,2026-01-02 00:00:00,2026-01-05 00:00:00,1002.8,not delivered,merchant service was not delivered after payment.,Open,2026-01-18 00:00:00,HIGH,IVR,CBK0001789,TXN00007455,USR44134,MCH3520,0,0,0,0,0,0,0,1
CBK0000641,TXN00007177,USR11036,3177,2026-01-17 00:00:00,2026-01-22 00:00:00,1628.35,unauth txn,Customer says amount was debited twice.,CLOSED,2026-01-23 23:48:00,MEDIUM,Branch,CBK0000641,TXN00007177,USR11036,3177,0,0,0,0,0,0,0,0
CBK0001964,TXN00002766,USR97332,MCH6356,2026-02-08 00:00:00,2026-02-11 20:51:02,216.49,customer issue,User claims account was compromised before transaction.,Open,2026-03-05 20:51:00,MEDIUM,ivr,CBK0001964,TXN00002766,usr97332,MCH6356,0,0,0,0,0,0,0,0
CBK0001842,TXN00012727,USR63387,MCH2945,2026-03-26 05:18:01,2026-04-05 10:18:01,847.6,extra amount deducted,Customer says amount was debited twice.,Closed,2026-04-25 00:00:00,CRITICAL,ivr,CBK0001842,TXN00012727,USR63387,MCH2945,0,0,0,0,0,0,1,0
CBK0000974,TXN00010092,USR70647,MCH6974,2026-03-16 00:00:00,2026-03-18 00:00:00,1533.39,fraud,Merchant service was not delivered after payment.,OPEN,2026-03-24 00:00:00,LOW,IVR,CBK0000974,TXN00010092,USR70647,MCH6974,0,0,0,0,0,0,0,0
CBK0001292,TXN00018296,USR-56334,MCH1320,2026-03-11 00:00:00,2026-03-11 00:00:00,849.13,DUP_DEBIT,USER CLAIMS ACCOUNT WAS COMPROMISED BEFORE TRANSACTION.,Closed,2026-03-13 00:56:00,MEDIUM,ivr,CBK0001292,TXN00018296,USR-56334,MCH1320,0,0,0,0,0,0,0,0
CBK0002754,TXN00014491,40425,MCH1768,2026-01-10 00:00:00,2026-01-13 13:24:00,0.384,login compromised,Complaint received after multiple failed attempts.,WIP,,LOW,IVR,CBK0002754,TXN00014491,40425,MCH1768,0,0,0,0,0,1,0,0
CBK0002287,TXN00004573,USR40925,MCH4181,2026-02-09 08:18:39,2026-02-04 00:00:00,495.68,extra amount deducted,Customer says amount was debited twice.,Closed,2026-02-27 00:00:00,MEDIUM,IVR,CBK0002287,TXN00004573,USR40925,MCH4181,0,0,0,0,0,0,0,0
CBK0000037,TXN00005659,USR96672,MCH9397,2026-03-07 00:00:00,2026-03-13 00:00:00,-2505.44,customer issue,User reports money deducted but merchant denies receiving payment.,WIP,2026-03-18 14:18:00,MEDIUM,ivr,CBK0000037,TXN00005659,USR96672,MCH9397,1,0,0,0,0,0,0,0
CBK0000726,TXN00016050,USR43040,MCH4578,2026-01-18 00:00:00,2026-01-26 00:00:00,1426.42,amount mismatch,User says UPI PIN was not entered by them.,Resolved,2026-01-27 00:00:00,MEDIUM,IVR,CBK0000726,TXN00016050,USR43040,MCH4578,0,0,0,0,0,0,0,0
CBK0002577,TXN00004121,USR90720,MCH8154,2026-01-03 20:31:00,,,charged twice,Complaint received after multiple failed attempts.,In Progress,2026-02-01 00:00:00,HIGH,CHATBOT,CBK0002577,TXN00004121,USR 90720,MCH8154,0,1,0,0,1,0,0,1
CBK0001624,TXN00012795,USR83035,MCH3452,2026-01-26 00:00:00,2026-01-28 16:03:00,4081.84,item not received,CUSTOMER SAYS AMOUNT WAS DEBITED TWICE.,CLOSED,2026-02-10 16:03:46,MEDIUM,IVR,CBK0001624,TXN00012795,USR83035,MCH3452,0,0,0,0,0,0,0,0
CBK0002259,TXN00013350,USR98061,MCH8037,2026-02-03 00:00:00,2026-02-09 01:39:01,1837.87,not delivered,Complaint received after multiple failed attempts.,Pending Bank,2026-02-19 01:39:01,MEDIUM,CHATBOT,CBK0002259,TXN00013350,USR98061,MCH8037,0,0,0,0,0,0,0,0
CBK0002144,TXN00008909,USR70631,MCH6347,,2026-01-14 00:00:00,0.66,Unauthorized Transaction,Customer complaint text unclear due to poor call center notes.,RESOLVED,,LOW,Call Center,CBK0002144,TXN00008909,USR70631,MCH6347,0,0,0,1,0,1,0,0
CBK0001300,TXN00009464,USR85148,MCH7648,2026-02-09 00:00:00,,2154.73,account hacked,Merchant service was not delivered after payment.,PENDING_BANK,2026-03-06 00:00:00,HIGH,ivr,CBK0001300,TXN00009464,usr85148,mch7648,0,0,0,0,1,0,0,1
CBK0002037,TXN00000736,USR80842,MCH3769,2026-03-15 00:00:00,2026-03-11 00:00:00,,account hacked,User reports money deducted but merchant denies receiving payment.,WIP,2026-03-22 00:00:00,LOW,CHATBOT,CBK0002037,TXN00000736,USR80842,MCH3769,0,1,0,0,0,0,0,0
CBK0001277,TXN00010511,USR79673,MCH3992,2026-02-16 11:35:00,2026-02-22 10:35:24,12071.05,complaint,User says UPI PIN was not entered by them.,Closed,2026-02-27 00:00:00,LOW,Email,CBK0001277,TXN00010511,USR79673,MCH3992,0,0,0,0,0,0,0,0
CBK0001875,TXN-00017156,USR39926,MCH4882,2026-11-02 00:00:00,2026-02-15 05:57:47,-1059.67,login compromised,user reports money deducted but merchant denies receiving payment.,Rejected,2026-03-12 05:57:00,MEDIUM,App,CBK0001875,txn-00017156,USR39926,MCH4882,1,0,0,0,0,0,0,0
CBK0002724,TXN-00007282,USR52296,MCH8854,2026-01-22 20:50:32,2026-01-24 00:00:00,9729.28,extra amount deducted,Payment made to unknown merchant as per customer statement.,PENDING_BANK,2026-02-14 00:00:00,MEDIUM,Branch,CBK0002724,txn-00007282,USR52296,MCH8854,0,0,0,0,0,0,0,0
CBK0002354,TXN00009248,72500,MCH5264,2026-01-14 00:00:00,2026-01-17 03:47:00,-728.36,incorrect amount,user claims account was compromised before transaction.,Resolved,2026-02-07 00:00:00,CRITICAL,Email,CBK0002354,TXN00009248,72500,MCH5264,1,0,0,0,0,0,1,0
CBK0002027,TXN00002894,USR-72952,MCH7286,2026-01-10 00:00:00,2026-01-10 21:26:42,,customer issue,Customer says amount was debited twice. pls check asap,WIP,2026-02-08 00:00:00,MEDIUM,CHATBOT,CBK0002027,TXN00002894,USR-72952,MCH7286,0,1,0,0,0,0,0,0
CBK0001440,TXN00009124,USR51720,MCH1539,2026-02-06 01:11:28,2026-03-08 00:00:00,0.253,service failed,Customer says transaction was not authorized.,IN_PROGRESS,2026-03-18 00:00:00,MEDIUM,IVR,CBK0001440,TXN00009124,USR51720,MCH1539,0,0,0,0,0,0,0,0
CBK0001493,TXN00006595,USR31543,MCH5575,2026-01-18 00:00:00,2026-01-24 00:00:00,2625.77,extra amount deducted,USER SAYS UPI PIN WAS NOT ENTERED BY THEM.,Pending Bank,2026-01-28 00:00:00,LOW,Call Center,CBK0001493,TXN00006595,usr31543,mch5575,0,0,0,0,0,0,0,0
CBK0002689,TXN00011270,USR_88203,MCH3731,2026-03-05 01:07:52,2026-03-08 08:07:00,0.662,not done by me,Payment made to unknown merchant as per customer statement.,Open,2026-03-23 08:07:52,LOW,CHATBOT,CBK0002689,TXN00011270,usr_88203,MCH3731,0,0,0,0,0,0,0,0
CBK0001217,TXN00010449,USR44544,MCH3100,2026-01-21 23:13:16,2026-01-27 02:13:16,1852.3,service failed,User claims account was compromised before transaction.,Resolved,2026-02-22 00:00:00,LOW,Call Center,CBK0001217,TXN00010449,USR 44544,mch3100,0,0,0,0,0,0,0,0
CBK0001517,TXN00016968,USR40843,MCH2266,2026-03-06 00:00:00,2026-03-11 23:37:25,1768.72,ATO,Merchant service was not delivered after payment.,Rejected,2026-04-04 00:00:00,MEDIUM,App,CBK0001517,TXN00016968,USR40843,MCH2266,0,0,0,0,0,0,0,0
CBK0001187,TXN00012133,USR31699,MCH5290,2026-03-08 00:00:00,2026-03-12 04:19:58,1491.37,login compromised,Complaint received after multiple failed attempts.,PENDING_BANK,2026-03-19 00:00:00,LOW,App,CBK0001187,TXN00012133,USR31699,MCH5290,0,0,0,0,0,0,0,0
CBK0001516,TXN00013162,USR27947,MCH4181,2026-02-26 00:00:00,2026-03-04 00:00:00,221.35,service failed,Customer says transaction was not authorized.,Closed,,HIGH,App,CBK0001516,TXN00013162,USR27947,mch4181,0,0,0,0,0,1,0,1
CBK0000320,TXN00014355,USR27329,MCH4446,2026-03-11 07:51:22,2026-03-07 07:51:22,-493.43,DUP_DEBIT,Merchant service was not delivered after payment.,Pending Bank,2026-04-02 07:51:22,MEDIUM,chatbot,CBK0000320,TXN00014355,USR27329,mch4446,1,0,0,0,0,0,0,0
CBK0001107,TXN44609,USR77130,MCH2757,2026-03-31 00:00:00,,771.44,customer issue,Customer complaint text unclear due to poor call center notes.,RESOLVED,2026-05-16 15:06:00,MEDIUM,App,CBK0001107,TXN44609,USR77130,MCH 2757,0,0,0,0,1,0,0,0
CBK0002375,TXN00011957,USR43004,MCH4590,2026-02-22 00:00:00,2026-09-03 00:00:00,569.94,ATO,User reports money deducted but merchant denies receiving payment.,WIP,2026-03-10 00:00:00,MEDIUM,Email,CBK0002375,TXN00011957,USR43004,MCH4590,0,0,0,0,0,0,0,0
CBK0000151,TXN00005861,USR31659,MCH5954,2026-03-21 00:00:00,2026-03-23 00:00:00,10091.73,amount mismatch,User reports money deducted but merchant denies receiving payment.,REJECTED,2026-03-29 00:00:00,LOW,Email,CBK0000151,TXN00005861,USR31659,MCH5954,0,0,0,0,0,0,0,0
CBK0001351,TXN00015779,USR-29306,MCH1450,2026-01-06 00:00:00,2026-01-08 20:17:00,0.3948,ATO,customer complaint text unclear due to poor call center notes.,Open,2026-01-17 00:00:00,LOW,CHATBOT,CBK0001351,TXN00015779,USR-29306,MCH1450,0,0,0,0,0,0,0,0
CBK0001111,TXN00009206,USR23400,MCH6695,2026-01-09 00:00:00,2026-01-11 07:25:00,0.1313,delivery issue,Merchant service was not delivered after payment.,OPEN,2026-04-02 00:00:00,HIGH,Call Center,CBK0001111,TXN00009206,usr23400,MCH6695,0,0,0,0,0,0,0,1
CBK0000545,TXN00011868,USR25128,MCH3714,2026-02-02 00:00:00,2026-02-04 13:11:50,1080.46,account hacked,Payment made to unknown merchant as per customer statement.,Pending Bank,,LOW,CHATBOT,CBK0000545,TXN00011868,USR25128,MCH 3714,0,0,0,0,0,1,0,0
CBK0002717,TXN00010611,USR62341,MCH6810,2026-01-04 00:00:00,2026-01-06 00:00:00,1248.48,Customer Dispute,User says UPI PIN was not entered by them.,REJECTED,2026-01-21 00:19:00,HIGH,CHATBOT,CBK0002717,TXN00010611,usr62341,MCH6810,0,0,0,0,0,0,0,1
CBK0001384,TXN00016135,USR75723,MCH7246,2026-02-09 19:42:43,2026-02-11 00:00:00,830.69,Unauthorized Transaction,Merchant service was not delivered after payment.,Open,2026-03-04 00:00:00,MEDIUM,chatbot,CBK0001384,TXN00016135,USR75723,MCH 7246,0,0,0,0,0,0,0,0
CBK0002625,TXN00004157,USR-67803,MCH8154,2026-01-25 00:00:00,2026-04-02 00:00:00,0.269,dispute raised,Customer says transaction was not authorized.,Open,2026-02-22 00:00:00,LOW,Call Center,CBK0002625,TXN00004157,USR-67803,MCH8154,0,0,0,0,0,0,0,0
CBK0002253,TXN00003501,USR85258,MCH4018,2026-01-30 19:42:00,,717.53,dispute raised,Payment made to unknown merchant as per customer statement.,Resolved,2026-02-13 15:42:37,MEDIUM,Call Center,CBK0002253,TXN00003501,USR85258,MCH4018,0,0,0,0,1,0,0,0
CBK0002128,TXN00007497,USR22535,MCH7048,2026-02-09 16:05:34,2026-02-10 15:05:00,-5331.95,scam,User claims account was compromised before transaction. urgent,In Progress,2026-02-13 00:00:00,HIGH,App,CBK0002128,TXN00007497,USR22535,MCH7048,1,0,0,0,0,0,0,1
CBK0000184,TXN00001095,USR35485,MCH7351,2026-03-06 00:00:00,2026-03-09 00:00:00,1383.39,dispute raised,User claims account was compromised before transaction.,REJECTED,2026-03-25 00:00:00,MEDIUM,IVR,CBK0000184,TXN00001095,USR35485,MCH7351,0,0,0,0,0,0,0,0
CBK0001646,TXN00008404,USR50087,MCH8857,2026-06-02 00:00:00,2026-02-06 00:00:00,6003.55,unauth txn,Customer complaint text unclear due to poor call center notes.,In Progress,2026-03-07 00:00:00,LOW,IVR,CBK0001646,TXN00008404,USR50087,MCH8857,0,0,0,0,0,0,0,0
CBK0002445,TXN87166,USR20310,MCH3100,2026-12-02 00:00:00,2026-02-20 00:00:00,2084.49,login compromised,User says UPI PIN was not entered by them.,Resolved,2026-03-11 01:21:40,MEDIUM,Call Center,CBK0002445,TXN87166,USR20310,MCH 3100,0,0,0,0,0,0,0,0
CBK0001479,TXN00008854,USR96222,MCH8391,2026-03-12 23:27:49,2026-03-18 00:00:00,2299.14,extra amount deducted,Suspicious high-value payment disputed by customer.,REJECTED,2026-04-15 13:27:49,MEDIUM,CHATBOT,CBK0001479,TXN00008854,USR96222,MCH8391,0,0,0,0,0,0,0,0
CBK0002009,TXN00007679,USR85277,MCH4226,2026-02-24 19:29:47,2026-02-28 11:29:00,504.58,service failed,USER REPORTS MONEY DEDUCTED BUT MERCHANT DENIES RECEIVING PAYMENT.,Open,,HIGH,Branch,CBK0002009,TXN00007679,USR85277,MCH4226,0,0,0,0,0,1,0,1
CBK0002490,,USR43455,MCH9521,2026-01-09 00:00:00,2026-01-17 00:00:00,0.1266,merchant service issue,USER CLAIMS ACCOUNT WAS COMPROMISED BEFORE TRANSACTION.,RESOLVED,2026-01-29 00:00:00,HIGH,CHATBOT,CBK0002490,,USR43455,MCH9521,0,0,1,0,0,0,0,1
CBK0001380,TXN00009008,USR35697,MCH7809,2026-03-23 00:00:00,2026-03-25 00:00:00,0.743,customer issue,USER SAYS UPI PIN WAS NOT ENTERED BY THEM.,REJECTED,2026-04-09 12:19:42,LOW,IVR,CBK0001380,TXN00009008,USR35697,mch7809,0,0,0,0,0,0,0,0
CBK0002216,TXN00007764,USR83977,MCH3026,2026-03-19 00:00:00,2026-03-25 00:00:00,6398.47,complaint,User claims account was compromised before transaction.,OPEN,,MEDIUM,chatbot,CBK0002216,TXN00007764,USR83977,MCH3026,0,0,0,0,0,1,0,0
CBK0001727,TXN00016545,USR45053,MCH5655,2026-03-04 18:43:59,2026-03-07 00:00:00,268.66,not done by me,Customer complaint text unclear due to poor call center notes.,In Progress,2026-03-14 00:00:00,MEDIUM,App,CBK0001727,TXN00016545,USR45053,MCH5655,0,0,0,0,0,0,0,0
CBK0000270,TXN-00010202,USR15203,5264,2026-01-23 00:00:00,2026-01-25 00:00:00,1328.22,suspicious transaction,Payment made to unknown merchant as per customer statement.,PENDING_BANK,2026-02-02 00:00:00,LOW,Branch,CBK0000270,txn-00010202,usr15203,5264,0,0,0,0,0,0,0,0
CBK0000511,TXN00018141,USR_72986,MCH8779,2026-03-16 00:00:00,2026-03-19 00:00:00,4311.27,merchant service issue,Customer complaint text unclear due to poor call center notes.,RESOLVED,2026-03-28 00:00:00,MEDIUM,App,CBK0000511,TXN00018141,usr_72986,MCH-8779,0,0,0,0,0,0,0,0
CBK0002731,TXN00000182,USR78938,MCH8953,2026-02-11 00:00:00,2026-02-17 00:00:00,17413.88,customer issue,user claims account was compromised before transaction.,CLOSED,2026-02-26 00:00:00,HIGH,App,CBK0002731,TXN00000182,USR78938,MCH8953,0,0,0,0,0,0,0,1
CBK0001334,TXN00013020,USR94669,6850,,2026-03-11 00:00:00,2027.64,amount mismatch,User reports money deducted but merchant denies receiving payment.,WIP,2026-03-27 00:00:00,MEDIUM,ivr,CBK0001334,TXN00013020,USR94669,6850,0,0,0,1,0,0,0,0
CBK0000009,TXN00007204,USR_51727,MCH4175,2026-03-15 00:00:00,2026-03-17 00:00:00,-4713.91,Account Takeover,Suspicious high-value payment disputed by customer.,REJECTED,,HIGH,Branch,CBK0000009,TXN00007204,usr_51727,MCH4175,1,0,0,0,0,1,0,1
CBK0000733,TXN00012362,USR55838,MCH4181,2026-02-05 12:02:58,2026-02-06 00:00:00,4043.04,ATO,User says UPI PIN was not entered by them.,OPEN,2026-02-08 15:02:00,CRITICAL,Branch,CBK0000733,TXN00012362,USR55838,MCH4181,0,0,0,0,0,0,1,0
CBK0001152,TXN00008504,USR31293,1317,2026-02-15 23:32:00,2026-02-16 13:32:23,588.2,scam,User reports money deducted but merchant denies receiving payment.,PENDING_BANK,2026-03-06 13:32:23,MEDIUM,Branch,CBK0001152,TXN00008504,USR31293,1317,0,0,0,0,0,0,0,0
CBK0000886,TXN-00012882,USR83501,MCH3412,2026-01-13 00:00:00,2026-01-15 10:24:32,1791.89,suspicious transaction,Payment made to unknown merchant as per customer statement.,Resolved,2026-01-28 00:00:00,MEDIUM,CHATBOT,CBK0000886,txn-00012882,USR83501,mch3412,0,0,0,0,0,0,0,0
CBK0002753,TXN00006756,USR69271,MCH1635,2026-03-28 00:00:00,2026-04-28 00:00:00,988.98,Service Not Provided,Payment made to unknown merchant as per customer statement.,PENDING_BANK,,MEDIUM,Branch,CBK0002753,TXN00006756,USR69271,MCH1635,0,0,0,0,0,1,0,0
CBK0001224,TXN00008299,USR61715,MCH1151,2026-01-04 00:00:00,2026-01-07 00:00:00,1586.53,FRAUD,SUSPICIOUS HIGH-VALUE PAYMENT DISPUTED BY CUSTOMER.,Open,2026-02-03 03:47:20,MEDIUM,Email,CBK0001224,TXN00008299,USR61715,MCH1151,0,0,0,0,0,0,0,0
CBK0000155,TXN00010068,USR53527,MCH9030,2026-03-12 00:00:00,2026-03-14 00:00:00,2128.78,Unauthorized Transaction,Merchant service was not delivered after payment.,PENDING_BANK,2026-03-17 00:00:00,LOW,chatbot,CBK0000155,TXN00010068,USR53527,MCH 9030,0,0,0,0,0,0,0,0
CBK0001466,TXN00015318,USR91423,MCH3984,2026-02-16 14:22:00,2026-02-19 00:00:00,0.3397,not delivered,Suspicious high-value payment disputed by customer.,Closed,2026-03-21 00:00:00,MEDIUM,CHATBOT,CBK0001466,TXN00015318,USR91423,mch3984,0,0,0,0,0,0,0,0
CBK0001664,TXN00018525,USR61151,MCH2048,2026-01-18 00:00:00,2026-01-17 00:00:00,263.29,fraud,User reports money deducted but merchant denies receiving payment.,PENDING_BANK,2026-02-10 20:54:30,LOW,CHATBOT,CBK0001664,TXN00018525,USR61151,MCH2048,0,0,0,0,0,0,0,0
CBK0001452,TXN00008175,USR21384,MCH2062,2026-02-22 00:00:00,2026-03-01 07:14:00,7668.14,complaint,Customer says amount was debited twice.,Open,,LOW,App,CBK0001452,TXN00008175,USR21384,MCH2062,0,0,0,0,0,1,0,0
CBK0002640,TXN00005546,USR34195,MCH2365,2026-02-24 10:34:00,2026-02-25 16:34:00,0.1518,charged twice,User claims account was compromised before transaction.,Open,,LOW,Call Center,CBK0002640,TXN00005546,USR34195,MCH2365,0,0,0,0,0,1,0,0
CBK0000867,TXN00019528,USR25296,MCH5076,2026-01-31 00:00:00,2026-01-29 00:00:00,2653.08,item not received,User claims account was compromised before transaction.,Closed,2026-02-14 14:43:00,MEDIUM,CHATBOT,CBK0000867,TXN00019528,USR25296,MCH-5076,0,0,0,0,0,0,0,0
CBK0002768,TXN68399,USR40977,MCH2404,,2026-01-31 00:00:00,562.25,UNAUTHORISED,User claims account was compromised before transaction.,Open,2026-02-03 07:38:22,HIGH,chatbot,CBK0002768,TXN68399,USR40977,MCH2404,0,0,0,1,0,0,0,1
CBK0001778,TXN00019856,USR11814,MCH9334,2026-02-02 10:18:46,2026-02-03 21:18:46,,Account Takeover,Complaint received after multiple failed attempts. call dropped,PENDING_BANK,2026-02-12 00:00:00,HIGH,CHATBOT,CBK0001778,TXN00019856,USR11814,mch9334,0,1,0,0,0,0,0,1
CBK0002238,TXN00002006,USR_76792,MCH3459,,2026-01-29 00:00:00,637.05,no service,Payment made to unknown merchant as per customer statement. details missing,OPEN,2026-02-20 00:00:00,MEDIUM,Email,CBK0002238,TXN00002006,usr_76792,MCH-3459,0,0,0,1,0,0,0,0
CBK0001923,TXN00016966,USR62899,MCH8181,2026-10-01 00:00:00,2026-01-14 00:00:00,1081.02,charged twice,customer complaint text unclear due to poor call center notes.,Resolved,2026-01-21 00:00:00,LOW,Email,CBK0001923,TXN00016966,USR62899,MCH8181,0,0,0,0,0,0,0,0
CBK0000471,TXN00007267,USR46455,MCH8953,2026-01-05 18:57:21,2026-01-20 19:57:21,890.07,Duplicate Debit,Merchant service was not delivered after payment.,REJECTED,,LOW,CHATBOT,CBK0000471,TXN00007267,USR46455,mch8953,0,0,0,0,0,1,0,0
CBK0001626,TXN49458,USR11987,MCH8783,2026-02-20 00:00:00,2026-02-22 18:45:00,12414.63,Customer Dispute,User claims account was compromised before transaction.,Open,2026-03-03 00:00:00,CRITICAL,Branch,CBK0001626,TXN49458,USR11987,MCH8783,0,0,0,0,0,0,1,0
CBK0002210,TXN00005430,USR-83180,MCH5840,2026-02-28 17:08:00,2026-03-31 13:08:00,1006.88,unauth txn,Complaint received after multiple failed attempts.,Pending Bank,2026-04-25 13:08:00,MEDIUM,ivr,CBK0002210,TXN00005430,USR-83180,MCH5840,0,0,0,0,0,0,0,0
CBK0000127,TXN00007654,USR54113,MCH3992,2026-03-06 00:00:00,2026-04-20 00:00:00,1028.53,charged twice,Customer complaint text unclear due to poor call center notes.,PENDING_BANK,2026-05-05 21:02:00,MEDIUM,CHATBOT,CBK0000127,TXN00007654,USR54113,MCH3992,0,0,0,0,0,0,0,0
CBK0000705,TXN00001152,USR35882,MCH9206,2026-03-27 00:00:00,2026-03-28 00:00:00,1038.46,double debit,customer complaint text unclear due to poor call center notes.,REJECTED,2026-04-03 06:16:00,MEDIUM,chatbot,CBK0000705,TXN00001152,USR35882,MCH9206,0,0,0,0,0,0,0,0
CBK0000507,TXN00012054,USR-64199,MCH5589,2026-03-02 13:39:09,,666.76,Fraud Suspected,Complaint received after multiple failed attempts.,In Progress,2026-03-30 13:39:09,HIGH,Call Center,CBK0000507,TXN00012054,USR-64199,MCH5589,0,0,0,0,1,0,0,1
CBK0002408,TXN00013519,21313,MCH4396,2026-01-07 08:45:00,2026-01-10 14:45:00,4980.8,merchant service issue,Merchant service was not delivered after payment.,WIP,2026-08-02 00:00:00,HIGH,CHATBOT,CBK0002408,TXN00013519,21313,MCH 4396,0,0,0,0,0,0,0,1
CBK0002332,TXN00002710,USR70317,MCH5459,2026-02-12 00:00:00,2026-02-13 00:00:00,2072.0,not delivered,User claims account was compromised before transaction.,RESOLVED,,LOW,chatbot,CBK0002332,TXN00002710,USR 70317,MCH5459,0,0,0,0,0,1,0,0
CBK0000698,TXN00005431,USR66398,MCH1320,2026-03-31 13:31:09,2026-04-02 00:00:00,1631.64,double debit,customer says transaction was not authorized.,Rejected,2026-04-22 11:31:00,HIGH,Email,CBK0000698,TXN00005431,usr66398,MCH-1320,0,0,0,0,0,0,0,1
CBK0000383,TXN00013042,USR84199,9709,2026-03-27 00:00:00,2026-03-28 07:14:43,5855.28,ATO,complaint received after multiple failed attempts.,Closed,2026-04-24 00:00:00,MEDIUM,Branch,CBK0000383,TXN00013042,USR 84199,9709,0,0,0,0,0,0,0,0
CBK0001198,TXN00016001,USR34436,MCH2936,,2026-02-05 06:11:00,812.93,suspicious transaction,Payment made to unknown merchant as per customer statement.,OPEN,2026-02-22 00:00:00,HIGH,CHATBOT,CBK0001198,TXN00016001,usr34436,MCH-2936,0,0,0,1,0,0,0,1
CBK0002194,,USR21052,MCH3797,2026-03-08 00:00:00,2026-03-12 00:00:00,,unauthorized_transaction,User reports money deducted but merchant denies receiving payment.,Open,,CRITICAL,App,CBK0002194,,USR 21052,MCH3797,0,1,1,0,0,1,1,0
CBK0001129,TXN00019231,USR32448,MCH5534,2026-02-03 00:00:00,2026-03-07 00:00:00,1213.34,complaint,User reports money deducted but merchant denies receiving payment.,Pending Bank,2026-03-26 00:00:00,LOW,CHATBOT,CBK0001129,TXN00019231,USR32448,MCH5534,0,0,0,0,0,0,0,0
CBK0002586,TXN00016107,USR-77915,MCH8391,2026-03-15 00:00:00,2026-04-14 10:20:30,800.72,complaint,Payment made to unknown merchant as per customer statement.,Open,2026-05-12 10:20:00,LOW,Branch,CBK0002586,TXN00016107,USR-77915,MCH8391,0,0,0,0,0,0,0,0
CBK0001794,TXN00009546,USR84804,MCH3045,2026-03-13 00:00:00,2026-03-14 00:00:00,562.28,customer issue,Customer says transaction was not authorized.,Open,2026-03-16 10:34:00,MEDIUM,App,CBK0001794,TXN00009546,USR84804,MCH3045,0,0,0,0,0,0,0,0
CBK0000707,TXN00009174,USR25529,MCH1041,2026-03-28 00:00:00,2026-04-28 00:00:00,0.3544,no service,Complaint received after multiple failed attempts.,WIP,2026-05-04 00:00:00,LOW,App,CBK0000707,TXN00009174,usr25529,MCH1041,0,0,0,0,0,0,0,0
CBK0000675,TXN00002371,USR78353,MCH5277,2026-02-26 00:00:00,2026-03-09 00:00:00,-7577.71,Service Not Provided,customer says amount was debited twice.,REJECTED,2026-03-10 00:00:00,MEDIUM,Email,CBK0000675,TXN00002371,USR78353,mch5277,1,0,0,0,0,0,0,0
CBK0000461,TXN00013811,98133,MCH3815,2026-03-18 22:28:00,2026-03-21 00:00:00,2059.37,Account Takeover,User says UPI PIN was not entered by them. details missing,Pending Bank,,MEDIUM,App,CBK0000461,TXN00013811,98133,MCH3815,0,0,0,0,0,1,0,0
CBK0000077,TXN00016365,USR65949,MCH5705,2026-01-17 10:07:00,2026-01-18 13:07:29,287.37,charged twice,User reports money deducted but merchant denies receiving payment.,RESOLVED,2026-02-05 00:00:00,LOW,App,CBK0000077,TXN00016365,USR 65949,MCH5705,0,0,0,0,0,0,0,0
CBK0000606,TXN00009406,USR72675,MCH2266,,2026-01-13 16:20:00,0.2488,no service,Merchant service was not delivered after payment.,Rejected,2026-01-24 16:20:00,MEDIUM,ivr,CBK0000606,TXN00009406,USR72675,MCH2266,0,0,0,1,0,0,0,0
CBK0000880,TXN00018703,USR63444,MCH2434,2026-01-31 00:00:00,2026-02-07 00:00:00,0.1513,no service,suspicious high-value payment disputed by customer.,In Progress,2026-02-21 16:50:46,CRITICAL,Branch,CBK0000880,TXN00018703,USR63444,MCH2434,0,0,0,0,0,0,1,0
CBK0001536,TXN00003677,USR67399,MCH1566,2026-02-23 02:32:00,2026-02-28 15:32:00,1364.35,not delivered,Customer says transaction was not authorized. pls check asap,RESOLVED,,LOW,Email,CBK0001536,TXN00003677,USR67399,MCH1566,0,0,0,0,0,1,0,0
CBK0002472,TXN00013665,USR72656,MCH2756,2026-03-04 14:52:38,2026-03-07 00:00:00,-616.17,Wrong Amount,Suspicious high-value payment disputed by customer. pls check asap,Resolved,2026-04-06 10:52:38,HIGH,chatbot,CBK0002472,TXN00013665,USR72656,MCH2756,1,0,0,0,0,0,0,1
CBK0002484,TXN00005205,USR_19551,MCH5064,2026-02-26 00:00:00,2026-03-04 00:00:00,6694.94,Customer Dispute,Complaint received after multiple failed attempts.,Resolved,,HIGH,ivr,CBK0002484,TXN00005205,usr_19551,MCH5064,0,0,0,0,0,1,0,1
CBK0002036,TXN00014884,50473,MCH6069,2026-02-20 00:00:00,2026-02-24 00:00:00,,Duplicate Debit,Customer says amount was debited twice.,In Progress,2026-03-19 00:00:00,MEDIUM,ivr,CBK0002036,TXN00014884,50473,MCH6069,0,1,0,0,0,0,0,0
CBK0000666,,USR_33350,MCH6639,,2026-01-11 03:18:30,8521.71,complaint,User says UPI PIN was not entered by them. call dropped,Resolved,2026-01-28 00:00:00,MEDIUM,chatbot,CBK0000666,,usr_33350,MCH6639,0,0,1,1,0,0,0,0
CBK0002496,TXN00016961,USR12384,MCH4196,2026-02-26 13:00:00,2026-03-14 12:00:58,433.87,not delivered,CUSTOMER SAYS TRANSACTION WAS NOT AUTHORIZED.,Open,2026-04-10 00:00:00,MEDIUM,Branch,CBK0002496,TXN00016961,USR12384,mch4196,0,0,0,0,0,0,0,0
CBK0002579,TXN-00002668,USR-57244,MCH3590,2026-02-02 00:00:00,2026-02-05 00:00:00,551.59,unauthorized_transaction,User claims account was compromised before transaction.,Rejected,2026-03-03 00:00:00,HIGH,CHATBOT,CBK0002579,txn-00002668,USR-57244,MCH3590,0,0,0,0,0,0,0,1
CBK0001621,TXN00006638,USR85507,MCH6644,2026-01-03 00:00:00,2026-01-19 00:00:00,2742.66,amount mismatch,User reports money deducted but merchant denies receiving payment.,Open,2026-02-08 00:00:00,CRITICAL,chatbot,CBK0001621,TXN00006638,USR85507,MCH6644,0,0,0,0,0,0,1,0
CBK0002033,TXN00018868,USR88284,2152,2026-03-09 12:13:27,2026-03-13 00:00:00,180.66,account hacked,Merchant service was not delivered after payment.,CLOSED,2026-04-09 00:00:00,HIGH,chatbot,CBK0002033,TXN00018868,USR88284,2152,0,0,0,0,0,0,0,1
CBK0000887,TXN00005845,USR53491,MCH4767,2026-01-18 10:49:09,2026-01-21 00:00:00,,Customer Dispute,Customer says amount was debited twice.,Pending Bank,2026-01-27 00:00:00,CRITICAL,chatbot,CBK0000887,TXN00005845,USR 53491,MCH4767,0,1,0,0,0,0,1,0
CBK0002341,TXN00012704,USR27290,MCH3954,2026-01-19 00:00:00,2026-01-22 23:30:00,2025.76,Fraud Suspected,User reports money deducted but merchant denies receiving payment.,CLOSED,2026-02-07 00:00:00,HIGH,Branch,CBK0002341,TXN00012704,USR27290,MCH3954,0,0,0,0,0,0,0,1
CBK0002499,TXN00012098,USR40113,MCH9719,2026-02-09 05:17:08,,0.708,service failed,merchant service was not delivered after payment.,Rejected,2026-02-19 08:17:00,LOW,Email,CBK0002499,TXN00012098,USR40113,MCH-9719,0,0,0,0,1,0,0,0
CBK0002356,TXN00014945,USR84844,MCH5076,2026-03-20 19:35:48,2026-03-21 00:00:00,1720.02,dispute raised,Suspicious high-value payment disputed by customer.,REJECTED,2026-03-25 00:00:00,MEDIUM,App,CBK0002356,TXN00014945,USR84844,MCH-5076,0,0,0,0,0,0,0,0
CBK0000488,TXN00008670,USR17815,MCH6810,2026-03-03 00:00:00,,992.85,Customer Dispute,User claims account was compromised before transaction.,IN_PROGRESS,2026-03-27 00:00:00,LOW,chatbot,CBK0000488,TXN00008670,USR17815,MCH6810,0,0,0,0,1,0,0,0
CBK0001653,TXN00008030,USR-83418,MCH6033,2026-02-02 00:00:00,2026-03-20 00:00:00,1200.17,no service,Customer says amount was debited twice.,Resolved,2026-03-28 11:43:48,MEDIUM,ivr,CBK0001653,TXN00008030,USR-83418,MCH6033,0,0,0,0,0,0,0,0
CBK0002360,TXN00016689,USR22630,6419,2026-05-03 00:00:00,2026-03-11 00:00:00,2052.97,unauthorized_transaction,User claims account was compromised before transaction.,Pending Bank,,LOW,Call Center,CBK0002360,TXN00016689,USR 22630,6419,0,0,0,0,0,1,0,0
CBK0002567,TXN00016286,USR90993,MCH5462,2026-03-13 02:22:00,2026-03-18 09:22:00,1887.01,delivery issue,Payment made to unknown merchant as per customer statement.,CLOSED,2026-04-16 00:00:00,MEDIUM,chatbot,CBK0002567,TXN00016286,USR90993,MCH 5462,0,0,0,0,0,0,0,0
CBK0002701,TXN00015262,USR47926,MCH5959,2026-01-07 15:19:00,2026-01-08 00:00:00,2260.38,Customer Dispute,Customer says amount was debited twice. NA,Open,2026-01-29 00:00:00,LOW,IVR,CBK0002701,TXN00015262,USR 47926,MCH5959,0,0,0,0,0,0,0,0
CBK0001076,TXN00014751,USR40036,MCH9461,2026-01-15 00:00:00,2026-01-16 00:00:00,-1337.67,double debit,Customer says amount was debited twice.,Pending Bank,,MEDIUM,chatbot,CBK0001076,TXN00014751,USR40036,MCH9461,1,0,0,0,0,1,0,0
CBK0001229,TXN00014638,USR33934,MCH4422,,2026-02-05 03:24:10,0.1064,item not received,suspicious high-value payment disputed by customer.,CLOSED,,LOW,ivr,CBK0001229,TXN00014638,USR33934,MCH4422,0,0,0,1,0,1,0,0
CBK0001253,TXN48192,USR32413,MCH7724,2026-03-07 00:00:00,2026-09-03 00:00:00,1863.22,customer issue,User claims account was compromised before transaction.,Pending Bank,,LOW,ivr,CBK0001253,TXN48192,USR32413,MCH7724,0,0,0,0,0,1,0,0
CBK0001863,TXN00004455,USR92111,MCH2672,2026-01-24 00:00:00,2026-01-02 00:00:00,559.19,Fraud Suspected,payment made to unknown merchant as per customer statement.,Resolved,,MEDIUM,Email,CBK0001863,TXN00004455,USR92111,MCH2672,0,0,0,0,0,1,0,0
CBK0000864,TXN58515,USR41631,MCH1320,2026-01-21 00:00:00,2026-01-31 15:38:00,216.17,merchant service issue,Customer complaint text unclear due to poor call center notes.,PENDING_BANK,,HIGH,CHATBOT,CBK0000864,TXN58515,usr41631,MCH1320,0,0,0,0,0,1,0,1
CBK0001853,TXN00008375,USR11036,MCH7833,2026-01-09 13:20:42,,372.08,double debit,Complaint received after multiple failed attempts.,RESOLVED,2026-02-10 19:20:42,LOW,Branch,CBK0001853,TXN00008375,USR 11036,MCH-7833,0,0,0,0,1,0,0,0
CBK0001308,TXN00016774,USR71704,MCH4590,2026-03-14 00:00:00,2026-03-19 00:00:00,9878.08,merchant service issue,Customer says amount was debited twice.,Pending Bank,2026-03-19 00:00:00,CRITICAL,Branch,CBK0001308,TXN00016774,USR71704,MCH4590,0,0,0,0,0,0,1,0
CBK0001006,TXN00005755,USR95625,MCH4181,2026-03-29 16:15:15,2026-04-28 00:00:00,740.85,fraud,Suspicious high-value payment disputed by customer.,WIP,,MEDIUM,App,CBK0001006,TXN00005755,USR95625,MCH4181,0,0,0,0,0,1,0,0
CBK0001269,TXN00007095,USR24536,MCH8953,2026-02-06 04:54:54,2026-02-07 00:00:00,0.1816,unauth txn,User says UPI PIN was not entered by them.,IN_PROGRESS,2026-02-17 08:54:00,MEDIUM,ivr,CBK0001269,TXN00007095,USR24536,MCH8953,0,0,0,0,0,0,0,0
CBK0000607,TXN00007941,USR_62254,MCH1419,2026-01-03 00:00:00,2026-03-05 05:33:21,-15519.36,suspicious transaction,User reports money deducted but merchant denies receiving payment.,REJECTED,,LOW,CHATBOT,CBK0000607,TXN00007941,usr_62254,MCH1419,1,0,0,0,0,1,0,0
CBK0001541,TXN00011858,USR73594,MCH4651,2026-03-08 00:00:00,2026-07-04 00:00:00,7857.66,Duplicate Debit,Payment made to unknown merchant as per customer statement. call dropped,Open,,MEDIUM,Email,CBK0001541,TXN00011858,USR73594,MCH4651,0,0,0,0,0,1,0,0
CBK0000990,TXN00010883,USR94792,MCH2338,2026-03-01 00:00:00,2026-03-04 00:00:00,2301.28,suspicious transaction,Merchant service was not delivered after payment.,Closed,2026-03-07 00:00:00,CRITICAL,IVR,CBK0000990,TXN00010883,USR 94792,MCH-2338,0,0,0,0,0,0,1,0
CBK0002713,TXN00016837,USR36321,MCH2065,2026-09-03 00:00:00,2026-03-13 00:00:00,,dispute raised,Customer complaint text unclear due to poor call center notes.,Rejected,2026-03-25 00:00:00,HIGH,CHATBOT,CBK0002713,TXN00016837,USR36321,MCH2065,0,1,0,0,0,0,0,1
CBK0001590,TXN00014261,USR66321,MCH8391,2026-01-02 02:08:36,2026-01-07 00:00:00,-750.7,merchant service issue,Complaint received after multiple failed attempts.,PENDING_BANK,2026-01-15 00:00:00,MEDIUM,ivr,CBK0001590,TXN00014261,usr66321,MCH8391,1,0,0,0,0,0,0,0
CBK0002311,TXN00011525,USR73683,MCH3681,2026-03-29 00:00:00,2026-04-14 00:00:00,3875.84,Customer Dispute,Customer complaint text unclear due to poor call center notes.,Pending Bank,2026-05-11 00:00:00,MEDIUM,chatbot,CBK0002311,TXN00011525,usr73683,MCH3681,0,0,0,0,0,0,0,0
CBK0001892,TXN00019135,USR46902,MCH3656,2026-02-25 00:00:00,2026-02-28 00:00:00,-690.96,unauthorized_transaction,Complaint received after multiple failed attempts.,OPEN,2026-03-03 00:00:00,MEDIUM,chatbot,CBK0001892,TXN00019135,USR46902,MCH3656,1,0,0,0,0,0,0,0
CBK0002635,TXN00012235,USR39811,MCH4990,2026-02-22 12:05:00,2026-02-24 16:05:00,-10021.84,double debit,Customer complaint text unclear due to poor call center notes.,Open,,MEDIUM,Call Center,CBK0002635,TXN00012235,USR39811,MCH 4990,1,0,0,0,0,1,0,0
CBK0000537,TXN00006837,USR-35532,MCH7922,2026-01-07 00:00:00,2026-01-09 10:28:51,0.374,Customer Dispute,Suspicious high-value payment disputed by customer.,RESOLVED,,MEDIUM,chatbot,CBK0000537,TXN00006837,USR-35532,MCH7922,0,0,0,0,0,1,0,0
CBK0000081,TXN00016937,USR98012,MCH5770,2026-01-25 00:00:00,2026-01-27 00:00:00,-6269.03,amount mismatch,merchant service was not delivered after payment.,RESOLVED,2026-02-05 00:00:00,MEDIUM,Email,CBK0000081,TXN00016937,usr98012,MCH 5770,1,0,0,0,0,0,0,0
CBK0000117,TXN00008534,USR46501,MCH8277,2026-02-25 00:00:00,2026-08-03 00:00:00,652.86,customer issue,Customer says amount was debited twice.,Pending Bank,,HIGH,Email,CBK0000117,TXN00008534,USR46501,MCH8277,0,0,0,0,0,1,0,1
CBK0001244,TXN59954,USR15501,MCH3432,2026-03-12 11:29:14,2026-03-18 00:00:00,1289.25,charged twice,Customer complaint text unclear due to poor call center notes.,REJECTED,2026-03-21 00:00:00,MEDIUM,App,CBK0001244,TXN59954,USR15501,MCH3432,0,0,0,0,0,0,0,0
CBK0001057,TXN00013162,USR95375,MCH1477,2026-03-28 00:00:00,2026-03-30 00:00:00,0.3182,dispute raised,Customer says transaction was not authorized.,In Progress,2026-04-24 10:56:00,MEDIUM,App,CBK0001057,TXN00013162,USR95375,mch1477,0,0,0,0,0,0,0,0
CBK0002085,TXN99329,USR-70175,MCH8953,2026-03-07 00:00:00,2026-03-10 00:00:00,2454.92,FRAUD,Suspicious high-value payment disputed by customer.,In Progress,2026-04-07 21:00:00,LOW,CHATBOT,CBK0002085,TXN99329,USR-70175,MCH8953,0,0,0,0,0,0,0,0
CBK0000847,TXN00010448,USR75789,MCH4429,2026-03-26 00:00:00,2026-03-28 00:00:00,-387.13,not done by me,User reports money deducted but merchant denies receiving payment.,REJECTED,2026-03-28 00:00:00,HIGH,Call Center,CBK0000847,TXN00010448,USR75789,MCH4429,1,0,0,0,0,0,0,1
CBK0001388,TXN00008970,USR73474,MCH8142,,2026-04-01 12:45:30,0.4522,Duplicate Debit,CUSTOMER SAYS TRANSACTION WAS NOT AUTHORIZED.,OPEN,,LOW,IVR,CBK0001388,TXN00008970,USR73474,MCH8142,0,0,0,1,0,1,0,0
CBK0002155,TXN00016461,USR71348,MCH4824,2026-02-22 18:14:02,2026-02-25 00:00:00,-734.05,Merchant Not Delivered,Complaint received after multiple failed attempts.,Pending Bank,2026-05-03 00:00:00,HIGH,IVR,CBK0002155,TXN00016461,USR71348,MCH4824,1,0,0,0,0,0,0,1
CBK0002217,TXN00017718,USR99570,MCH5980,2026-01-20 00:00:00,2026-01-23 00:00:00,1451.78,complaint,Customer says txn was not authorized.,REJECTED,2026-02-04 00:00:00,LOW,Branch,CBK0002217,TXN00017718,USR99570,MCH5980,0,0,0,0,0,0,0,0
CBK0001218,TXN74714,USR28268,MCH1154,,2026-03-30 00:00:00,2166.47,not delivered,Merchant service was not delivered after payment.,Pending Bank,2026-04-03 00:00:00,HIGH,Email,CBK0001218,TXN74714,USR28268,MCH1154,0,0,0,1,0,0,0,1
CBK0001265,TXN00004057,USR-26009,MCH6381,2026-01-29 03:59:00,2026-01-30 00:00:00,1149.72,Duplicate Debit,User reports money deducted but merchant denies receiving payment.,In Progress,2026-02-15 15:59:11,MEDIUM,App,CBK0001265,TXN00004057,USR-26009,MCH6381,0,0,0,0,0,0,0,0
CBK0000087,TXN00008323,USR70375,MCH3815,2026-03-26 04:50:42,2026-03-29 08:50:42,36675.43,account hacked,merchant service was not delivered after payment.,Pending Bank,2026-03-29 08:50:42,MEDIUM,IVR,CBK0000087,TXN00008323,USR 70375,MCH3815,0,0,0,0,0,0,0,0
CBK0001572,TXN00014973,USR69706,MCH9344,2026-01-11 08:59:33,2026-01-11 10:59:00,0.737,dispute raised,User says UPI PIN was not entered by them.,Closed,2026-01-23 00:00:00,LOW,CHATBOT,CBK0001572,TXN00014973,USR69706,MCH9344,0,0,0,0,0,0,0,0
CBK0002221,TXN00016939,USR56378,MCH2383,2026-02-24 00:00:00,2026-03-07 00:00:00,27330.78,Customer Dispute,Customer says transaction was not authorized.,Rejected,2026-03-12 00:00:00,CRITICAL,ivr,CBK0002221,TXN00016939,USR56378,mch2383,0,0,0,0,0,0,1,0
CBK0001983,TXN00012545,USR_12475,MCH1320,2026-01-05 00:00:00,2026-01-07 21:57:07,886.93,charged twice,User says UPI PIN was not entered by them.,Rejected,2026-01-16 00:00:00,HIGH,Call Center,CBK0001983,TXN00012545,usr_12475,mch1320,0,0,0,0,0,0,0,1
CBK0001310,TXN00006669,USR64847,MCH4786,,2026-02-18 15:36:00,-2766.56,double debit,Customer complaint text unclear due to poor call center notes.,Closed,2026-03-13 00:00:00,LOW,Call Center,CBK0001310,TXN00006669,USR 64847,MCH4786,1,0,0,1,0,0,0,0
CBK0002495,TXN00002679,USR24536,8280,2026-01-07 16:01:24,2026-01-15 11:01:00,1214.71,Account Takeover,User reports money deducted but merchant denies receiving payment.,Closed,2026-02-10 00:00:00,LOW,Branch,CBK0002495,TXN00002679,USR24536,8280,0,0,0,0,0,0,0,0
CBK0002000,TXN00006334,USR56042,MCH4130,2026-01-29 15:04:00,2026-02-09 00:00:00,-1206.9,double debit,Customer says amount was debited twice. pls check asap,IN_PROGRESS,2026-02-09 00:00:00,MEDIUM,App,CBK0002000,TXN00006334,USR56042,MCH4130,1,0,0,0,0,0,0,0
CBK0000401,TXN00001653,33650,MCH5294,2026-02-04 00:00:00,2026-02-05 12:47:14,0.4022,Unauthorized Transaction,Customer complaint text unclear due to poor call center notes.,IN_PROGRESS,2026-02-07 12:47:14,MEDIUM,ivr,CBK0000401,TXN00001653,33650,MCH5294,0,0,0,0,0,0,0,0
CBK0001880,TXN00013813,USR-85610,MCH6626,2026-01-21 00:00:00,2026-03-07 00:00:00,,scam,Customer says transaction was not authorized.,REJECTED,2026-03-19 00:00:00,MEDIUM,chatbot,CBK0001880,TXN00013813,USR-85610,MCH6626,0,1,0,0,0,0,0,0
CBK0000884,TXN00014060,USR-97772,MCH9069,2026-02-21 10:06:00,2026-02-26 23:06:00,613.53,no service,User reports money deducted but merchant denies receiving payment.,REJECTED,2026-03-07 00:00:00,CRITICAL,chatbot,CBK0000884,TXN00014060,USR-97772,mch9069,0,0,0,0,0,0,1,0
CBK0001963,TXN00002490,USR56287,MCH9228,2026-01-21 11:23:07,2026-01-21 12:23:07,0.117,ATO,Customer says amount was debited twice.,CLOSED,2026-01-27 00:00:00,LOW,Branch,CBK0001963,TXN00002490,USR56287,MCH-9228,0,0,0,0,0,0,0,0
CBK0000203,TXN00002521,USR11015,MCH5051,2026-04-01 00:00:00,2026-06-01 00:00:00,0.494,no service,User claims account was compromised before transaction.,CLOSED,,HIGH,Call Center,CBK0000203,TXN00002521,USR11015,MCH5051,0,0,0,0,0,1,0,1
CBK0002334,TXN00013909,61147,MCH6628,2026-10-01 00:00:00,2026-12-01 00:00:00,449.15,Customer Dispute,merchant service was not delivered after payment.,Rejected,2026-01-16 14:42:00,HIGH,IVR,CBK0002334,TXN00013909,61147,MCH-6628,0,0,0,0,0,0,0,1
CBK0002556,TXN00014016,USR85655,MCH2065,2026-03-01 00:00:00,2026-03-04 00:00:00,2538.7,Unauthorized Transaction,Customer complaint text unclear due to poor call center notes.,WIP,2026-03-07 09:29:57,LOW,Email,CBK0002556,TXN00014016,USR 85655,MCH2065,0,0,0,0,0,0,0,0
CBK0000337,TXN00013045,USR42531,MCH1288,2026-01-19 00:00:00,2026-01-20 08:51:00,546.9,Service Not Provided,Customer complaint text unclear due to poor call center notes.,Rejected,,LOW,CHATBOT,CBK0000337,TXN00013045,USR 42531,MCH1288,0,0,0,0,0,1,0,0
CBK0002542,TXN00004045,USR54255,MCH7383,2026-03-24 03:03:18,2026-04-08 20:03:18,14158.32,account hacked,Merchant service was not delivered after payment.,PENDING_BANK,2026-04-13 20:03:18,LOW,Call Center,CBK0002542,TXN00004045,USR54255,MCH7383,0,0,0,0,0,0,0,0
CBK0002678,TXN74852,USR64694,MCH3676,2026-02-11 00:00:00,,1652.05,double debit,Payment made to unknown merchant as per customer statement.,IN_PROGRESS,2026-03-11 16:25:29,MEDIUM,Call Center,CBK0002678,TXN74852,USR64694,MCH3676,0,0,0,0,1,0,0,0
CBK0001617,TXN00001553,USR68522,MCH7372,2026-01-08 00:00:00,2026-02-08 00:00:00,5796.41,merchant service issue,Payment made to unknown merchant as per customer statement. pls check asap,PENDING_BANK,2026-02-21 04:46:00,CRITICAL,Call Center,CBK0001617,TXN00001553,usr68522,MCH7372,0,0,0,0,0,0,1,0
CBK0002109,TXN00005274,USR70317,MCH7833,2026-02-26 09:34:34,2026-02-27 13:34:00,4290.41,incorrect amount,Customer says amount was debited twice.,Resolved,2026-03-13 13:34:00,HIGH,chatbot,CBK0002109,TXN00005274,USR 70317,MCH7833,0,0,0,0,0,0,0,1
CBK0000136,TXN-00000724,USR55205,MCH4226,2026-02-20 00:00:00,2026-02-26 00:00:00,0.454,dispute raised,User says UPI PIN was not entered by them.,CLOSED,,HIGH,Email,CBK0000136,txn-00000724,USR55205,MCH4226,0,0,0,0,0,1,0,1
CBK0002243,TXN00019786,USR27947,MCH1674,2026-03-15 00:00:00,2026-03-17 00:00:00,1377.81,unauth txn,Customer complaint text unclear due to poor call center notes.,Pending Bank,,CRITICAL,Email,CBK0002243,TXN00019786,usr27947,MCH1674,0,0,0,0,0,1,1,0
CBK0000579,TXN00006902,USR30658,MCH8779,,2026-04-09 00:00:00,2179.89,Wrong Amount,Customer says amount was debited twice.,CLOSED,2026-04-25 00:00:00,CRITICAL,Call Center,CBK0000579,TXN00006902,usr30658,MCH8779,0,0,0,1,0,0,1,0
CBK0002191,TXN00005500,USR99576,MCH4473,2026-01-25 00:00:00,2026-01-31 00:00:00,1721.07,account hacked,SUSPICIOUS HIGH-VALUE PAYMENT DISPUTED BY CUSTOMER.,CLOSED,2026-02-09 00:00:00,HIGH,Call Center,CBK0002191,TXN00005500,usr99576,MCH4473,0,0,0,0,0,0,0,1
CBK0002147,TXN00010700,USR-22862,MCH3741,2026-03-21 00:00:00,2026-03-29 00:00:00,393.01,item not received,Payment made to unknown merchant as per customer statement.,WIP,2026-03-29 00:00:00,MEDIUM,chatbot,CBK0002147,TXN00010700,USR-22862,MCH3741,0,0,0,0,0,0,0,0
CBK0002214,,USR72691,MCH3098,2026-02-03 00:00:00,2026-02-14 00:01:00,0.3364,delivery issue,Payment made to unknown merchant as per customer statement.,Closed,,MEDIUM,ivr,CBK0002214,,USR72691,MCH3098,0,0,1,0,0,1,0,0
CBK0002699,TXN00004968,USR63160,MCH2867,2026-02-09 02:29:10,2026-02-19 10:29:00,-686.93,ATO,Customer says transaction was not authorized.,IN_PROGRESS,2026-02-27 00:00:00,HIGH,IVR,CBK0002699,TXN00004968,USR63160,MCH2867,1,0,0,0,0,0,0,1
CBK0000910,TXN00010888,USR26595,MCH8921,2026-01-27 00:00:00,2026-01-31 19:55:18,925.14,amount mismatch,User reports money deducted but merchant denies receiving payment.,Closed,2026-02-08 19:55:18,LOW,chatbot,CBK0000910,TXN00010888,USR26595,MCH 8921,0,0,0,0,0,0,0,0
CBK0002050,TXN00003990,USR78005,MCH8100,2026-01-22 20:54:00,2026-01-27 22:54:00,-5710.85,extra amount deducted,Customer says amount was debited twice.,CLOSED,,MEDIUM,CHATBOT,CBK0002050,TXN00003990,USR78005,MCH8100,1,0,0,0,0,1,0,0
CBK0002501,TXN74548,USR43280,MCH3768,2026-02-20 00:00:00,2026-02-22 23:25:00,-4626.55,no service,MERCHANT SERVICE WAS NOT DELIVERED AFTER PAYMENT.,WIP,2026-02-27 23:25:00,HIGH,Call Center,CBK0002501,TXN74548,USR43280,MCH3768,1,0,0,0,0,0,0,1
CBK0002442,TXN00003496,USR17908,MCH1236,2026-01-12 17:43:35,2026-01-28 00:00:00,1706.49,service failed,Complaint received after multiple failed attempts.,Rejected,2026-02-24 01:43:00,HIGH,IVR,CBK0002442,TXN00003496,USR17908,MCH1236,0,0,0,0,0,0,0,1
CBK0002201,TXN00011553,USR33934,MCH1101,2026-02-07 13:14:25,2026-02-11 00:00:00,1996.81,account hacked,User says UPI PIN was not entered by them.,OPEN,2026-02-26 06:14:25,LOW,App,CBK0002201,TXN00011553,USR33934,mch1101,0,0,0,0,0,0,0,0
CBK0001113,TXN00011228,47724,3600,2026-01-19 04:34:00,2026-01-20 00:00:00,9827.0,login compromised,Customer complaint text unclear due to poor call center notes.,PENDING_BANK,2026-02-14 00:00:00,LOW,IVR,CBK0001113,TXN00011228,47724,3600,0,0,0,0,0,0,0,0
CBK0001373,TXN00007769,24681,MCH6081,,2026-02-14 19:34:08,813.25,item not received,Suspicious high-value payment disputed by customer.,Resolved,2026-03-12 00:00:00,HIGH,chatbot,CBK0001373,TXN00007769,24681,MCH6081,0,0,0,1,0,0,0,1
CBK0001206,TXN00014973,USR48430,MCH4479,2026-02-17 19:55:56,2026-02-25 15:55:56,746.85,no service,Suspicious high-value payment disputed by customer.,Resolved,2026-02-25 00:00:00,HIGH,Call Center,CBK0001206,TXN00014973,USR 48430,MCH4479,0,0,0,0,0,0,0,1
CBK0000759,TXN00018597,USR54822,MCH1382,,2026-02-14 10:59:54,2898.66,login compromised,Merchant service was not delivered after payment.,Open,2026-02-16 10:59:54,MEDIUM,ivr,CBK0000759,TXN00018597,USR54822,mch1382,0,0,0,1,0,0,0,0
CBK0002772,TXN00008116,USR80305,MCH3781,2026-01-18 12:29:06,2026-01-20 00:00:00,1863.17,charged twice,User reports money deducted but merchant denies receiving payment.,Rejected,2026-02-15 00:00:00,LOW,IVR,CBK0002772,TXN00008116,USR80305,mch3781,0,0,0,0,0,0,0,0
CBK0000517,TXN00001323,USR53151,MCH9341,,2026-02-19 00:00:00,0.7329,no service,suspicious high-value payment disputed by customer.,REJECTED,2026-02-27 21:24:00,LOW,Branch,CBK0000517,TXN00001323,USR53151,MCH9341,0,0,0,1,0,0,0,0
CBK0001632,TXN00015576,USR12683,MCH9869,2026-03-19 05:30:23,2026-03-30 00:00:00,448.44,Fraud Suspected,Payment made to unknown merchant as per customer statement.,PENDING_BANK,,MEDIUM,App,CBK0001632,TXN00015576,USR12683,MCH9869,0,0,0,0,0,1,0,0
CBK0000927,TXN-00014638,USR14035,MCH9573,2026-03-12 17:36:00,2026-03-13 17:36:25,10765.79,Merchant Not Delivered,Customer complaint text unclear due to poor call center notes.,Open,2026-04-08 17:36:00,HIGH,CHATBOT,CBK0000927,txn-00014638,usr14035,MCH9573,0,0,0,0,0,0,0,1
CBK0002008,TXN00014274,USR40602,MCH5954,2026-02-14 00:00:00,2026-02-20 00:00:00,3293.82,delivery issue,Complaint received after multiple failed attempts.,Closed,2026-03-08 10:09:37,MEDIUM,ivr,CBK0002008,TXN00014274,USR40602,MCH-5954,0,0,0,0,0,0,0,0
CBK0000572,,USR58062,MCH2065,2026-02-18 22:15:46,2026-02-24 10:15:46,1849.53,UNAUTHORISED,Customer says amount was debited twice.,CLOSED,2026-03-15 00:00:00,MEDIUM,chatbot,CBK0000572,,USR58062,MCH2065,0,0,1,0,0,0,0,0
CBK0002708,TXN00018113,USR17556,MCH8377,2026-02-09 00:00:00,2026-02-12 17:45:31,987.42,login compromised,Complaint received after multiple failed attempts.,Rejected,2026-03-10 17:45:31,LOW,chatbot,CBK0002708,TXN00018113,USR17556,MCH-8377,0,0,0,0,0,0,0,0
CBK0002534,TXN00004493,USR76170,MCH3036,2026-01-11 21:56:00,2026-01-27 00:00:00,380.69,not delivered,merchant service was not delivered after payment.,WIP,,LOW,Email,CBK0002534,TXN00004493,USR76170,MCH3036,0,0,0,0,0,1,0,0
CBK0001209,TXN00009348,USR59740,4686,2026-02-24 00:00:00,2026-02-28 03:03:00,0.416,delivery issue,customer says transaction was not authorized.,IN_PROGRESS,2026-03-04 03:03:36,HIGH,Email,CBK0001209,TXN00009348,USR59740,4686,0,0,0,0,0,0,0,1
CBK0000339,TXN00013884,USR60939,MCH3878,2026-03-20 00:00:00,2026-03-27 00:00:00,3072.71,Account Takeover,Payment made to unknown merchant as per customer statement.,IN_PROGRESS,,HIGH,ivr,CBK0000339,TXN00013884,USR60939,MCH3878,0,0,0,0,0,1,0,1
CBK0002282,TXN00008893,USR74390,MCH7259,2026-01-05 00:00:00,,2546.9,DUP_DEBIT,customer says transaction was not authorized.,Open,2026-01-13 13:43:40,LOW,IVR,CBK0002282,TXN00008893,USR74390,MCH-7259,0,0,0,0,1,0,0,0
CBK0000767,TXN00010641,USR98061,MCH3815,2026-03-29 20:15:00,2026-04-02 15:15:00,9500.5,not done by me,Customer complaint text unclear due to poor call center notes. call dropped,In Progress,2026-04-08 00:00:00,CRITICAL,IVR,CBK0000767,TXN00010641,USR98061,MCH 3815,0,0,0,0,0,0,1,0
CBK0000327,TXN00011503,USR-76772,MCH5900,2026-02-27 00:00:00,2026-02-28 02:10:08,1191.08,item not received,CUSTOMER SAYS AMOUNT WAS DEBITED TWICE.,In Progress,2026-03-14 02:10:08,HIGH,Email,CBK0000327,TXN00011503,USR-76772,MCH5900,0,0,0,0,0,0,0,1
CBK0001061,TXN00007622,USR22939,MCH5921,2026-03-19 09:34:00,2026-03-24 00:00:00,494.63,Fraud Suspected,Suspicious high-value payment disputed by customer.,Closed,,LOW,ivr,CBK0001061,TXN00007622,USR22939,MCH5921,0,0,0,0,0,1,0,0
CBK0002712,TXN00006919,USR19070,MCH8672,2026-02-27 00:00:00,2026-02-28 10:57:53,3151.9,UNAUTHORISED,Complaint received after multiple failed attempts.,IN_PROGRESS,2026-02-28 00:00:00,LOW,CHATBOT,CBK0002712,TXN00006919,USR19070,MCH8672,0,0,0,0,0,0,0,0
CBK0000480,TXN86757,USR73796,MCH8391,2026-01-27 05:48:48,2026-02-02 00:00:00,1161.24,Service Not Provided,Customer complaint text unclear due to poor call center notes.,WIP,2026-02-25 00:00:00,CRITICAL,App,CBK0000480,TXN86757,USR 73796,MCH8391,0,0,0,0,0,0,1,0
CBK0002420,TXN00008321,USR20361,MCH3420,2026-03-01 00:00:00,2026-01-04 00:00:00,535.96,delivery issue,User claims account was compromised before transaction.,Open,2026-01-17 02:37:00,LOW,Call Center,CBK0002420,TXN00008321,usr20361,MCH3420,0,0,0,0,0,0,0,0
CBK0000958,TXN-00001617,30500,MCH8058,2026-02-19 00:00:00,2026-02-20 21:55:40,4597.83,complaint,suspicious high-value payment disputed by customer.,CLOSED,2026-10-03 00:00:00,HIGH,App,CBK0000958,txn-00001617,30500,MCH-8058,0,0,0,0,0,0,0,1
CBK0001047,TXN00016988,USR-13912,MCH5655,2026-02-25 00:00:00,2026-03-07 00:00:00,,extra amount deducted,User claims account was compromised before transaction.,Rejected,2026-03-15 14:47:00,MEDIUM,Call Center,CBK0001047,TXN00016988,USR-13912,MCH5655,0,1,0,0,0,0,0,0
CBK0001922,TXN00008651,USR68820,MCH5076,2026-01-13 17:01:00,2026-01-18 20:01:00,,extra amount deducted,User claims account was compromised before transaction. call dropped,WIP,2026-01-22 00:00:00,MEDIUM,App,CBK0001922,TXN00008651,USR68820,MCH5076,0,1,0,0,0,0,0,0
CBK0000900,TXN00012289,71316,MCH8769,2026-01-12 18:30:00,2026-01-15 03:30:00,5071.86,unauth txn,User reports money deducted but merchant denies receiving payment.,RESOLVED,,LOW,CHATBOT,CBK0000900,TXN00012289,71316,MCH8769,0,0,0,0,0,1,0,0
CBK0000694,TXN00013258,USR41874,MCH7151,2026-03-28 02:05:31,2026-03-28 09:05:00,0.6771,login compromised,Customer says amount was debited twice.,RESOLVED,2026-03-31 00:00:00,MEDIUM,Call Center,CBK0000694,TXN00013258,USR41874,MCH7151,0,0,0,0,0,0,0,0
CBK0002470,TXN00016541,USR51854,MCH2925,2026-03-05 00:00:00,2026-03-01 00:00:00,1089.44,Account Takeover,complaint received after multiple failed attempts.,PENDING_BANK,,MEDIUM,ivr,CBK0002470,TXN00016541,USR51854,MCH2925,0,0,0,0,0,1,0,0
CBK0002477,TXN-00002165,USR-81636,MCH5914,2026-01-31 00:00:00,2026-02-03 00:00:00,1048.77,Duplicate Debit,Customer complaint text unclear due to poor call center notes. call dropped,Rejected,,MEDIUM,IVR,CBK0002477,txn-00002165,USR-81636,MCH5914,0,0,0,0,0,1,0,0
CBK0000197,TXN00003861,USR-66175,MCH7332,2026-10-01 00:00:00,2026-01-21 00:00:00,792.03,item not received,Customer says amount was debited twice.,PENDING_BANK,2026-01-26 01:48:00,CRITICAL,IVR,CBK0000197,TXN00003861,USR-66175,MCH7332,0,0,0,0,0,0,1,0
CBK0002637,TXN00001839,USR69852,MCH4722,2026-01-07 00:00:00,2026-01-08 00:00:00,1071.92,extra amount deducted,User reports money deducted but merchant denies receiving payment.,Rejected,2026-01-30 00:00:00,MEDIUM,ivr,CBK0002637,TXN00001839,usr69852,MCH4722,0,0,0,0,0,0,0,0
CBK0000189,TXN00016753,USR71099,MCH5189,2026-03-11 00:00:00,2026-03-13 00:00:00,390.5,unauthorized_transaction,Merchant service was not delivered after payment.,In Progress,2026-03-31 00:00:00,LOW,ivr,CBK0000189,TXN00016753,USR71099,MCH 5189,0,0,0,0,0,0,0,0
CBK0002413,TXN00012907,USR20360,MCH3281,2026-03-28 23:07:22,2026-04-08 00:00:00,,Fraud Suspected,user claims account was compromised before transaction.,REJECTED,,LOW,ivr,CBK0002413,TXN00012907,USR20360,MCH 3281,0,1,0,0,0,1,0,0
CBK0002078,TXN00013096,USR_13449,MCH5614,2026-03-25 00:00:00,2026-03-26 21:45:47,8307.14,delivery issue,User says UPI PIN was not entered by them. details missing,Rejected,2026-04-25 21:45:47,CRITICAL,CHATBOT,CBK0002078,TXN00013096,usr_13449,MCH5614,0,0,0,0,0,0,1,0
CBK0001303,TXN00010018,USR33354,MCH2266,2026-01-05 21:41:53,2026-01-11 00:00:00,,Account Takeover,USER SAYS UPI PIN WAS NOT ENTERED BY THEM.,Pending Bank,2026-01-22 00:00:00,LOW,Email,CBK0001303,TXN00010018,USR33354,MCH2266,0,1,0,0,0,0,0,0
CBK0000502,TXN00008686,USR99756,7813,2026-01-31 00:00:00,2026-02-08 00:00:00,-969.45,Unauthorized Transaction,Complaint received after multiple failed attempts. details missing,WIP,2026-02-12 11:23:00,LOW,CHATBOT,CBK0000502,TXN00008686,USR 99756,7813,1,0,0,0,0,0,0,0
CBK0001312,TXN00000939,USR61151,2302,2026-03-25 00:00:00,2026-03-26 13:58:00,3776.84,item not received,User reports money deducted but merchant denies receiving payment.,Pending Bank,2026-04-03 00:00:00,MEDIUM,App,CBK0001312,TXN00000939,USR61151,2302,0,0,0,0,0,0,0,0
CBK0002722,TXN00008498,USR48374,MCH8230,2026-02-01 00:00:00,2026-02-16 00:00:00,2342.66,unauthorized_transaction,Payment made to unknown merchant as per customer statement.,PENDING_BANK,,LOW,IVR,CBK0002722,TXN00008498,USR48374,MCH8230,0,0,0,0,0,1,0,0
CBK0002180,TXN00006743,USR42798,MCH5884,2026-01-19 09:16:00,2026-01-21 00:00:00,,service failed,Customer complaint text unclear due to poor call center notes.,Open,2026-02-12 00:00:00,MEDIUM,chatbot,CBK0002180,TXN00006743,USR42798,MCH5884,0,1,0,0,0,0,0,0
CBK0001816,TXN00015001,USR18056,MCH5439,2026-01-28 22:09:00,2026-01-31 00:00:00,,merchant service issue,USER REPORTS MONEY DEDUCTED BUT MERCHANT DENIES RECEIVING PAYMENT.,WIP,2026-02-24 00:00:00,CRITICAL,Branch,CBK0001816,TXN00015001,USR18056,MCH 5439,0,1,0,0,0,0,1,0
CBK0002481,TXN00007235,USR46308,MCH7175,2026-02-05 00:00:00,2026-02-05 22:26:56,1820.07,account hacked,Customer complaint text unclear due to poor call center notes. details missing,Closed,2026-02-27 00:00:00,LOW,Branch,CBK0002481,TXN00007235,USR46308,MCH7175,0,0,0,0,0,0,0,0
CBK0002505,TXN00001789,USR80522,MCH9097,2026-01-29 00:00:00,2026-02-01 00:00:00,3163.91,Unauthorized Transaction,User reports money deducted but merchant denies receiving payment.,Closed,2026-02-14 07:52:00,LOW,IVR,CBK0002505,TXN00001789,USR80522,MCH9097,0,0,0,0,0,0,0,0
CBK0002053,TXN00001807,USR20076,MCH6717,2026-03-03 11:20:09,,,not done by me,Complaint received after multiple failed attempts.,In Progress,2026-04-04 22:20:00,LOW,chatbot,CBK0002053,TXN00001807,USR20076,mch6717,0,1,0,0,1,0,0,0
CBK0001042,TXN00008638,USR63231,MCH1737,2026-03-30 07:31:00,2026-04-06 00:00:00,1056.33,not delivered,Payment made to unknown merchant as per customer statement.,OPEN,2026-05-01 00:00:00,LOW,Branch,CBK0001042,TXN00008638,usr63231,MCH1737,0,0,0,0,0,0,0,0
CBK0002382,TXN00016574,USR34643,MCH1066,2026-01-25 00:00:00,2026-02-01 00:00:00,2828.9,Customer Dispute,Customer says amount was debited twice.,Resolved,2026-02-07 11:12:20,MEDIUM,Email,CBK0002382,TXN00016574,USR34643,mch1066,0,0,0,0,0,0,0,0
CBK0001733,TXN00011566,USR90212,MCH4811,2026-02-22 00:00:00,2026-02-25 00:00:00,248.1,suspicious transaction,Merchant service was not delivered after payment.,Pending Bank,2026-03-01 00:00:00,CRITICAL,chatbot,CBK0001733,TXN00011566,USR90212,MCH4811,0,0,0,0,0,0,1,0
CBK0000660,TXN00008654,USR14580,MCH7394,2026-01-20 00:00:00,2026-01-23 00:00:00,3655.6,unauthorized_transaction,user claims account was compromised before transaction.,Open,2026-01-25 03:57:35,HIGH,Branch,CBK0000660,TXN00008654,USR14580,MCH7394,0,0,0,0,0,0,0,1
CBK0000218,TXN00002930,USR27533,MCH9381,2026-03-28 16:07:00,2026-03-30 00:00:00,1968.12,Customer Dispute,SUSPICIOUS HIGH-VALUE PAYMENT DISPUTED BY CUSTOMER.,PENDING_BANK,2026-04-13 00:00:00,LOW,ivr,CBK0000218,TXN00002930,USR27533,MCH9381,0,0,0,0,0,0,0,0
CBK0002688,TXN-00016086,USR48363,MCH5076,2026-03-27 10:48:00,2026-04-06 00:00:00,756.07,not done by me,Merchant service was not delivered after payment.,Open,2026-04-10 00:00:00,HIGH,chatbot,CBK0002688,txn-00016086,USR48363,MCH5076,0,0,0,0,0,0,0,1
CBK0000079,TXN00000789,USR54133,MCH8683,2026-02-23 18:15:33,2026-02-26 00:00:00,0.7945,account hacked,Payment made to unknown merchant as per customer statement.,Open,2026-03-08 11:15:00,HIGH,IVR,CBK0000079,TXN00000789,USR54133,MCH8683,0,0,0,0,0,0,0,1
CBK0001734,TXN00004267,USR-92771,5698,2026-02-01 00:00:00,2026-02-04 00:00:00,3750.2,service failed,Customer says amount was debited twice.,Pending Bank,2026-02-22 00:00:00,LOW,IVR,CBK0001734,TXN00004267,USR-92771,5698,0,0,0,0,0,0,0,0
CBK0000420,TXN-00012872,USR39569,MCH7219,2026-01-18 15:00:47,2026-01-19 00:00:00,4857.19,account hacked,merchant service was not delivered after payment.,IN_PROGRESS,2026-01-20 11:00:00,HIGH,App,CBK0000420,txn-00012872,USR39569,MCH7219,0,0,0,0,0,0,0,1
CBK0001750,TXN00009063,USR58335,MCH4473,2026-01-14 00:00:00,2026-01-15 00:00:00,91.6,scam,USER CLAIMS ACCOUNT WAS COMPROMISED BEFORE TRANSACTION.,In Progress,2026-01-23 00:00:00,LOW,CHATBOT,CBK0001750,TXN00009063,USR58335,MCH4473,0,0,0,0,0,0,0,0
CBK0001185,TXN-00000818,USR41564,MCH5530,2026-03-30 00:00:00,,1592.73,Service Not Provided,complaint received after multiple failed attempts.,Resolved,2026-12-04 00:00:00,LOW,Branch,CBK0001185,txn-00000818,USR41564,MCH-5530,0,0,0,0,1,0,0,0
CBK0002457,TXN00014853,USR16306,MCH6850,2026-02-02 00:00:00,2026-02-10 00:00:00,415.04,FRAUD,user reports money deducted but merchant denies receiving payment.,IN_PROGRESS,2026-02-22 00:00:00,MEDIUM,CHATBOT,CBK0002457,TXN00014853,USR16306,MCH6850,0,0,0,0,0,0,0,0
CBK0001775,TXN00001597,USR33934,MCH8773,2026-03-15 10:02:06,2026-03-21 05:02:00,13348.89,service failed,Complaint received after multiple failed attempts.,PENDING_BANK,2026-04-17 00:00:00,CRITICAL,chatbot,CBK0001775,TXN00001597,USR33934,MCH8773,0,0,0,0,0,0,1,0
CBK0001338,TXN00008410,USR54797,MCH3300,2026-01-20 08:42:27,2026-01-30 00:00:00,896.23,complaint,Customer says amount was debited twice. NA,Closed,2026-02-14 10:42:27,MEDIUM,Branch,CBK0001338,TXN00008410,USR54797,MCH3300,0,0,0,0,0,0,0,0
CBK0000599,TXN00007573,USR52697,MCH5655,2026-02-24 14:14:20,2026-03-01 16:14:00,10313.56,Wrong Amount,User says UPI PIN was not entered by them. details missing,Resolved,,LOW,chatbot,CBK0000599,TXN00007573,usr52697,MCH5655,0,0,0,0,0,1,0,0
CBK0000865,TXN00005760,USR36182,MCH2554,2026-03-28 00:00:00,2026-03-29 00:00:00,,incorrect amount,merchant service was not delivered after payment.,Rejected,,MEDIUM,Email,CBK0000865,TXN00005760,USR36182,MCH2554,0,1,0,0,0,1,0,0
CBK0000914,TXN00001042,USR12183,MCH7351,2026-03-02 00:00:00,2026-03-05 00:00:00,1526.17,fraud,Payment made to unknown merchant as per customer statement. call dropped,Pending Bank,2026-03-31 00:00:00,HIGH,Branch,CBK0000914,TXN00001042,USR12183,MCH7351,0,0,0,0,0,0,0,1
CBK0001726,TXN00001821,USR85403,MCH4473,2026-03-10 00:00:00,2026-03-15 00:00:00,12679.09,customer issue,Suspicious high-value payment disputed by customer.,Resolved,2026-04-07 15:22:15,MEDIUM,chatbot,CBK0001726,TXN00001821,usr85403,MCH-4473,0,0,0,0,0,0,0,0
CBK0001477,TXN00009790,USR72887,MCH3200,2026-03-16 00:00:00,2026-04-01 00:00:00,996.46,item not received,User says UPI PIN was not entered by them. details missing,Open,,CRITICAL,ivr,CBK0001477,TXN00009790,USR72887,mch3200,0,0,0,0,0,1,1,0
CBK0001295,TXN00016726,USR89004,MCH8117,2026-02-21 00:00:00,2026-02-22 00:00:00,2235.82,DUP_DEBIT,Customer says amount was debited twice.,RESOLVED,,HIGH,Email,CBK0001295,TXN00016726,USR89004,MCH8117,0,0,0,0,0,1,0,1
CBK0002703,TXN00019588,USR14075,MCH4041,2026-01-14 23:39:02,2026-01-25 00:00:00,,complaint,PAYMENT MADE TO UNKNOWN MERCHANT AS PER CUSTOMER STATEMENT.,Closed,2026-02-10 14:39:02,MEDIUM,CHATBOT,CBK0002703,TXN00019588,USR14075,MCH4041,0,1,0,0,0,0,0,0
CBK0002473,TXN00000154,USR28902,MCH1260,2026-02-05 15:50:37,2026-02-06 00:00:00,2025.66,FRAUD,User says UPI PIN was not entered by them.,CLOSED,,LOW,ivr,CBK0002473,TXN00000154,USR28902,mch1260,0,0,0,0,0,1,0,0
CBK0001392,,USR33175,MCH7321,,2026-03-26 00:00:00,5482.08,customer issue,Customer says transaction was not authorized.,REJECTED,,LOW,CHATBOT,CBK0001392,,USR 33175,mch7321,0,0,1,1,0,1,0,0
CBK0002117,TXN00006808,74813,MCH2757,2026-02-25 00:00:00,2026-02-26 00:00:00,8430.86,Merchant Not Delivered,Complaint received after multiple failed attempts.,WIP,,HIGH,Call Center,CBK0002117,TXN00006808,74813,MCH2757,0,0,0,0,0,1,0,1
CBK0001739,TXN00013116,USR38088,MCH8068,,2026-02-22 00:00:00,1464.53,Service Not Provided,Customer complaint text unclear due to poor call center notes.,Closed,2026-02-22 20:32:19,MEDIUM,App,CBK0001739,TXN00013116,USR38088,MCH8068,0,0,0,1,0,0,0,0
CBK0002665,TXN00001173,USR21421,MCH3004,2026-02-24 16:17:15,2026-03-04 00:00:00,-1898.31,Unauthorized Transaction,Customer says amount was debited twice.,CLOSED,2026-03-08 00:00:00,MEDIUM,App,CBK0002665,TXN00001173,usr21421,MCH3004,1,0,0,0,0,0,0,0
CBK0002276,TXN00012334,USR12381,MCH9291,2026-03-16 09:05:00,2026-03-19 18:05:30,1521.74,delivery issue,Suspicious high-value payment disputed by customer.,PENDING_BANK,2026-03-25 18:05:30,HIGH,Call Center,CBK0002276,TXN00012334,USR12381,MCH9291,0,0,0,0,0,0,0,1
CBK0002063,,USR49752,MCH9689,,2026-02-08 08:29:00,2009.64,incorrect amount,User says UPI PIN was not entered by them.,In Progress,2026-02-18 08:29:00,MEDIUM,chatbot,CBK0002063,,USR49752,MCH9689,0,0,1,1,0,0,0,0
CBK0002620,TXN00011524,USR26051,MCH4344,2026-02-11 00:00:00,2026-02-14 00:00:00,0.3021,incorrect amount,Payment made to unknown merchant as per customer statement.,Resolved,2026-02-14 00:00:00,LOW,App,CBK0002620,TXN00011524,usr26051,mch4344,0,0,0,0,0,0,0,0
CBK0001539,TXN60420,USR95104,MCH5264,2026-03-17 00:00:00,2026-03-19 00:00:00,1505.75,double debit,PAYMENT MADE TO UNKNOWN MERCHANT AS PER CUSTOMER STATEMENT.,IN_PROGRESS,2026-03-29 02:14:00,MEDIUM,IVR,CBK0001539,TXN60420,USR95104,MCH5264,0,0,0,0,0,0,0,0
CBK0001846,TXN00008496,USR13261,MCH8062,2026-03-13 23:44:00,2026-03-14 00:00:00,-2662.81,delivery issue,Customer says amount was debited twice.,CLOSED,2026-03-24 00:00:00,LOW,chatbot,CBK0001846,TXN00008496,USR13261,MCH8062,1,0,0,0,0,0,0,0
CBK0000072,TXN00004747,USR48250,MCH3100,2026-01-28 00:00:00,2026-01-30 00:00:00,11808.21,extra amount deducted,SUSPICIOUS HIGH-VALUE PAYMENT DISPUTED BY CUSTOMER.,Pending Bank,2026-02-17 00:00:00,MEDIUM,Call Center,CBK0000072,TXN00004747,USR 48250,MCH3100,0,0,0,0,0,0,0,0
CBK0001511,TXN00013557,USR53356,MCH4473,2026-02-19 00:00:00,2026-02-19 00:00:00,5693.78,delivery issue,Customer says transaction was not authorized.,Open,2026-03-03 00:00:00,LOW,ivr,CBK0001511,TXN00013557,USR53356,MCH4473,0,0,0,0,0,0,0,0
CBK0001413,TXN00017513,USR39726,MCH5273,2026-01-22 00:00:00,2026-01-28 00:00:00,24586.31,UNAUTHORISED,Customer complaint text unclear due to poor call center notes.,Closed,2026-02-25 00:00:00,LOW,App,CBK0001413,TXN00017513,usr39726,MCH5273,0,0,0,0,0,0,0,0
CBK0000508,TXN00001829,USR40362,MCH3161,2026-01-09 04:04:00,2026-01-11 00:00:00,0.3042,ATO,User claims account was compromised before txn.,PENDING_BANK,2026-01-21 00:00:00,HIGH,Call Center,CBK0000508,TXN00001829,USR 40362,MCH-3161,0,0,0,0,0,0,0,1
CBK0001328,TXN00010089,USR22644,MCH2208,2026-03-10 00:00:00,2026-03-13 10:52:00,,extra amount deducted,Customer says amount was debited twice.,WIP,,LOW,chatbot,CBK0001328,TXN00010089,USR 22644,MCH2208,0,1,0,0,0,1,0,0
CBK0001995,TXN00000490,USR75856,9865,2026-01-11 00:00:00,2026-01-16 17:52:00,3134.07,Wrong Amount,Customer complaint text unclear due to poor call center notes.,RESOLVED,,LOW,Call Center,CBK0001995,TXN00000490,USR75856,9865,0,0,0,0,0,1,0,0
CBK0001170,TXN00012807,USR_97772,MCH1838,2026-03-26 00:00:00,2026-03-27 18:57:00,0.122,Merchant Not Delivered,Customer says amount was debited twice.,OPEN,2026-04-02 00:00:00,LOW,ivr,CBK0001170,TXN00012807,usr_97772,mch1838,0,0,0,0,0,0,0,0
CBK0002275,TXN-00002106,USR75120,MCH3728,2026-01-24 13:15:51,2026-01-24 00:00:00,-3875.59,UNAUTHORISED,Complaint received after multiple failed attempts.,Pending Bank,2026-02-20 00:00:00,MEDIUM,App,CBK0002275,txn-00002106,USR75120,MCH3728,1,0,0,0,0,0,0,0
CBK0002706,TXN00012918,USR27107,MCH6044,,,2316.9,unauthorized_transaction,merchant service was not delivered after payment.,Closed,2026-02-04 00:00:00,MEDIUM,CHATBOT,CBK0002706,TXN00012918,USR27107,MCH6044,0,0,0,1,1,0,0,0
CBK0001935,TXN00012027,USR97416,MCH5463,2026-01-13 00:00:00,2026-01-15 00:00:00,-1274.02,Unauthorized Transaction,Payment made to unknown merchant as per customer statement.,RESOLVED,2026-02-13 00:00:00,LOW,Branch,CBK0001935,TXN00012027,USR97416,MCH5463,1,0,0,0,0,0,0,0
CBK0001749,TXN00000318,USR51808,MCH7982,2026-01-29 15:34:00,2026-03-16 00:00:00,,Customer Dispute,Payment made to unknown merchant as per customer statement.,OPEN,2026-03-25 00:00:00,LOW,App,CBK0001749,TXN00000318,USR 51808,MCH7982,0,1,0,0,0,0,0,0
CBK0001333,TXN00003302,USR97772,MCH2026,2026-03-23 00:00:00,2026-04-02 16:40:00,1169.68,Duplicate Debit,Payment made to unknown merchant as per cust statement.,Closed,,MEDIUM,IVR,CBK0001333,TXN00003302,USR97772,MCH2026,0,0,0,0,0,1,0,0
CBK0002118,TXN00008403,USR17197,MCH4473,2026-06-01 00:00:00,2026-01-17 11:54:07,0.1117,unauth txn,MERCHANT SERVICE WAS NOT DELIVERED AFTER PAYMENT.,PENDING_BANK,2026-01-29 11:54:07,MEDIUM,Email,CBK0002118,TXN00008403,USR17197,mch4473,0,0,0,0,0,0,0,0
CBK0002353,TXN00017005,USR_93920,MCH5156,2026-03-01 06:38:00,2026-03-31 21:38:30,10880.54,Merchant Not Delivered,Customer says amount was debited twice.,OPEN,2026-04-03 00:00:00,MEDIUM,CHATBOT,CBK0002353,TXN00017005,usr_93920,MCH5156,0,0,0,0,0,0,0,0
CBK0001855,TXN00003379,USR73010,MCH6457,2026-03-26 11:09:24,2026-03-28 11:09:00,5587.77,charged twice,Customer says transaction was not authorized.,Pending Bank,2026-04-20 11:09:24,CRITICAL,App,CBK0001855,TXN00003379,USR73010,mch6457,0,0,0,0,0,0,1,0
CBK0001165,TXN00010766,USR24002,MCH2065,2026-01-01 23:56:29,,2510.0,DUP_DEBIT,suspicious high-value payment disputed by customer.,WIP,2026-01-20 00:00:00,LOW,Branch,CBK0001165,TXN00010766,USR24002,MCH2065,0,0,0,0,1,0,0,0
CBK0001055,TXN00016717,USR80656,MCH8828,2026-01-27 00:00:00,,3272.08,delivery issue,suspicious high-value payment disputed by customer.,OPEN,2026-02-16 15:46:43,MEDIUM,Call Center,CBK0001055,TXN00016717,USR80656,MCH8828,0,0,0,0,1,0,0,0
CBK0001352,TXN00010946,USR94542,MCH6061,2026-03-25 00:00:00,2026-03-29 02:21:00,562.29,DUP_DEBIT,user claims account was compromised before transaction.,Closed,,HIGH,ivr,CBK0001352,TXN00010946,USR94542,mch6061,0,0,0,0,0,1,0,1
CBK0002596,TXN00013632,USR34733,MCH8154,2026-08-01 00:00:00,,1178.89,scam,Payment made to unknown merchant as per customer statement.,PENDING_BANK,2026-01-18 15:45:36,MEDIUM,CHATBOT,CBK0002596,TXN00013632,usr34733,MCH8154,0,0,0,0,1,0,0,0
CBK0000781,TXN00004717,USR34703,MCH2065,2026-01-11 05:47:02,2026-01-21 15:47:02,0.2239,service failed,Complaint received after multiple failed attempts.,Pending Bank,2026-01-25 00:00:00,HIGH,Email,CBK0000781,TXN00004717,USR34703,MCH2065,0,0,0,0,0,0,0,1
CBK0000961,TXN00012729,USR13686,MCH2588,2026-02-20 00:00:00,2026-02-23 04:28:02,1232.87,service failed,Complaint received after multiple failed attempts.,Pending Bank,2026-03-19 00:00:00,LOW,Call Center,CBK0000961,TXN00012729,USR 13686,MCH2588,0,0,0,0,0,0,0,0
CBK0002281,TXN00016639,USR51332,MCH6850,2026-03-04 00:00:00,2026-03-04 00:00:00,2539.68,merchant service issue,User says UPI PIN was not entered by them.,PENDING_BANK,2026-03-25 21:38:11,HIGH,App,CBK0002281,TXN00016639,USR 51332,MCH6850,0,0,0,0,0,0,0,1
CBK0002131,TXN00005025,USR12936,MCH9937,2026-02-28 00:00:00,2026-03-05 18:25:00,1283.51,extra amount deducted,User claims account was compromised before transaction. NA,RESOLVED,2026-03-25 00:00:00,LOW,ivr,CBK0002131,TXN00005025,USR12936,MCH9937,0,0,0,0,0,0,0,0
CBK0001802,TXN00015492,USR31275,MCH4473,2026-01-22 00:00:00,2026-01-25 02:09:52,2618.19,incorrect amount,Customer says transaction was not authorized.,IN_PROGRESS,2026-02-04 02:09:52,HIGH,chatbot,CBK0001802,TXN00015492,USR31275,MCH-4473,0,0,0,0,0,0,0,1
CBK0002066,TXN00014413,USR86472,MCH3992,2026-03-29 00:00:00,2026-04-01 21:21:33,,amount mismatch,User reports money deducted but merchant denies receiving payment.,WIP,,LOW,ivr,CBK0002066,TXN00014413,USR86472,MCH3992,0,1,0,0,0,1,0,0
CBK0002774,TXN00007924,USR36664,MCH6959,2026-01-01 00:00:00,2026-02-01 00:00:00,2197.57,login compromised,User reports money deducted but merchant denies receiving payment.,RESOLVED,2026-01-15 00:00:00,MEDIUM,App,CBK0002774,TXN00007924,USR36664,MCH6959,0,0,0,0,0,0,0,0
CBK0000916,TXN00017437,USR-25761,9926,2026-01-11 00:00:00,,,login compromised,CUSTOMER SAYS TRANSACTION WAS NOT AUTHORIZED.,In Progress,2026-02-03 20:32:00,MEDIUM,App,CBK0000916,TXN00017437,USR-25761,9926,0,1,0,0,1,0,0,0
CBK0001366,TXN00005968,USR64733,MCH3045,2026-03-19 00:00:00,2026-03-21 00:00:00,2917.69,customer issue,customer says transaction was not authorized.,Pending Bank,2026-04-04 04:31:22,CRITICAL,Call Center,CBK0001366,TXN00005968,usr64733,MCH-3045,0,0,0,0,0,0,1,0
CBK0001872,TXN00008853,USR43455,MCH8391,2026-02-15 00:00:00,2026-02-17 13:35:00,6353.75,merchant service issue,COMPLAINT RECEIVED AFTER MULTIPLE FAILED ATTEMPTS.,RESOLVED,,MEDIUM,Call Center,CBK0001872,TXN00008853,USR43455,MCH8391,0,0,0,0,0,1,0,0
CBK0001716,TXN00008167,USR60833,MCH6947,2026-03-17 00:00:00,2026-03-21 11:09:56,2598.82,double debit,Merchant service was not delivered after payment.,PENDING_BANK,2026-03-26 00:00:00,MEDIUM,Branch,CBK0001716,TXN00008167,USR60833,MCH6947,0,0,0,0,0,0,0,0
CBK0002223,TXN00017647,USR_58113,MCH3117,2026-01-21 00:00:00,2026-01-22 00:00:00,3677.06,Merchant Not Delivered,customer complaint text unclear due to poor call center notes.,In Progress,2026-02-05 00:00:00,MEDIUM,chatbot,CBK0002223,TXN00017647,usr_58113,MCH3117,0,0,0,0,0,0,0,0
CBK0001478,TXN00017175,USR46590,MCH7833,,2026-01-31 03:03:07,-2616.12,no service,Customer says amount was debited twice. pls check asap,OPEN,2026-02-17 03:03:00,HIGH,App,CBK0001478,TXN00017175,USR46590,mch7833,1,0,0,1,0,0,0,1
CBK0002587,TXN00001705,USR32842,MCH3100,2026-03-22 23:32:00,2026-03-26 00:00:00,2583.16,DUP_DEBIT,Customer complaint text unclear due to poor call center notes.,PENDING_BANK,2026-04-13 15:32:45,LOW,IVR,CBK0002587,TXN00001705,USR32842,MCH-3100,0,0,0,0,0,0,0,0
CBK0002581,TXN00015481,USR62660,MCH4181,2026-01-15 00:00:00,2026-01-17 09:49:00,2917.55,Service Not Provided,MERCHANT SERVICE WAS NOT DELIVERED AFTER PAYMENT.,RESOLVED,2026-02-01 09:49:51,LOW,ivr,CBK0002581,TXN00015481,USR62660,MCH4181,0,0,0,0,0,0,0,0
CBK0000937,TXN00009444,USR22327,MCH5615,2026-02-07 00:00:00,,855.85,dispute raised,Merchant service was not delivered after payment.,OPEN,,MEDIUM,App,CBK0000937,TXN00009444,USR22327,MCH-5615,0,0,0,0,1,1,0,0
CBK0000679,TXN00019297,USR35700,MCH4758,2026-02-24 08:24:53,2026-02-24 12:24:00,1314.28,Account Takeover,Customer complaint text unclear due to poor call center notes.,Pending Bank,,LOW,IVR,CBK0000679,TXN00019297,USR35700,MCH4758,0,0,0,0,0,1,0,0
CBK0000493,TXN00001975,USR66286,MCH7546,2026-01-21 09:21:00,2026-02-05 00:00:00,943.72,extra amount deducted,Merchant service was not delivered after payment. details missing,Open,2026-02-17 00:00:00,HIGH,IVR,CBK0000493,TXN00001975,USR66286,MCH7546,0,0,0,0,0,0,0,1
CBK0000647,TXN00019004,USR46725,MCH2065,2026-02-07 00:00:00,2026-02-13 17:00:51,-3381.39,suspicious transaction,Suspicious high-value payment disputed by customer.,In Progress,2026-02-26 17:00:51,MEDIUM,CHATBOT,CBK0000647,TXN00019004,USR46725,MCH2065,1,0,0,0,0,0,0,0
CBK0000855,TXN00013194,USR66001,MCH2030,2026-01-06 00:00:00,2026-02-21 00:00:00,,account hacked,User says UPI PIN was not entered by them.,Pending Bank,,MEDIUM,Branch,CBK0000855,TXN00013194,USR66001,MCH2030,0,1,0,0,0,1,0,0
CBK0001233,TXN34198,USR98515,MCH3927,2026-03-21 00:00:00,2026-03-23 00:00:00,2387.46,login compromised,Customer complaint text unclear due to poor call center notes.,Pending Bank,2026-03-23 00:00:00,HIGH,chatbot,CBK0001233,TXN34198,USR98515,MCH3927,0,0,0,0,0,0,0,1
CBK0000542,TXN00003675,USR92063,MCH3454,2026-01-15 12:53:18,2026-01-18 23:53:18,1047.52,double debit,Customer complaint text unclear due to poor call center notes.,Pending Bank,2026-02-04 00:00:00,MEDIUM,IVR,CBK0000542,TXN00003675,USR 92063,MCH3454,0,0,0,0,0,0,0,0
CBK0000623,TXN00012588,USR78593,MCH9191,2026-03-24 00:00:00,2026-03-27 02:42:00,1181.22,Customer Dispute,merchant service was not delivered after payment.,PENDING_BANK,2026-04-07 00:00:00,CRITICAL,Call Center,CBK0000623,TXN00012588,USR78593,MCH9191,0,0,0,0,0,0,1,0
CBK0001033,TXN00004562,USR35882,MCH9511,2026-03-02 00:00:00,2026-02-10 00:00:00,-2226.56,amount mismatch,Merchant service was not delivered after payment.,Pending Bank,2026-07-03 00:00:00,HIGH,chatbot,CBK0001033,TXN00004562,USR35882,MCH9511,1,0,0,0,0,0,0,1
CBK0000731,TXN00009087,USR31359,MCH1258,2026-02-02 11:18:00,2026-02-18 00:18:00,0.7838,FRAUD,Complaint received after multiple failed attempts.,Pending Bank,2026-03-14 00:00:00,MEDIUM,App,CBK0000731,TXN00009087,USR31359,MCH1258,0,0,0,0,0,0,0,0
CBK0001331,,USR92614,MCH9178,,2026-03-16 00:00:00,4117.99,double debit,Payment made to unknown merchant as per cust statement.,Resolved,2026-04-08 00:00:00,CRITICAL,Call Center,CBK0001331,,USR 92614,MCH9178,0,0,1,1,0,0,1,0
CBK0002755,TXN00002471,USR-90893,MCH8779,2026-01-24 22:24:58,2026-01-25 17:24:58,2207.71,scam,User says UPI PIN was not entered by them.,CLOSED,2026-02-24 00:00:00,HIGH,ivr,CBK0002755,TXN00002471,USR-90893,MCH8779,0,0,0,0,0,0,0,1
CBK0000770,TXN51555,USR56287,MCH8779,2026-03-08 00:00:00,2026-03-11 00:00:00,2417.43,item not received,User reports money deducted but merchant denies receiving payment.,CLOSED,,HIGH,CHATBOT,CBK0000770,TXN51555,USR56287,MCH8779,0,0,0,0,0,1,0,1
CBK0001857,TXN00008788,USR99849,MCH3643,2026-03-13 05:35:47,2026-03-15 00:00:00,8276.16,fraud,Customer complaint text unclear due to poor call center notes.,IN_PROGRESS,2026-04-02 15:35:47,MEDIUM,CHATBOT,CBK0001857,TXN00008788,USR99849,MCH3643,0,0,0,0,0,0,0,0
CBK0000335,TXN00001134,USR18760,MCH9451,2026-03-06 21:05:23,2026-03-17 05:05:00,1881.35,Customer Dispute,User reports money deducted but merchant denies receiving payment.,PENDING_BANK,2026-04-09 00:00:00,HIGH,ivr,CBK0000335,TXN00001134,USR18760,MCH9451,0,0,0,0,0,0,0,1
CBK0000791,TXN00007791,USR24536,MCH6890,,2026-03-10 00:00:00,1735.16,FRAUD,Suspicious high-value payment disputed by customer.,IN_PROGRESS,2026-04-01 00:00:00,LOW,ivr,CBK0000791,TXN00007791,USR24536,MCH6890,0,0,0,1,0,0,0,0
CBK0000047,TXN74133,USR46927,MCH2711,2026-03-27 00:00:00,2026-04-26 00:00:00,0.546,Wrong Amount,User reports money deducted but merchant denies receiving payment.,Open,,MEDIUM,Branch,CBK0000047,TXN74133,USR46927,MCH2711,0,0,0,0,0,1,0,0
CBK0000311,TXN00003364,USR18722,MCH6415,2026-03-29 00:00:00,2026-03-30 00:00:00,2940.2,Service Not Provided,Customer complaint text unclear due to poor call center notes.,Closed,2026-04-26 00:00:00,LOW,chatbot,CBK0000311,TXN00003364,USR18722,MCH6415,0,0,0,0,0,0,0,0
CBK0001689,TXN00012952,USR-63160,MCH8078,2026-09-01 00:00:00,2026-01-11 09:46:20,277.65,Duplicate Debit,user says upi pin was not entered by them.,PENDING_BANK,2026-01-19 09:46:00,LOW,CHATBOT,CBK0001689,TXN00012952,USR-63160,MCH8078,0,0,0,0,0,0,0,0
CBK0000132,TXN-00016038,USR11624,MCH5300,2026-03-23 08:28:00,2026-03-23 00:00:00,447.63,merchant service issue,Complaint received after multiple failed attempts.,CLOSED,,HIGH,App,CBK0000132,txn-00016038,usr11624,MCH5300,0,0,0,0,0,1,0,1
CBK0002525,TXN00009115,USR60789,3104,2026-02-03 23:08:00,2026-02-14 00:08:00,1575.8,scam,customer says amount was debited twice.,OPEN,,LOW,CHATBOT,CBK0002525,TXN00009115,USR60789,3104,0,0,0,0,0,1,0,0
CBK0001640,TXN00009672,USR-72121,MCH4035,2026-01-31 00:00:00,,478.93,Merchant Not Delivered,Complaint received after multiple failed attempts.,Closed,,LOW,Branch,CBK0001640,TXN00009672,USR-72121,MCH 4035,0,0,0,0,1,1,0,0
CBK0000083,TXN00019136,USR46902,4705,2026-02-10 00:00:00,,264.95,suspicious transaction,Suspicious high-value payment disputed by customer.,OPEN,2026-02-28 00:00:00,HIGH,Email,CBK0000083,TXN00019136,USR46902,4705,0,0,0,0,1,0,0,1
CBK0001329,TXN00009229,USR61206,MCH8097,2026-03-06 00:00:00,2026-03-14 00:00:00,1300.37,dispute raised,User says UPI PIN was not entered by them.,CLOSED,,HIGH,ivr,CBK0001329,TXN00009229,USR61206,MCH8097,0,0,0,0,0,1,0,1
CBK0001763,TXN00006338,USR58810,MCH7667,2026-02-14 00:00:00,2026-02-24 19:50:25,1656.18,service failed,User reports money deducted but merchant denies receiving payment.,Open,2026-02-24 00:00:00,LOW,CHATBOT,CBK0001763,TXN00006338,usr58810,MCH7667,0,0,0,0,0,0,0,0
CBK0000167,TXN00012360,USR86156,MCH2438,2026-02-01 00:00:00,2026-02-05 00:00:00,-5341.0,dispute raised,User reports money deducted but merchant denies receiving payment.,CLOSED,2026-02-14 00:00:00,LOW,Branch,CBK0000167,TXN00012360,usr86156,MCH2438,1,0,0,0,0,0,0,0
CBK0000505,TXN00000437,USR87914,MCH3324,2026-06-03 00:00:00,2026-03-09 05:21:00,0.3962,double debit,User reports money deducted but merchant denies receiving payment.,In Progress,2026-03-30 00:00:00,LOW,IVR,CBK0000505,TXN00000437,USR87914,MCH3324,0,0,0,0,0,0,0,0
CBK0001168,TXN00005941,USR56021,MCH1185,2026-06-03 00:00:00,2026-03-22 14:23:38,8630.24,extra amount deducted,Suspicious high-value payment disputed by customer.,In Progress,2026-03-29 00:00:00,HIGH,Email,CBK0001168,TXN00005941,USR56021,MCH1185,0,0,0,0,0,0,0,1
CBK0000796,TXN00007069,USR87558,MCH3466,2026-02-19 07:25:50,2026-02-14 07:25:50,0.5834,FRAUD,MERCHANT SERVICE WAS NOT DELIVERED AFTER PAYMENT.,RESOLVED,2026-02-22 00:00:00,MEDIUM,CHATBOT,CBK0000796,TXN00007069,USR 87558,mch3466,0,0,0,0,0,0,0,0
CBK0001930,TXN00000462,USR44849,MCH6811,2026-01-07 17:21:00,2026-01-10 00:21:21,9759.54,complaint,SUSPICIOUS HIGH-VALUE PAYMENT DISPUTED BY CUSTOMER.,IN_PROGRESS,2026-01-17 00:00:00,LOW,IVR,CBK0001930,TXN00000462,USR44849,MCH6811,0,0,0,0,0,0,0,0
CBK0001622,TXN-00003616,USR-88037,MCH2915,2026-01-09 00:00:00,2026-01-09 00:00:00,5374.95,ATO,Customer says amount was debited twice.,Resolved,,LOW,Call Center,CBK0001622,txn-00003616,USR-88037,MCH2915,0,0,0,0,0,1,0,0
CBK0000943,TXN00005379,USR79175,MCH8672,2026-03-13 00:00:00,2026-03-20 00:00:00,318.82,unauthorized_transaction,Customer says amount was debited twice. NA,Resolved,2026-04-18 00:00:00,HIGH,Branch,CBK0000943,TXN00005379,USR79175,MCH8672,0,0,0,0,0,0,0,1
CBK0000107,TXN00017349,USR-51854,MCH2065,2026-03-14 00:00:00,2026-03-15 15:43:00,1441.68,merchant service issue,CUSTOMER COMPLAINT TEXT UNCLEAR DUE TO POOR CALL CENTER NOTES.,CLOSED,2026-03-25 00:00:00,MEDIUM,App,CBK0000107,TXN00017349,USR-51854,MCH2065,0,0,0,0,0,0,0,0
CBK0001418,TXN00017042,USR-71503,MCH7873,2026-01-14 00:00:00,2026-01-22 12:51:19,0.1707,not delivered,User claims account was compromised before transaction.,RESOLVED,,LOW,chatbot,CBK0001418,TXN00017042,USR-71503,MCH7873,0,0,0,0,0,1,0,0
CBK0002054,TXN00014488,USR-98293,MCH4980,2026-01-29 03:41:00,2026-02-01 02:41:16,7101.31,delivery issue,Complaint received after multiple failed attempts.,Closed,2026-02-03 02:41:00,MEDIUM,Email,CBK0002054,TXN00014488,USR-98293,MCH4980,0,0,0,0,0,0,0,0
CBK0000827,TXN00014268,USR35403,MCH2320,2026-03-26 19:49:23,2026-03-29 00:00:00,0.1797,merchant service issue,User says UPI PIN was not entered by them. pls check asap,Open,,MEDIUM,chatbot,CBK0000827,TXN00014268,USR35403,MCH2320,0,0,0,0,0,1,0,0
CBK0000915,TXN00012512,USR69408,MCH6683,2026-03-16 00:00:00,2026-03-18 00:00:00,0.3164,DUP_DEBIT,Merchant service was not delivered after payment.,Rejected,,MEDIUM,Email,CBK0000915,TXN00012512,USR69408,MCH6683,0,0,0,0,0,1,0,0
CBK0000780,TXN00003784,USR91599,MCH2065,2026-03-28 17:20:00,,3118.57,suspicious transaction,Customer says transaction was not authorized.,WIP,2026-04-12 23:20:37,HIGH,CHATBOT,CBK0000780,TXN00003784,USR91599,MCH2065,0,0,0,0,1,0,0,1
CBK0000261,TXN00003908,USR92765,MCH6368,2026-02-20 00:00:00,2026-02-26 00:00:00,6597.26,not done by me,Customer says amount was debited twice.,IN_PROGRESS,2026-03-06 00:00:00,CRITICAL,ivr,CBK0000261,TXN00003908,USR92765,MCH-6368,0,0,0,0,0,0,1,0
CBK0000831,TXN00013412,USR57382,MCH1320,,2026-01-21 00:00:00,90.88,not delivered,User says UPI PIN was not entered by them.,Rejected,2026-02-08 00:00:00,LOW,chatbot,CBK0000831,TXN00013412,USR57382,MCH1320,0,0,0,1,0,0,0,0
CBK0001025,TXN00015661,USR47242,1664,2026-01-20 00:00:00,2026-01-23 11:54:20,1840.53,double debit,user reports money deducted but merchant denies receiving payment.,Open,2026-02-06 00:00:00,HIGH,CHATBOT,CBK0001025,TXN00015661,USR47242,1664,0,0,0,0,0,0,0,1
CBK0002512,,USR17699,MCH1556,2026-03-17 01:32:53,2026-03-17 00:00:00,,not delivered,Payment made to unknown merchant as per cust statement.,RESOLVED,2026-04-14 06:32:00,HIGH,Branch,CBK0002512,,USR17699,MCH1556,0,1,1,0,0,0,0,1
CBK0000112,TXN00002800,USR33650,MCH4226,2026-01-02 00:00:00,2026-01-05 00:00:00,9291.46,item not received,User claims account was compromised before transaction. urgent,Rejected,2026-01-15 09:02:47,LOW,Email,CBK0000112,TXN00002800,USR33650,mch4226,0,0,0,0,0,0,0,0
CBK0002603,TXN00009920,USR72778,MCH3738,2026-02-25 00:00:00,2026-03-07 00:00:00,1507.51,Fraud Suspected,Customer complaint text unclear due to poor call center notes.,Pending Bank,2026-03-09 18:15:06,LOW,IVR,CBK0002603,TXN00009920,USR72778,MCH3738,0,0,0,0,0,0,0,0
CBK0000516,TXN00018193,USR63557,MCH3988,2026-01-24 00:00:00,2026-01-27 00:00:00,-1923.55,Merchant Not Delivered,customer says transaction was not authorized.,Rejected,2026-02-25 00:00:00,LOW,App,CBK0000516,TXN00018193,USR63557,MCH 3988,1,0,0,0,0,0,0,0
CBK0000005,TXN00018300,USR55340,MCH6657,2026-03-23 18:36:28,2026-05-07 00:00:00,3125.63,FRAUD,Customer complaint text unclear due to poor call center notes.,In Progress,2026-05-18 00:00:00,LOW,Branch,CBK0000005,TXN00018300,USR55340,MCH6657,0,0,0,0,0,0,0,0
CBK0001054,TXN00003450,USR95613,MCH4039,2026-03-17 00:00:00,2026-03-19 19:19:00,-4925.7,no service,Payment made to unknown merchant as per customer statement. details missing,PENDING_BANK,,HIGH,ivr,CBK0001054,TXN00003450,USR95613,MCH4039,1,0,0,0,0,1,0,1
CBK0001344,TXN00018359,USR13263,MCH6933,2026-03-20 00:00:00,,0.333,DUP_DEBIT,Customer says transaction was not authorized.,WIP,2026-04-14 15:20:52,LOW,CHATBOT,CBK0001344,TXN00018359,USR13263,MCH6933,0,0,0,0,1,0,0,0
CBK0002380,TXN00007622,USR55947,7385,2026-03-30 00:00:00,2026-02-04 00:00:00,475.05,scam,Payment made to unknown merchant as per customer statement.,OPEN,,MEDIUM,App,CBK0002380,TXN00007622,USR55947,7385,0,0,0,0,0,1,0,0
CBK0000608,,USR-89430,MCH6891,2026-03-03 00:00:00,2026-03-05 00:00:00,947.39,merchant service issue,Customer complaint text unclear due to poor call center notes.,Rejected,,LOW,App,CBK0000608,,USR-89430,MCH-6891,0,0,1,0,0,1,0,0
CBK0001080,TXN00014582,USR75735,MCH7856,2026-03-29 00:00:00,2026-04-02 00:00:00,,unauthorized_transaction,User claims account was compromised before transaction.,In Progress,2026-04-11 00:00:00,HIGH,App,CBK0001080,TXN00014582,usr75735,MCH 7856,0,1,0,0,0,0,0,1
CBK0000624,TXN00000969,USR81017,MCH1148,2026-03-19 07:40:40,2026-04-19 00:00:00,0.6622,Customer Dispute,Customer says amount was debited twice.,IN_PROGRESS,2026-05-07 00:00:00,MEDIUM,chatbot,CBK0000624,TXN00000969,USR81017,MCH1148,0,0,0,0,0,0,0,0
CBK0002760,TXN00016683,USR_85320,MCH2780,2026-03-29 01:37:33,2026-03-31 00:00:00,8248.74,complaint,User claims account was compromised before transaction.,Closed,,MEDIUM,chatbot,CBK0002760,TXN00016683,usr_85320,MCH2780,0,0,0,0,0,1,0,0
CBK0002387,TXN00004951,USR76131,MCH1332,2026-03-08 07:51:04,2026-03-09 21:51:00,2386.57,not done by me,Customer says amount was debited twice.,IN_PROGRESS,2026-03-11 00:00:00,HIGH,Call Center,CBK0002387,TXN00004951,USR 76131,MCH1332,0,0,0,0,0,0,0,1
CBK0000964,TXN00002933,USR-15536,MCH3177,,2026-01-27 00:00:00,1870.77,login compromised,User says UPI PIN was not entered by them.,Resolved,2026-02-15 00:00:00,MEDIUM,Branch,CBK0000964,TXN00002933,USR-15536,MCH 3177,0,0,0,1,0,0,0,0
CBK0000137,TXN00005904,USR86701,MCH6915,2026-03-31 22:33:00,2026-03-31 00:00:00,-953.16,amount mismatch,User claims account was compromised before txn.,Open,,HIGH,chatbot,CBK0000137,TXN00005904,USR86701,MCH6915,1,0,0,0,0,1,0,1
CBK0000230,TXN00008604,USR33056,MCH2822,2026-02-21 03:47:49,2026-02-24 00:00:00,-1527.8,Account Takeover,customer complaint text unclear due to poor call center notes.,PENDING_BANK,2026-03-16 00:00:00,HIGH,CHATBOT,CBK0000230,TXN00008604,USR33056,MCH2822,1,0,0,0,0,0,0,1
CBK0000451,TXN00007457,USR71070,MCH9291,2026-01-10 08:18:00,2026-02-09 13:18:00,838.9,complaint,Customer says transaction was not authorized.,IN_PROGRESS,2026-03-11 00:00:00,MEDIUM,chatbot,CBK0000451,TXN00007457,USR 71070,MCH9291,0,0,0,0,0,0,0,0
CBK0002674,TXN00007519,USR53527,MCH8779,2026-03-03 00:00:00,2026-03-06 00:00:00,2490.54,no service,User claims account was compromised before transaction.,REJECTED,2026-03-06 00:00:00,LOW,IVR,CBK0002674,TXN00007519,USR53527,MCH8779,0,0,0,0,0,0,0,0
CBK0002748,TXN00006778,USR65191,MCH1320,2026-03-22 00:00:00,2026-02-04 00:00:00,1282.1,Service Not Provided,Complaint received after multiple failed attempts.,RESOLVED,2026-04-05 00:00:00,MEDIUM,CHATBOT,CBK0002748,TXN00006778,USR65191,MCH-1320,0,0,0,0,0,0,0,0
CBK0002175,TXN00003542,USR95702,MCH6520,2026-03-18 00:00:00,2026-03-20 20:30:00,0.1085,FRAUD,Customer says transaction was not authorized.,Closed,2026-03-22 20:30:52,LOW,CHATBOT,CBK0002175,TXN00003542,USR95702,MCH6520,0,0,0,0,0,0,0,0
CBK0001676,TXN00013539,USR90288,MCH8203,2026-02-09 10:20:56,2026-02-24 00:00:00,1619.34,merchant service issue,Complaint received after multiple failed attempts.,REJECTED,,MEDIUM,App,CBK0001676,TXN00013539,USR90288,MCH 8203,0,0,0,0,0,1,0,0
CBK0000753,TXN00011998,USR26558,3100,2026-01-24 05:54:36,2026-02-09 00:00:00,-1184.71,complaint,Merchant service was not delivered after payment.,REJECTED,2026-02-17 03:54:36,LOW,ivr,CBK0000753,TXN00011998,USR26558,3100,1,0,0,0,0,0,0,0
CBK0000690,TXN00016173,USR76780,MCH1506,2026-03-20 00:00:00,,8263.92,dispute raised,User claims account was compromised before transaction.,REJECTED,,LOW,CHATBOT,CBK0000690,TXN00016173,USR76780,MCH1506,0,0,0,0,1,1,0,0
CBK0001492,TXN00008497,USR_96797,MCH9634,2026-02-18 00:00:00,2026-02-20 00:00:00,316.81,charged twice,Merchant service was not delivered after payment.,Closed,,LOW,App,CBK0001492,TXN00008497,usr_96797,MCH9634,0,0,0,0,0,1,0,0
CBK0001022,TXN00016644,USR60881,MCH7777,2026-01-21 00:00:00,2026-01-26 00:00:00,0.898,fraud,Customer says amount was debited twice.,Resolved,2026-01-27 00:00:00,HIGH,CHATBOT,CBK0001022,TXN00016644,USR60881,MCH7777,0,0,0,0,0,0,0,1
CBK0000930,TXN00014399,USR39029,MCH4790,2026-03-04 14:44:00,2026-03-06 00:00:00,388.39,delivery issue,Customer says transaction was not authorized.,In Progress,2026-03-27 15:44:00,MEDIUM,App,CBK0000930,TXN00014399,USR39029,MCH4790,0,0,0,0,0,0,0,0
CBK0002331,TXN00009831,USR80038,MCH3995,2026-08-01 00:00:00,2026-09-01 00:00:00,2727.04,account hacked,Merchant service was not delivered after payment.,IN_PROGRESS,2026-02-03 00:00:00,MEDIUM,App,CBK0002331,TXN00009831,USR80038,MCH-3995,0,0,0,0,0,0,0,0
CBK0002057,TXN00004888,USR31743,MCH9344,2026-03-31 00:00:00,2026-04-01 00:00:00,1625.15,Service Not Provided,Merchant service was not delivered after payment.,Pending Bank,2026-04-28 00:00:00,CRITICAL,Call Center,CBK0002057,TXN00004888,USR31743,MCH9344,0,0,0,0,0,0,1,0
CBK0001465,TXN00004507,USR-77990,MCH9291,2026-01-21 00:00:00,2026-01-21 00:00:00,0.232,delivery issue,Merchant service was not delivered after payment.,OPEN,,MEDIUM,Branch,CBK0001465,TXN00004507,USR-77990,MCH9291,0,0,0,0,0,1,0,0
CBK0000658,TXN00005761,USR70617,MCH5954,2026-03-10 21:34:00,2026-03-18 06:34:15,3582.63,Service Not Provided,User claims account was compromised before transaction.,OPEN,2026-03-18 06:34:15,LOW,ivr,CBK0000658,TXN00005761,USR70617,MCH5954,0,0,0,0,0,0,0,0
CBK0000712,TXN00007650,USR28000,MCH5690,2026-03-23 00:00:00,2026-03-25 00:00:00,316.55,item not received,user reports money deducted but merchant denies receiving payment.,Rejected,2026-04-06 00:03:10,HIGH,chatbot,CBK0000712,TXN00007650,USR 28000,MCH5690,0,0,0,0,0,0,0,1
CBK0001067,TXN00000175,USR32382,MCH4962,2026-02-23 00:00:00,2026-03-10 00:00:00,1092.58,amount mismatch,Merchant service was not delivered after payment.,RESOLVED,2026-07-04 00:00:00,HIGH,IVR,CBK0001067,TXN00000175,USR 32382,MCH4962,0,0,0,0,0,0,0,1
CBK0001242,TXN00014086,USR37902,MCH3159,2026-03-29 00:00:00,2026-01-04 00:00:00,3184.9,charged twice,Complaint received after multiple failed attempts.,REJECTED,2026-04-25 00:00:00,MEDIUM,Email,CBK0001242,TXN00014086,USR37902,MCH3159,0,0,0,0,0,0,0,0
CBK0000156,TXN00018659,USR-96218,MCH5609,2026-02-15 00:00:00,2026-02-21 00:00:00,4959.68,DUP_DEBIT,Payment made to unknown merchant as per customer statement. details missing,Resolved,2026-03-05 09:55:18,CRITICAL,Branch,CBK0000156,TXN00018659,USR-96218,MCH5609,0,0,0,0,0,0,1,0
CBK0002682,TXN00000762,USR34180,MCH9565,,2026-02-21 00:00:00,1083.4,DUP_DEBIT,payment made to unknown merchant as per customer statement.,Resolved,,HIGH,ivr,CBK0002682,TXN00000762,USR34180,MCH9565,0,0,0,1,0,1,0,1
CBK0001336,TXN00004804,USR40908,MCH2509,2026-01-06 06:55:18,2026-01-08 00:00:00,12097.84,Unauthorized Transaction,Merchant service was not delivered after payment.,Closed,2026-01-14 01:55:18,HIGH,chatbot,CBK0001336,TXN00004804,USR40908,MCH-2509,0,0,0,0,0,0,0,1
CBK0002092,TXN-00011140,USR70317,MCH3807,2026-01-19 00:00:00,2026-01-19 00:00:00,1790.94,Service Not Provided,User claims account was compromised before transaction.,Pending Bank,,MEDIUM,App,CBK0002092,txn-00011140,USR70317,MCH 3807,0,0,0,0,0,1,0,0
CBK0001282,TXN32415,USR99611,MCH2266,2026-02-23 00:00:00,2026-02-24 00:00:00,23005.71,no service,User says UPI PIN was not entered by them.,REJECTED,2026-03-07 00:00:00,MEDIUM,CHATBOT,CBK0001282,TXN32415,USR 99611,MCH2266,0,0,0,0,0,0,0,0
CBK0000168,TXN00010651,USR97772,MCH4642,2026-01-19 00:00:00,2026-03-02 00:00:00,,not done by me,Suspicious high-value payment disputed by customer.,PENDING_BANK,2026-03-03 13:11:35,HIGH,chatbot,CBK0000168,TXN00010651,USR97772,mch4642,0,1,0,0,0,0,0,1
CBK0001926,TXN00019983,USR24168,MCH3909,2026-03-16 23:25:39,2026-04-01 00:00:00,8084.93,Duplicate Debit,User says UPI PIN was not entered by them.,Rejected,2026-05-01 00:00:00,HIGH,Branch,CBK0001926,TXN00019983,USR24168,MCH3909,0,0,0,0,0,0,0,1
CBK0002727,TXN00004731,USR24341,MCH1965,2026-03-20 00:00:00,2026-03-21 00:00:00,0.1385,account hacked,Customer says amount was debited twice.,REJECTED,2026-03-25 00:00:00,HIGH,Email,CBK0002727,TXN00004731,USR24341,MCH1965,0,0,0,0,0,0,0,1
CBK0000532,TXN00006252,USR15564,MCH6116,2026-01-21 15:31:58,2026-01-22 00:00:00,0.408,incorrect amount,merchant service was not delivered after payment.,In Progress,,HIGH,Branch,CBK0000532,TXN00006252,USR 15564,MCH-6116,0,0,0,0,0,1,0,1
CBK0001089,TXN00006872,USR78604,MCH7810,2026-01-05 00:00:00,2026-01-21 00:00:00,,Merchant Not Delivered,Payment made to unknown merchant as per customer statement.,IN_PROGRESS,2026-01-21 00:00:00,LOW,ivr,CBK0001089,TXN00006872,USR78604,MCH7810,0,1,0,0,0,0,0,0
CBK0000635,TXN00003242,USR34180,MCH2159,2026-03-22 00:00:00,,1561.56,amount mismatch,suspicious high-value payment disputed by customer.,Closed,,LOW,Branch,CBK0000635,TXN00003242,USR34180,mch2159,0,0,0,0,1,1,0,0
CBK0000650,TXN00004880,USR-34311,MCH2209,2026-02-21 00:00:00,2026-02-23 00:00:00,-512.66,unauthorized_transaction,Customer complaint text unclear due to poor call center notes.,Rejected,,CRITICAL,Branch,CBK0000650,TXN00004880,USR-34311,mch2209,1,0,0,0,0,1,1,0
CBK0001889,TXN00013593,USR_10480,MCH7251,2026-01-29 11:28:25,2026-01-02 00:00:00,792.99,login compromised,User reports money deducted but merchant denies receiving payment. pls check asap,Open,2026-02-01 00:28:00,MEDIUM,IVR,CBK0001889,TXN00013593,usr_10480,MCH7251,0,0,0,0,0,0,0,0
CBK0002662,TXN00001805,USR-29306,MCH5624,2026-01-20 00:00:00,2026-01-21 00:00:00,692.55,complaint,Suspicious high-value payment disputed by customer.,REJECTED,2026-02-18 00:00:00,MEDIUM,CHATBOT,CBK0002662,TXN00001805,USR-29306,MCH5624,0,0,0,0,0,0,0,0
CBK0000123,TXN00016267,USR85507,MCH6810,2026-02-05 00:00:00,2026-03-07 00:00:00,0.1756,not done by me,User claims account was compromised before transaction.,Resolved,,HIGH,Branch,CBK0000123,TXN00016267,USR85507,MCH6810,0,0,0,0,0,1,0,1
CBK0000629,TXN00003543,USR61351,MCH4181,2026-01-15 11:05:00,2026-01-19 08:05:34,15742.98,charged twice,User claims account was compromised before transaction.,Resolved,2026-02-09 08:05:00,LOW,chatbot,CBK0000629,TXN00003543,USR61351,MCH4181,0,0,0,0,0,0,0,0
CBK0001701,TXN00006191,USR79175,MCH8752,2026-02-25 00:00:00,2026-02-26 19:14:05,426.17,customer issue,Customer says amount was debited twice. pls check asap,PENDING_BANK,2026-03-01 00:00:00,LOW,Call Center,CBK0001701,TXN00006191,USR 79175,MCH 8752,0,0,0,0,0,0,0,0
CBK0001491,TXN00017193,USR16478,MCH4709,2026-03-31 00:00:00,2026-04-03 00:00:00,2406.17,not done by me,payment made to unknown merchant as per customer statement.,In Progress,2026-04-27 00:00:00,MEDIUM,ivr,CBK0001491,TXN00017193,USR16478,MCH4709,0,0,0,0,0,0,0,0
CBK0002256,TXN00009782,USR19885,MCH8154,2026-03-17 00:00:00,2026-03-22 00:00:00,6347.69,not done by me,Merchant service was not delivered after payment. NA,WIP,2026-04-21 00:00:00,HIGH,IVR,CBK0002256,TXN00009782,USR19885,MCH8154,0,0,0,0,0,0,0,1
CBK0000187,TXN00008581,USR85112,MCH9415,2026-02-25 00:00:00,2026-02-28 07:16:11,-562.07,dispute raised,Payment made to unknown merchant as per customer statement.,IN_PROGRESS,,MEDIUM,ivr,CBK0000187,TXN00008581,usr85112,MCH9415,1,0,0,0,0,1,0,0
CBK0001359,TXN-00003338,USR91595,MCH3957,2026-02-16 15:19:43,2026-02-18 08:19:43,8032.32,login compromised,Payment made to unknown merchant as per customer statement.,WIP,,MEDIUM,IVR,CBK0001359,txn-00003338,USR91595,MCH3957,0,0,0,0,0,1,0,0
CBK0002132,TXN00011912,USR73010,MCH4590,,2026-03-29 00:00:00,2559.27,UNAUTHORISED,USER CLAIMS ACCOUNT WAS COMPROMISED BEFORE TRANSACTION.,CLOSED,2026-04-28 00:00:00,LOW,Call Center,CBK0002132,TXN00011912,USR73010,MCH4590,0,0,0,1,0,0,0,0
CBK0001583,TXN00015176,USR41858,MCH3750,2026-03-19 00:00:00,,519.74,fraud,Customer says amount was debited twice.,IN_PROGRESS,2026-04-03 11:07:00,CRITICAL,Email,CBK0001583,TXN00015176,USR 41858,MCH3750,0,0,0,0,1,0,1,0
CBK0001503,TXN00007523,USR30103,MCH7139,2026-02-14 10:06:00,2026-02-20 00:00:00,2702.06,delivery issue,MERCHANT SERVICE WAS NOT DELIVERED AFTER PAYMENT.,RESOLVED,2026-03-12 09:06:00,MEDIUM,App,CBK0001503,TXN00007523,USR30103,MCH7139,0,0,0,0,0,0,0,0
CBK0000859,TXN00018489,USR33856,MCH5110,2026-02-10 23:21:44,2026-02-14 19:21:00,267.92,FRAUD,User claims account was compromised before transaction. NA,RESOLVED,,HIGH,Email,CBK0000859,TXN00018489,USR33856,MCH5110,0,0,0,0,0,1,0,1
CBK0002080,TXN00006502,USR_17290,MCH6230,2026-01-13 00:00:00,2026-01-16 00:00:00,-1120.78,incorrect amount,Suspicious high-value payment disputed by cust.,OPEN,,CRITICAL,chatbot,CBK0002080,TXN00006502,usr_17290,MCH6230,1,0,0,0,0,1,1,0
CBK0002570,TXN00001810,USR35882,MCH8953,2026-02-04 00:00:00,2026-06-02 00:00:00,0.693,Account Takeover,Suspicious high-value payment disputed by cust.,Rejected,2026-03-04 00:00:00,LOW,Call Center,CBK0002570,TXN00001810,USR35882,mch8953,0,0,0,0,0,0,0,0
CBK0001989,TXN00003059,USR39665,MCH4473,2026-02-06 23:35:35,2026-02-08 00:00:00,3807.73,service failed,Customer says amount was debited twice.,RESOLVED,2026-02-15 00:00:00,HIGH,ivr,CBK0001989,TXN00003059,usr39665,mch4473,0,0,0,0,0,0,0,1
CBK0000603,TXN00004425,USR95812,MCH6075,2026-02-27 02:24:00,2026-03-01 00:00:00,0.1305,not done by me,Payment made to unknown merchant as per customer statement.,RESOLVED,2026-03-12 00:00:00,HIGH,chatbot,CBK0000603,TXN00004425,USR95812,MCH6075,0,0,0,0,0,0,0,1
CBK0000334,TXN00015310,USR19151,MCH8434,2026-03-07 11:51:47,2026-03-17 20:51:47,3904.6,delivery issue,Suspicious high-value payment disputed by customer.,In Progress,,LOW,CHATBOT,CBK0000334,TXN00015310,USR 19151,MCH8434,0,0,0,0,0,1,0,0
CBK0001136,TXN00008134,USR44953,MCH2383,2026-02-05 00:00:00,2026-02-07 13:04:31,388.91,suspicious transaction,USER REPORTS MONEY DEDUCTED BUT MERCHANT DENIES RECEIVING PAYMENT.,Resolved,2026-02-13 00:00:00,MEDIUM,chatbot,CBK0001136,TXN00008134,USR 44953,MCH2383,0,0,0,0,0,0,0,0
CBK0000404,TXN00007870,USR_76645,MCH7161,2026-01-28 00:00:00,2026-02-05 18:07:51,1860.61,Duplicate Debit,User reports money deducted but merchant denies receiving payment.,WIP,2026-02-17 18:07:00,HIGH,Email,CBK0000404,TXN00007870,usr_76645,MCH7161,0,0,0,0,0,0,0,1
CBK0002404,TXN00001110,USR-78155,MCH9798,2026-12-03 00:00:00,2026-03-14 07:44:57,-1498.49,item not received,Suspicious high-value payment disputed by customer.,Open,,HIGH,App,CBK0002404,TXN00001110,USR-78155,MCH 9798,1,0,0,0,0,1,0,1
CBK0001323,TXN00006391,USR57255,MCH5076,2026-01-11 00:00:00,2026-01-12 00:11:00,9215.86,fraud,user says upi pin was not entered by them.,Resolved,2026-01-15 00:00:00,MEDIUM,IVR,CBK0001323,TXN00006391,USR57255,MCH 5076,0,0,0,0,0,0,0,0
CBK0002176,,USR69196,MCH8627,,2026-01-14 00:00:00,1168.54,service failed,Suspicious high-value payment disputed by cust.,CLOSED,2026-01-14 12:57:00,HIGH,Email,CBK0002176,,USR69196,MCH8627,0,0,1,1,0,0,0,1
CBK0001840,TXN00009647,USR97772,MCH5655,2026-02-07 00:00:00,2026-02-22 00:00:00,878.05,charged twice,Customer says amount was debited twice.,Rejected,2026-02-26 00:00:00,HIGH,Branch,CBK0001840,TXN00009647,USR 97772,mch5655,0,0,0,0,0,0,0,1
CBK0001888,TXN00004061,USR-77659,MCH4909,2026-02-10 00:00:00,2026-03-12 18:31:00,0.209,customer issue,Customer says transaction was not authorized.,CLOSED,2026-04-09 00:00:00,LOW,ivr,CBK0001888,TXN00004061,USR-77659,MCH 4909,0,0,0,0,0,0,0,0
CBK0001647,TXN94322,USR55487,MCH7879,2026-03-26 07:27:17,2026-03-29 00:00:00,2530.5,item not received,Customer says transaction was not authorized.,REJECTED,2026-03-31 00:00:00,MEDIUM,Email,CBK0001647,TXN94322,USR55487,MCH7879,0,0,0,0,0,0,0,0
CBK0002578,TXN-00001675,USR84061,MCH6798,2026-03-31 00:00:00,2026-04-03 11:48:00,994.02,service failed,user reports money deducted but merchant denies receiving payment.,In Progress,,MEDIUM,IVR,CBK0002578,txn-00001675,USR84061,MCH6798,0,0,0,0,0,1,0,0
CBK0001203,TXN00014456,USR_61761,MCH8619,2026-02-20 00:00:00,2026-02-28 02:46:45,14382.17,delivery issue,Complaint received after multiple failed attempts.,WIP,2026-03-05 00:00:00,LOW,ivr,CBK0001203,TXN00014456,usr_61761,mch8619,0,0,0,0,0,0,0,0
CBK0000749,TXN00006304,USR30630,MCH3257,2026-01-09 00:00:00,2026-02-23 00:00:00,4194.32,dispute raised,suspicious high-value payment disputed by customer.,IN_PROGRESS,,CRITICAL,chatbot,CBK0000749,TXN00006304,USR30630,MCH3257,0,0,0,0,0,1,1,0
CBK0001592,TXN00015183,USR24536,MCH2785,2026-02-07 00:00:00,2026-02-09 14:27:41,4195.81,merchant service issue,Suspicious high-value payment disputed by customer.,RESOLVED,2026-02-27 00:00:00,MEDIUM,Email,CBK0001592,TXN00015183,USR24536,MCH2785,0,0,0,0,0,0,0,0
CBK0002001,TXN00008475,USR51720,2020,2026-03-03 13:24:10,2026-04-17 00:00:00,877.69,dispute raised,User says UPI PIN was not entered by them.,CLOSED,,MEDIUM,Call Center,CBK0002001,TXN00008475,usr51720,2020,0,0,0,0,0,1,0,0
CBK0002459,TXN00000155,USR35867,MCH6729,2026-03-08 00:00:00,2026-03-11 02:18:17,1535.06,unauthorized_transaction,Merchant service was not delivered after payment.,PENDING_BANK,2026-03-12 02:18:00,MEDIUM,CHATBOT,CBK0002459,TXN00000155,USR35867,mch6729,0,0,0,0,0,0,0,0
CBK0000417,TXN00009167,USR29544,MCH8956,2026-01-08 00:00:00,2026-01-12 00:00:00,239.91,charged twice,customer complaint text unclear due to poor call center notes.,Open,,LOW,chatbot,CBK0000417,TXN00009167,USR29544,MCH8956,0,0,0,0,0,1,0,0
CBK0002102,TXN00013496,USR24429,MCH1159,2026-02-21 00:00:00,2026-02-23 03:39:00,3536.59,no service,customer says amount was debited twice.,CLOSED,2026-03-18 00:00:00,LOW,ivr,CBK0002102,TXN00013496,USR24429,MCH1159,0,0,0,0,0,0,0,0
CBK0000348,TXN00003338,USR78803,MCH4683,2026-01-26 00:00:00,2026-01-29 01:18:00,,no service,Customer complaint text unclear due to poor call center notes. urgent,CLOSED,2026-02-22 01:18:55,MEDIUM,CHATBOT,CBK0000348,TXN00003338,USR78803,MCH4683,0,1,0,0,0,0,0,0
CBK0002729,TXN00000967,USR30147,MCH6792,2026-01-22 00:00:00,2026-01-24 00:00:00,1780.33,ATO,Suspicious high-value payment disputed by customer.,Open,2026-02-15 00:00:00,CRITICAL,CHATBOT,CBK0002729,TXN00000967,USR30147,MCH6792,0,0,0,0,0,0,1,0
CBK0000196,TXN00005107,USR33769,MCH4914,2026-04-01 00:00:00,2026-01-12 05:57:59,0.1023,item not received,User claims account was compromised before transaction.,PENDING_BANK,2026-01-23 00:00:00,MEDIUM,Branch,CBK0000196,TXN00005107,USR33769,MCH4914,0,0,0,0,0,0,0,0
CBK0000173,TXN00013826,31453,MCH4581,2026-01-24 14:20:26,2026-01-28 04:20:00,-1245.39,dispute raised,User says UPI PIN was not entered by them.,CLOSED,,LOW,Branch,CBK0000173,TXN00013826,31453,MCH4581,1,0,0,0,0,1,0,0
CBK0000457,TXN00009823,USR84334,MCH7202,2026-01-27 16:44:22,2026-01-31 00:00:00,17825.75,FRAUD,Merchant service was not delivered after payment.,Closed,2026-02-22 03:44:22,LOW,Call Center,CBK0000457,TXN00009823,USR84334,MCH-7202,0,0,0,0,0,0,0,0
CBK0000398,TXN00005767,USR26707,MCH3494,2026-02-22 10:29:35,2026-02-24 00:00:00,3275.35,fraud,Merchant service was not delivered after payment.,CLOSED,,LOW,CHATBOT,CBK0000398,TXN00005767,USR26707,MCH3494,0,0,0,0,0,1,0,0
CBK0001164,TXN00001699,USR-11287,MCH1963,2026-02-28 00:00:00,,0.1995,no service,User claims account was compromised before transaction.,Closed,,LOW,IVR,CBK0001164,TXN00001699,USR-11287,MCH1963,0,0,0,0,1,1,0,0
CBK0000207,TXN00007495,USR-47962,MCH4241,2026-02-12 16:45:00,2026-02-13 00:00:00,0.152,scam,Complaint received after multiple failed attempts.,OPEN,,LOW,CHATBOT,CBK0000207,TXN00007495,USR-47962,MCH4241,0,0,0,0,0,1,0,0
CBK0002710,TXN00004746,USR68670,MCH1335,2026-03-19 00:00:00,2026-03-22 00:00:00,579.06,UNAUTHORISED,Customer says transaction was not authorized.,Pending Bank,2026-03-26 00:00:00,HIGH,Branch,CBK0002710,TXN00004746,USR68670,MCH1335,0,0,0,0,0,0,0,1
CBK0001751,TXN00008083,USR63649,MCH3815,2026-01-05 00:00:00,2026-01-11 00:00:00,2354.56,customer issue,User says UPI PIN was not entered by them. pls check asap,OPEN,,HIGH,App,CBK0001751,TXN00008083,USR63649,MCH3815,0,0,0,0,0,1,0,1
CBK0001150,TXN00007644,USR73279,MCH8154,2026-02-01 00:00:00,2026-02-04 00:00:00,1173.01,incorrect amount,Suspicious high-value payment disputed by customer.,Pending Bank,2026-02-19 16:53:00,MEDIUM,Call Center,CBK0001150,TXN00007644,USR73279,MCH8154,0,0,0,0,0,0,0,0
CBK0001021,TXN00019145,USR95181,MCH9291,2026-03-01 00:00:00,2026-04-16 00:00:00,0.10111,charged twice,User says UPI PIN was not entered by them. call dropped,Open,2026-05-10 00:00:00,MEDIUM,Branch,CBK0001021,TXN00019145,USR95181,MCH 9291,0,0,0,0,0,0,0,0
CBK0000932,TXN00003371,USR26201,MCH2614,,2026-03-26 00:00:00,737.83,fraud,Complaint received after multiple failed attempts.,PENDING_BANK,,LOW,Call Center,CBK0000932,TXN00003371,usr26201,MCH2614,0,0,0,1,0,1,0,0
CBK0001699,TXN00018943,USR65069,MCH1007,2026-01-27 11:40:00,2026-01-24 11:40:43,2326.89,not delivered,Payment made to unknown merchant as per customer statement.,CLOSED,,LOW,App,CBK0001699,TXN00018943,USR65069,MCH-1007,0,0,0,0,0,1,0,0
CBK0002373,TXN00018837,USR94106,MCH4774,2026-01-19 04:13:46,2026-01-18 04:13:00,1260.53,extra amount deducted,User says UPI PIN was not entered by them.,Closed,2026-01-23 00:00:00,HIGH,CHATBOT,CBK0002373,TXN00018837,USR94106,MCH4774,0,0,0,0,0,0,0,1
CBK0001046,TXN00007145,USR24536,MCH5712,2026-02-02 00:00:00,2026-02-10 00:00:00,5884.78,Account Takeover,user says upi pin was not entered by them.,OPEN,2026-02-13 00:00:00,LOW,chatbot,CBK0001046,TXN00007145,USR24536,mch5712,0,0,0,0,0,0,0,0
CBK0002267,TXN-00006416,USR70102,MCH2266,2026-02-25 00:00:00,2026-03-01 00:00:00,0.4872,Merchant Not Delivered,User says UPI PIN was not entered by them.,REJECTED,2026-03-13 05:44:47,MEDIUM,CHATBOT,CBK0002267,txn-00006416,USR70102,MCH2266,0,0,0,0,0,0,0,0
CBK0001191,TXN00010675,USR-42733,MCH1665,2026-01-23 19:46:20,2026-01-27 10:46:20,268.44,delivery issue,Payment made to unknown merchant as per customer statement.,Pending Bank,2026-02-07 00:00:00,MEDIUM,Email,CBK0001191,TXN00010675,USR-42733,MCH1665,0,0,0,0,0,0,0,0
CBK0001431,TXN00007758,USR37892,MCH3288,2026-03-31 05:38:00,2026-04-03 00:00:00,0.155,Unauthorized Transaction,Customer complaint text unclear due to poor call center notes.,Rejected,,LOW,chatbot,CBK0001431,TXN00007758,USR37892,MCH3288,0,0,0,0,0,1,0,0
CBK0000890,TXN81593,USR53996,MCH6810,2026-01-30 00:00:00,2026-02-01 01:35:11,5676.76,not done by me,CUSTOMER COMPLAINT TEXT UNCLEAR DUE TO POOR CALL CENTER NOTES.,Rejected,2026-02-16 00:00:00,MEDIUM,CHATBOT,CBK0000890,TXN81593,USR53996,MCH6810,0,0,0,0,0,0,0,0
CBK0000670,TXN00016465,USR33934,MCH8836,2026-01-08 00:00:00,2026-01-11 14:41:00,1819.68,Customer Dispute,Merchant service was not delivered after payment.,Closed,2026-02-08 00:00:00,HIGH,ivr,CBK0000670,TXN00016465,USR33934,MCH8836,0,0,0,0,0,0,0,1
CBK0001602,TXN00000594,USR37916,MCH4233,2026-03-26 00:00:00,2026-03-31 16:51:28,2315.48,delivery issue,Customer complaint text unclear due to poor call center notes.,Pending Bank,2026-04-22 00:00:00,MEDIUM,App,CBK0001602,TXN00000594,USR37916,MCH4233,0,0,0,0,0,0,0,0
CBK0000279,TXN00010238,USR46321,MCH7943,2026-02-23 00:00:00,2026-02-28 00:00:00,581.0,dispute raised,Complaint received after multiple failed attempts.,Pending Bank,2026-03-19 13:37:00,MEDIUM,Email,CBK0000279,TXN00010238,USR46321,MCH7943,0,0,0,0,0,0,0,0
CBK0001915,TXN00018105,USR32861,MCH3151,2026-03-24 21:23:09,2026-03-25 03:23:09,2703.6,item not received,Merchant service was not delivered after payment.,Resolved,2026-04-15 00:00:00,LOW,ivr,CBK0001915,TXN00018105,USR32861,MCH3151,0,0,0,0,0,0,0,0
CBK0002444,TXN00009188,USR76636,MCH1089,2026-03-18 00:00:00,2026-03-21 00:00:00,542.9,extra amount deducted,Suspicious high-value payment disputed by customer.,Resolved,,MEDIUM,CHATBOT,CBK0002444,TXN00009188,USR 76636,MCH1089,0,0,0,0,0,1,0,0
CBK0001274,TXN00004896,USR36343,MCH7286,2026-01-03 00:00:00,2026-01-04 15:56:05,1770.17,complaint,Complaint received after multiple failed attempts. NA,IN_PROGRESS,2026-02-01 15:56:05,LOW,chatbot,CBK0001274,TXN00004896,USR36343,mch7286,0,0,0,0,0,0,0,0
CBK0002397,TXN00012053,USR24199,MCH9610,2026-05-01 00:00:00,2026-01-13 16:15:15,1200.13,UNAUTHORISED,Complaint received after multiple failed attempts.,RESOLVED,2026-01-19 16:15:15,CRITICAL,App,CBK0002397,TXN00012053,USR24199,mch9610,0,0,0,0,0,0,1,0
CBK0000086,TXN00005603,USR63109,MCH4810,2026-02-22 19:09:31,,0.2652,FRAUD,Customer complaint text unclear due to poor call center notes.,IN_PROGRESS,2026-03-22 11:09:31,MEDIUM,App,CBK0000086,TXN00005603,USR63109,MCH4810,0,0,0,0,1,0,0,0
CBK0002277,TXN00018308,USR_67602,MCH2667,2026-03-08 00:00:00,2026-03-11 15:45:04,0.5058,item not received,user reports money deducted but merchant denies receiving payment.,IN_PROGRESS,2026-03-17 15:45:04,HIGH,Branch,CBK0002277,TXN00018308,usr_67602,MCH2667,0,0,0,0,0,0,0,1
CBK0000252,TXN00019048,USR59747,MCH4772,2026-01-08 00:00:00,2026-01-14 00:00:00,1913.71,charged twice,User says UPI PIN was not entered by them.,CLOSED,,HIGH,App,CBK0000252,TXN00019048,USR 59747,MCH 4772,0,0,0,0,0,1,0,1
CBK0001549,TXN00005488,USR93167,MCH5584,2026-01-30 17:57:10,2026-02-01 00:00:00,8967.32,item not received,User says UPI PIN was not entered by them.,RESOLVED,2026-02-15 00:00:00,MEDIUM,Branch,CBK0001549,TXN00005488,USR93167,MCH5584,0,0,0,0,0,0,0,0
CBK0001577,TXN00017992,USR54208,MCH5397,2026-03-11 11:07:00,2026-03-22 01:07:00,0.1697,Merchant Not Delivered,Customer says transaction was not authorized.,Rejected,2026-03-26 01:07:00,LOW,App,CBK0001577,TXN00017992,USR54208,mch5397,0,0,0,0,0,0,0,0
CBK0000373,TXN00004759,USR20337,MCH7924,2026-03-15 00:00:00,2026-03-17 00:00:00,1027.78,merchant service issue,MERCHANT SERVICE WAS NOT DELIVERED AFTER PAYMENT.,Resolved,2026-04-06 00:00:00,LOW,Call Center,CBK0000373,TXN00004759,USR20337,MCH7924,0,0,0,0,0,0,0,0
CBK0002679,,USR-57460,6850,2026-02-27 00:00:00,2026-03-05 00:00:00,0.1271,incorrect amount,user says upi pin was not entered by them.,REJECTED,,HIGH,CHATBOT,CBK0002679,,USR-57460,6850,0,0,1,0,0,1,0,1
CBK0001318,TXN00018753,USR85507,MCH8154,2026-03-24 02:53:33,2026-03-27 11:53:00,0.1201,DUP_DEBIT,Customer says amount was debited twice.,WIP,2026-04-17 00:00:00,LOW,IVR,CBK0001318,TXN00018753,USR85507,mch8154,0,0,0,0,0,0,0,0
CBK0001208,TXN00012998,USR22898,MCH2079,2026-11-01 00:00:00,2026-01-13 00:00:00,1570.15,account hacked,Customer says amount was debited twice.,Rejected,2026-02-08 00:00:00,HIGH,Branch,CBK0001208,TXN00012998,USR22898,MCH2079,0,0,0,0,0,0,0,1
CBK0001350,TXN00011858,USR_37820,MCH2269,2026-02-09 00:00:00,2026-11-02 00:00:00,2135.97,unauth txn,USER SAYS UPI PIN WAS NOT ENTERED BY THEM.,Rejected,2026-02-25 21:28:08,LOW,Branch,CBK0001350,TXN00011858,usr_37820,MCH2269,0,0,0,0,0,0,0,0
CBK0001845,TXN00012951,39002,MCH4473,2026-03-04 14:44:00,2026-03-12 00:00:00,0.2826,Customer Dispute,User reports money deducted but merchant denies receiving payment.,Resolved,2026-05-04 00:00:00,LOW,Email,CBK0001845,TXN00012951,39002,MCH4473,0,0,0,0,0,0,0,0
CBK0002193,TXN00017969,USR83235,MCH2137,2026-03-29 15:46:42,2026-04-09 00:00:00,0.2501,suspicious transaction,suspicious high-value payment disputed by customer.,OPEN,,MEDIUM,App,CBK0002193,TXN00017969,USR83235,MCH2137,0,0,0,0,0,1,0,0
CBK0000773,TXN45816,USR87981,MCH5252,2026-01-05 00:00:00,2026-09-01 00:00:00,2928.28,ATO,Complaint received after multiple failed attempts.,CLOSED,2026-01-16 00:00:00,HIGH,App,CBK0000773,TXN45816,USR87981,MCH5252,0,0,0,0,0,0,0,1
CBK0002632,TXN00019581,USR-34162,MCH8433,2026-03-25 10:24:30,2026-03-30 00:00:00,1017.95,service failed,Payment made to unknown merchant as per customer statement.,Resolved,,LOW,Call Center,CBK0002632,TXN00019581,USR-34162,MCH8433,0,0,0,0,0,1,0,0
CBK0000242,,USR-53192,MCH9729,2026-02-13 09:46:00,2026-02-16 08:46:14,1995.28,Duplicate Debit,Merchant service was not delivered after payment.,RESOLVED,2026-03-04 00:00:00,MEDIUM,App,CBK0000242,,USR-53192,MCH9729,0,0,1,0,0,0,0,0
CBK0001747,TXN00019644,USR88037,MCH1186,2026-02-04 00:00:00,2026-02-03 00:00:00,1335.62,Merchant Not Delivered,Complaint received after multiple failed attempts.,OPEN,2026-02-26 00:00:00,LOW,Call Center,CBK0001747,TXN00019644,USR88037,MCH 1186,0,0,0,0,0,0,0,0
CBK0001423,TXN00013720,USR97580,MCH8999,2026-01-15 00:00:00,,4933.23,suspicious transaction,Complaint received after multiple failed attempts.,Pending Bank,2026-02-02 00:00:00,LOW,Branch,CBK0001423,TXN00013720,USR97580,MCH8999,0,0,0,0,1,0,0,0
CBK0000968,TXN00014316,USR84719,MCH9295,2026-03-12 14:49:08,2026-03-16 06:49:08,1017.0,Service Not Provided,suspicious high-value payment disputed by customer.,OPEN,2026-03-17 00:00:00,LOW,Email,CBK0000968,TXN00014316,USR84719,MCH9295,0,0,0,0,0,0,0,0
CBK0001372,TXN00001655,USR64263,MCH2054,2026-03-28 13:08:53,2026-04-07 00:00:00,0.2589,unauthorized_transaction,customer complaint text unclear due to poor call center notes.,CLOSED,2026-04-16 00:00:00,CRITICAL,Email,CBK0001372,TXN00001655,USR64263,MCH2054,0,0,0,0,0,0,1,0
CBK0000157,TXN00016322,USR89473,2014,2026-02-26 00:00:00,2026-02-28 00:37:00,0.1512,delivery issue,USER REPORTS MONEY DEDUCTED BUT MERCHANT DENIES RECEIVING PAYMENT.,Resolved,2026-03-04 00:00:00,LOW,Branch,CBK0000157,TXN00016322,USR89473,2014,0,0,0,0,0,0,0,0
CBK0000605,TXN00000166,USR94647,MCH7247,2026-03-17 13:12:37,2026-03-22 00:00:00,913.38,ATO,User claims account was compromised before transaction.,RESOLVED,2026-03-28 00:00:00,HIGH,App,CBK0000605,TXN00000166,USR94647,MCH7247,0,0,0,0,0,0,0,1
CBK0001856,TXN50572,USR56512,MCH3100,2026-01-23 00:00:00,2026-02-03 00:00:00,,Duplicate Debit,Complaint received after multiple failed attempts.,In Progress,2026-03-02 12:12:00,CRITICAL,App,CBK0001856,TXN50572,USR56512,MCH3100,0,1,0,0,0,0,1,0
CBK0002401,TXN00013900,USR24536,MCH1762,2026-01-23 04:34:00,2026-01-25 00:00:00,1310.19,charged twice,Merchant service was not delivered after payment.,WIP,,MEDIUM,chatbot,CBK0002401,TXN00013900,USR24536,MCH1762,0,0,0,0,0,1,0,0
CBK0002446,TXN00018937,USR49318,MCH5980,2026-01-03 00:00:00,2026-01-14 00:00:00,1097.4,merchant service issue,user says upi pin was not entered by them.,CLOSED,2026-01-23 06:00:00,CRITICAL,Email,CBK0002446,TXN00018937,USR49318,MCH5980,0,0,0,0,0,0,1,0
CBK0002667,TXN00016456,USR_42556,MCH5029,2026-03-24 06:26:03,2026-03-26 00:00:00,3977.66,incorrect amount,Suspicious high-value payment disputed by customer.,Pending Bank,2026-09-04 00:00:00,LOW,chatbot,CBK0002667,TXN00016456,usr_42556,MCH5029,0,0,0,0,0,0,0,0
CBK0002260,TXN00019490,USR34757,MCH1806,2026-01-04 16:21:04,2026-01-20 00:00:00,1314.21,scam,Complaint received after multiple failed attempts.,REJECTED,2026-01-28 00:00:00,CRITICAL,ivr,CBK0002260,TXN00019490,usr34757,MCH1806,0,0,0,0,0,0,1,0
CBK0000002,TXN00016351,USR35605,MCH8953,2026-03-24 13:14:10,2026-03-31 15:14:10,0.2366,unauthorized_transaction,Complaint received after multiple failed attempts.,CLOSED,2026-04-09 15:14:00,HIGH,IVR,CBK0000002,TXN00016351,usr35605,MCH8953,0,0,0,0,0,0,0,1
CBK0001497,TXN00005059,USR56554,MCH6349,2026-02-06 00:00:00,2026-02-08 20:39:40,1316.81,merchant service issue,Customer says amount was debited twice.,Resolved,2026-03-09 20:39:00,HIGH,App,CBK0001497,TXN00005059,USR56554,MCH6349,0,0,0,0,0,0,0,1
CBK0000017,TXN00006427,USR30994,MCH6488,2026-01-30 00:00:00,,0.3608,Account Takeover,customer says transaction was not authorized.,Pending Bank,2026-02-20 00:00:00,MEDIUM,chatbot,CBK0000017,TXN00006427,USR30994,MCH-6488,0,0,0,0,1,0,0,0
CBK0001986,TXN00005203,USR88037,MCH4181,2026-02-27 00:00:00,2026-02-28 00:00:00,2184.85,Service Not Provided,Merchant service was not delivered after payment.,WIP,2026-03-18 00:00:00,LOW,CHATBOT,CBK0001986,TXN00005203,USR 88037,MCH4181,0,0,0,0,0,0,0,0
CBK0000926,TXN00019409,USR27947,MCH3416,2026-02-18 00:00:00,2026-02-19 00:00:00,-756.59,DUP_DEBIT,Customer says transaction was not authorized.,IN_PROGRESS,,MEDIUM,Branch,CBK0000926,TXN00019409,USR27947,MCH3416,1,0,0,0,0,1,0,0
CBK0001679,TXN00007437,USR11987,MCH2576,2026-03-25 00:00:00,2026-03-27 17:04:00,1171.85,login compromised,Customer says transaction was not authorized.,Rejected,2026-04-21 00:00:00,MEDIUM,ivr,CBK0001679,TXN00007437,USR11987,MCH2576,0,0,0,0,0,0,0,0
CBK0002765,TXN00004590,USR58546,MCH8779,2026-01-28 23:01:00,2026-02-05 00:00:00,799.39,login compromised,Suspicious high-value payment disputed by customer.,Pending Bank,,HIGH,Email,CBK0002765,TXN00004590,USR58546,MCH 8779,0,0,0,0,0,1,0,1
CBK0001436,TXN00011255,USR91425,MCH9243,2026-03-05 00:00:00,2026-03-07 09:19:03,3679.43,extra amount deducted,Suspicious high-value payment disputed by customer.,IN_PROGRESS,2026-03-30 09:19:03,MEDIUM,CHATBOT,CBK0001436,TXN00011255,USR91425,MCH9243,0,0,0,0,0,0,0,0
CBK0000994,TXN00004395,USR71348,MCH2469,2026-03-30 00:00:00,2026-01-04 00:00:00,0.9572,customer issue,Customer complaint text unclear due to poor call center notes.,WIP,,MEDIUM,Call Center,CBK0000994,TXN00004395,usr71348,MCH2469,0,0,0,0,0,1,0,0
CBK0000734,TXN00006117,USR95049,MCH5383,2026-03-27 00:00:00,2026-03-28 00:00:00,0.3964,no service,Customer complaint text unclear due to poor call center notes.,RESOLVED,2026-04-14 03:25:05,HIGH,IVR,CBK0000734,TXN00006117,USR 95049,MCH5383,0,0,0,0,0,0,0,1
CBK0001683,TXN00009432,USR85334,MCH3739,2026-02-19 00:00:00,2026-03-07 12:06:00,-5973.59,dispute raised,customer says transaction was not authorized.,In Progress,2026-04-05 12:06:35,HIGH,Email,CBK0001683,TXN00009432,USR85334,MCH3739,1,0,0,0,0,0,0,1
CBK0001407,TXN33964,USR59562,MCH1241,2026-03-24 00:00:00,2026-03-25 00:00:00,4254.9,ATO,User claims account was compromised before transaction.,Rejected,2026-04-21 23:40:30,HIGH,CHATBOT,CBK0001407,TXN33964,USR 59562,MCH1241,0,0,0,0,0,0,0,1
CBK0002320,TXN00000822,USR_51203,MCH5846,2026-02-07 21:10:00,2026-10-02 00:00:00,966.31,customer issue,User says UPI PIN was not entered by them.,PENDING_BANK,2026-02-12 20:10:00,LOW,CHATBOT,CBK0002320,TXN00000822,usr_51203,MCH5846,0,0,0,0,0,0,0,0
CBK0000360,TXN00017688,USR19141,MCH3815,2026-02-08 00:00:00,2026-02-11 00:00:00,433.23,login compromised,Customer complaint text unclear due to poor call center notes. details missing,RESOLVED,2026-03-03 12:52:41,MEDIUM,App,CBK0000360,TXN00017688,USR19141,MCH3815,0,0,0,0,0,0,0,0
CBK0000559,TXN00010792,USR19290,MCH4895,2026-02-09 03:28:00,2026-02-17 00:00:00,923.46,scam,User says UPI PIN was not entered by them.,IN_PROGRESS,2026-03-12 00:00:00,LOW,chatbot,CBK0000559,TXN00010792,USR19290,MCH4895,0,0,0,0,0,0,0,0
CBK0001627,TXN00003467,USR98075,MCH7306,2026-02-26 00:00:00,2026-02-28 03:10:00,1472.83,DUP_DEBIT,Payment made to unknown merchant as per customer statement.,REJECTED,2026-03-27 03:10:55,MEDIUM,Email,CBK0001627,TXN00003467,USR98075,MCH 7306,0,0,0,0,0,0,0,0
CBK0000602,TXN00015729,USR61700,MCH5980,2026-01-23 05:08:36,2026-02-02 00:00:00,5873.9,charged twice,Complaint received after multiple failed attempts.,Rejected,,HIGH,chatbot,CBK0000602,TXN00015729,USR61700,MCH 5980,0,0,0,0,0,1,0,1
CBK0002325,TXN00013806,USR41923,MCH2214,2026-02-16 05:48:00,2026-02-14 00:00:00,0.6623,customer issue,MERCHANT SERVICE WAS NOT DELIVERED AFTER PAYMENT.,In Progress,2026-03-04 00:00:00,LOW,ivr,CBK0002325,TXN00013806,USR 41923,MCH-2214,0,0,0,0,0,0,0,0
CBK0001967,TXN00004164,USR14349,MCH4226,2026-01-22 12:01:00,2026-02-22 00:00:00,0.3142,Unauthorized Transaction,merchant service was not delivered after payment.,Open,2026-02-26 00:00:00,MEDIUM,Call Center,CBK0001967,TXN00004164,USR14349,mch4226,0,0,0,0,0,0,0,0
CBK0001837,TXN00011621,USR98433,5655,2026-02-22 00:00:00,2026-02-24 20:31:03,,not delivered,User claims account was compromised before txn.,Rejected,2026-03-04 00:00:00,MEDIUM,Branch,CBK0001837,TXN00011621,USR98433,5655,0,1,0,0,0,0,0,0
CBK0001082,TXN00019971,USR97244,MCH7766,2026-03-04 09:53:00,2026-03-07 03:53:00,8720.88,unauth txn,Customer complaint text unclear due to poor call center notes.,Closed,2026-04-01 03:53:01,LOW,Branch,CBK0001082,TXN00019971,USR97244,MCH 7766,0,0,0,0,0,0,0,0
CBK0000798,TXN31469,USR47192,MCH2266,2026-01-01 00:00:00,2026-01-03 00:40:11,2300.99,Fraud Suspected,Merchant service was not delivered after payment.,Open,2026-02-02 00:00:00,CRITICAL,Call Center,CBK0000798,TXN31469,USR47192,MCH2266,0,0,0,0,0,0,1,0
CBK0000986,TXN00011647,USR82322,MCH8172,2026-01-03 08:39:07,2026-01-05 00:39:07,8725.14,dispute raised,MERCHANT SERVICE WAS NOT DELIVERED AFTER PAYMENT.,PENDING_BANK,2026-01-22 00:00:00,HIGH,IVR,CBK0000986,TXN00011647,USR82322,MCH8172,0,0,0,0,0,0,0,1
CBK0000966,TXN00008529,USR-53527,6984,2026-01-22 01:41:00,2026-01-23 15:41:54,3107.14,charged twice,User claims account was compromised before transaction.,IN_PROGRESS,,HIGH,CHATBOT,CBK0000966,TXN00008529,USR-53527,6984,0,0,0,0,0,1,0,1
CBK0000058,TXN00007401,USR21162,MCH8369,2026-02-03 00:00:00,,-2284.5,not delivered,Suspicious high-value payment disputed by customer.,RESOLVED,,HIGH,App,CBK0000058,TXN00007401,USR21162,MCH8369,1,0,0,0,1,1,0,1
CBK0000849,TXN00010509,USR32787,MCH1253,,2026-02-18 00:00:00,1585.54,service failed,User claims account was compromised before transaction.,WIP,2026-03-13 09:31:00,HIGH,ivr,CBK0000849,TXN00010509,usr32787,MCH1253,0,0,0,1,0,0,0,1
CBK0000979,TXN00015234,USR81644,MCH9875,2026-02-07 00:00:00,2026-10-02 00:00:00,10354.45,not delivered,Customer complaint text unclear due to poor call center notes.,PENDING_BANK,2026-02-21 01:07:52,HIGH,CHATBOT,CBK0000979,TXN00015234,USR81644,MCH-9875,0,0,0,0,0,0,0,1
CBK0001801,TXN00010702,USR66200,MCH2822,2026-03-11 00:00:00,2026-03-15 00:00:00,3717.71,no service,Customer says amount was debited twice.,Closed,2026-03-27 08:07:00,LOW,Email,CBK0001801,TXN00010702,USR66200,MCH2822,0,0,0,0,0,0,0,0
CBK0002075,TXN00015779,39080,MCH3355,2026-02-16 00:00:00,2026-02-23 00:00:00,0.1866,customer issue,user claims account was compromised before transaction.,IN_PROGRESS,,HIGH,IVR,CBK0002075,TXN00015779,39080,MCH3355,0,0,0,0,0,1,0,1
CBK0001774,TXN00001371,USR_61715,MCH1759,2026-01-23 19:30:54,2026-01-24 00:00:00,1844.6,Unauthorized Transaction,Customer says transaction was not authorized.,Rejected,2026-02-08 00:00:00,LOW,App,CBK0001774,TXN00001371,usr_61715,MCH1759,0,0,0,0,0,0,0,0
CBK0001800,,60863,MCH2534,2026-02-26 00:00:00,2026-02-28 00:00:00,3882.6,Account Takeover,Complaint received after multiple failed attempts.,Open,,MEDIUM,IVR,CBK0001800,,60863,MCH2534,0,0,1,0,0,1,0,0
CBK0001759,TXN00006922,USR60939,MCH1721,2026-02-07 00:00:00,2026-02-13 00:00:00,1390.01,Account Takeover,Payment made to unknown merchant as per customer statement.,WIP,2026-02-14 00:00:00,MEDIUM,ivr,CBK0001759,TXN00006922,USR60939,MCH1721,0,0,0,0,0,0,0,0
CBK0000898,TXN00012927,USR52234,MCH5076,2026-03-11 00:00:00,2026-03-22 00:00:00,10469.4,not done by me,Payment made to unknown merchant as per customer statement. call dropped,Rejected,2026-04-10 06:37:00,MEDIUM,chatbot,CBK0000898,TXN00012927,USR52234,MCH5076,0,0,0,0,0,0,0,0
CBK0001925,TXN-00006637,USR-74775,MCH7644,2026-03-16 00:00:00,2026-03-27 00:00:00,0.4001,delivery issue,CUSTOMER COMPLAINT TEXT UNCLEAR DUE TO POOR CALL CENTER NOTES.,In Progress,2026-04-03 10:29:43,LOW,Call Center,CBK0001925,txn-00006637,USR-74775,MCH7644,0,0,0,0,0,0,0,0
CBK0000829,TXN00017462,USR-94805,MCH5980,2026-03-18 00:00:00,2026-05-03 00:00:00,,service failed,Merchant service was not delivered after payment.,RESOLVED,2026-05-29 09:24:00,LOW,chatbot,CBK0000829,TXN00017462,USR-94805,MCH5980,0,1,0,0,0,0,0,0
CBK0001166,TXN43861,USR-73010,MCH8793,2026-01-27 00:00:00,2026-02-03 21:00:29,422.31,Wrong Amount,Payment made to unknown merchant as per cust statement.,OPEN,2026-02-20 00:00:00,HIGH,IVR,CBK0001166,TXN43861,USR-73010,MCH8793,0,0,0,0,0,0,0,1
CBK0000716,TXN00013326,USR62901,MCH1320,2026-01-04 00:00:00,,2161.57,Duplicate Debit,Suspicious high-value payment disputed by customer. NA,WIP,,MEDIUM,Call Center,CBK0000716,TXN00013326,USR62901,MCH1320,0,0,0,0,1,1,0,0
CBK0000541,TXN00009994,USR78285,MCH7286,,2026-01-22 00:00:00,477.68,incorrect amount,User claims account was compromised before transaction.,OPEN,2026-01-31 21:57:00,MEDIUM,App,CBK0000541,TXN00009994,USR 78285,MCH 7286,0,0,0,1,0,0,0,0
CBK0001138,TXN00003160,USR93126,MCH7265,2026-02-24 06:39:10,2026-02-26 13:39:10,1452.71,Service Not Provided,Customer complaint text unclear due to poor call center notes.,IN_PROGRESS,2026-03-28 13:39:00,CRITICAL,Branch,CBK0001138,TXN00003160,USR93126,MCH7265,0,0,0,0,0,0,1,0
CBK0001040,TXN00011260,USR65545,MCH7882,2026-01-21 00:00:00,,292.66,unauth txn,User claims account was compromised before transaction.,Rejected,,MEDIUM,Branch,CBK0001040,TXN00011260,USR65545,MCH7882,0,0,0,0,1,1,0,0
CBK0002668,,USR19568,MCH9291,2026-01-25 05:32:00,,4776.3,account hacked,Customer says amount was debited twice.,REJECTED,2026-02-16 06:32:00,LOW,chatbot,CBK0002668,,USR 19568,MCH 9291,0,0,1,0,1,0,0,0
CBK0001991,TXN00002169,33650,MCH7326,2026-01-21 18:37:36,2026-01-25 00:00:00,,item not received,Complaint received after multiple failed attempts.,IN_PROGRESS,2026-02-07 17:37:00,LOW,Email,CBK0001991,TXN00002169,33650,MCH7326,0,1,0,0,0,0,0,0
CBK0000163,TXN00000976,USR35447,MCH1441,2026-02-17 00:00:00,2026-02-19 10:18:00,1181.91,complaint,Suspicious high-value payment disputed by customer.,REJECTED,2026-02-23 00:00:00,MEDIUM,IVR,CBK0000163,TXN00000976,USR35447,MCH1441,0,0,0,0,0,0,0,0
CBK0002278,TXN00014410,USR51041,MCH5836,2026-03-14 00:00:00,2026-03-16 13:41:38,2302.66,item not received,Customer says amount was debited twice.,PENDING_BANK,2026-04-13 13:41:38,MEDIUM,Branch,CBK0002278,TXN00014410,usr51041,MCH5836,0,0,0,0,0,0,0,0
CBK0002205,TXN00013472,USR21566,MCH5972,2026-03-19 00:00:00,2026-03-21 20:47:00,0.4341,DUP_DEBIT,Customer says transaction was not authorized.,OPEN,2026-04-09 20:47:43,LOW,ivr,CBK0002205,TXN00013472,USR21566,MCH5972,0,0,0,0,0,0,0,0
CBK0001275,TXN-00014522,USR11090,MCH8336,,,1098.78,FRAUD,User reports money deducted but merchant denies receiving payment.,Open,,LOW,ivr,CBK0001275,txn-00014522,USR 11090,MCH8336,0,0,0,1,1,1,0,0
CBK0002407,TXN00017251,USR56287,MCH8300,2026-02-03 00:00:00,2026-02-06 17:58:56,6191.71,complaint,Payment made to unknown merchant as per customer statement.,CLOSED,2026-02-10 00:00:00,MEDIUM,App,CBK0002407,TXN00017251,USR56287,MCH8300,0,0,0,0,0,0,0,0
CBK0000124,TXN00006207,USR61576,MCH7286,2026-02-12 00:00:00,2026-02-28 00:00:00,-5731.89,item not received,Payment made to unknown merchant as per customer statement.,PENDING_BANK,2026-03-15 00:00:00,LOW,Branch,CBK0000124,TXN00006207,USR61576,MCH7286,1,0,0,0,0,0,0,0
CBK0000391,TXN00017871,USR51854,MCH2822,2026-02-28 00:00:00,2026-03-01 00:00:00,5375.87,account hacked,user claims account was compromised before transaction.,IN_PROGRESS,2026-03-15 00:00:00,HIGH,chatbot,CBK0000391,TXN00017871,USR51854,MCH-2822,0,0,0,0,0,0,0,1
CBK0000856,TXN00000917,USR40538,MCH8624,2026-03-16 00:00:00,2026-04-16 00:00:00,2601.86,amount mismatch,User says UPI PIN was not entered by them.,PENDING_BANK,,LOW,App,CBK0000856,TXN00000917,USR40538,MCH8624,0,0,0,0,0,1,0,0
CBK0002377,TXN00019402,USR94040,MCH1653,2026-01-11 00:00:00,2026-01-19 13:52:07,,customer issue,Payment made to unknown merchant as per customer statement. pls check asap,Pending Bank,2026-01-23 00:00:00,MEDIUM,Branch,CBK0002377,TXN00019402,USR94040,MCH1653,0,1,0,0,0,0,0,0
CBK0000410,TXN00007326,USR30157,MCH1136,,,0.185,customer issue,User claims account was compromised before txn.,OPEN,2026-03-17 15:14:18,MEDIUM,CHATBOT,CBK0000410,TXN00007326,USR30157,mch1136,0,0,0,1,1,0,0,0
CBK0001988,TXN00011416,USR93299,MCH5968,2026-02-02 00:00:00,2026-03-05 00:00:00,648.02,delivery issue,User reports money deducted but merchant denies receiving payment.,REJECTED,2026-03-20 02:07:56,HIGH,App,CBK0001988,TXN00011416,USR93299,mch5968,0,0,0,0,0,0,0,1
CBK0001939,TXN00006912,USR22979,MCH8217,,,1089.06,no service,Payment made to unknown merchant as per customer statement.,Resolved,2026-03-05 00:00:00,LOW,chatbot,CBK0001939,TXN00006912,USR22979,MCH8217,0,0,0,1,1,0,0,0
CBK0002735,TXN00012810,USR90720,MCH4590,2026-02-22 05:46:00,2026-02-24 00:00:00,,login compromised,Customer says transaction was not authorized.,CLOSED,2026-03-17 00:00:00,MEDIUM,CHATBOT,CBK0002735,TXN00012810,USR90720,MCH4590,0,1,0,0,0,0,0,0
CBK0000084,TXN00012123,USR60939,MCH1438,2026-02-06 00:00:00,2026-02-08 00:00:00,4232.74,unauthorized_transaction,Complaint received after multiple failed attempts.,CLOSED,2026-02-14 02:34:26,MEDIUM,Branch,CBK0000084,TXN00012123,usr60939,MCH1438,0,0,0,0,0,0,0,0
CBK0001830,TXN00015594,USR19921,MCH6395,2026-03-12 00:00:00,2026-03-16 00:00:00,4964.2,charged twice,Customer says amount was debited twice.,Closed,2026-04-02 00:00:00,CRITICAL,CHATBOT,CBK0001830,TXN00015594,USR19921,MCH6395,0,0,0,0,0,0,1,0
CBK0001367,TXN00014165,USR19110,MCH1811,2026-06-03 00:00:00,2026-03-08 00:00:00,,Fraud Suspected,User claims account was compromised before transaction.,OPEN,2026-03-28 00:00:00,MEDIUM,CHATBOT,CBK0001367,TXN00014165,USR19110,MCH1811,0,1,0,0,0,0,0,0
CBK0001999,TXN00013752,USR-25196,MCH3129,2026-03-02 00:00:00,2026-03-12 00:00:00,1283.33,Merchant Not Delivered,Customer says amount was debited twice.,PENDING_BANK,2026-04-03 00:00:00,HIGH,IVR,CBK0001999,TXN00013752,USR-25196,MCH3129,0,0,0,0,0,0,0,1
CBK0000656,TXN00015006,USR77915,MCH7174,2026-02-16 00:00:00,2026-02-23 00:00:00,3732.8,Service Not Provided,User claims account was compromised before transaction.,Open,,MEDIUM,ivr,CBK0000656,TXN00015006,usr77915,MCH 7174,0,0,0,0,0,1,0,0
CBK0000525,TXN-00013646,USR86166,MCH9676,2026-03-17 01:18:47,2026-03-16 00:00:00,5986.31,service failed,User says UPI PIN was not entered by them.,WIP,2026-03-17 00:00:00,LOW,chatbot,CBK0000525,txn-00013646,USR86166,MCH-9676,0,0,0,0,0,0,0,0
CBK0001024,TXN00012992,USR34053,MCH5076,2026-02-16 00:00:00,2026-02-04 00:00:00,1617.78,UNAUTHORISED,USER REPORTS MONEY DEDUCTED BUT MERCHANT DENIES RECEIVING PAYMENT.,IN_PROGRESS,2026-04-07 15:17:00,LOW,Branch,CBK0001024,TXN00012992,USR34053,MCH5076,0,0,0,0,0,0,0,0
CBK0002067,TXN00011970,USR59147,MCH5954,2026-02-17 00:00:00,2026-02-19 00:00:00,164.3,merchant service issue,Customer says amount was debited twice.,Resolved,,MEDIUM,Email,CBK0002067,TXN00011970,usr59147,MCH5954,0,0,0,0,0,1,0,0
CBK0001634,TXN00016754,USR77208,MCH6810,,2026-02-19 12:19:39,2563.38,UNAUTHORISED,CUSTOMER SAYS TRANSACTION WAS NOT AUTHORIZED.,Closed,2026-03-17 00:00:00,LOW,CHATBOT,CBK0001634,TXN00016754,USR77208,MCH6810,0,0,0,1,0,0,0,0
CBK0001993,TXN00017510,USR45520,MCH5954,2026-03-24 16:04:37,2026-04-04 08:04:37,788.58,suspicious transaction,Customer says transaction was not authorized.,Closed,2026-04-16 08:04:37,HIGH,ivr,CBK0001993,TXN00017510,USR45520,MCH 5954,0,0,0,0,0,0,0,1
CBK0001032,TXN00015474,75327,MCH6425,2026-01-02 00:00:00,2026-01-05 00:00:00,879.08,delivery issue,CUSTOMER COMPLAINT TEXT UNCLEAR DUE TO POOR CALL CENTER NOTES.,RESOLVED,,MEDIUM,chatbot,CBK0001032,TXN00015474,75327,MCH6425,0,0,0,0,0,1,0,0
CBK0001551,TXN00014584,USR72106,MCH5954,2026-01-17 00:00:00,,25463.16,not done by me,User reports money deducted but merchant denies receiving payment.,Resolved,,MEDIUM,Branch,CBK0001551,TXN00014584,USR72106,MCH5954,0,0,0,0,1,1,0,0
CBK0002236,TXN00017102,USR93581,MCH7162,2026-03-12 00:00:00,2026-03-17 12:49:37,193.64,fraud,Customer says amount was debited twice.,Resolved,2026-03-27 00:00:00,MEDIUM,ivr,CBK0002236,TXN00017102,USR93581,MCH7162,0,0,0,0,0,0,0,0
CBK0000509,TXN00004836,USR34955,MCH5954,2026-01-09 09:38:00,,0.3723,incorrect amount,customer says transaction was not authorized.,IN_PROGRESS,2026-01-30 03:38:00,LOW,ivr,CBK0000509,TXN00004836,USR34955,MCH5954,0,0,0,0,1,0,0,0
CBK0002785,TXN00013530,USR57016,MCH8577,2026-02-21 09:05:58,2026-02-26 00:00:00,1866.63,Wrong Amount,Merchant service was not delivered after payment.,OPEN,2026-03-04 19:05:58,CRITICAL,Call Center,CBK0002785,TXN00013530,USR57016,MCH8577,0,0,0,0,0,0,1,0
CBK0000823,TXN00002624,USR25108,MCH8679,2026-03-12 00:00:00,2026-03-15 00:00:00,1274.21,scam,User reports money deducted but merchant denies receiving payment.,CLOSED,2026-03-30 00:00:00,MEDIUM,Email,CBK0000823,TXN00002624,USR25108,MCH8679,0,0,0,0,0,0,0,0
CBK0001010,TXN00006755,USR73752,MCH7461,2026-03-14 00:00:00,2026-03-17 00:00:00,-627.47,Account Takeover,User claims account was compromised before transaction. call dropped,PENDING_BANK,2026-04-14 00:00:00,LOW,chatbot,CBK0001010,TXN00006755,USR73752,MCH 7461,1,0,0,0,0,0,0,0
CBK0000185,TXN00007154,USR85483,MCH4852,2026-01-29 00:00:00,2026-02-05 00:00:00,2770.88,merchant service issue,Customer says amount was debited twice.,OPEN,2026-02-10 15:57:00,LOW,CHATBOT,CBK0000185,TXN00007154,USR85483,MCH4852,0,0,0,0,0,0,0,0
CBK0000715,TXN00007023,USR33914,MCH5238,2026-03-15 01:54:25,2026-03-16 00:00:00,463.5,complaint,Merchant service was not delivered after payment.,Closed,2026-04-11 14:54:25,MEDIUM,Email,CBK0000715,TXN00007023,USR33914,MCH5238,0,0,0,0,0,0,0,0
CBK0002196,TXN00010149,USR_88130,MCH8556,2026-02-28 00:00:00,2026-03-30 00:00:00,,unauth txn,customer says amount was debited twice.,WIP,,CRITICAL,Email,CBK0002196,TXN00010149,usr_88130,MCH8556,0,1,0,0,0,1,1,0
CBK0000820,TXN54263,USR12102,MCH5265,2026-03-19 09:33:48,2026-03-21 11:33:48,824.86,incorrect amount,User claims account was compromised before transaction.,Rejected,2026-04-02 00:00:00,HIGH,ivr,CBK0000820,TXN54263,USR12102,MCH-5265,0,0,0,0,0,0,0,1
CBK0000765,TXN00007330,USR99392,MCH8540,2026-02-12 00:00:00,2026-02-14 00:00:00,2018.57,customer issue,Customer complaint text unclear due to poor call center notes.,Rejected,2026-03-13 00:00:00,MEDIUM,CHATBOT,CBK0000765,TXN00007330,USR99392,MCH-8540,0,0,0,0,0,0,0,0
CBK0000540,TXN00007501,USR29824,MCH9199,,,,no service,Suspicious high-value payment disputed by customer. details missing,Open,2026-03-06 01:07:00,LOW,Call Center,CBK0000540,TXN00007501,USR29824,MCH-9199,0,1,0,1,1,0,0,0
CBK0000618,TXN00013129,USR59658,MCH8812,2026-01-14 00:00:00,,0.1549,Wrong Amount,customer says transaction was not authorized.,Resolved,,LOW,chatbot,CBK0000618,TXN00013129,USR59658,MCH-8812,0,0,0,0,1,1,0,0
CBK0001607,TXN00015175,USR13767,MCH2284,2026-01-10 00:00:00,2026-01-12 05:37:00,381.32,Duplicate Debit,Customer says transaction was not authorized.,PENDING_BANK,,CRITICAL,Email,CBK0001607,TXN00015175,USR13767,mch2284,0,0,0,0,0,1,1,0
CBK0001123,TXN00003494,USR31366,MCH5980,2026-05-02 00:00:00,2026-02-07 20:30:24,342.28,complaint,USER REPORTS MONEY DEDUCTED BUT MERCHANT DENIES RECEIVING PAYMENT.,RESOLVED,,LOW,IVR,CBK0001123,TXN00003494,USR31366,MCH5980,0,0,0,0,0,1,0,0
CBK0000004,TXN00008092,USR65030,MCH5264,2026-02-26 16:21:11,2026-02-25 16:21:00,2596.26,Fraud Suspected,Complaint received after multiple failed attempts.,Resolved,,MEDIUM,Call Center,CBK0000004,TXN00008092,USR65030,MCH5264,0,0,0,0,0,1,0,0
CBK0000585,TXN00010811,USR26991,MCH4181,2026-03-31 00:00:00,2026-04-02 18:35:45,0.1744,UNAUTHORISED,User reports money deducted but merchant denies receiving payment.,RESOLVED,2026-11-04 00:00:00,HIGH,Call Center,CBK0000585,TXN00010811,USR26991,MCH 4181,0,0,0,0,0,0,0,1
CBK0002198,TXN00018071,USR65483,MCH6689,2026-03-03 00:00:00,2026-03-06 00:00:00,3289.2,item not received,customer says transaction was not authorized.,REJECTED,2026-03-08 00:00:00,MEDIUM,IVR,CBK0002198,TXN00018071,USR65483,MCH6689,0,0,0,0,0,0,0,0
CBK0001079,TXN00012253,USR87914,5542,2026-03-07 04:37:00,2026-07-03 00:00:00,1245.84,Service Not Provided,Suspicious high-value payment disputed by customer.,In Progress,2026-03-16 16:37:00,CRITICAL,Call Center,CBK0001079,TXN00012253,USR87914,5542,0,0,0,0,0,0,1,0
CBK0000034,TXN00018948,USR39094,MCH1418,2026-01-27 00:00:00,2026-02-02 06:52:00,959.89,customer issue,User says UPI PIN was not entered by them.,Open,2026-02-10 06:52:00,MEDIUM,CHATBOT,CBK0000034,TXN00018948,USR39094,MCH 1418,0,0,0,0,0,0,0,0
CBK0000343,TXN00016878,USR66196,MCH2822,2026-02-10 12:11:00,2026-02-16 00:00:00,2996.76,customer issue,Customer complaint text unclear due to poor call center notes.,CLOSED,2026-02-20 06:11:14,LOW,ivr,CBK0000343,TXN00016878,USR66196,MCH2822,0,0,0,0,0,0,0,0
CBK0000481,TXN00015109,USR-46576,MCH2266,2026-03-27 00:00:00,2026-03-29 15:43:00,287.95,extra amount deducted,User claims account was compromised before transaction.,CLOSED,2026-04-16 00:00:00,MEDIUM,Branch,CBK0000481,TXN00015109,USR-46576,MCH2266,0,0,0,0,0,0,0,0
CBK0001728,TXN00005001,USR_63634,MCH6359,2026-03-05 00:00:00,2026-03-08 16:09:12,4713.3,dispute raised,Customer says transaction was not authorized.,Resolved,,MEDIUM,IVR,CBK0001728,TXN00005001,usr_63634,MCH6359,0,0,0,0,0,1,0,0
CBK0002237,TXN00001882,USR15350,MCH7351,2026-03-28 00:00:00,2026-04-27 00:00:00,2264.22,Duplicate Debit,USER SAYS UPI PIN WAS NOT ENTERED BY THEM.,Closed,2026-05-01 20:04:39,MEDIUM,IVR,CBK0002237,TXN00001882,USR15350,MCH7351,0,0,0,0,0,0,0,0
CBK0001058,TXN00008405,USR25902,MCH8556,2026-02-10 00:00:00,2026-02-17 00:00:00,1446.29,UNAUTHORISED,User says UPI PIN was not entered by them.,REJECTED,,HIGH,chatbot,CBK0001058,TXN00008405,USR25902,MCH8556,0,0,0,0,0,1,0,1
CBK0001933,TXN00005666,USR33656,MCH5076,2026-02-14 07:15:35,2026-02-19 07:15:00,1764.4,Duplicate Debit,SUSPICIOUS HIGH-VALUE PAYMENT DISPUTED BY CUSTOMER.,Pending Bank,2026-10-03 00:00:00,LOW,Branch,CBK0001933,TXN00005666,usr33656,MCH5076,0,0,0,0,0,0,0,0
CBK0000466,TXN00008559,USR20115,MCH2757,2026-03-21 08:09:20,2026-03-22 00:00:00,876.37,service failed,Customer says amount was debited twice.,Open,2026-04-18 00:00:00,MEDIUM,ivr,CBK0000466,TXN00008559,USR20115,MCH-2757,0,0,0,0,0,0,0,0
CBK0001130,TXN00013293,USR64755,MCH3055,2026-02-07 00:00:00,2026-02-13 04:28:39,648.89,account hacked,customer says transaction was not authorized.,OPEN,2026-02-21 00:00:00,MEDIUM,App,CBK0001130,TXN00013293,USR64755,MCH3055,0,0,0,0,0,0,0,0
CBK0000736,TXN00001334,USR31979,MCH2101,2026-03-23 11:54:27,2026-03-25 07:54:27,6666.14,ATO,Customer says amount was debited twice.,IN_PROGRESS,,MEDIUM,chatbot,CBK0000736,TXN00001334,USR31979,MCH2101,0,0,0,0,0,1,0,0
CBK0000181,TXN00016182,USR66758,MCH1612,2026-01-28 10:33:01,2026-01-30 00:00:00,237.88,suspicious transaction,Customer says amount was debited twice.,Rejected,2026-08-02 00:00:00,LOW,App,CBK0000181,TXN00016182,USR 66758,MCH1612,0,0,0,0,0,0,0,0
CBK0000697,TXN00007023,USR88430,MCH4181,2026-03-25 19:00:00,2026-03-31 14:00:23,10555.32,Wrong Amount,Customer says transaction was not authorized.,REJECTED,2026-04-27 00:00:00,MEDIUM,ivr,CBK0000697,TXN00007023,USR88430,MCH4181,0,0,0,0,0,0,0,0
CBK0001752,TXN00006114,USR22925,MCH5954,2026-01-11 14:56:22,2026-01-27 00:00:00,0.4938,account hacked,Customer says transaction was not authorized.,REJECTED,2026-02-17 00:00:00,HIGH,Call Center,CBK0001752,TXN00006114,USR 22925,MCH5954,0,0,0,0,0,0,0,1
CBK0002549,TXN00014870,USR48114,3983,2026-01-17 00:00:00,2026-01-18 00:00:00,10657.19,delivery issue,USER SAYS UPI PIN WAS NOT ENTERED BY THEM.,Open,2026-02-16 00:00:00,LOW,chatbot,CBK0002549,TXN00014870,USR48114,3983,0,0,0,0,0,0,0,0
CBK0001488,TXN00015761,USR47459,8883,,2026-02-08 18:43:00,0.6388,service failed,User claims account was compromised before transaction.,Open,2026-03-06 00:00:00,LOW,IVR,CBK0001488,TXN00015761,USR47459,8883,0,0,0,1,0,0,0,0
CBK0001651,TXN00010749,USR62848,MCH3729,2026-02-15 00:00:00,2026-02-22 23:37:50,,Fraud Suspected,Customer says amount was debited twice. call dropped,In Progress,2026-02-26 00:00:00,LOW,Branch,CBK0001651,TXN00010749,USR62848,MCH3729,0,1,0,0,0,0,0,0
CBK0002711,TXN42233,USR31712,MCH3819,2026-10-03 00:00:00,2026-04-24 16:53:03,,Duplicate Debit,complaint received after multiple failed attempts.,CLOSED,2026-05-09 16:53:03,HIGH,ivr,CBK0002711,TXN42233,USR31712,MCH-3819,0,1,0,0,0,0,0,1
CBK0001543,TXN00009804,USR90720,MCH4495,,2026-01-24 00:00:00,767.56,merchant service issue,Customer complaint text unclear due to poor call center notes.,Rejected,2026-01-27 03:54:00,MEDIUM,IVR,CBK0001543,TXN00009804,USR90720,MCH-4495,0,0,0,1,0,0,0,0
CBK0000310,TXN00019838,USR34180,MCH6810,2026-02-04 00:00:00,2026-02-19 00:00:00,2926.76,Unauthorized Transaction,User reports money deducted but merchant denies receiving payment.,WIP,2026-02-25 00:00:00,CRITICAL,Branch,CBK0000310,TXN00019838,USR34180,MCH6810,0,0,0,0,0,0,1,0
CBK0001605,TXN00013039,USR38436,5655,,2026-01-09 00:00:00,7884.27,Account Takeover,Suspicious high-value payment disputed by cust.,Rejected,2026-01-13 00:00:00,MEDIUM,Call Center,CBK0001605,TXN00013039,usr38436,5655,0,0,0,1,0,0,0,0
CBK0002159,TXN00008446,USR75943,MCH5482,2026-03-08 00:00:00,2026-03-08 12:51:00,-2807.75,scam,CUSTOMER SAYS TRANSACTION WAS NOT AUTHORIZED.,Rejected,2026-03-27 00:00:00,CRITICAL,Email,CBK0002159,TXN00008446,usr75943,MCH5482,1,0,0,0,0,0,1,0
CBK0000883,TXN00009806,USR_94655,MCH5279,2026-01-19 18:04:00,2026-01-23 00:00:00,3825.17,FRAUD,suspicious high-value payment disputed by customer.,Open,,LOW,IVR,CBK0000883,TXN00009806,usr_94655,MCH-5279,0,0,0,0,0,1,0,0
CBK0000273,TXN00002139,USR80361,MCH6712,2026-03-05 11:26:00,2026-03-16 04:26:00,-1116.32,customer issue,customer complaint text unclear due to poor call center notes.,Open,,LOW,Branch,CBK0000273,TXN00002139,USR80361,MCH6712,1,0,0,0,0,1,0,0
CBK0002172,TXN00011390,USR27533,MCH3479,2026-01-20 00:00:00,2026-01-23 00:41:15,681.66,Unauthorized Transaction,Merchant service was not delivered after payment.,Resolved,,HIGH,App,CBK0002172,TXN00011390,USR27533,mch3479,0,0,0,0,0,1,0,1
CBK0000046,TXN00007253,USR97477,MCH1590,2026-02-15 00:00:00,2026-03-03 00:00:00,8599.51,ATO,User reports money deducted but merchant denies receiving payment.,Open,2026-03-09 00:00:00,HIGH,App,CBK0000046,TXN00007253,USR97477,MCH1590,0,0,0,0,0,0,0,1
CBK0001291,TXN00018053,USR56751,MCH8322,2026-01-26 05:12:55,2026-01-28 00:00:00,1619.1,service failed,customer complaint text unclear due to poor call center notes.,Closed,,LOW,ivr,CBK0001291,TXN00018053,USR56751,MCH8322,0,0,0,0,0,1,0,0
CBK0000362,TXN00002263,USR61333,MCH7286,2026-01-20 00:00:00,2026-01-21 00:00:00,9476.14,incorrect amount,User reports money deducted but merchant denies receiving payment.,WIP,2026-01-30 00:00:00,MEDIUM,Branch,CBK0000362,TXN00002263,USR61333,MCH7286,0,0,0,0,0,0,0,0
CBK0000583,TXN00013098,USR11077,MCH5456,2026-02-01 00:00:00,2026-02-03 00:32:11,,incorrect amount,SUSPICIOUS HIGH-VALUE PAYMENT DISPUTED BY CUSTOMER.,Pending Bank,2026-02-03 00:32:11,MEDIUM,Branch,CBK0000583,TXN00013098,USR 11077,MCH5456,0,1,0,0,0,0,0,0
CBK0001258,TXN00017225,USR40420,1168,2026-02-28 00:00:00,2026-03-11 00:00:00,4972.38,FRAUD,User says UPI PIN was not entered by them.,IN_PROGRESS,,LOW,CHATBOT,CBK0001258,TXN00017225,usr40420,1168,0,0,0,0,0,1,0,0
CBK0001309,TXN00001777,USR97380,MCH3684,2026-03-13 00:00:00,2026-04-27 18:23:00,0.604,Unauthorized Transaction,Customer says transaction was not authorized.,CLOSED,2026-04-29 00:00:00,MEDIUM,IVR,CBK0001309,TXN00001777,USR97380,MCH3684,0,0,0,0,0,0,0,0
CBK0000479,TXN00016497,USR-12417,MCH8154,2026-03-14 00:00:00,2026-03-12 04:20:00,3794.91,Fraud Suspected,Payment made to unknown merchant as per customer statement.,In Progress,2026-03-29 00:00:00,MEDIUM,App,CBK0000479,TXN00016497,USR-12417,MCH 8154,0,0,0,0,0,0,0,0
CBK0000022,TXN00012475,USR21946,MCH4181,2026-03-05 23:30:49,2026-03-06 00:00:00,0.1154,unauthorized_transaction,Customer complaint text unclear due to poor call center notes.,In Progress,2026-03-19 00:00:00,LOW,CHATBOT,CBK0000022,TXN00012475,USR 21946,MCH4181,0,0,0,0,0,0,0,0
CBK0001439,TXN00018123,USR83744,MCH5378,2026-03-13 22:46:01,2026-03-19 00:00:00,3146.39,dispute raised,Customer says transaction was not authorized.,Closed,2026-04-02 06:46:00,LOW,ivr,CBK0001439,TXN00018123,USR83744,mch5378,0,0,0,0,0,0,0,0
CBK0000976,TXN00002141,USR96958,MCH6498,2026-01-23 00:00:00,2026-01-30 22:01:24,7027.39,delivery issue,Complaint received after multiple failed attempts.,REJECTED,2026-02-09 00:00:00,MEDIUM,Email,CBK0000976,TXN00002141,USR 96958,MCH6498,0,0,0,0,0,0,0,0
CBK0000639,TXN00017298,USR56287,MCH7134,2026-03-22 00:00:00,2026-03-23 00:00:00,3871.95,scam,User reports money deducted but merchant denies receiving payment.,Rejected,,MEDIUM,CHATBOT,CBK0000639,TXN00017298,usr56287,MCH7134,0,0,0,0,0,1,0,0
CBK0000853,TXN00019212,USR-43229,MCH3902,2026-03-21 00:27:23,2026-03-26 00:00:00,1395.11,FRAUD,Customer says txn was not authorized.,Rejected,2026-04-23 00:00:00,MEDIUM,CHATBOT,CBK0000853,TXN00019212,USR-43229,MCH-3902,0,0,0,0,0,0,0,0
CBK0001985,TXN00005222,USR98253,MCH3611,,2026-02-21 00:00:00,0.526,fraud,USER CLAIMS ACCOUNT WAS COMPROMISED BEFORE TRANSACTION.,Resolved,2026-03-02 00:00:00,MEDIUM,Email,CBK0001985,TXN00005222,USR98253,MCH3611,0,0,0,1,0,0,0,0
CBK0000300,TXN00002857,USR-92485,MCH7388,,2026-03-21 00:00:00,920.19,not delivered,User reports money deducted but merchant denies receiving payment.,In Progress,2026-04-20 00:00:00,HIGH,CHATBOT,CBK0000300,TXN00002857,USR-92485,MCH7388,0,0,0,1,0,0,0,1
CBK0001326,TXN00017532,USR63876,MCH4629,2026-01-22 00:00:00,2026-01-30 00:00:00,2971.18,amount mismatch,Suspicious high-value payment disputed by customer.,Rejected,,LOW,ivr,CBK0001326,TXN00017532,USR63876,MCH4629,0,0,0,0,0,1,0,0
CBK0002099,TXN00016911,USR94430,MCH5701,2026-01-10 00:00:00,2026-12-01 00:00:00,1895.66,login compromised,Customer complaint text unclear due to poor call center notes.,Rejected,,MEDIUM,Email,CBK0002099,TXN00016911,USR94430,mch5701,0,0,0,0,0,1,0,0
CBK0001474,TXN00008578,USR71704,MCH7047,2026-02-05 00:00:00,2026-02-13 00:00:00,3771.28,Unauthorized Transaction,Customer complaint text unclear due to poor call center notes.,Open,2026-03-04 00:00:00,MEDIUM,Email,CBK0001474,TXN00008578,usr71704,MCH7047,0,0,0,0,0,0,0,0
CBK0001508,TXN-00006688,USR56287,MCH2552,2026-02-21 21:29:00,2026-02-25 00:00:00,592.68,login compromised,Complaint received after multiple failed attempts.,PENDING_BANK,2026-03-02 04:29:00,HIGH,Email,CBK0001508,txn-00006688,USR56287,MCH2552,0,0,0,0,0,0,0,1
CBK0000985,TXN00016633,USR50898,MCH3836,,2026-03-07 00:00:00,3329.74,UNAUTHORISED,COMPLAINT RECEIVED AFTER MULTIPLE FAILED ATTEMPTS.,WIP,,HIGH,CHATBOT,CBK0000985,TXN00016633,USR50898,MCH3836,0,0,0,1,0,1,0,1
CBK0002762,TXN00012709,USR87422,MCH2383,,2026-01-25 00:00:00,-1866.43,double debit,COMPLAINT RECEIVED AFTER MULTIPLE FAILED ATTEMPTS.,Open,2026-02-01 00:00:00,MEDIUM,Branch,CBK0002762,TXN00012709,USR87422,MCH2383,1,0,0,1,0,0,0,0
CBK0002695,TXN00009985,USR69511,MCH3100,2026-04-03 00:00:00,2026-03-19 00:00:00,4262.78,unauth txn,Customer says txn was not authorized.,Open,2026-03-19 00:00:00,LOW,App,CBK0002695,TXN00009985,usr69511,MCH3100,0,0,0,0,0,0,0,0
CBK0002523,TXN00016424,USR39280,MCH4590,2026-02-09 00:00:00,,1444.48,amount mismatch,Merchant service was not delivered after payment.,Resolved,2026-06-03 00:00:00,HIGH,Call Center,CBK0002523,TXN00016424,USR39280,MCH4590,0,0,0,0,1,0,0,1
CBK0001776,TXN00003915,USR57281,MCH6934,2026-02-25 00:00:00,2026-02-25 00:00:00,264.64,DUP_DEBIT,Payment made to unknown merchant as per customer statement.,Rejected,2026-03-24 00:00:00,MEDIUM,App,CBK0001776,TXN00003915,USR57281,MCH6934,0,0,0,0,0,0,0,0
CBK0000251,TXN00012937,USR77066,MCH5347,2026-03-17 00:00:00,2026-03-22 00:00:00,2574.17,item not received,User says UPI PIN was not entered by them.,CLOSED,2026-04-10 02:26:00,MEDIUM,Call Center,CBK0000251,TXN00012937,USR77066,MCH5347,0,0,0,0,0,0,0,0
CBK0000729,TXN00009979,USR43978,MCH6850,2026-02-01 00:00:00,2026-02-17 00:00:00,1801.1,Fraud Suspected,USER SAYS UPI PIN WAS NOT ENTERED BY THEM.,In Progress,,MEDIUM,Branch,CBK0000729,TXN00009979,USR43978,MCH6850,0,0,0,0,0,1,0,0
CBK0001430,TXN00003193,USR30157,MCH5404,2026-02-21 00:00:00,2026-02-27 00:00:00,2273.34,charged twice,Payment made to unknown merchant as per customer statement. urgent,CLOSED,2026-03-09 00:00:00,CRITICAL,Branch,CBK0001430,TXN00003193,USR30157,MCH5404,0,0,0,0,0,0,1,0
CBK0001056,TXN00017995,USR83697,MCH7555,2026-03-26 00:00:00,2026-03-27 02:11:24,1918.51,unauthorized_transaction,User reports money deducted but merchant denies receiving payment.,RESOLVED,2026-04-17 00:00:00,MEDIUM,IVR,CBK0001056,TXN00017995,USR83697,MCH7555,0,0,0,0,0,0,0,0
CBK0002533,TXN00002429,USR82871,MCH8050,2026-01-27 20:26:00,2026-02-12 00:00:00,389.54,not done by me,Merchant service was not delivered after payment.,In Progress,2026-02-21 00:00:00,MEDIUM,ivr,CBK0002533,TXN00002429,USR82871,MCH8050,0,0,0,0,0,0,0,0
CBK0001748,TXN36584,USR-93861,MCH2037,2026-01-01 00:00:00,2026-01-04 00:00:00,-3309.31,account hacked,User says UPI PIN was not entered by them.,Pending Bank,2026-01-28 00:00:00,HIGH,IVR,CBK0001748,TXN36584,USR-93861,MCH2037,1,0,0,0,0,0,0,1
CBK0002154,TXN00019558,USR60770,MCH4307,2026-03-31 00:00:00,2026-04-05 00:00:00,1769.97,Duplicate Debit,Customer says transaction was not authorized.,RESOLVED,2026-04-17 00:00:00,LOW,Branch,CBK0002154,TXN00019558,usr60770,MCH 4307,0,0,0,0,0,0,0,0
CBK0001530,TXN00000959,USR38580,MCH7286,2026-03-08 00:00:00,2026-03-11 15:32:00,982.69,customer issue,Customer says amount was debited twice.,OPEN,2026-04-04 00:00:00,LOW,Email,CBK0001530,TXN00000959,USR38580,MCH7286,0,0,0,0,0,0,0,0
CBK0001561,TXN00012655,USR49452,MCH7833,2026-02-02 00:00:00,2026-02-04 00:00:00,5677.69,Merchant Not Delivered,payment made to unknown merchant as per customer statement.,Open,2026-02-14 10:24:28,MEDIUM,Branch,CBK0001561,TXN00012655,USR49452,MCH7833,0,0,0,0,0,0,0,0
CBK0002302,TXN00004618,USR69543,MCH8140,,2026-01-23 00:00:00,1142.86,DUP_DEBIT,User claims account was compromised before transaction.,Rejected,,LOW,IVR,CBK0002302,TXN00004618,USR69543,MCH8140,0,0,0,1,0,1,0,0
CBK0000447,TXN00012764,USR26323,MCH5927,2026-03-15 00:00:00,2026-03-18 00:00:00,0.1222,scam,User reports money deducted but merchant denies receiving payment.,WIP,2026-10-04 00:00:00,MEDIUM,ivr,CBK0000447,TXN00012764,USR26323,mch5927,0,0,0,0,0,0,0,0
CBK0002090,TXN00008261,USR15888,MCH7075,2026-02-26 07:25:00,2026-03-03 15:25:42,4227.03,Merchant Not Delivered,Suspicious high-value payment disputed by cust.,RESOLVED,,HIGH,Branch,CBK0002090,TXN00008261,USR15888,MCH7075,0,0,0,0,0,1,0,1
CBK0001157,TXN00018783,USR89151,MCH3001,2026-01-24 00:00:00,2026-01-29 03:28:31,11640.86,customer issue,USER SAYS UPI PIN WAS NOT ENTERED BY THEM.,PENDING_BANK,,LOW,App,CBK0001157,TXN00018783,USR89151,MCH3001,0,0,0,0,0,1,0,0
CBK0002684,TXN00018518,USR58335,MCH2058,2026-01-02 00:00:00,2026-01-04 00:00:00,2159.7,Unauthorized Transaction,user says upi pin was not entered by them.,Closed,2026-01-06 00:00:00,LOW,Call Center,CBK0002684,TXN00018518,USR58335,MCH2058,0,0,0,0,0,0,0,0
CBK0001929,TXN00003276,USR83918,MCH9291,,2026-03-22 00:00:00,-5720.73,incorrect amount,Complaint received after multiple failed attempts.,Resolved,2026-04-09 00:00:00,LOW,IVR,CBK0001929,TXN00003276,USR83918,MCH9291,1,0,0,1,0,0,0,0
CBK0001320,TXN00014032,USR46308,MCH5900,2026-02-01 00:00:00,2026-02-06 00:00:00,358.19,ATO,Complaint received after multiple failed attempts. urgent,Pending Bank,2026-02-13 00:00:00,LOW,ivr,CBK0001320,TXN00014032,USR46308,MCH 5900,0,0,0,0,0,0,0,0
CBK0001600,TXN00014926,USR22359,MCH4542,,2026-01-22 15:21:40,2332.94,Fraud Suspected,Suspicious high-value payment disputed by customer.,CLOSED,2026-02-09 00:00:00,LOW,CHATBOT,CBK0001600,TXN00014926,USR22359,MCH4542,0,0,0,1,0,0,0,0
CBK0002391,TXN00013005,27779,MCH6850,,2026-04-01 00:00:00,3734.7,delivery issue,Merchant service was not delivered after payment.,PENDING_BANK,2026-04-15 18:10:52,LOW,App,CBK0002391,TXN00013005,27779,MCH6850,0,0,0,1,0,0,0,0
CBK0001069,TXN72059,USR75081,MCH7509,2026-02-10 17:04:00,2026-02-14 04:04:39,1209.0,Account Takeover,Complaint received after multiple failed attempts.,In Progress,2026-03-16 04:04:00,MEDIUM,chatbot,CBK0001069,TXN72059,USR75081,MCH7509,0,0,0,0,0,0,0,0
CBK0000691,TXN00006342,USR46662,MCH8426,2026-03-13 10:45:48,2026-03-19 00:00:00,1546.48,delivery issue,merchant service was not delivered after payment.,In Progress,2026-03-20 02:45:00,MEDIUM,ivr,CBK0000691,TXN00006342,usr46662,MCH8426,0,0,0,0,0,0,0,0
CBK0002454,TXN00012462,USR25682,MCH5954,2026-03-23 00:00:00,2026-03-26 00:00:00,0.7714,dispute raised,Customer complaint text unclear due to poor call center notes.,Closed,2026-04-10 17:09:36,LOW,Call Center,CBK0002454,TXN00012462,USR25682,MCH-5954,0,0,0,0,0,0,0,0
CBK0002777,TXN41176,USR83934,MCH9022,2026-02-01 00:00:00,2026-02-06 17:22:00,8162.73,unauth txn,User reports money deducted but merchant denies receiving payment. urgent,In Progress,2026-02-21 00:00:00,HIGH,IVR,CBK0002777,TXN41176,usr83934,MCH-9022,0,0,0,0,0,0,0,1
CBK0000263,TXN00006449,USR71316,MCH6236,2026-01-10 00:00:00,2026-01-26 01:59:16,0.25,account hacked,User says UPI PIN was not entered by them.,In Progress,2026-02-15 00:00:00,HIGH,chatbot,CBK0000263,TXN00006449,USR71316,MCH6236,0,0,0,0,0,0,0,1
CBK0000590,TXN00018358,USR73010,MCH2722,2026-03-12 00:00:00,2026-03-20 03:25:00,-1889.21,Wrong Amount,Complaint received after multiple failed attempts.,Resolved,2026-04-16 00:00:00,HIGH,chatbot,CBK0000590,TXN00018358,USR 73010,mch2722,1,0,0,0,0,0,0,1
CBK0001133,TXN00004481,USR68023,MCH1494,2026-01-06 00:00:00,2026-01-05 00:00:00,1101.44,extra amount deducted,User claims account was compromised before transaction.,Rejected,2026-05-01 00:00:00,CRITICAL,Branch,CBK0001133,TXN00004481,USR 68023,MCH1494,0,0,0,0,0,0,1,0
CBK0002414,TXN00000503,USR85650,1590,2026-03-04 16:57:39,2026-04-18 00:00:00,325.93,charged twice,complaint received after multiple failed attempts.,Open,2026-05-09 18:57:00,HIGH,Call Center,CBK0002414,TXN00000503,USR85650,1590,0,0,0,0,0,0,0,1
CBK0002627,TXN00001026,USR26564,MCH5899,2026-01-17 09:59:06,2026-01-25 07:59:00,2910.7,merchant service issue,Suspicious high-value payment disputed by customer.,WIP,2026-02-20 00:00:00,MEDIUM,ivr,CBK0002627,TXN00001026,USR26564,MCH-5899,0,0,0,0,0,0,0,0
CBK0001008,,USR97772,MCH1074,,2026-01-13 00:00:00,1143.88,charged twice,Customer says amount was debited twice.,Resolved,2026-01-23 02:52:41,MEDIUM,ivr,CBK0001008,,USR97772,mch1074,0,0,1,1,0,0,0,0
CBK0000285,TXN00009133,USR99694,MCH2606,2026-03-19 03:32:00,2026-03-22 00:00:00,1528.27,service failed,Customer says amount was debited twice.,OPEN,,MEDIUM,IVR,CBK0000285,TXN00009133,USR 99694,MCH2606,0,0,0,0,0,1,0,0
CBK0001311,TXN00018498,USR40538,MCH7255,2026-03-19 00:00:00,2026-03-23 00:00:00,0.1779,Account Takeover,Payment made to unknown merchant as per customer statement.,RESOLVED,2026-04-06 00:00:00,LOW,Call Center,CBK0001311,TXN00018498,usr40538,MCH7255,0,0,0,0,0,0,0,0
CBK0000220,TXN00009971,USR81170,MCH6607,,2026-03-03 00:00:00,0.4849,suspicious transaction,Customer says amount was debited twice. urgent,WIP,,LOW,Email,CBK0000220,TXN00009971,usr81170,MCH6607,0,0,0,1,0,1,0,0
CBK0002615,TXN00018536,USR_57158,5099,2026-02-22 13:48:57,2026-02-24 00:00:00,1257.97,FRAUD,Suspicious high-value payment disputed by cust.,Open,2026-03-02 00:00:00,HIGH,App,CBK0002615,TXN00018536,usr_57158,5099,0,0,0,0,0,0,0,1
CBK0001460,TXN00014496,USR-33249,MCH4270,2026-03-29 00:00:00,2026-04-02 00:00:00,554.76,unauthorized_transaction,customer says amount was debited twice.,In Progress,2026-04-04 02:17:31,LOW,App,CBK0001460,TXN00014496,USR-33249,MCH4270,0,0,0,0,0,0,0,0
CBK0000068,TXN00019414,USR96148,MCH3815,2026-01-01 03:55:28,2026-01-01 00:00:00,0.996,login compromised,Suspicious high-value payment disputed by customer.,PENDING_BANK,2026-01-18 06:55:00,CRITICAL,ivr,CBK0000068,TXN00019414,USR96148,MCH-3815,0,0,0,0,0,0,1,0
CBK0001363,TXN00015121,USR62483,MCH1141,2026-02-15 00:00:00,2026-02-18 00:00:00,1504.76,Customer Dispute,USER SAYS UPI PIN WAS NOT ENTERED BY THEM.,Closed,2026-03-05 00:00:00,MEDIUM,CHATBOT,CBK0001363,TXN00015121,USR62483,MCH-1141,0,0,0,0,0,0,0,0
CBK0001071,TXN00005413,USR85761,MCH3171,2026-01-29 00:00:00,2026-02-01 00:00:00,,extra amount deducted,Suspicious high-value payment disputed by customer. details missing,PENDING_BANK,2026-02-14 00:00:00,MEDIUM,chatbot,CBK0001071,TXN00005413,USR 85761,MCH3171,0,1,0,0,0,0,0,0
CBK0000562,TXN00003828,USR39793,MCH3203,,2026-03-31 19:03:00,1594.84,UNAUTHORISED,User reports money deducted but merchant denies receiving payment.,PENDING_BANK,,LOW,CHATBOT,CBK0000562,TXN00003828,USR39793,MCH3203,0,0,0,1,0,1,0,0
CBK0001140,TXN00004922,USR79175,MCH6652,2026-03-28 00:00:00,2026-03-30 00:00:00,,not done by me,user reports money deducted but merchant denies receiving payment.,Closed,2026-04-10 04:32:07,MEDIUM,IVR,CBK0001140,TXN00004922,USR79175,MCH6652,0,1,0,0,0,0,0,0
CBK0000657,TXN00006919,USR29306,MCH5269,2026-01-14 00:00:00,2026-01-19 00:00:00,2207.79,amount mismatch,complaint received after multiple failed attempts.,Closed,2026-02-13 16:01:00,MEDIUM,CHATBOT,CBK0000657,TXN00006919,USR29306,MCH5269,0,0,0,0,0,0,0,0
CBK0001831,TXN00010938,USR-88037,MCH5655,2026-03-15 18:39:00,2026-03-18 00:00:00,4425.22,amount mismatch,Merchant service was not delivered after payment. details missing,Open,2026-04-15 00:00:00,LOW,App,CBK0001831,TXN00010938,USR-88037,MCH5655,0,0,0,0,0,0,0,0
CBK0001818,TXN00005674,USR54580,MCH5397,2026-03-08 00:00:00,2026-03-15 15:17:35,0.56,not done by me,CUSTOMER COMPLAINT TEXT UNCLEAR DUE TO POOR CALL CENTER NOTES.,IN_PROGRESS,2026-02-04 00:00:00,HIGH,chatbot,CBK0001818,TXN00005674,USR54580,MCH5397,0,0,0,0,0,0,0,1
CBK0000721,TXN00009064,29458,MCH4113,2026-10-02 00:00:00,2026-02-12 00:00:00,1568.17,Duplicate Debit,Customer says amount was debited twice.,RESOLVED,2026-03-03 00:00:00,CRITICAL,Branch,CBK0000721,TXN00009064,29458,MCH4113,0,0,0,0,0,0,1,0
CBK0000837,TXN00014492,USR59264,MCH1548,2026-01-04 03:46:36,2026-02-03 00:00:00,,suspicious transaction,SUSPICIOUS HIGH-VALUE PAYMENT DISPUTED BY CUSTOMER.,IN_PROGRESS,2026-02-11 00:00:00,HIGH,CHATBOT,CBK0000837,TXN00014492,USR59264,MCH1548,0,1,0,0,0,0,0,1
CBK0002597,TXN00008925,USR93425,MCH3339,2026-01-02 07:36:00,2026-01-03 04:36:00,-3175.71,Service Not Provided,User reports money deducted but merchant denies receiving payment. pls check asap,Rejected,,LOW,IVR,CBK0002597,TXN00008925,usr93425,MCH3339,1,0,0,0,0,1,0,0
CBK0000876,TXN00010046,USR91274,MCH8960,2026-01-17 07:29:00,2026-01-22 00:00:00,6572.39,double debit,User says UPI PIN was not entered by them.,REJECTED,2026-02-09 16:29:48,MEDIUM,CHATBOT,CBK0000876,TXN00010046,USR91274,MCH 8960,0,0,0,0,0,0,0,0
CBK0002537,TXN66991,USR17742,MCH4337,2026-01-07 09:36:06,2026-01-09 00:00:00,1890.93,Customer Dispute,User reports money deducted but merchant denies receiving payment.,Closed,2026-01-22 00:00:00,LOW,ivr,CBK0002537,TXN66991,USR17742,MCH4337,0,0,0,0,0,0,0,0
CBK0002507,TXN00016749,USR_55737,MCH5655,2026-03-31 00:00:00,2026-04-03 00:00:00,,Unauthorized Transaction,User claims account was compromised before txn.,CLOSED,2026-04-14 00:00:00,MEDIUM,Call Center,CBK0002507,TXN00016749,usr_55737,MCH5655,0,1,0,0,0,0,0,0
CBK0002350,TXN64529,USR90246,MCH9480,2026-02-27 02:51:00,2026-03-09 00:00:00,0.472,unauthorized_transaction,User says UPI PIN was not entered by them.,REJECTED,,MEDIUM,Email,CBK0002350,TXN64529,usr90246,MCH-9480,0,0,0,0,0,1,0,0
CBK0001416,TXN00018367,USR98309,MCH7233,,2026-01-03 05:05:00,1495.59,customer issue,Suspicious high-value payment disputed by customer.,REJECTED,2026-01-29 05:05:00,MEDIUM,chatbot,CBK0001416,TXN00018367,USR98309,MCH7233,0,0,0,1,0,0,0,0
CBK0002483,TXN00019669,USR65795,MCH4328,2026-12-01 00:00:00,2026-01-13 18:43:01,1522.61,not done by me,User reports money deducted but merchant denies receiving payment.,Closed,2026-01-16 00:00:00,LOW,Branch,CBK0002483,TXN00019669,USR65795,MCH-4328,0,0,0,0,0,0,0,0
CBK0001553,TXN00004048,USR26051,MCH3235,2026-03-14 00:00:00,,-815.95,no service,Customer says amount was debited twice.,In Progress,2026-03-29 00:00:00,LOW,App,CBK0001553,TXN00004048,USR26051,MCH3235,1,0,0,0,1,0,0,0
CBK0000651,TXN00011527,USR57088,1779,2026-01-25 00:00:00,2026-01-27 00:00:00,1443.54,unauth txn,User claims account was compromised before transaction.,Open,2026-01-28 00:00:00,MEDIUM,chatbot,CBK0000651,TXN00011527,USR57088,1779,0,0,0,0,0,0,0,0
CBK0000866,TXN00002719,USR11592,1717,2026-05-03 00:00:00,2026-03-12 23:06:00,2881.81,Unauthorized Transaction,user claims account was compromised before transaction.,Closed,,LOW,IVR,CBK0000866,TXN00002719,USR11592,1717,0,0,0,0,0,1,0,0
CBK0000260,TXN00006995,USR_27185,MCH1715,2026-09-03 00:00:00,2026-03-12 13:45:23,0.793,Account Takeover,User claims account was compromised before transaction.,RESOLVED,2026-04-09 00:00:00,LOW,chatbot,CBK0000260,TXN00006995,usr_27185,MCH1715,0,0,0,0,0,0,0,0
CBK0001397,TXN00001903,USR40286,8305,2026-03-25 01:49:45,2026-04-01 06:49:00,2512.35,suspicious transaction,User says UPI PIN was not entered by them.,REJECTED,2026-04-01 06:49:45,CRITICAL,ivr,CBK0001397,TXN00001903,USR 40286,8305,0,0,0,0,0,0,1,0
CBK0000374,TXN00005682,USR46350,MCH7622,2026-02-22 07:20:00,2026-03-10 06:20:48,2014.01,Wrong Amount,User says UPI PIN was not entered by them.,RESOLVED,2026-03-24 00:00:00,HIGH,App,CBK0000374,TXN00005682,USR46350,MCH7622,0,0,0,0,0,0,0,1
CBK0001557,TXN00010126,USR26970,MCH8953,2026-01-31 00:00:00,2026-02-11 02:05:00,1107.77,complaint,Customer says amount was debited twice.,In Progress,,LOW,Email,CBK0001557,TXN00010126,USR26970,mch8953,0,0,0,0,0,1,0,0
CBK0001987,TXN00003622,USR56397,MCH9762,2026-03-21 22:28:29,2026-03-23 00:00:00,409.07,amount mismatch,Merchant service was not delivered after payment.,OPEN,,MEDIUM,chatbot,CBK0001987,TXN00003622,USR56397,mch9762,0,0,0,0,0,1,0,0
CBK0002351,TXN00008276,USR78874,MCH4259,2026-03-08 00:00:00,2026-03-23 00:00:00,3331.49,login compromised,Customer says txn was not authorized.,RESOLVED,2026-04-15 11:14:00,CRITICAL,Email,CBK0002351,TXN00008276,USR78874,MCH 4259,0,0,0,0,0,0,1,0
CBK0000980,TXN00014697,USR44745,MCH3674,2026-03-27 00:00:00,2026-03-30 00:00:00,4816.24,delivery issue,USER CLAIMS ACCOUNT WAS COMPROMISED BEFORE TRANSACTION.,RESOLVED,2026-02-04 00:00:00,MEDIUM,CHATBOT,CBK0000980,TXN00014697,USR44745,MCH-3674,0,0,0,0,0,0,0,0
CBK0002576,TXN00016892,92904,MCH3100,2026-01-23 00:00:00,2026-01-29 01:18:00,1942.12,dispute raised,Payment made to unknown merchant as per customer statement. urgent,WIP,2026-01-30 00:00:00,HIGH,App,CBK0002576,TXN00016892,92904,MCH3100,0,0,0,0,0,0,0,1
CBK0002312,TXN00010316,USR71728,MCH5783,2026-03-12 00:00:00,2026-03-18 00:00:00,0.1419,not done by me,Suspicious high-value payment disputed by customer.,Pending Bank,,HIGH,Email,CBK0002312,TXN00010316,USR71728,MCH5783,0,0,0,0,0,1,0,1
CBK0000422,TXN-00008098,USR71316,MCH9344,2026-01-29 00:00:00,2026-01-26 00:00:00,-488.38,extra amount deducted,User reports money deducted but merchant denies receiving payment.,RESOLVED,2026-02-16 10:30:02,LOW,Call Center,CBK0000422,txn-00008098,USR71316,MCH9344,1,0,0,0,0,0,0,0
CBK0000600,TXN00012715,USR19311,MCH3325,2026-03-28 00:00:00,2026-05-13 00:00:00,339.58,merchant service issue,Merchant service was not delivered after payment.,Pending Bank,,HIGH,ivr,CBK0000600,TXN00012715,USR19311,MCH3325,0,0,0,0,0,1,0,1
CBK0000248,TXN00002141,12530,MCH6850,2026-03-18 17:03:00,2026-03-19 23:03:08,-816.65,Fraud Suspected,Merchant service was not delivered after payment.,PENDING_BANK,2026-08-04 00:00:00,HIGH,App,CBK0000248,TXN00002141,12530,mch6850,1,0,0,0,0,0,0,1
CBK0002317,TXN00003637,USR76315,MCH8796,2026-02-18 00:00:00,2026-02-22 00:00:00,4219.82,customer issue,Merchant service was not delivered after payment.,Pending Bank,2026-02-28 00:00:00,HIGH,IVR,CBK0002317,TXN00003637,USR 76315,MCH8796,0,0,0,0,0,0,0,1
CBK0001219,TXN00002058,USR11226,MCH3986,2026-01-24 00:00:00,2026-01-27 00:00:00,,customer issue,Customer says amount was debited twice.,Rejected,2026-02-13 00:00:00,LOW,Branch,CBK0001219,TXN00002058,USR11226,MCH3986,0,1,0,0,0,0,0,0
CBK0001145,TXN81933,USR63160,MCH9899,,2026-02-22 19:21:00,5283.13,merchant service issue,Customer says amount was debited twice. urgent,Closed,,HIGH,ivr,CBK0001145,TXN81933,USR63160,mch9899,0,0,0,1,0,1,0,1
CBK0000619,TXN00014324,USR68349,MCH5721,2026-03-04 11:05:40,2026-03-05 00:00:00,1724.56,service failed,User says UPI PIN was not entered by them.,REJECTED,2026-03-25 00:00:00,MEDIUM,chatbot,CBK0000619,TXN00014324,USR68349,MCH5721,0,0,0,0,0,0,0,0
CBK0001424,TXN00014077,35882,MCH7435,2026-03-16 19:03:13,2026-03-27 00:00:00,411.2,not done by me,Payment made to unknown merchant as per cust statement.,WIP,,HIGH,Branch,CBK0001424,TXN00014077,35882,MCH 7435,0,0,0,0,0,1,0,1
CBK0001980,TXN00000841,USR85655,MCH5128,2026-01-31 00:00:00,2026-02-11 01:12:41,2083.96,delivery issue,Customer says transaction was not authorized.,Closed,2026-02-15 00:00:00,LOW,App,CBK0001980,TXN00000841,USR85655,MCH5128,0,0,0,0,0,0,0,0
CBK0000643,,USR85352,MCH4035,2026-03-21 00:00:00,2026-03-20 14:03:45,1167.69,complaint,User reports money deducted but merchant denies receiving payment.,REJECTED,2026-04-15 00:00:00,MEDIUM,IVR,CBK0000643,,USR85352,MCH-4035,0,0,1,0,0,0,0,0
CBK0000172,TXN00016070,USR32730,MCH2746,2026-02-27 00:00:00,2026-03-03 00:00:00,2123.39,double debit,User says UPI PIN was not entered by them.,REJECTED,2026-03-19 00:00:00,MEDIUM,Email,CBK0000172,TXN00016070,USR32730,MCH2746,0,0,0,0,0,0,0,0
CBK0002184,TXN00015679,USR87165,MCH1864,2026-01-10 22:44:00,2026-02-25 00:00:00,0.221,extra amount deducted,User reports money deducted but merchant denies receiving payment.,Rejected,2026-03-13 00:00:00,LOW,ivr,CBK0002184,TXN00015679,USR87165,MCH 1864,0,0,0,0,0,0,0,0
CBK0002023,TXN00016636,USR_62254,MCH2450,,,6720.23,delivery issue,User says UPI PIN was not entered by them. call dropped,REJECTED,2026-02-19 00:00:00,MEDIUM,Email,CBK0002023,TXN00016636,usr_62254,mch2450,0,0,0,1,1,0,0,0
CBK0000825,TXN00017847,71122,MCH1632,2026-02-05 04:48:20,2026-02-07 00:00:00,0.714,no service,Customer says transaction was not authorized.,CLOSED,,HIGH,ivr,CBK0000825,TXN00017847,71122,mch1632,0,0,0,0,0,1,0,1
CBK0001339,TXN00012423,USR81981,MCH3013,2026-01-29 00:00:00,2026-01-30 00:00:00,591.32,incorrect amount,Customer says transaction was not authorized.,Rejected,2026-02-06 00:00:00,HIGH,App,CBK0001339,TXN00012423,usr81981,MCH 3013,0,0,0,0,0,0,0,1
CBK0001160,TXN00003861,USR-23561,MCH9505,2026-02-23 00:00:00,2026-03-01 14:14:20,2199.33,Fraud Suspected,User claims account was compromised before transaction.,Closed,2026-03-16 14:14:20,HIGH,App,CBK0001160,TXN00003861,USR-23561,MCH 9505,0,0,0,0,0,0,0,1
CBK0001665,TXN00007306,USR21049,MCH7578,2026-01-13 20:22:00,2026-01-16 00:00:00,0.1333,not delivered,Customer says amount was debited twice.,PENDING_BANK,,LOW,CHATBOT,CBK0001665,TXN00007306,USR21049,mch7578,0,0,0,0,0,1,0,0
CBK0001711,TXN-00011255,USR65114,MCH6292,2026-01-03 00:00:00,2026-01-04 00:00:00,,login compromised,Customer complaint text unclear due to poor call center notes.,Resolved,2026-01-07 01:32:03,HIGH,Branch,CBK0001711,txn-00011255,USR65114,MCH6292,0,1,0,0,0,0,0,1
CBK0000408,TXN-00002581,USR97892,MCH9291,,2026-03-31 00:46:50,2926.63,charged twice,Customer says amount was debited twice.,IN_PROGRESS,2026-04-11 00:00:00,HIGH,Branch,CBK0000408,txn-00002581,USR97892,MCH9291,0,0,0,1,0,0,0,1
CBK0002575,TXN00009510,USR82410,MCH1905,2026-02-09 00:00:00,2026-02-10 02:13:08,4843.85,account hacked,Payment made to unknown merchant as per customer statement. call dropped,Open,2026-02-10 02:13:00,LOW,Email,CBK0002575,TXN00009510,USR82410,MCH 1905,0,0,0,0,0,0,0,0
CBK0001908,TXN00018114,USR46902,MCH6850,2026-01-15 00:00:00,2026-01-17 00:00:00,2570.74,no service,User claims account was compromised before transaction.,PENDING_BANK,2026-02-09 19:51:00,MEDIUM,App,CBK0001908,TXN00018114,USR46902,MCH6850,0,0,0,0,0,0,0,0
CBK0001346,TXN00008727,34157,MCH2836,2026-03-23 22:20:50,2026-03-23 23:20:50,3225.2,double debit,User says UPI PIN was not entered by them.,CLOSED,2026-04-14 23:20:00,LOW,Email,CBK0001346,TXN00008727,34157,MCH2836,0,0,0,0,0,0,0,0
CBK0001611,TXN00009947,USR19432,MCH1827,2026-03-29 00:00:00,2026-04-01 00:00:00,917.78,amount mismatch,Customer says amount was debited twice.,WIP,2026-04-05 00:00:00,CRITICAL,ivr,CBK0001611,TXN00009947,USR19432,mch1827,0,0,0,0,0,0,1,0
CBK0001426,TXN-00002655,69481,MCH1140,2026-01-14 00:00:00,2026-02-14 13:03:15,338.23,double debit,Complaint received after multiple failed attempts.,WIP,2026-03-10 13:03:15,MEDIUM,CHATBOT,CBK0001426,txn-00002655,69481,MCH1140,0,0,0,0,0,0,0,0
CBK0000121,TXN00006459,17577,MCH2566,2026-01-01 00:00:00,2026-02-01 00:00:00,2479.76,Duplicate Debit,Merchant service was not delivered after payment.,CLOSED,2026-01-14 00:00:00,HIGH,Email,CBK0000121,TXN00006459,17577,MCH2566,0,0,0,0,0,0,0,1
CBK0000957,TXN00010512,USR_11315,7352,2026-01-23 00:00:00,2026-01-24 00:00:00,2568.37,dispute raised,Suspicious high-value payment disputed by customer.,WIP,2026-02-17 08:19:00,MEDIUM,App,CBK0000957,TXN00010512,usr_11315,7352,0,0,0,0,0,0,0,0
CBK0002076,TXN00006073,USR96064,MCH3450,2026-02-18 00:00:00,2026-02-22 00:00:00,7404.88,charged twice,Suspicious high-value payment disputed by customer.,In Progress,2026-02-26 00:00:00,LOW,Branch,CBK0002076,TXN00006073,USR96064,MCH3450,0,0,0,0,0,0,0,0
CBK0000428,TXN00008599,USR96496,2065,2026-01-05 00:00:00,2026-01-07 00:00:00,1339.16,Unauthorized Transaction,Merchant service was not delivered after payment.,CLOSED,2026-03-02 00:00:00,LOW,Call Center,CBK0000428,TXN00008599,USR96496,2065,0,0,0,0,0,0,0,0
CBK0001937,TXN00010035,USR47034,MCH8281,2026-03-13 00:00:00,2026-03-16 00:00:00,7882.54,charged twice,Payment made to unknown merchant as per customer statement. pls check asap,WIP,,MEDIUM,Call Center,CBK0001937,TXN00010035,USR47034,MCH 8281,0,0,0,0,0,1,0,0
CBK0001141,TXN00005079,USR69201,1384,,2026-02-24 11:45:21,1368.67,DUP_DEBIT,User reports money deducted but merchant denies receiving payment.,Pending Bank,2026-03-26 00:00:00,HIGH,ivr,CBK0001141,TXN00005079,USR69201,1384,0,0,0,1,0,0,0,1
CBK0000393,TXN00010745,USR_77915,MCH3095,2026-01-14 19:00:00,2026-02-13 00:00:00,-2212.96,login compromised,User claims account was compromised before transaction.,Rejected,2026-02-16 23:00:00,CRITICAL,Branch,CBK0000393,TXN00010745,usr_77915,MCH3095,1,0,0,0,0,0,1,0
CBK0001932,TXN00012671,USR93969,5980,2026-10-01 00:00:00,2026-01-13 00:00:00,739.17,Account Takeover,Customer says amount was debited twice.,CLOSED,2026-01-19 06:39:33,MEDIUM,Branch,CBK0001932,TXN00012671,USR93969,5980,0,0,0,0,0,0,0,0
CBK0002696,TXN00011475,USR20908,MCH7180,2026-02-20 13:52:14,2026-03-02 19:52:14,-2769.32,customer issue,User reports money deducted but merchant denies receiving payment.,Open,,MEDIUM,IVR,CBK0002696,TXN00011475,USR20908,MCH7180,1,0,0,0,0,1,0,0
CBK0001946,TXN00002545,USR-63194,MCH8735,2026-04-02 00:00:00,2026-02-07 00:00:00,-230.58,DUP_DEBIT,User claims account was compromised before transaction.,Open,2026-03-06 16:09:00,MEDIUM,App,CBK0001946,TXN00002545,USR-63194,MCH8735,1,0,0,0,0,0,0,0
CBK0001741,TXN00003351,USR12829,MCH8665,2026-02-16 00:00:00,2026-02-16 00:00:00,1160.82,double debit,Complaint received after multiple failed attempts.,PENDING_BANK,,HIGH,Branch,CBK0001741,TXN00003351,USR12829,MCH8665,0,0,0,0,0,1,0,1
CBK0000589,TXN00017838,USR43980,MCH2575,2026-03-25 06:56:00,2026-03-26 21:56:00,-1201.31,charged twice,Customer complaint text unclear due to poor call center notes.,Resolved,2026-12-04 00:00:00,HIGH,Branch,CBK0000589,TXN00017838,USR43980,MCH2575,1,0,0,0,0,0,0,1
CBK0002494,TXN00001169,USR_83883,MCH9848,2026-01-23 11:36:50,2026-02-03 08:36:50,0.6071,complaint,User reports money deducted but merchant denies receiving payment.,Rejected,2026-03-05 08:36:50,MEDIUM,chatbot,CBK0002494,TXN00001169,usr_83883,mch9848,0,0,0,0,0,0,0,0
CBK0000539,TXN00006526,USR71316,MCH7840,,2026-01-14 18:16:32,-767.36,item not received,payment made to unknown merchant as per customer statement.,RESOLVED,2026-02-01 00:00:00,MEDIUM,App,CBK0000539,TXN00006526,USR71316,MCH7840,1,0,0,1,0,0,0,0
CBK0001273,TXN00013925,USR73010,MCH2489,,2026-04-01 00:00:00,3151.89,DUP_DEBIT,User reports money deducted but merchant denies receiving payment.,Resolved,,MEDIUM,chatbot,CBK0001273,TXN00013925,USR73010,mch2489,0,0,0,1,0,1,0,0
CBK0002029,TXN00005443,USR24926,MCH5528,2026-01-06 02:23:00,2026-01-08 00:00:00,3291.51,not done by me,User claims account was compromised before transaction.,Pending Bank,2026-01-08 00:00:00,MEDIUM,Email,CBK0002029,TXN00005443,USR24926,MCH 5528,0,0,0,0,0,0,0,0
CBK0001361,,USR87714,MCH7560,2026-02-08 00:00:00,2026-02-19 15:31:00,3014.44,Wrong Amount,Complaint received after multiple failed attempts.,In Progress,2026-02-19 00:00:00,MEDIUM,IVR,CBK0001361,,USR87714,MCH7560,0,0,1,0,0,0,0,0
CBK0001341,TXN00001434,USR33704,MCH5584,2026-02-10 00:00:00,2026-02-26 00:00:00,3251.08,Wrong Amount,Customer says transaction was not authorized. call dropped,CLOSED,2026-03-15 02:39:50,HIGH,IVR,CBK0001341,TXN00001434,USR33704,MCH5584,0,0,0,0,0,0,0,1
CBK0001854,TXN00017037,USR-75046,MCH2266,2026-02-15 20:40:31,2026-02-23 01:40:31,0.1937,unauth txn,customer says transaction was not authorized.,Resolved,2026-03-01 00:00:00,HIGH,chatbot,CBK0001854,TXN00017037,USR-75046,MCH2266,0,0,0,0,0,0,0,1
CBK0002783,TXN00003505,USR92295,MCH3100,2026-01-31 00:00:00,2026-02-01 00:00:00,1516.67,amount mismatch,Customer complaint text unclear due to poor call center notes.,IN_PROGRESS,2026-02-13 00:00:00,LOW,ivr,CBK0002783,TXN00003505,USR 92295,mch3100,0,0,0,0,0,0,0,0
CBK0000158,TXN00015663,USR86472,MCH4826,2026-03-10 00:00:00,2026-03-13 00:00:00,5021.55,extra amount deducted,user reports money deducted but merchant denies receiving payment.,WIP,2026-04-07 14:02:00,MEDIUM,Branch,CBK0000158,TXN00015663,usr86472,mch4826,0,0,0,0,0,0,0,0
CBK0000760,TXN00007966,USR_83977,MCH8953,2026-11-03 00:00:00,2026-03-13 00:00:00,0.529,not done by me,Suspicious high-value payment disputed by customer.,WIP,2026-03-20 00:00:00,LOW,Call Center,CBK0000760,TXN00007966,usr_83977,mch8953,0,0,0,0,0,0,0,0
CBK0001448,TXN-00006897,USR81435,MCH9291,2026-01-01 14:21:00,2026-01-03 00:00:00,3386.1,DUP_DEBIT,Customer complaint text unclear due to poor call center notes.,Pending Bank,2026-01-31 00:00:00,LOW,Call Center,CBK0001448,txn-00006897,USR81435,MCH 9291,0,0,0,0,0,0,0,0
CBK0000094,TXN00011368,USR24563,MCH8712,2026-03-04 00:00:00,2026-03-14 22:30:00,3661.74,ATO,CUSTOMER SAYS AMOUNT WAS DEBITED TWICE.,Open,2026-03-20 22:30:57,MEDIUM,Call Center,CBK0000094,TXN00011368,USR24563,MCH8712,0,0,0,0,0,0,0,0
CBK0002690,TXN00005810,USR29306,MCH4473,2026-03-08 00:35:54,2026-03-15 00:00:00,-2850.55,not delivered,Customer says transaction was not authorized.,Closed,2026-05-04 00:00:00,MEDIUM,IVR,CBK0002690,TXN00005810,USR29306,MCH4473,1,0,0,0,0,0,0,0
CBK0001173,TXN00009905,USR98061,MCH4181,2026-02-08 01:36:40,2026-02-13 16:36:40,2251.54,FRAUD,Customer says amount was debited twice.,Resolved,2026-03-05 16:36:40,MEDIUM,App,CBK0001173,TXN00009905,USR98061,MCH4181,0,0,0,0,0,0,0,0
CBK0000262,TXN00000442,USR95504,MCH6810,2026-03-29 00:00:00,2026-04-08 00:00:00,0.327,double debit,Suspicious high-value payment disputed by cust.,RESOLVED,2026-04-20 00:00:00,LOW,Email,CBK0000262,TXN00000442,USR95504,MCH6810,0,0,0,0,0,0,0,0
CBK0000065,TXN00007639,USR34880,1812,2026-03-25 00:00:00,2026-03-26 08:18:55,0.544,incorrect amount,User reports money deducted but merchant denies receiving payment.,Closed,,LOW,ivr,CBK0000065,TXN00007639,usr34880,1812,0,0,0,0,0,1,0,0
CBK0000330,TXN00002603,USR33908,MCH3923,2026-02-19 00:11:00,2026-02-20 00:00:00,2150.04,fraud,Suspicious high-value payment disputed by customer.,OPEN,2026-03-21 16:11:00,MEDIUM,chatbot,CBK0000330,TXN00002603,USR33908,MCH3923,0,0,0,0,0,0,0,0
CBK0001903,TXN00010389,USR31084,MCH8801,2026-01-29 00:00:00,2026-01-31 00:00:00,-6649.93,Wrong Amount,Merchant service was not delivered after payment.,Rejected,2026-02-06 20:36:40,LOW,Branch,CBK0001903,TXN00010389,USR31084,MCH-8801,1,0,0,0,0,0,0,0
CBK0002313,TXN00009432,USR22939,MCH5264,2026-03-30 00:00:00,,-1466.07,Customer Dispute,USER SAYS UPI PIN WAS NOT ENTERED BY THEM.,Open,2026-04-21 06:14:00,MEDIUM,Call Center,CBK0002313,TXN00009432,USR22939,MCH5264,1,0,0,0,1,0,0,0
CBK0001773,TXN00016920,USR32081,MCH6850,2026-01-20 00:00:00,2026-01-20 00:00:00,0.2798,Service Not Provided,User says UPI PIN was not entered by them. NA,CLOSED,,MEDIUM,chatbot,CBK0001773,TXN00016920,USR32081,MCH6850,0,0,0,0,0,1,0,0
CBK0000808,TXN00006505,USR_69795,MCH2065,2026-01-22 00:00:00,2026-01-25 00:00:00,0.274,complaint,User claims account was compromised before transaction.,Resolved,2026-02-10 01:06:27,MEDIUM,chatbot,CBK0000808,TXN00006505,usr_69795,MCH2065,0,0,0,0,0,0,0,0
CBK0002383,TXN00000491,USR82159,MCH4802,2026-02-01 05:37:43,2026-02-01 00:00:00,929.69,item not received,Customer says amount was debited twice.,IN_PROGRESS,2026-02-13 00:00:00,MEDIUM,Branch,CBK0002383,TXN00000491,USR82159,mch4802,0,0,0,0,0,0,0,0
CBK0001970,TXN00018732,USR27533,MCH1428,2026-02-07 00:00:00,2026-02-11 00:00:00,2042.84,service failed,user says upi pin was not entered by them.,OPEN,2026-02-23 04:55:14,HIGH,Branch,CBK0001970,TXN00018732,USR27533,MCH1428,0,0,0,0,0,0,0,1
CBK0001582,TXN00016057,USR78482,MCH9821,2026-01-18 01:06:00,2026-01-19 00:00:00,3429.16,complaint,Customer says amount was debited twice.,Closed,,HIGH,chatbot,CBK0001582,TXN00016057,USR78482,MCH-9821,0,0,0,0,0,1,0,1
CBK0000241,TXN00009866,USR33877,MCH1509,2026-02-21 16:02:00,2026-02-23 00:00:00,6769.33,Wrong Amount,Payment made to unknown merchant as per customer statement.,Resolved,2026-03-11 23:02:56,MEDIUM,IVR,CBK0000241,TXN00009866,USR33877,MCH1509,0,0,0,0,0,0,0,0
CBK0001895,TXN00015855,USR98971,MCH6850,2026-01-20 00:00:00,2026-02-19 00:00:00,3458.58,dispute raised,User claims account was compromised before transaction.,RESOLVED,2026-03-15 22:42:00,MEDIUM,Branch,CBK0001895,TXN00015855,USR98971,MCH-6850,0,0,0,0,0,0,0,0
CBK0000771,TXN00009466,USR62254,MCH5885,2026-03-29 00:00:00,2026-04-01 00:20:18,11523.08,no service,Payment made to unknown merchant as per customer statement.,PENDING_BANK,2026-04-18 00:00:00,CRITICAL,CHATBOT,CBK0000771,TXN00009466,USR62254,MCH5885,0,0,0,0,0,0,1,0
CBK0002340,TXN00012698,USR17047,MCH3815,2026-03-12 00:00:00,2026-03-14 00:00:00,2283.53,login compromised,user reports money deducted but merchant denies receiving payment.,Pending Bank,2026-03-25 05:16:35,HIGH,Email,CBK0002340,TXN00012698,USR 17047,MCH3815,0,0,0,0,0,0,0,1
CBK0001252,TXN00004709,USR59225,MCH8154,2026-01-21 02:55:00,2026-01-22 20:55:00,-741.74,Wrong Amount,user claims account was compromised before transaction.,PENDING_BANK,2026-01-30 00:00:00,LOW,App,CBK0001252,TXN00004709,USR59225,MCH8154,1,0,0,0,0,0,0,0
CBK0001041,TXN00010337,USR26761,7733,2026-01-05 00:00:00,2026-01-13 08:17:17,0.2203,scam,Merchant service was not delivered after payment.,Pending Bank,2026-02-05 00:00:00,LOW,CHATBOT,CBK0001041,TXN00010337,USR26761,7733,0,0,0,0,0,0,0,0
CBK0000450,TXN00001983,USR22405,MCH9291,2026-03-01 22:52:22,2026-03-12 00:00:00,1315.22,unauthorized_transaction,User claims account was compromised before transaction.,CLOSED,2026-03-23 00:00:00,HIGH,Branch,CBK0000450,TXN00001983,USR 22405,MCH9291,0,0,0,0,0,0,0,1
CBK0000944,TXN00005837,USR50434,MCH6459,,2026-02-24 00:00:00,438.11,charged twice,Complaint received after multiple failed attempts.,REJECTED,,LOW,Call Center,CBK0000944,TXN00005837,USR50434,MCH6459,0,0,0,1,0,1,0,0
CBK0000402,TXN00002200,USR69672,MCH6960,2026-02-09 08:40:20,2026-02-12 00:00:00,3741.98,customer issue,payment made to unknown merchant as per customer statement.,IN_PROGRESS,,LOW,Call Center,CBK0000402,TXN00002200,USR69672,MCH6960,0,0,0,0,0,1,0,0
CBK0001528,TXN00007889,USR97360,MCH4970,2026-03-20 00:00:00,,3625.88,suspicious transaction,Customer says transaction was not authorized.,PENDING_BANK,2026-04-05 00:00:00,MEDIUM,ivr,CBK0001528,TXN00007889,USR97360,MCH4970,0,0,0,0,1,0,0,0
CBK0001228,TXN00005490,USR81497,MCH2383,2026-03-22 00:00:00,2026-03-25 00:00:00,,fraud,Customer says amount was debited twice.,Open,2026-04-13 00:00:00,MEDIUM,Branch,CBK0001228,TXN00005490,USR81497,MCH2383,0,1,0,0,0,0,0,0
CBK0001342,TXN00000213,USR40195,MCH3586,2026-02-17 07:41:15,2026-02-24 23:41:15,658.27,dispute raised,payment made to unknown merchant as per customer statement.,Closed,2026-03-09 00:00:00,MEDIUM,Branch,CBK0001342,TXN00000213,USR40195,MCH 3586,0,0,0,0,0,0,0,0
CBK0002105,TXN00012640,USR96038,MCH7326,2026-02-19 00:00:00,2026-03-07 00:00:00,3800.84,charged twice,user reports money deducted but merchant denies receiving payment.,In Progress,2026-03-17 04:15:00,HIGH,chatbot,CBK0002105,TXN00012640,USR96038,MCH7326,0,0,0,0,0,0,0,1
CBK0002339,TXN00002981,USR58082,MCH2266,2026-02-11 21:42:41,2026-02-13 19:42:41,7275.81,customer issue,Suspicious high-value payment disputed by cust.,Rejected,,HIGH,Call Center,CBK0002339,TXN00002981,USR58082,mch2266,0,0,0,0,0,1,0,1
CBK0002209,TXN00007219,USR48423,MCH2383,2026-02-21 00:00:00,2026-02-24 01:52:32,5143.78,no service,User reports money deducted but merchant denies receiving payment. call dropped,Resolved,2026-01-03 00:00:00,LOW,chatbot,CBK0002209,TXN00007219,USR48423,MCH2383,0,0,0,0,0,0,0,0
CBK0002399,TXN00015080,USR43847,MCH7901,2026-02-15 00:00:00,2026-02-16 00:00:00,17242.91,charged twice,Customer says transaction was not authorized.,CLOSED,2026-03-17 00:00:00,MEDIUM,Branch,CBK0002399,TXN00015080,USR43847,MCH 7901,0,0,0,0,0,0,0,0
CBK0000113,TXN00008131,USR37470,MCH4899,2026-03-27 23:37:00,2026-03-31 00:00:00,2367.83,not delivered,Suspicious high-value payment disputed by customer.,Resolved,,LOW,App,CBK0000113,TXN00008131,USR 37470,MCH4899,0,0,0,0,0,1,0,0
CBK0001248,TXN00012952,USR21667,2739,2026-02-02 08:39:00,2026-02-18 02:39:13,596.6,merchant service issue,Customer says transaction was not authorized.,Pending Bank,,LOW,chatbot,CBK0001248,TXN00012952,USR21667,2739,0,0,0,0,0,1,0,0
CBK0002189,TXN00001962,USR-79577,MCH4590,2026-03-19 00:00:00,2026-03-24 13:53:58,,delivery issue,User reports money deducted but merchant denies receiving payment.,Resolved,2026-03-26 00:00:00,MEDIUM,Call Center,CBK0002189,TXN00001962,USR-79577,MCH4590,0,1,0,0,0,0,0,0
CBK0002042,TXN00004367,USR27533,MCH4473,2026-03-09 00:00:00,2026-04-24 16:40:44,2126.85,Service Not Provided,User claims account was compromised before transaction.,RESOLVED,2026-05-23 16:40:00,HIGH,App,CBK0002042,TXN00004367,usr27533,MCH4473,0,0,0,0,0,0,0,1
CBK0001782,TXN00014790,USR75856,MCH6661,2026-01-26 00:00:00,2026-01-27 06:56:34,350.19,account hacked,MERCHANT SERVICE WAS NOT DELIVERED AFTER PAYMENT.,Rejected,,MEDIUM,Call Center,CBK0001782,TXN00014790,USR75856,mch6661,0,0,0,0,0,1,0,0
CBK0002374,TXN00005973,USR96482,8041,,2026-02-07 00:00:00,10229.48,unauthorized_transaction,User claims account was compromised before transaction.,Pending Bank,2026-02-22 00:00:00,MEDIUM,App,CBK0002374,TXN00005973,USR96482,8041,0,0,0,1,0,0,0,0
CBK0000175,TXN00009098,USR33215,MCH3992,2026-01-04 00:23:38,2026-01-01 00:23:00,4947.89,service failed,Payment made to unknown merchant as per customer statement.,CLOSED,2026-01-28 00:00:00,LOW,ivr,CBK0000175,TXN00009098,USR 33215,MCH3992,0,0,0,0,0,0,0,0
CBK0002088,TXN00008054,USR62622,MCH9449,2026-02-18 13:04:00,2026-02-24 00:00:00,1065.28,ATO,Complaint received after multiple failed attempts.,Open,2026-03-22 07:04:00,HIGH,CHATBOT,CBK0002088,TXN00008054,USR62622,MCH9449,0,0,0,0,0,0,0,1
CBK0000524,TXN00015049,USR87914,MCH2893,2026-01-19 00:00:00,2026-01-15 00:00:00,1148.57,Fraud Suspected,merchant service was not delivered after payment.,In Progress,2026-01-02 00:00:00,MEDIUM,Email,CBK0000524,TXN00015049,USR87914,MCH-2893,0,0,0,0,0,0,0,0
CBK0000998,TXN00003928,USR14815,MCH1685,2026-01-15 00:00:00,2026-01-17 15:37:13,3481.55,double debit,Suspicious high-value payment disputed by customer.,IN_PROGRESS,2026-01-24 00:00:00,CRITICAL,Email,CBK0000998,TXN00003928,USR 14815,MCH1685,0,0,0,0,0,0,1,0
CBK0001030,TXN00015761,USR84665,MCH9176,,2026-02-09 00:00:00,1091.95,Wrong Amount,Customer complaint text unclear due to poor call center notes.,WIP,2026-02-15 00:00:00,LOW,Branch,CBK0001030,TXN00015761,usr84665,MCH9176,0,0,0,1,0,0,0,0
CBK0001296,TXN00000132,USR44587,MCH4473,2026-02-05 00:00:00,2026-02-08 02:36:00,548.59,unauthorized_transaction,Payment made to unknown merchant as per customer statement.,IN_PROGRESS,2026-02-14 02:36:00,MEDIUM,App,CBK0001296,TXN00000132,USR44587,MCH 4473,0,0,0,0,0,0,0,0
CBK0000703,TXN00008400,USR58377,MCH6418,2026-02-08 00:00:00,2026-02-11 00:00:00,1939.11,Account Takeover,USER REPORTS MONEY DEDUCTED BUT MERCHANT DENIES RECEIVING PAYMENT.,Open,,LOW,App,CBK0000703,TXN00008400,USR58377,MCH6418,0,0,0,0,0,1,0,0
CBK0002094,TXN00005575,USR62840,MCH8723,2026-01-03 14:47:00,2026-01-05 00:00:00,1946.37,not done by me,User reports money deducted but merchant denies receiving payment.,PENDING_BANK,2026-02-04 00:00:00,MEDIUM,ivr,CBK0002094,TXN00005575,USR62840,MCH8723,0,0,0,0,0,0,0,0
CBK0002219,TXN00005580,USR84190,MCH8763,2026-01-14 11:35:35,2026-01-25 00:00:00,3654.65,Duplicate Debit,SUSPICIOUS HIGH-VALUE PAYMENT DISPUTED BY CUSTOMER.,Resolved,2026-02-21 00:00:00,HIGH,Branch,CBK0002219,TXN00005580,USR84190,MCH8763,0,0,0,0,0,0,0,1
CBK0000636,TXN00018402,USR46308,MCH2781,,2026-02-27 00:00:00,1848.85,login compromised,User claims account was compromised before transaction. details missing,CLOSED,2026-03-07 15:34:55,LOW,ivr,CBK0000636,TXN00018402,USR46308,MCH2781,0,0,0,1,0,0,0,0
CBK0000682,TXN00002422,USR74392,MCH7833,2026-03-25 00:00:00,2026-03-29 02:21:00,412.17,DUP_DEBIT,Customer complaint text unclear due to poor call center notes.,REJECTED,2026-04-07 00:00:00,MEDIUM,Branch,CBK0000682,TXN00002422,USR74392,MCH7833,0,0,0,0,0,0,0,0
CBK0002335,TXN00000843,USR66411,MCH2439,2026-03-30 00:00:00,2026-04-05 00:00:00,-1440.33,customer issue,User says UPI PIN was not entered by them.,OPEN,2026-04-29 00:00:00,LOW,Email,CBK0002335,TXN00000843,usr66411,MCH 2439,1,0,0,0,0,0,0,0
CBK0000482,TXN00014460,25683,MCH5655,2026-07-02 00:00:00,2026-02-07 21:08:40,651.01,Service Not Provided,Payment made to unknown merchant as per customer statement. details missing,RESOLVED,2026-02-14 21:08:00,HIGH,ivr,CBK0000482,TXN00014460,25683,MCH5655,0,0,0,0,0,0,0,1
CBK0002658,TXN00001412,91038,MCH9217,,2026-02-27 07:04:24,0.2142,amount mismatch,SUSPICIOUS HIGH-VALUE PAYMENT DISPUTED BY CUSTOMER.,IN_PROGRESS,2026-03-15 07:04:00,HIGH,Branch,CBK0002658,TXN00001412,91038,MCH9217,0,0,0,1,0,0,0,1
CBK0002744,TXN00012832,USR_47729,MCH4521,2026-03-05 03:30:57,2026-04-04 00:00:00,,unauthorized_transaction,Customer says transaction was not authorized.,WIP,2026-04-29 22:30:57,LOW,ivr,CBK0002744,TXN00012832,usr_47729,MCH4521,0,1,0,0,0,0,0,0
CBK0002582,TXN00016961,USR66391,MCH2476,2026-03-15 00:00:00,2026-03-16 00:00:00,508.34,fraud,MERCHANT SERVICE WAS NOT DELIVERED AFTER PAYMENT.,Pending Bank,2026-03-30 16:16:00,CRITICAL,App,CBK0002582,TXN00016961,usr66391,MCH2476,0,0,0,0,0,0,1,0
CBK0002422,TXN00019169,USR46308,MCH9028,2026-03-26 00:00:00,2026-03-29 00:00:00,8504.48,Unauthorized Transaction,user claims account was compromised before transaction.,IN_PROGRESS,,HIGH,Call Center,CBK0002422,TXN00019169,usr46308,MCH9028,0,0,0,0,0,1,0,1
CBK0002389,TXN00013105,USR51442,MCH8389,2026-01-15 00:00:00,,,login compromised,Complaint received after multiple failed attempts.,Rejected,2026-01-27 14:40:00,LOW,Email,CBK0002389,TXN00013105,USR51442,MCH8389,0,1,0,0,1,0,0,0
CBK0002504,TXN00010218,USR72223,MCH9305,2026-02-12 00:00:00,2026-02-14 00:00:00,1320.18,account hacked,Customer says transaction was not authorized.,Rejected,2026-02-25 20:16:09,MEDIUM,Call Center,CBK0002504,TXN00010218,usr72223,MCH9305,0,0,0,0,0,0,0,0
CBK0000413,TXN00014824,USR46130,MCH3100,,2026-01-28 16:44:01,898.64,customer issue,User claims account was compromised before transaction.,WIP,,LOW,IVR,CBK0000413,TXN00014824,USR46130,MCH3100,0,0,0,1,0,1,0,0
CBK0000735,TXN00011503,USR69437,MCH4181,2026-03-09 00:00:00,2026-12-03 00:00:00,2059.59,Merchant Not Delivered,user claims account was compromised before transaction.,RESOLVED,2026-03-20 00:00:00,LOW,Call Center,CBK0000735,TXN00011503,USR69437,MCH4181,0,0,0,0,0,0,0,0
CBK0001131,,USR67135,MCH5078,2026-02-27 00:00:00,2026-03-01 00:00:00,-2342.67,Account Takeover,Payment made to unknown merchant as per customer statement.,Resolved,2026-03-03 12:32:06,MEDIUM,IVR,CBK0001131,,USR67135,MCH5078,1,0,1,0,0,0,0,0
CBK0001289,TXN00014346,USR42041,MCH2938,2026-01-31 00:00:00,2026-02-16 00:00:00,-1908.15,service failed,User claims account was compromised before transaction.,PENDING_BANK,2026-03-04 06:21:47,LOW,ivr,CBK0001289,TXN00014346,usr42041,MCH2938,1,0,0,0,0,0,0,0
CBK0002650,TXN00017156,USR66478,MCH1329,2026-02-17 00:00:00,2026-02-21 00:00:00,2089.48,dispute raised,User claims account was compromised before transaction. urgent,Open,2026-03-22 06:13:00,MEDIUM,Branch,CBK0002650,TXN00017156,USR66478,MCH 1329,0,0,0,0,0,0,0,0
CBK0001859,TXN00011491,USR73845,MCH2215,2026-01-14 00:00:00,2026-01-18 00:00:00,1506.11,login compromised,Customer complaint text unclear due to poor call center notes.,IN_PROGRESS,2026-02-16 05:51:47,LOW,Branch,CBK0001859,TXN00011491,USR73845,MCH2215,0,0,0,0,0,0,0,0
CBK0000993,TXN00007102,USR24926,MCH7286,2026-03-23 00:26:00,2026-03-28 00:00:00,11415.12,merchant service issue,customer says amount was debited twice.,WIP,2026-04-06 00:00:00,MEDIUM,App,CBK0000993,TXN00007102,USR24926,MCH7286,0,0,0,0,0,0,0,0
CBK0000018,TXN00013395,USR33081,MCH5650,2026-01-08 00:00:00,2026-01-10 00:00:00,6485.64,account hacked,MERCHANT SERVICE WAS NOT DELIVERED AFTER PAYMENT.,CLOSED,,MEDIUM,CHATBOT,CBK0000018,TXN00013395,USR33081,MCH 5650,0,0,0,0,0,1,0,0
CBK0001108,TXN-00002909,USR19725,MCH3152,2026-03-10 00:00:00,2026-03-11 00:00:00,450.33,UNAUTHORISED,Customer says amount was debited twice.,Closed,2026-04-05 09:32:45,LOW,Email,CBK0001108,txn-00002909,USR19725,MCH-3152,0,0,0,0,0,0,0,0
CBK0001698,TXN00015223,USR23621,MCH7119,2026-02-08 05:56:19,2026-09-02 00:00:00,1336.12,item not received,Merchant service was not delivered after payment.,RESOLVED,,MEDIUM,Email,CBK0001698,TXN00015223,USR23621,MCH 7119,0,0,0,0,0,1,0,0
CBK0001803,TXN00007718,USR33934,1524,2026-03-26 00:00:00,2026-03-28 00:00:00,1496.09,Unauthorized Transaction,User reports money deducted but merchant denies receiving payment.,IN_PROGRESS,2026-04-18 00:00:00,HIGH,Email,CBK0001803,TXN00007718,USR 33934,1524,0,0,0,0,0,0,0,1
CBK0002290,TXN00008903,USR27947,MCH7284,2026-02-17 16:33:46,2026-02-24 00:00:00,601.89,FRAUD,suspicious high-value payment disputed by customer.,IN_PROGRESS,2026-03-01 00:00:00,CRITICAL,App,CBK0002290,TXN00008903,USR27947,MCH7284,0,0,0,0,0,0,1,0
CBK0001371,TXN00005048,USR43424,MCH1320,2026-09-02 00:00:00,2026-10-02 00:00:00,2992.52,charged twice,User says UPI PIN was not entered by them.,RESOLVED,2026-03-12 00:00:00,HIGH,ivr,CBK0001371,TXN00005048,USR43424,MCH1320,0,0,0,0,0,0,0,1
CBK0001482,TXN00002314,USR_23329,MCH8420,2026-03-05 14:48:39,2026-03-08 00:00:00,0.505,item not received,User reports money deducted but merchant denies receiving payment.,CLOSED,2026-03-27 00:00:00,HIGH,Branch,CBK0001482,TXN00002314,usr_23329,MCH8420,0,0,0,0,0,0,0,1
CBK0001684,TXN00010572,USR52501,MCH5980,2026-01-05 00:00:00,2026-01-07 00:00:00,0.1964,login compromised,Customer complaint text unclear due to poor call center notes.,REJECTED,2026-01-22 00:00:00,HIGH,chatbot,CBK0001684,TXN00010572,USR52501,MCH 5980,0,0,0,0,0,0,0,1
CBK0000960,TXN00012384,USR41135,MCH6810,2026-03-21 00:00:00,,461.01,unauthorized_transaction,suspicious high-value payment disputed by customer.,Pending Bank,2026-05-06 07:01:38,MEDIUM,ivr,CBK0000960,TXN00012384,USR41135,mch6810,0,0,0,0,1,0,0,0
CBK0001812,TXN00006460,USR29769,MCH9537,,2026-02-09 00:00:00,3745.94,DUP_DEBIT,suspicious high-value payment disputed by customer.,Pending Bank,2026-03-01 15:46:53,MEDIUM,ivr,CBK0001812,TXN00006460,USR29769,MCH9537,0,0,0,1,0,0,0,0
CBK0001272,TXN00018901,USR79175,MCH4473,2026-01-12 00:00:00,2026-01-15 00:00:00,0.2585,amount mismatch,Customer says txn was not authorized.,WIP,2026-02-12 19:51:00,LOW,chatbot,CBK0001272,TXN00018901,USR79175,MCH4473,0,0,0,0,0,0,0,0
CBK0000367,TXN00017265,USR30537,MCH6902,2026-01-10 00:00:00,2026-01-25 16:37:52,2120.67,Merchant Not Delivered,user says upi pin was not entered by them.,RESOLVED,2026-02-18 00:00:00,LOW,CHATBOT,CBK0000367,TXN00017265,USR30537,MCH-6902,0,0,0,0,0,0,0,0
CBK0001546,TXN00006374,USR50077,MCH5655,2026-01-26 00:00:00,2026-01-29 00:00:00,328.81,suspicious transaction,Customer says amount was debited twice.,Open,2026-02-15 05:29:55,MEDIUM,App,CBK0001546,TXN00006374,USR50077,mch5655,0,0,0,0,0,0,0,0
CBK0000287,TXN00015777,USR40538,2822,2026-03-27 00:00:00,2026-04-11 18:19:42,-4982.63,suspicious transaction,payment made to unknown merchant as per customer statement.,WIP,2026-05-11 18:19:42,LOW,App,CBK0000287,TXN00015777,USR40538,2822,1,0,0,0,0,0,0,0
CBK0001822,TXN-00010858,USR89549,MCH5264,2026-01-16 00:00:00,2026-01-21 00:00:00,0.624,login compromised,Payment made to unknown merchant as per customer statement.,IN_PROGRESS,2026-02-04 07:12:00,MEDIUM,Call Center,CBK0001822,txn-00010858,USR89549,MCH 5264,0,0,0,0,0,0,0,0
CBK0000728,TXN00018012,USR11036,MCH8256,2026-03-26 00:00:00,2026-03-28 00:00:00,722.5,extra amount deducted,Payment made to unknown merchant as per customer statement.,Closed,,LOW,chatbot,CBK0000728,TXN00018012,USR11036,MCH8256,0,0,0,0,0,1,0,0
CBK0000662,TXN00001154,USR_55160,MCH3733,2026-01-09 00:00:00,2026-01-15 13:39:00,336.21,delivery issue,complaint received after multiple failed attempts.,In Progress,2026-01-22 13:39:35,MEDIUM,App,CBK0000662,TXN00001154,usr_55160,MCH3733,0,0,0,0,0,0,0,0
CBK0002338,TXN00001443,USR39700,MCH7714,2026-02-24 00:00:00,2026-02-27 22:03:00,1732.28,Duplicate Debit,User reports money deducted but merchant denies receiving payment.,WIP,2026-03-20 00:00:00,MEDIUM,chatbot,CBK0002338,TXN00001443,USR39700,mch7714,0,0,0,0,0,0,0,0
CBK0001467,TXN00008130,USR27544,MCH4226,,2026-01-07 00:00:00,482.6,not delivered,MERCHANT SERVICE WAS NOT DELIVERED AFTER PAYMENT.,REJECTED,2026-01-13 00:00:00,MEDIUM,Email,CBK0001467,TXN00008130,USR27544,MCH4226,0,0,0,1,0,0,0,0
CBK0001290,TXN00009715,USR21449,MCH9881,2026-01-07 22:39:00,2026-01-23 00:00:00,1200.75,incorrect amount,Payment made to unknown merchant as per customer statement.,Closed,2026-02-04 00:00:00,LOW,App,CBK0001290,TXN00009715,USR21449,MCH9881,0,0,0,0,0,0,0,0
CBK0002411,TXN00013763,USR_34955,MCH8491,2026-03-20 00:00:00,2026-03-23 00:00:00,306.11,no service,User claims account was compromised before transaction. details missing,Pending Bank,2026-04-16 00:00:00,MEDIUM,IVR,CBK0002411,TXN00013763,usr_34955,MCH8491,0,0,0,0,0,0,0,0
CBK0001598,TXN00005489,33874,MCH6555,2026-03-16 00:00:00,2026-03-17 11:42:00,3170.75,Fraud Suspected,User says UPI PIN was not entered by them.,Closed,2026-03-23 11:42:34,MEDIUM,Call Center,CBK0001598,TXN00005489,33874,MCH6555,0,0,0,0,0,0,0,0
CBK0001414,TXN00000954,USR60939,MCH6568,2026-02-01 00:00:00,2026-02-02 00:00:00,12462.99,ATO,User says UPI PIN was not entered by them.,RESOLVED,2026-02-18 00:00:00,MEDIUM,chatbot,CBK0001414,TXN00000954,USR60939,mch6568,0,0,0,0,0,0,0,0
CBK0001223,,USR85507,MCH1883,2026-03-04 00:00:00,2026-04-03 00:00:00,-1472.04,not done by me,merchant service was not delivered after payment.,PENDING_BANK,2026-04-22 00:00:00,LOW,Call Center,CBK0001223,,USR 85507,MCH-1883,1,0,1,0,0,0,0,0
CBK0002142,TXN00001780,87262,1774,2026-01-31 00:00:00,2026-02-05 22:35:00,2351.6,unauthorized_transaction,Customer says amount was debited twice.,OPEN,2026-03-07 00:00:00,HIGH,CHATBOT,CBK0002142,TXN00001780,87262,1774,0,0,0,0,0,0,0,1
CBK0001623,TXN00004018,USR77422,MCH8838,2026-02-13 00:00:00,,11729.72,merchant service issue,Payment made to unknown merchant as per customer statement.,IN_PROGRESS,2026-03-01 01:02:03,MEDIUM,CHATBOT,CBK0001623,TXN00004018,USR 77422,MCH8838,0,0,0,0,1,0,0,0
CBK0002342,TXN00018954,USR46617,MCH4286,2026-01-21 00:00:00,2026-03-07 18:04:46,3630.2,merchant service issue,User reports money deducted but merchant denies receiving payment. NA,REJECTED,2026-03-20 00:00:00,HIGH,App,CBK0002342,TXN00018954,USR46617,MCH4286,0,0,0,0,0,0,0,1
CBK0001569,TXN00014298,USR48625,MCH4181,2026-01-23 00:00:00,2026-03-10 00:00:00,665.91,scam,Customer says transaction was not authorized.,In Progress,,MEDIUM,chatbot,CBK0001569,TXN00014298,USR48625,MCH4181,0,0,0,0,0,1,0,0
CBK0001353,TXN00019934,USR64893,MCH1320,,2026-02-21 00:00:00,-2640.42,unauth txn,complaint received after multiple failed attempts.,Pending Bank,,LOW,ivr,CBK0001353,TXN00019934,USR64893,MCH1320,1,0,0,1,0,1,0,0
CBK0001894,TXN00013090,USR24730,MCH4226,2026-02-02 17:30:06,2026-02-05 00:00:00,1588.36,ATO,Customer complaint text unclear due to poor call center notes.,WIP,,MEDIUM,App,CBK0001894,TXN00013090,USR24730,MCH4226,0,0,0,0,0,1,0,0
CBK0001522,TXN00013545,USR75846,MCH9344,2026-02-07 00:00:00,2026-02-12 00:00:00,0.2483,incorrect amount,PAYMENT MADE TO UNKNOWN MERCHANT AS PER CUSTOMER STATEMENT.,RESOLVED,2026-02-18 00:00:00,LOW,CHATBOT,CBK0001522,TXN00013545,USR75846,MCH9344,0,0,0,0,0,0,0,0
CBK0001502,TXN00006961,USR72785,MCH4196,2026-01-31 00:00:00,2026-03-02 00:00:00,2280.65,amount mismatch,Suspicious high-value payment disputed by customer. urgent,Open,2026-02-07 00:00:00,MEDIUM,ivr,CBK0001502,TXN00006961,USR72785,MCH-4196,0,0,0,0,0,0,0,0
CBK0000709,TXN00011910,USR-78593,MCH3912,2026-08-03 00:00:00,2026-03-15 00:00:00,3498.93,account hacked,suspicious high-value payment disputed by customer.,REJECTED,2026-04-11 00:00:00,LOW,CHATBOT,CBK0000709,TXN00011910,USR-78593,MCH3912,0,0,0,0,0,0,0,0
CBK0000010,TXN00006640,USR52772,MCH3725,2026-02-25 23:06:00,2026-02-27 03:06:00,,login compromised,USER CLAIMS ACCOUNT WAS COMPROMISED BEFORE TRANSACTION.,CLOSED,,LOW,App,CBK0000010,TXN00006640,USR52772,MCH-3725,0,1,0,0,0,1,0,0
CBK0000091,TXN00014621,USR78310,MCH9002,2026-03-09 00:00:00,2026-03-16 00:00:00,264.51,delivery issue,Complaint received after multiple failed attempts.,OPEN,,MEDIUM,IVR,CBK0000091,TXN00014621,USR78310,MCH9002,0,0,0,0,0,1,0,0
CBK0002557,TXN39623,USR35327,MCH3415,2026-02-14 02:29:00,2026-02-21 00:00:00,0.935,dispute raised,Customer says amount was debited twice.,Resolved,2026-03-14 00:00:00,CRITICAL,chatbot,CBK0002557,TXN39623,USR35327,MCH3415,0,0,0,0,0,0,1,0
CBK0000909,TXN00006059,USR60322,5605,2026-02-22 00:00:00,2026-02-23 00:00:00,-11598.12,charged twice,Customer complaint text unclear due to poor call center notes.,WIP,2026-08-03 00:00:00,MEDIUM,Call Center,CBK0000909,TXN00006059,usr60322,5605,1,0,0,0,0,0,0,0
CBK0000677,TXN00003443,USR88570,MCH2055,2026-02-05 00:00:00,2026-02-12 00:00:00,-7308.16,Fraud Suspected,Suspicious high-value payment disputed by customer.,Open,2026-02-21 00:00:00,LOW,Email,CBK0000677,TXN00003443,USR 88570,mch2055,1,0,0,0,0,0,0,0
CBK0000435,TXN00009091,USR-82248,MCH5691,2026-02-28 11:29:00,2026-03-02 00:00:00,358.42,incorrect amount,User reports money deducted but merchant denies receiving payment.,Open,2026-03-21 00:00:00,MEDIUM,App,CBK0000435,TXN00009091,USR-82248,MCH5691,0,0,0,0,0,0,0,0
CBK0001325,TXN00012946,USR82083,MCH7565,2026-03-15 00:00:00,2026-03-22 00:00:00,315.95,FRAUD,Customer says transaction was not authorized.,REJECTED,2026-09-04 00:00:00,HIGH,Branch,CBK0001325,TXN00012946,USR82083,MCH7565,0,0,0,0,0,0,0,1
CBK0001746,TXN00015688,USR40061,MCH5969,2026-01-13 00:00:00,2026-01-19 10:27:00,0.3314,Account Takeover,Payment made to unknown merchant as per customer statement.,Pending Bank,2026-02-13 00:00:00,MEDIUM,CHATBOT,CBK0001746,TXN00015688,USR40061,MCH-5969,0,0,0,0,0,0,0,0
CBK0000895,TXN00007313,USR93581,MCH5980,2026-01-10 00:00:00,2026-01-12 10:24:00,802.19,delivery issue,CUSTOMER COMPLAINT TEXT UNCLEAR DUE TO POOR CALL CENTER NOTES.,IN_PROGRESS,2026-01-27 00:00:00,HIGH,App,CBK0000895,TXN00007313,USR 93581,MCH5980,0,0,0,0,0,0,0,1
CBK0000249,TXN00011669,USR26768,MCH8390,2026-03-30 00:00:00,2026-04-03 16:51:59,19475.24,unauthorized_transaction,User claims account was compromised before transaction.,WIP,,MEDIUM,chatbot,CBK0000249,TXN00011669,USR26768,MCH 8390,0,0,0,0,0,1,0,0
CBK0002573,TXN00007177,USR70317,MCH8645,2026-02-05 17:12:29,2026-02-06 00:00:00,2183.89,fraud,Merchant service was not delivered after payment.,RESOLVED,2026-02-18 00:00:00,LOW,Call Center,CBK0002573,TXN00007177,USR70317,MCH8645,0,0,0,0,0,0,0,0
CBK0001564,TXN00001739,USR36402,MCH6953,2026-02-04 00:00:00,2026-03-06 14:33:00,482.37,Duplicate Debit,Customer complaint text unclear due to poor call center notes.,WIP,2026-03-16 00:00:00,LOW,Email,CBK0001564,TXN00001739,USR36402,MCH6953,0,0,0,0,0,0,0,0
CBK0001059,TXN00009260,USR29465,MCH3341,2026-01-14 00:00:00,2026-01-21 00:00:00,5136.75,extra amount deducted,customer says transaction was not authorized.,Open,2026-02-06 23:34:05,LOW,Branch,CBK0001059,TXN00009260,USR29465,MCH3341,0,0,0,0,0,0,0,0
CBK0001785,TXN00018150,USR30819,MCH3100,2026-01-12 00:00:00,2026-01-09 00:00:00,1285.26,account hacked,User claims account was compromised before txn.,IN_PROGRESS,2026-01-09 00:00:00,MEDIUM,Branch,CBK0001785,TXN00018150,USR30819,MCH3100,0,0,0,0,0,0,0,0
CBK0000387,TXN00001261,USR11270,MCH4799,2026-03-22 00:00:00,2026-03-23 00:00:00,1010.81,Wrong Amount,Payment made to unknown merchant as per customer statement.,RESOLVED,,LOW,App,CBK0000387,TXN00001261,usr11270,MCH 4799,0,0,0,0,0,1,0,0
CBK0000166,TXN00011027,USR82338,MCH2856,2026-02-06 00:48:39,,0.1781,Duplicate Debit,Customer complaint text unclear due to poor call center notes.,PENDING_BANK,2026-02-09 00:00:00,MEDIUM,Call Center,CBK0000166,TXN00011027,USR82338,MCH2856,0,0,0,0,1,0,0,0
CBK0000288,TXN55417,USR41398,MCH1803,2026-03-23 00:00:00,2026-03-25 07:56:30,9306.13,unauthorized_transaction,payment made to unknown merchant as per customer statement.,IN_PROGRESS,,LOW,chatbot,CBK0000288,TXN55417,USR41398,MCH 1803,0,0,0,0,0,1,0,0
CBK0000195,TXN00014413,USR30474,MCH8961,2026-01-02 11:42:38,2026-01-06 09:42:00,2399.47,not delivered,Customer says transaction was not authorized.,In Progress,2026-01-11 00:00:00,MEDIUM,ivr,CBK0000195,TXN00014413,USR 30474,mch8961,0,0,0,0,0,0,0,0
CBK0001761,TXN00014440,USR24857,MCH1433,2026-01-14 00:00:00,2026-01-16 18:29:00,12244.08,ATO,Customer complaint text unclear due to poor call center notes. call dropped,Open,,HIGH,Branch,CBK0001761,TXN00014440,USR24857,MCH-1433,0,0,0,0,0,1,0,1
CBK0001753,TXN00002207,USR56780,MCH9581,,2026-03-28 00:00:00,-326.69,login compromised,Payment made to unknown merchant as per customer statement.,Pending Bank,2026-04-18 00:00:00,HIGH,CHATBOT,CBK0001753,TXN00002207,USR 56780,MCH9581,1,0,0,1,0,0,0,1
CBK0000020,TXN00010227,USR97817,MCH7570,2026-02-20 00:00:00,2026-02-24 00:00:00,0.258,item not received,Merchant service was not delivered after payment.,RESOLVED,2026-03-21 00:00:00,HIGH,Branch,CBK0000020,TXN00010227,USR97817,MCH 7570,0,0,0,0,0,0,0,1
CBK0000942,TXN00000964,USR_78941,MCH3992,2026-03-29 15:18:17,2026-04-06 00:00:00,2761.55,charged twice,Suspicious high-value payment disputed by customer.,RESOLVED,2026-04-06 02:18:00,LOW,ivr,CBK0000942,TXN00000964,usr_78941,MCH3992,0,0,0,0,0,0,0,0
CBK0002736,TXN00017399,USR27913,MCH5980,2026-01-26 19:18:00,2026-01-27 00:00:00,685.65,no service,CUSTOMER COMPLAINT TEXT UNCLEAR DUE TO POOR CALL CENTER NOTES.,REJECTED,,CRITICAL,CHATBOT,CBK0002736,TXN00017399,USR27913,MCH5980,0,0,0,0,0,1,1,0
CBK0000940,TXN00012142,USR51720,MCH2099,2026-03-17 12:23:25,2026-03-20 00:00:00,355.28,DUP_DEBIT,Customer says transaction was not authorized.,Resolved,2026-03-20 00:00:00,HIGH,Email,CBK0000940,TXN00012142,USR51720,mch2099,0,0,0,0,0,0,0,1
CBK0000031,TXN00005788,USR80678,MCH4473,,2026-03-29 00:09:09,372.51,DUP_DEBIT,User claims account was compromised before transaction.,RESOLVED,2026-03-29 00:09:09,LOW,IVR,CBK0000031,TXN00005788,USR80678,MCH4473,0,0,0,1,0,0,0,0
CBK0001210,TXN00014187,USR80504,MCH2456,2026-03-18 00:00:00,2026-03-20 00:00:00,0.972,fraud,Complaint received after multiple failed attempts.,RESOLVED,2026-03-25 08:55:00,LOW,CHATBOT,CBK0001210,TXN00014187,USR80504,MCH2456,0,0,0,0,0,0,0,0
CBK0002670,TXN00018420,USR34122,MCH3807,,2026-03-12 19:55:00,2274.67,merchant service issue,Payment made to unknown merchant as per customer statement.,Pending Bank,2026-03-28 00:00:00,HIGH,Branch,CBK0002670,TXN00018420,USR34122,MCH3807,0,0,0,1,0,0,0,1
CBK0001707,TXN00006976,USR91675,MCH3676,2026-01-15 00:00:00,2026-01-16 02:55:00,1752.57,account hacked,customer says amount was debited twice.,PENDING_BANK,2026-02-13 02:55:52,LOW,Email,CBK0001707,TXN00006976,usr91675,MCH3676,0,0,0,0,0,0,0,0
CBK0002073,TXN00007227,USR_23350,MCH8136,,2026-03-02 00:00:00,1894.93,extra amount deducted,Customer complaint text unclear due to poor call center notes.,Open,,MEDIUM,Branch,CBK0002073,TXN00007227,usr_23350,MCH8136,0,0,0,1,0,1,0,0
CBK0001648,TXN00003335,USR96396,MCH5954,2026-03-28 00:00:00,2026-04-07 00:00:00,1426.02,unauthorized_transaction,customer says transaction was not authorized.,PENDING_BANK,2026-05-05 00:00:00,HIGH,ivr,CBK0001648,TXN00003335,USR 96396,MCH-5954,0,0,0,0,0,0,0,1
CBK0001755,TXN-00008682,USR56480,MCH7833,2026-01-19 03:35:28,2026-01-20 22:35:28,5944.75,Unauthorized Transaction,Suspicious high-value payment disputed by customer.,Closed,2026-01-21 00:00:00,LOW,chatbot,CBK0001755,txn-00008682,usr56480,MCH7833,0,0,0,0,0,0,0,0
CBK0000952,TXN00013323,46902,MCH2064,,2026-04-24 00:00:00,1986.27,not delivered,Complaint received after multiple failed attempts.,OPEN,2026-05-19 00:00:00,MEDIUM,Call Center,CBK0000952,TXN00013323,46902,MCH 2064,0,0,0,1,0,0,0,0
CBK0002378,TXN00014450,USR74567,MCH5798,2026-03-10 00:00:00,2026-03-13 00:00:00,0.2438,Service Not Provided,Complaint received after multiple failed attempts.,In Progress,2026-03-13 23:03:21,LOW,CHATBOT,CBK0002378,TXN00014450,USR 74567,mch5798,0,0,0,0,0,0,0,0
CBK0001662,TXN00008240,USR43842,MCH7885,2026-06-01 00:00:00,2026-01-08 00:00:00,-962.34,no service,Merchant service was not delivered after payment.,Resolved,2026-01-18 19:29:00,HIGH,Branch,CBK0001662,TXN00008240,USR43842,MCH7885,1,0,0,0,0,0,0,1
CBK0000275,TXN37497,USR_31937,MCH9768,2026-02-20 00:00:00,2026-02-23 00:00:00,0.419,service failed,Complaint received after multiple failed attempts.,RESOLVED,2026-03-08 00:00:00,CRITICAL,chatbot,CBK0000275,TXN37497,usr_31937,MCH9768,0,0,0,0,0,0,1,0
CBK0002206,TXN00009768,USR52915,MCH7051,,2026-03-16 00:00:00,5082.98,Unauthorized Transaction,Payment made to unknown merchant as per customer statement.,Closed,2026-03-17 00:10:00,CRITICAL,Email,CBK0002206,TXN00009768,USR52915,MCH7051,0,0,0,1,0,0,1,0
CBK0002687,TXN00017004,USR22471,MCH2822,2026-01-27 00:00:00,2026-01-29 03:06:00,645.98,dispute raised,User says UPI PIN was not entered by them.,WIP,2026-02-11 00:00:00,CRITICAL,Call Center,CBK0002687,TXN00017004,USR22471,MCH2822,0,0,0,0,0,0,1,0
CBK0000843,TXN00014470,USR23820,MCH3842,2026-03-14 00:00:00,2026-03-25 00:04:00,,merchant service issue,Complaint received after multiple failed attempts.,REJECTED,,LOW,Call Center,CBK0000843,TXN00014470,USR 23820,MCH3842,0,1,0,0,0,1,0,0
CBK0002212,TXN00010395,USR73737,MCH1395,2026-03-24 02:55:35,2026-03-31 00:00:00,4273.42,item not received,Customer says amount was debited twice. NA,WIP,2026-04-13 06:55:35,HIGH,chatbot,CBK0002212,TXN00010395,USR73737,MCH1395,0,0,0,0,0,0,0,1
CBK0002231,TXN00010167,USR37981,7715,2026-03-08 00:00:00,2026-03-10 09:30:28,-3121.8,Customer Dispute,Customer says amount was debited twice.,In Progress,2026-08-04 00:00:00,MEDIUM,chatbot,CBK0002231,TXN00010167,USR37981,7715,1,0,0,0,0,0,0,0
CBK0000475,TXN00015106,USR_66875,MCH7661,2026-02-11 00:00:00,2026-02-18 00:00:00,4581.94,charged twice,Suspicious high-value payment disputed by customer.,OPEN,,MEDIUM,Email,CBK0000475,TXN00015106,usr_66875,MCH7661,0,0,0,0,0,1,0,0
CBK0002741,TXN00016493,USR97428,MCH9290,,,1664.55,account hacked,Complaint received after multiple failed attempts.,Closed,2026-03-21 00:00:00,LOW,ivr,CBK0002741,TXN00016493,USR 97428,MCH9290,0,0,0,1,1,0,0,0
CBK0001221,TXN00002325,USR19262,MCH7654,2026-03-28 01:43:00,,800.32,delivery issue,Payment made to unknown merchant as per customer statement.,WIP,2026-04-26 00:00:00,HIGH,Email,CBK0001221,TXN00002325,USR19262,MCH7654,0,0,0,0,1,0,0,1
CBK0000584,TXN00018381,USR66286,MCH3433,2026-01-24 00:00:00,2026-01-26 00:09:00,528.22,login compromised,Suspicious high-value payment disputed by customer.,OPEN,2026-02-17 00:09:38,LOW,IVR,CBK0000584,TXN00018381,USR 66286,MCH3433,0,0,0,0,0,0,0,0
CBK0001297,TXN00002610,USR99997,MCH5710,2026-04-01 00:00:00,2026-01-10 07:41:28,784.51,extra amount deducted,suspicious high-value payment disputed by customer.,REJECTED,2026-02-09 07:41:28,MEDIUM,App,CBK0001297,TXN00002610,USR99997,MCH5710,0,0,0,0,0,0,0,0
CBK0001860,TXN00000877,USR24833,MCH8648,2026-10-03 00:00:00,2026-03-11 00:00:00,1251.7,Wrong Amount,Suspicious high-value payment disputed by customer.,Resolved,2026-04-06 00:00:00,LOW,IVR,CBK0001860,TXN00000877,USR24833,MCH8648,0,0,0,0,0,0,0,0
CBK0001456,TXN00003248,USR30500,2822,2026-02-08 02:56:43,2026-02-09 00:00:00,10277.41,Unauthorized Transaction,Suspicious high-value payment disputed by customer.,PENDING_BANK,2026-02-16 00:00:00,CRITICAL,Call Center,CBK0001456,TXN00003248,USR30500,2822,0,0,0,0,0,0,1,0
CBK0001261,TXN00001742,USR56247,MCH1220,2026-01-24 00:00:00,2026-02-03 00:00:00,1286.87,FRAUD,Customer complaint text unclear due to poor call center notes.,IN_PROGRESS,2026-02-15 00:00:00,LOW,IVR,CBK0001261,TXN00001742,USR56247,MCH1220,0,0,0,0,0,0,0,0
CBK0000638,TXN00006348,USR97580,6624,2026-01-17 00:00:00,2026-01-21 00:00:00,506.14,Customer Dispute,user says upi pin was not entered by them.,In Progress,2026-01-27 00:24:00,MEDIUM,chatbot,CBK0000638,TXN00006348,USR97580,6624,0,0,0,0,0,0,0,0
CBK0000029,TXN00006499,USR14810,MCH1545,2026-02-27 09:13:41,2026-03-01 20:13:00,640.77,incorrect amount,User says UPI PIN was not entered by them.,CLOSED,,MEDIUM,chatbot,CBK0000029,TXN00006499,USR14810,MCH1545,0,0,0,0,0,1,0,0
CBK0001349,TXN00011307,USR_27947,MCH5452,2026-03-31 02:55:00,2026-03-31 19:55:24,4006.77,login compromised,User says UPI PIN was not entered by them.,Pending Bank,2026-04-06 00:00:00,LOW,Call Center,CBK0001349,TXN00011307,usr_27947,MCH5452,0,0,0,0,0,0,0,0
CBK0000751,TXN00008166,USR71704,MCH6694,,,813.72,unauthorized_transaction,USER CLAIMS ACCOUNT WAS COMPROMISED BEFORE TRANSACTION.,Rejected,2026-02-22 08:23:27,MEDIUM,ivr,CBK0000751,TXN00008166,USR71704,MCH6694,0,0,0,1,1,0,0,0
CBK0001656,TXN00014355,USR49179,MCH9241,2026-03-31 00:00:00,2026-05-15 19:24:00,842.31,Duplicate Debit,Customer says transaction was not authorized.,OPEN,2026-06-09 00:00:00,LOW,Branch,CBK0001656,TXN00014355,usr49179,MCH 9241,0,0,0,0,0,0,0,0
CBK0001674,TXN00013171,USR_44076,MCH8679,2026-02-27 00:19:00,2026-04-13 00:00:00,1091.17,account hacked,Customer complaint text unclear due to poor call center notes.,IN_PROGRESS,2026-04-18 00:00:00,HIGH,Branch,CBK0001674,TXN00013171,usr_44076,MCH8679,0,0,0,0,0,0,0,1
CBK0000295,TXN00010097,30500,MCH3244,2026-02-20 01:27:00,2026-02-22 00:00:00,12885.17,Unauthorized Transaction,Complaint received after multiple failed attempts.,PENDING_BANK,2026-03-19 00:00:00,LOW,ivr,CBK0000295,TXN00010097,30500,MCH3244,0,0,0,0,0,0,0,0
CBK0000054,TXN00015105,USR-35239,9077,2026-03-26 00:00:00,2026-03-29 00:00:00,608.31,customer issue,User claims account was compromised before transaction.,Rejected,2026-03-30 00:00:00,LOW,IVR,CBK0000054,TXN00015105,USR-35239,9077,0,0,0,0,0,0,0,0
CBK0001078,TXN00001209,USR19922,MCH6850,2026-02-07 00:00:00,2026-02-13 00:00:00,2704.46,Service Not Provided,User claims account was compromised before transaction.,WIP,,MEDIUM,chatbot,CBK0001078,TXN00001209,USR19922,mch6850,0,0,0,0,0,1,0,0
CBK0000768,TXN00002926,USR29277,MCH7998,2026-01-03 00:00:00,2026-02-18 00:00:00,1432.79,dispute raised,Customer complaint text unclear due to poor call center notes.,Open,2026-02-19 00:00:00,LOW,chatbot,CBK0000768,TXN00002926,USR29277,MCH7998,0,0,0,0,0,0,0,0
CBK0002700,TXN00018891,USR69797,MCH5713,,2026-06-01 00:00:00,2154.46,unauth txn,Customer complaint text unclear due to poor call center notes.,RESOLVED,2026-02-04 20:17:00,HIGH,Email,CBK0002700,TXN00018891,USR69797,MCH5713,0,0,0,1,0,0,0,1
CBK0002167,TXN00008964,58972,MCH9155,2026-01-20 00:00:00,2026-01-22 00:00:00,1646.02,Account Takeover,Customer says amount was debited twice.,Pending Bank,,HIGH,Email,CBK0002167,TXN00008964,58972,MCH9155,0,0,0,0,0,1,0,1
CBK0002787,TXN00005483,USR89278,MCH4006,2026-01-12 00:44:38,2026-01-15 00:00:00,2130.14,no service,User reports money deducted but merchant denies receiving payment.,WIP,,MEDIUM,Call Center,CBK0002787,TXN00005483,USR89278,MCH4006,0,0,0,0,0,1,0,0
CBK0002552,TXN00011308,USR_27300,MCH9291,2026-03-30 00:00:00,2026-04-02 19:18:00,0.16936,FRAUD,Complaint received after multiple failed attempts.,OPEN,2026-04-26 00:00:00,LOW,Call Center,CBK0002552,TXN00011308,usr_27300,MCH-9291,0,0,0,0,0,0,0,0
CBK0002279,TXN00018603,USR39503,MCH1658,2026-03-23 12:48:07,2026-03-26 00:00:00,3615.07,Duplicate Debit,Suspicious high-value payment disputed by customer.,REJECTED,2026-03-26 04:48:00,CRITICAL,Call Center,CBK0002279,TXN00018603,USR39503,MCH 1658,0,0,0,0,0,0,1,0
CBK0000950,TXN00016469,USR13599,MCH6400,2026-01-29 06:43:12,2026-02-06 00:00:00,1313.4,Account Takeover,Complaint received after multiple failed attempts.,In Progress,2026-02-14 00:00:00,HIGH,CHATBOT,CBK0000950,TXN00016469,USR13599,MCH6400,0,0,0,0,0,0,0,1
CBK0002046,TXN00013381,USR72135,MCH5076,2026-01-08 16:33:00,2026-01-18 21:33:00,1684.52,not delivered,User says UPI PIN was not entered by them.,Rejected,2026-02-17 21:33:18,LOW,Branch,CBK0002046,TXN00013381,USR72135,MCH5076,0,0,0,0,0,0,0,0
CBK0002547,TXN-00009614,USR83314,MCH4007,,2026-02-12 00:00:00,927.07,FRAUD,Customer complaint text unclear due to poor call center notes.,PENDING_BANK,2026-03-01 00:00:00,HIGH,IVR,CBK0002547,txn-00009614,USR83314,MCH4007,0,0,0,1,0,0,0,1
CBK0000941,TXN00016470,USR14844,2266,2026-01-04 00:00:00,2026-01-10 09:49:36,-1994.56,service failed,Customer says amount was debited twice.,Open,2026-01-10 00:00:00,HIGH,Email,CBK0000941,TXN00016470,USR 14844,2266,1,0,0,0,0,0,0,1
CBK0001286,TXN00004472,USR83523,MCH5954,2026-03-10 08:35:18,2026-03-07 08:35:18,,Merchant Not Delivered,Customer says transaction was not authorized. NA,Pending Bank,2026-04-05 08:35:00,MEDIUM,Branch,CBK0001286,TXN00004472,usr83523,MCH 5954,0,1,0,0,0,0,0,0
CBK0002170,TXN00017055,USR56789,MCH5954,2026-03-02 00:00:00,2026-03-03 00:00:00,226.51,DUP_DEBIT,Customer complaint text unclear due to poor call center notes.,REJECTED,2026-03-16 00:00:00,HIGH,chatbot,CBK0002170,TXN00017055,USR56789,MCH5954,0,0,0,0,0,0,0,1
CBK0001905,TXN00011981,80617,MCH7286,2026-01-08 00:00:00,2026-01-11 00:00:00,17594.04,item not received,suspicious high-value payment disputed by customer.,Pending Bank,2026-01-23 03:28:28,LOW,Email,CBK0001905,TXN00011981,80617,MCH7286,0,0,0,0,0,0,0,0
CBK0000179,TXN00017876,USR49537,MCH5956,2026-03-06 00:00:00,2026-03-10 14:02:56,638.04,Fraud Suspected,Customer says transaction was not authorized.,WIP,2026-03-28 00:00:00,HIGH,IVR,CBK0000179,TXN00017876,USR49537,mch5956,0,0,0,0,0,0,0,1
CBK0002676,TXN00004927,USR19351,MCH3684,2026-03-05 00:00:00,,1530.6,service failed,Merchant service was not delivered after payment.,RESOLVED,,LOW,App,CBK0002676,TXN00004927,USR19351,MCH3684,0,0,0,0,1,1,0,0
CBK0001302,TXN00007192,USR80872,MCH2757,2026-08-01 00:00:00,2026-01-16 00:00:00,1195.71,Merchant Not Delivered,Suspicious high-value payment disputed by customer.,PENDING_BANK,2026-02-08 00:00:00,MEDIUM,ivr,CBK0001302,TXN00007192,USR80872,MCH2757,0,0,0,0,0,0,0,0
CBK0000591,TXN00011869,USR_62847,MCH3840,2026-01-16 05:31:00,2026-03-02 00:00:00,8004.21,amount mismatch,User claims account was compromised before transaction.,CLOSED,2026-03-24 00:00:00,CRITICAL,Call Center,CBK0000591,TXN00011869,usr_62847,MCH-3840,0,0,0,0,0,0,1,0
CBK0000460,TXN00001710,USR13062,MCH2803,2026-03-22 00:00:00,2026-04-21 00:00:00,-5894.84,ATO,customer complaint text unclear due to poor call center notes.,Resolved,,MEDIUM,ivr,CBK0000460,TXN00001710,USR13062,MCH2803,1,0,0,0,0,1,0,0
CBK0000570,TXN00006817,USR13134,MCH3815,2026-03-24 00:00:00,2026-03-25 00:00:00,774.67,login compromised,Customer says transaction was not authorized.,PENDING_BANK,2026-04-10 00:00:00,MEDIUM,CHATBOT,CBK0000570,TXN00006817,USR13134,MCH 3815,0,0,0,0,0,0,0,0
CBK0001161,TXN00004594,USR-71825,MCH8679,2026-02-23 00:00:00,2026-02-24 00:00:00,315.15,Fraud Suspected,Customer complaint text unclear due to poor call center notes.,WIP,2026-03-24 00:00:00,MEDIUM,App,CBK0001161,TXN00004594,USR-71825,MCH8679,0,0,0,0,0,0,0,0
CBK0002019,TXN00005409,USR58335,MCH1825,2026-03-27 23:06:21,2026-03-29 14:06:21,504.51,DUP_DEBIT,Customer says transaction was not authorized.,Resolved,,CRITICAL,App,CBK0002019,TXN00005409,USR58335,MCH-1825,0,0,0,0,0,1,1,0
CBK0002751,TXN00015657,USR-59679,MCH3440,2026-02-08 00:00:00,2026-02-10 00:00:00,1966.13,no service,User says UPI PIN was not entered by them.,REJECTED,2026-02-25 00:00:00,LOW,ivr,CBK0002751,TXN00015657,USR-59679,MCH3440,0,0,0,0,0,0,0,0
CBK0001766,,USR12686,MCH7267,2026-02-18 00:00:00,2026-02-18 00:00:00,1546.27,account hacked,User claims account was compromised before transaction.,Resolved,2026-03-20 10:31:04,HIGH,chatbot,CBK0001766,,USR12686,mch7267,0,0,1,0,0,0,0,1
CBK0002685,TXN00018738,USR32577,MCH5980,2026-02-10 00:00:00,2026-03-13 00:00:00,1179.22,double debit,Customer complaint text unclear due to poor call center notes.,PENDING_BANK,2026-03-29 00:00:00,LOW,CHATBOT,CBK0002685,TXN00018738,USR32577,MCH5980,0,0,0,0,0,0,0,0
CBK0001179,TXN00016521,USR36519,MCH9839,2026-02-25 00:00:00,2026-03-13 00:00:00,0.2697,scam,Customer says amount was debited twice.,PENDING_BANK,2026-04-07 00:00:00,LOW,Email,CBK0001179,TXN00016521,USR36519,MCH9839,0,0,0,0,0,0,0,0
CBK0002516,TXN73646,USR57758,MCH1812,2026-01-24 00:00:00,2026-01-31 00:00:00,7863.78,dispute raised,Payment made to unknown merchant as per customer statement.,RESOLVED,,HIGH,Email,CBK0002516,TXN73646,USR57758,MCH1812,0,0,0,0,0,1,0,1
CBK0002047,TXN00007439,USR65461,MCH3896,2026-03-09 12:57:00,2026-12-03 00:00:00,3333.48,FRAUD,User claims account was compromised before transaction.,Rejected,,LOW,chatbot,CBK0002047,TXN00007439,USR65461,mch3896,0,0,0,0,0,1,0,0
CBK0000352,TXN00014436,USR20197,MCH8920,2026-02-02 00:00:00,2026-02-05 18:21:54,5439.35,account hacked,Suspicious high-value payment disputed by customer.,Pending Bank,2026-02-23 18:21:54,HIGH,Branch,CBK0000352,TXN00014436,USR 20197,mch8920,0,0,0,0,0,0,0,1
CBK0001568,TXN00010744,USR28325,MCH2822,2026-02-03 04:06:53,2026-02-04 12:06:53,748.64,login compromised,User claims account was compromised before transaction.,Resolved,2026-02-07 12:06:00,MEDIUM,Branch,CBK0001568,TXN00010744,USR28325,mch2822,0,0,0,0,0,0,0,0
CBK0001997,TXN00019193,USR39555,MCH8953,2026-10-01 00:00:00,2026-01-13 00:00:00,1004.32,double debit,Complaint received after multiple failed attempts.,CLOSED,2026-02-09 00:00:00,HIGH,CHATBOT,CBK0001997,TXN00019193,USR39555,MCH8953,0,0,0,0,0,0,0,1
CBK0000400,TXN00009596,USR71348,MCH7207,2026-01-21 00:00:00,2026-01-24 00:00:00,5224.53,double debit,user claims account was compromised before transaction.,In Progress,,MEDIUM,App,CBK0000400,TXN00009596,USR71348,mch7207,0,0,0,0,0,1,0,0
CBK0000982,TXN00011350,USR93171,MCH5785,2026-01-06 00:00:00,2026-01-14 00:00:00,188.6,item not received,User reports money deducted but merchant denies receiving payment.,Closed,,MEDIUM,IVR,CBK0000982,TXN00011350,USR93171,MCH5785,0,0,0,0,0,1,0,0
CBK0001618,TXN00015125,USR77086,MCH1644,2026-03-28 00:00:00,2026-04-28 00:00:00,0.967,account hacked,customer says transaction was not authorized.,In Progress,2026-05-22 00:00:00,MEDIUM,Branch,CBK0001618,TXN00015125,USR77086,MCH1644,0,0,0,0,0,0,0,0
CBK0001730,TXN00006467,USR66854,4352,2026-02-19 12:08:55,2026-02-20 10:08:55,7505.86,Wrong Amount,CUSTOMER COMPLAINT TEXT UNCLEAR DUE TO POOR CALL CENTER NOTES.,REJECTED,2026-03-17 00:00:00,HIGH,CHATBOT,CBK0001730,TXN00006467,usr66854,4352,0,0,0,0,0,0,0,1
CBK0002249,TXN00005146,USR93984,MCH8154,2026-03-26 00:00:00,2026-03-29 08:57:00,725.45,unauth txn,CUSTOMER SAYS TRANSACTION WAS NOT AUTHORIZED.,PENDING_BANK,2026-04-24 00:00:00,MEDIUM,IVR,CBK0002249,TXN00005146,USR93984,MCH8154,0,0,0,0,0,0,0,0
CBK0001787,TXN00013934,USR50975,MCH4366,2026-03-12 13:58:26,2026-11-04 00:00:00,487.43,ATO,Suspicious high-value payment disputed by customer.,IN_PROGRESS,2026-04-26 00:00:00,HIGH,Email,CBK0001787,TXN00013934,USR50975,mch4366,0,0,0,0,0,0,0,1
CBK0000936,TXN00008546,USR92782,MCH9921,2026-02-07 19:28:54,2026-08-02 00:00:00,936.49,dispute raised,User says UPI PIN was not entered by them.,RESOLVED,2026-02-17 00:00:00,LOW,CHATBOT,CBK0000936,TXN00008546,USR92782,MCH9921,0,0,0,0,0,0,0,0
CBK0001535,TXN00015786,USR49801,MCH2148,2026-03-17 00:00:00,2026-03-20 15:18:00,14485.22,dispute raised,User reports money deducted but merchant denies receiving payment.,Pending Bank,,MEDIUM,Call Center,CBK0001535,TXN00015786,USR49801,MCH2148,0,0,0,0,0,1,0,0
CBK0001064,TXN00016822,USR_40162,MCH1101,2026-01-19 01:40:00,2026-02-19 00:00:00,3058.22,Unauthorized Transaction,Customer says amount was debited twice.,IN_PROGRESS,2026-02-03 00:00:00,LOW,chatbot,CBK0001064,TXN00016822,usr_40162,MCH1101,0,0,0,0,0,0,0,0
CBK0002089,TXN00010784,USR61539,MCH5778,2026-01-16 03:49:43,2026-01-16 12:49:43,782.96,customer issue,Customer says amount was debited twice.,OPEN,2026-02-04 00:00:00,HIGH,Branch,CBK0002089,TXN00010784,USR61539,mch5778,0,0,0,0,0,0,0,1
CBK0001897,TXN00008189,USR-22202,MCH4473,2026-01-10 00:00:00,2026-02-09 09:59:00,577.55,DUP_DEBIT,User claims account was compromised before transaction.,In Progress,2026-02-13 00:00:00,MEDIUM,App,CBK0001897,TXN00008189,USR-22202,MCH4473,0,0,0,0,0,0,0,0
CBK0001591,TXN00001778,USR22644,MCH3896,2026-02-20 00:00:00,2026-02-21 20:57:45,0.2008,unauth txn,Customer complaint text unclear due to poor call center notes.,REJECTED,2026-03-23 00:00:00,LOW,ivr,CBK0001591,TXN00001778,USR22644,MCH3896,0,0,0,0,0,0,0,0
CBK0001510,TXN00009054,USR40521,MCH8665,2026-01-16 19:29:00,2026-01-18 00:00:00,14177.27,UNAUTHORISED,customer says transaction was not authorized.,WIP,2026-02-08 00:00:00,MEDIUM,IVR,CBK0001510,TXN00009054,USR40521,MCH8665,0,0,0,0,0,0,0,0
CBK0000351,TXN49383,USR-83155,MCH5768,2026-01-30 00:00:00,2026-01-31 19:44:25,614.57,Service Not Provided,Suspicious high-value payment disputed by cust.,Open,2026-02-23 19:44:00,LOW,chatbot,CBK0000351,TXN49383,USR-83155,MCH5768,0,0,0,0,0,0,0,0
CBK0001213,TXN00017444,29137,MCH6278,2026-03-24 23:19:43,2026-03-25 00:00:00,252.18,Unauthorized Transaction,User claims account was compromised before txn.,Pending Bank,2026-03-30 00:00:00,MEDIUM,chatbot,CBK0001213,TXN00017444,29137,MCH6278,0,0,0,0,0,0,0,0
CBK0001031,TXN00018504,USR95238,MCH8391,2026-02-19 00:00:00,2026-02-23 00:00:00,2887.1,not done by me,Merchant service was not delivered after payment. details missing,RESOLVED,2026-02-23 00:00:00,LOW,Call Center,CBK0001031,TXN00018504,USR95238,MCH8391,0,0,0,0,0,0,0,0
CBK0001148,TXN00009676,USR-60032,MCH8953,2026-01-18 00:00:00,2026-02-03 00:00:00,,Unauthorized Transaction,User reports money deducted but merchant denies receiving payment.,Resolved,2026-03-02 08:39:23,LOW,CHATBOT,CBK0001148,TXN00009676,USR-60032,MCH8953,0,1,0,0,0,0,0,0
CBK0002528,TXN00019669,USR43455,MCH2895,2026-03-10 12:00:49,2026-03-11 00:00:00,2022.82,scam,Customer says transaction was not authorized. call dropped,In Progress,,MEDIUM,Email,CBK0002528,TXN00019669,usr43455,MCH2895,0,0,0,0,0,1,0,0
CBK0002233,TXN00010897,USR48881,MCH3815,2026-01-29 21:07:26,2026-02-14 17:07:26,5022.43,delivery issue,USER REPORTS MONEY DEDUCTED BUT MERCHANT DENIES RECEIVING PAYMENT.,In Progress,2026-03-03 17:07:26,HIGH,Branch,CBK0002233,TXN00010897,USR48881,MCH3815,0,0,0,0,0,0,0,1
CBK0000147,TXN00003927,USR94184,MCH2234,2026-09-02 00:00:00,2026-02-17 03:26:55,875.3,Wrong Amount,Customer says transaction was not authorized.,CLOSED,2026-02-18 00:00:00,LOW,ivr,CBK0000147,TXN00003927,USR94184,MCH2234,0,0,0,0,0,0,0,0
CBK0000527,,USR45627,MCH3427,2026-03-26 11:37:00,2026-03-28 00:00:00,-171.98,fraud,User reports money deducted but merchant denies receiving payment.,WIP,,LOW,IVR,CBK0000527,,usr45627,MCH3427,1,0,1,0,0,1,0,0
CBK0000140,TXN00001801,USR46902,MCH2378,2026-02-26 07:20:00,2026-03-08 07:20:00,2789.99,Customer Dispute,User says UPI PIN was not entered by them.,WIP,2026-03-10 07:20:55,LOW,Email,CBK0000140,TXN00001801,USR46902,MCH 2378,0,0,0,0,0,0,0,0
CBK0000613,TXN00002808,USR-82191,MCH9948,2026-02-13 00:00:00,2026-02-20 00:00:00,604.93,Customer Dispute,Customer says transaction was not authorized.,Pending Bank,2026-03-02 02:21:00,MEDIUM,Email,CBK0000613,TXN00002808,USR-82191,mch9948,0,0,0,0,0,0,0,0
CBK0001796,TXN00014147,USR19352,MCH5990,2026-02-12 00:00:00,2026-02-22 00:00:00,0.2551,account hacked,payment made to unknown merchant as per customer statement.,IN_PROGRESS,2026-03-04 00:00:00,LOW,Branch,CBK0001796,TXN00014147,usr19352,MCH5990,0,0,0,0,0,0,0,0
CBK0000336,TXN00004644,USR14768,MCH8391,2026-03-05 00:00:00,2026-03-08 00:00:00,-3662.83,item not received,User claims account was compromised before transaction.,Resolved,,LOW,ivr,CBK0000336,TXN00004644,USR14768,MCH 8391,1,0,0,0,0,1,0,0
CBK0002179,TXN00002142,44124,MCH9291,2026-01-14 00:00:00,2026-01-18 00:00:00,13132.36,Service Not Provided,Customer says amount was debited twice.,Closed,2026-01-25 00:00:00,HIGH,chatbot,CBK0002179,TXN00002142,44124,MCH9291,0,0,0,0,0,0,0,1
CBK0002623,,USR80824,MCH3492,2026-01-18 14:41:00,2026-02-03 00:00:00,1057.6,FRAUD,Suspicious high-value payment disputed by customer.,Rejected,2026-02-21 00:00:00,HIGH,App,CBK0002623,,USR80824,mch3492,0,0,1,0,0,0,0,1
CBK0001375,TXN00001251,USR45344,MCH4473,2026-01-29 00:00:00,2026-02-01 00:00:00,802.62,complaint,Merchant service was not delivered after payment.,Resolved,,HIGH,chatbot,CBK0001375,TXN00001251,USR45344,MCH4473,0,0,0,0,0,1,0,1
CBK0001280,TXN00012568,USR61715,MCH6850,2026-01-16 00:00:00,2026-03-02 14:03:49,0.15086,Customer Dispute,Customer says transaction was not authorized.,OPEN,2026-11-03 00:00:00,LOW,Call Center,CBK0001280,TXN00012568,usr61715,MCH6850,0,0,0,0,0,0,0,0
CBK0002202,TXN00001215,USR-26403,MCH5655,2026-01-01 00:00:00,2026-01-07 00:00:00,5146.97,Merchant Not Delivered,Merchant service was not delivered after payment.,CLOSED,,MEDIUM,chatbot,CBK0002202,TXN00001215,USR-26403,MCH5655,0,0,0,0,0,1,0,0
CBK0002178,TXN00010512,USR39098,MCH1080,2026-01-19 00:00:00,2026-01-22 04:57:56,752.1,extra amount deducted,Customer says amount was debited twice.,OPEN,,LOW,ivr,CBK0002178,TXN00010512,USR39098,MCH 1080,0,0,0,0,0,1,0,0
CBK0002515,TXN00019171,95538,MCH5931,2026-03-30 00:00:00,2026-04-09 00:00:00,3429.44,Wrong Amount,Customer says transaction was not authorized.,Resolved,,LOW,Call Center,CBK0002515,TXN00019171,95538,MCH5931,0,0,0,0,0,1,0,0
CBK0000099,,USR93290,MCH3558,2026-11-01 00:00:00,2026-01-17 00:00:00,1317.94,Fraud Suspected,User claims account was compromised before transaction.,RESOLVED,,MEDIUM,Email,CBK0000099,,USR93290,MCH3558,0,0,1,0,0,1,0,0
CBK0002071,TXN00006958,USR61891,MCH7286,2026-02-13 00:00:00,2026-02-13 00:00:00,-1162.72,service failed,Payment made to unknown merchant as per customer statement.,Open,,HIGH,IVR,CBK0002071,TXN00006958,USR61891,MCH7286,1,0,0,0,0,1,0,1
CBK0000066,TXN00017748,USR86707,MCH8350,,2026-02-12 00:00:00,0.1855,Service Not Provided,Customer complaint text unclear due to poor call center notes. call dropped,REJECTED,2026-03-06 00:00:00,LOW,App,CBK0000066,TXN00017748,USR86707,MCH8350,0,0,0,1,0,0,0,0
CBK0002204,TXN00009040,USR97137,MCH3202,2026-01-05 13:37:21,2026-01-16 00:00:00,-1600.6,Service Not Provided,Customer says transaction was not authorized.,IN_PROGRESS,2026-02-15 00:00:00,HIGH,Call Center,CBK0002204,TXN00009040,usr97137,mch3202,1,0,0,0,0,0,0,1
CBK0001942,TXN00017185,USR88284,MCH9344,2026-08-03 00:00:00,2026-03-16 00:00:00,384.18,Wrong Amount,Payment made to unknown merchant as per customer statement.,Open,2026-04-04 00:00:00,MEDIUM,Branch,CBK0001942,TXN00017185,USR 88284,MCH 9344,0,0,0,0,0,0,0,0
CBK0000955,,USR66359,MCH2992,2026-03-04 00:00:00,2026-04-18 12:26:19,1214.33,delivery issue,Payment made to unknown merchant as per customer statement.,OPEN,,LOW,IVR,CBK0000955,,USR66359,MCH2992,0,0,1,0,0,1,0,0
CBK0001156,TXN00010478,USR27893,MCH7475,2026-01-28 07:58:01,2026-01-29 00:00:00,0.634,ATO,Merchant service was not delivered after payment.,In Progress,,LOW,chatbot,CBK0001156,TXN00010478,USR27893,MCH7475,0,0,0,0,0,1,0,0
CBK0001940,TXN00006894,USR19400,MCH3815,,2026-02-26 00:00:00,2016.51,delivery issue,Customer complaint text unclear due to poor call center notes.,Rejected,2026-03-04 00:00:00,HIGH,ivr,CBK0001940,TXN00006894,USR 19400,MCH 3815,0,0,0,1,0,0,0,1
CBK0000135,TXN00013531,USR33763,MCH2483,,2026-01-22 00:00:00,0.239,item not received,User reports money deducted but merchant denies receiving payment.,In Progress,2026-02-06 00:00:00,LOW,App,CBK0000135,TXN00013531,usr33763,MCH2483,0,0,0,1,0,0,0,0
CBK0002522,,USR72963,MCH4406,,2026-03-02 00:00:00,584.72,not done by me,User claims account was compromised before transaction.,REJECTED,2026-03-23 00:00:00,LOW,App,CBK0002522,,USR72963,MCH4406,0,0,1,1,0,0,0,0
CBK0002568,TXN00012990,USR24437,MCH1818,2026-03-01 15:45:08,,3464.25,unauth txn,Customer says amount was debited twice.,CLOSED,,HIGH,CHATBOT,CBK0002568,TXN00012990,USR24437,MCH-1818,0,0,0,0,1,1,0,1
CBK0001092,TXN00015253,USR50458,MCH4725,,2026-03-17 00:00:00,1700.27,no service,CUSTOMER COMPLAINT TEXT UNCLEAR DUE TO POOR CALL CENTER NOTES.,PENDING_BANK,,LOW,chatbot,CBK0001092,TXN00015253,USR 50458,MCH4725,0,0,0,1,0,1,0,0
CBK0001495,TXN00014774,USR47392,MCH8779,2026-03-23 00:00:00,2026-04-03 00:00:00,2478.18,Unauthorized Transaction,Payment made to unknown merchant as per customer statement.,REJECTED,2026-04-20 00:00:00,LOW,Branch,CBK0001495,TXN00014774,USR 47392,MCH8779,0,0,0,0,0,0,0,0
CBK0000296,TXN00003112,USR49629,MCH1546,2026-03-27 12:17:00,2026-04-03 00:00:00,0.4974,merchant service issue,User says UPI PIN was not entered by them.,CLOSED,2026-04-09 00:00:00,MEDIUM,CHATBOT,CBK0000296,TXN00003112,USR 49629,MCH1546,0,0,0,0,0,0,0,0
CBK0002750,TXN00013670,USR26461,MCH9342,2026-02-11 00:00:00,2026-03-13 00:00:00,4375.63,charged twice,User says UPI PIN was not entered by them.,Rejected,2026-03-18 18:50:28,MEDIUM,Branch,CBK0002750,TXN00013670,USR26461,MCH 9342,0,0,0,0,0,0,0,0
CBK0002535,TXN00009226,USR99720,MCH1211,2026-01-15 00:00:00,2026-01-22 15:05:21,4466.49,login compromised,User reports money deducted but merchant denies receiving payment.,Resolved,2026-01-24 00:00:00,MEDIUM,Branch,CBK0002535,TXN00009226,USR99720,MCH-1211,0,0,0,0,0,0,0,0
CBK0002545,TXN00010063,USR85767,MCH8999,2026-02-12 07:23:39,2026-02-19 00:00:00,219.86,Account Takeover,User says UPI PIN was not entered by them.,Open,2026-09-03 00:00:00,MEDIUM,CHATBOT,CBK0002545,TXN00010063,USR85767,MCH8999,0,0,0,0,0,0,0,0
CBK0002186,TXN00003156,USR24528,MCH4024,2026-02-25 00:00:00,2026-02-26 00:00:00,1072.99,Unauthorized Transaction,Customer complaint text unclear due to poor call center notes.,RESOLVED,2026-03-19 00:00:00,MEDIUM,Email,CBK0002186,TXN00003156,USR24528,mch4024,0,0,0,0,0,0,0,0
CBK0000978,TXN00006792,USR48647,5655,,2026-02-27 00:00:00,1704.54,extra amount deducted,Customer complaint text unclear due to poor call center notes.,Rejected,2026-03-02 00:00:00,LOW,Call Center,CBK0000978,TXN00006792,USR48647,5655,0,0,0,1,0,0,0,0
CBK0001661,TXN00009867,USR15733,MCH8681,2026-03-25 04:28:00,2026-04-09 00:00:00,9736.35,delivery issue,User reports money deducted but merchant denies receiving payment.,Rejected,2026-04-16 19:28:49,HIGH,Branch,CBK0001661,TXN00009867,usr15733,MCH8681,0,0,0,0,0,0,0,1
CBK0000354,TXN00013742,USR63462,MCH1320,2026-01-16 00:00:00,2026-01-16 00:00:00,3062.43,Merchant Not Delivered,USER REPORTS MONEY DEDUCTED BUT MERCHANT DENIES RECEIVING PAYMENT.,WIP,2026-01-30 00:00:00,HIGH,CHATBOT,CBK0000354,TXN00013742,USR63462,MCH1320,0,0,0,0,0,0,0,1
CBK0002642,TXN00007026,USR88352,MCH8311,2026-02-13 00:00:00,2026-02-24 05:34:00,,UNAUTHORISED,Suspicious high-value payment disputed by customer.,CLOSED,,MEDIUM,CHATBOT,CBK0002642,TXN00007026,USR88352,MCH 8311,0,1,0,0,0,1,0,0
CBK0002479,TXN00007945,USR12314,MCH9784,2026-02-24 00:00:00,2026-03-01 09:39:03,2209.68,Duplicate Debit,User says UPI PIN was not entered by them. call dropped,RESOLVED,2026-05-03 00:00:00,MEDIUM,Branch,CBK0002479,TXN00007945,USR12314,MCH9784,0,0,0,0,0,0,0,0
CBK0000934,TXN00014323,USR66946,MCH6810,2026-01-22 00:00:00,2026-01-23 00:00:00,8749.79,delivery issue,Suspicious high-value payment disputed by customer.,Rejected,2026-01-23 08:09:17,LOW,ivr,CBK0000934,TXN00014323,USR66946,MCH6810,0,0,0,0,0,0,0,0
CBK0000499,TXN00011216,USR26571,MCH5954,2026-01-25 00:00:00,2026-01-25 00:00:00,-857.98,fraud,User reports money deducted but merchant denies receiving payment.,Rejected,2026-02-13 00:00:00,CRITICAL,Email,CBK0000499,TXN00011216,USR26571,MCH5954,1,0,0,0,0,0,1,0
CBK0000312,TXN00013916,USR29758,MCH5655,2026-01-31 15:10:08,2026-02-10 22:10:08,804.06,dispute raised,Complaint received after multiple failed attempts.,Closed,2026-03-03 00:00:00,MEDIUM,chatbot,CBK0000312,TXN00013916,usr29758,MCH5655,0,0,0,0,0,0,0,0
CBK0000667,TXN00006052,USR54126,MCH2266,2026-01-13 00:00:00,2026-01-15 00:00:00,1664.31,customer issue,Complaint received after multiple failed attempts.,Pending Bank,,CRITICAL,Email,CBK0000667,TXN00006052,USR54126,MCH2266,0,0,0,0,0,1,1,0
CBK0001500,TXN00004113,USR65211,MCH5770,2026-03-14 11:50:00,2026-04-14 00:00:00,1173.86,no service,USER SAYS UPI PIN WAS NOT ENTERED BY THEM.,CLOSED,2026-04-26 00:00:00,HIGH,Branch,CBK0001500,TXN00004113,USR65211,MCH5770,0,0,0,0,0,0,0,1
CBK0001524,TXN00010627,USR65183,MCH5171,2026-02-17 00:00:00,2026-02-18 00:00:00,,unauth txn,Customer says transaction was not authorized.,Resolved,2026-09-03 00:00:00,LOW,Branch,CBK0001524,TXN00010627,USR65183,MCH5171,0,1,0,0,0,0,0,0
CBK0000438,TXN00011978,USR99732,7833,2026-02-03 10:00:52,2026-02-04 00:00:00,0.466,item not received,Customer says transaction was not authorized. urgent,Pending Bank,,LOW,Email,CBK0000438,TXN00011978,USR 99732,7833,0,0,0,0,0,1,0,0
CBK0000012,TXN00013740,35501,MCH8913,2026-01-25 00:00:00,2026-01-28 19:43:23,650.92,customer issue,Suspicious high-value payment disputed by customer.,Pending Bank,,MEDIUM,chatbot,CBK0000012,TXN00013740,35501,MCH8913,0,0,0,0,0,1,0,0
CBK0001710,TXN00002546,USR96958,MCH4226,2026-01-06 03:50:09,2026-01-13 00:00:00,6642.41,Account Takeover,USER REPORTS MONEY DEDUCTED BUT MERCHANT DENIES RECEIVING PAYMENT.,REJECTED,,LOW,Call Center,CBK0001710,TXN00002546,USR96958,MCH4226,0,0,0,0,0,1,0,0
CBK0001322,TXN-00018670,USR33934,MCH9699,2026-03-09 00:00:00,2026-03-13 00:00:00,3883.93,amount mismatch,MERCHANT SERVICE WAS NOT DELIVERED AFTER PAYMENT.,RESOLVED,2026-03-19 00:00:00,MEDIUM,ivr,CBK0001322,txn-00018670,USR33934,MCH9699,0,0,0,0,0,0,0,0
CBK0000894,TXN00015855,95334,MCH6372,2026-03-16 00:00:00,2026-03-19 00:00:00,0.6458,extra amount deducted,User says UPI PIN was not entered by them.,IN_PROGRESS,2026-03-21 00:00:00,LOW,App,CBK0000894,TXN00015855,95334,MCH6372,0,0,0,0,0,0,0,0
CBK0000784,TXN00014785,USR41135,MCH7286,2026-01-31 00:00:00,2026-01-31 00:00:00,1176.91,service failed,suspicious high-value payment disputed by customer.,IN_PROGRESS,2026-02-16 09:56:17,LOW,Branch,CBK0000784,TXN00014785,usr41135,MCH7286,0,0,0,0,0,0,0,0
CBK0001573,TXN00015673,USR29406,MCH4270,2026-02-21 00:00:00,2026-03-01 04:47:00,,Fraud Suspected,User says UPI PIN was not entered by them.,CLOSED,,MEDIUM,IVR,CBK0001573,TXN00015673,USR29406,mch4270,0,1,0,0,0,1,0,0
CBK0002149,TXN00011510,USR30541,MCH6295,2026-01-13 00:00:00,2026-01-21 11:12:17,7271.24,suspicious transaction,Merchant service was not delivered after payment.,Open,2026-01-30 00:00:00,LOW,ivr,CBK0002149,TXN00011510,USR30541,MCH6295,0,0,0,0,0,0,0,0
CBK0001257,,USR74209,6057,2026-03-19 00:00:00,2026-03-25 01:08:00,2346.56,customer issue,Complaint received after multiple failed attempts.,Open,2026-04-14 00:00:00,LOW,CHATBOT,CBK0001257,,USR74209,6057,0,0,1,0,0,0,0,0
CBK0000370,,USR68023,MCH2511,2026-02-18 00:00:00,2026-02-26 09:56:26,-3719.71,charged twice,User says UPI PIN was not entered by them.,Closed,2026-03-08 00:00:00,MEDIUM,App,CBK0000370,,USR68023,mch2511,1,0,1,0,0,0,0,0
CBK0001398,TXN00015787,USR61935,MCH8643,2026-02-06 16:53:00,2026-02-09 16:53:32,8787.96,unauth txn,payment made to unknown merchant as per customer statement.,Rejected,2026-02-16 00:00:00,HIGH,ivr,CBK0001398,TXN00015787,USR61935,MCH8643,0,0,0,0,0,0,0,1
CBK0001343,TXN00017045,USR87914,MCH2822,2026-01-20 00:00:00,2026-03-07 00:00:00,0.1409,not done by me,Suspicious high-value payment disputed by customer. urgent,WIP,2026-03-20 00:00:00,MEDIUM,CHATBOT,CBK0001343,TXN00017045,usr87914,MCH2822,0,0,0,0,0,0,0,0
CBK0000769,TXN00010549,USR88037,MCH4590,2026-01-16 00:00:00,2026-01-31 00:00:00,6630.73,complaint,Complaint received after multiple failed attempts.,IN_PROGRESS,2026-03-02 14:45:00,HIGH,App,CBK0000769,TXN00010549,USR88037,MCH4590,0,0,0,0,0,0,0,1
CBK0002111,TXN00019791,USR48202,MCH2383,2026-02-06 06:10:00,2026-02-08 00:00:00,0.376,amount mismatch,Customer complaint text unclear due to poor call center notes.,CLOSED,2026-02-17 18:10:00,LOW,CHATBOT,CBK0002111,TXN00019791,USR48202,mch2383,0,0,0,0,0,0,0,0
CBK0002589,TXN00001501,USR49236,MCH4590,2026-03-22 00:00:00,,1157.85,charged twice,Payment made to unknown merchant as per customer statement.,Open,2026-04-12 00:00:00,HIGH,IVR,CBK0002589,TXN00001501,usr49236,MCH4590,0,0,0,0,1,0,0,1
CBK0001391,TXN00008679,USR46067,MCH1887,2026-03-22 00:00:00,2026-03-23 21:04:05,1294.7,Wrong Amount,Complaint received after multiple failed attempts.,Resolved,2026-03-29 21:04:00,MEDIUM,CHATBOT,CBK0001391,TXN00008679,USR46067,mch1887,0,0,0,0,0,0,0,0
CBK0000496,TXN00005986,USR21449,MCH1486,,2026-01-23 00:00:00,6879.04,Customer Dispute,User claims account was compromised before transaction. call dropped,OPEN,2026-02-13 00:00:00,HIGH,Call Center,CBK0000496,TXN00005986,usr21449,MCH 1486,0,0,0,1,0,0,0,1
CBK0000928,TXN00008356,USR74115,MCH9582,2026-02-16 00:00:00,2026-02-21 00:00:00,,Service Not Provided,User claims account was compromised before transaction. NA,CLOSED,2026-03-17 17:43:22,MEDIUM,CHATBOT,CBK0000928,TXN00008356,USR74115,MCH9582,0,1,0,0,0,0,0,0
CBK0000648,TXN00005486,USR11810,MCH1581,2026-02-02 00:00:00,2026-04-02 00:00:00,0.1288,FRAUD,user says upi pin was not entered by them.,CLOSED,,LOW,Branch,CBK0000648,TXN00005486,USR11810,MCH1581,0,0,0,0,0,1,0,0
CBK0002136,TXN00005344,USR86525,MCH5753,2026-03-24 00:00:00,2026-04-03 00:00:00,0.1422,Account Takeover,Customer complaint text unclear due to poor call center notes.,CLOSED,2026-04-04 09:48:11,HIGH,CHATBOT,CBK0002136,TXN00005344,USR86525,MCH5753,0,0,0,0,0,0,0,1
CBK0001658,TXN00004488,USR_55710,MCH6850,2026-01-05 13:51:43,2026-01-09 00:00:00,0.2468,incorrect amount,Complaint received after multiple failed attempts.,Rejected,,CRITICAL,App,CBK0001658,TXN00004488,usr_55710,MCH6850,0,0,0,0,0,1,1,0
CBK0002436,TXN00008330,USR64405,MCH9291,2026-03-03 00:00:00,2026-10-03 00:00:00,1847.49,UNAUTHORISED,Customer complaint text unclear due to poor call center notes.,In Progress,2026-04-01 00:00:00,MEDIUM,Branch,CBK0002436,TXN00008330,USR64405,MCH9291,0,0,0,0,0,0,0,0
CBK0002460,TXN00018148,USR68295,MCH2914,2026-01-05 15:46:00,2026-01-07 00:00:00,2197.15,charged twice,Payment made to unknown merchant as per customer statement.,OPEN,2026-01-14 05:46:54,LOW,Branch,CBK0002460,TXN00018148,USR68295,MCH2914,0,0,0,0,0,0,0,0
CBK0001162,TXN00012239,USR-22644,MCH5296,2026-01-27 15:49:00,2026-01-29 00:00:00,0.6796,Duplicate Debit,Customer complaint text unclear due to poor call center notes.,CLOSED,,MEDIUM,CHATBOT,CBK0001162,TXN00012239,USR-22644,MCH5296,0,0,0,0,0,1,0,0
CBK0002084,TXN83297,USR66974,MCH7833,2026-03-30 13:13:00,2026-04-05 00:00:00,,not done by me,Payment made to unknown merchant as per cust statement.,WIP,,CRITICAL,ivr,CBK0002084,TXN83297,USR66974,MCH7833,0,1,0,0,0,1,1,0
CBK0000003,TXN00013293,USR91078,MCH6993,2026-01-07 23:12:32,2026-01-09 14:12:00,1290.78,incorrect amount,user says upi pin was not entered by them.,Rejected,2026-02-04 00:00:00,HIGH,ivr,CBK0000003,TXN00013293,USR91078,MCH6993,0,0,0,0,0,0,0,1
CBK0000669,TXN00018414,USR22639,MCH8836,2026-03-28 14:45:10,2026-03-30 11:45:10,3972.17,account hacked,user claims account was compromised before transaction.,IN_PROGRESS,,HIGH,ivr,CBK0000669,TXN00018414,USR22639,MCH8836,0,0,0,0,0,1,0,1
CBK0000439,TXN00016295,USR-83930,MCH9092,2026-03-18 00:00:00,2026-03-21 00:00:00,10226.59,incorrect amount,suspicious high-value payment disputed by customer.,OPEN,2026-03-23 00:00:00,MEDIUM,IVR,CBK0000439,TXN00016295,USR-83930,MCH 9092,0,0,0,0,0,0,0,0
CBK0002423,TXN00014966,USR26696,MCH9223,2026-02-13 20:33:40,2026-02-17 00:00:00,10848.72,merchant service issue,Payment made to unknown merchant as per cust statement.,Rejected,2026-03-03 00:00:00,HIGH,ivr,CBK0002423,TXN00014966,USR26696,MCH9223,0,0,0,0,0,0,0,1
CBK0000282,TXN00016877,USR_87914,MCH5070,2026-03-10 18:14:00,2026-04-10 05:14:49,3046.01,merchant service issue,Customer says transaction was not authorized.,RESOLVED,,MEDIUM,ivr,CBK0000282,TXN00016877,usr_87914,MCH 5070,0,0,0,0,0,1,0,0
CBK0002195,TXN00004411,USR48054,MCH9844,2026-02-05 23:26:12,2026-02-09 00:00:00,0.3905,incorrect amount,User reports money deducted but merchant denies receiving payment.,Open,,LOW,chatbot,CBK0002195,TXN00004411,USR 48054,MCH9844,0,0,0,0,0,1,0,0
CBK0002767,TXN00014701,USR79411,MCH8154,2026-02-15 00:00:00,2026-02-19 02:41:00,4452.29,no service,Customer complaint text unclear due to poor call center notes.,Open,,HIGH,chatbot,CBK0002767,TXN00014701,USR79411,MCH8154,0,0,0,0,0,1,0,1
CBK0000538,TXN00005988,USR84311,MCH2752,2026-01-10 00:00:00,2026-01-26 15:58:00,1345.11,ATO,merchant service was not delivered after payment.,OPEN,,HIGH,chatbot,CBK0000538,TXN00005988,USR84311,MCH 2752,0,0,0,0,0,1,0,1
CBK0001829,TXN00005136,USR58407,MCH5584,2026-03-19 00:00:00,2026-03-22 00:00:00,1719.63,Wrong Amount,User reports money deducted but merchant denies receiving payment.,Rejected,2026-03-24 00:00:00,MEDIUM,Branch,CBK0001829,TXN00005136,USR58407,MCH5584,0,0,0,0,0,0,0,0
CBK0000807,TXN00017317,USR77247,MCH5805,,2026-01-13 05:52:57,8056.19,incorrect amount,User claims account was compromised before transaction. pls check asap,In Progress,,MEDIUM,CHATBOT,CBK0000807,TXN00017317,usr77247,mch5805,0,0,0,1,0,1,0,0
CBK0001204,,USR37435,MCH7058,,,-16163.8,extra amount deducted,Merchant service was not delivered after payment.,REJECTED,2026-01-22 00:00:00,MEDIUM,ivr,CBK0001204,,USR37435,MCH7058,1,0,1,1,1,0,0,0
CBK0002299,TXN00012406,USR13926,MCH9166,2026-11-01 00:00:00,2026-01-12 05:57:06,-2900.07,Merchant Not Delivered,Customer says transaction was not authorized. urgent,IN_PROGRESS,,LOW,ivr,CBK0002299,TXN00012406,USR 13926,MCH9166,1,0,0,0,0,1,0,0
CBK0002286,TXN00007923,USR98994,MCH2676,2026-01-30 00:00:00,2026-02-07 13:24:35,2225.43,item not received,Payment made to unknown merchant as per customer statement.,Pending Bank,2026-02-16 00:00:00,MEDIUM,IVR,CBK0002286,TXN00007923,USR 98994,MCH2676,0,0,0,0,0,0,0,0
CBK0000567,TXN00016408,USR-33228,MCH8298,2026-02-16 00:00:00,2026-02-19 00:00:00,5179.58,Wrong Amount,Customer says amount was debited twice.,Closed,2026-02-23 00:13:00,LOW,Email,CBK0000567,TXN00016408,USR-33228,mch8298,0,0,0,0,0,0,0,0
CBK0001201,TXN00014054,USR85014,MCH7286,2026-03-15 00:00:00,2026-03-15 00:00:00,,Merchant Not Delivered,Complaint received after multiple failed attempts.,Closed,2026-03-27 08:14:00,LOW,CHATBOT,CBK0001201,TXN00014054,usr85014,MCH-7286,0,1,0,0,0,0,0,0
CBK0001779,TXN00006263,USR61731,MCH3837,2026-02-22 00:00:00,2026-04-08 00:00:00,843.91,dispute raised,Merchant service was not delivered after payment.,CLOSED,2026-04-20 19:46:00,LOW,App,CBK0001779,TXN00006263,USR61731,MCH3837,0,0,0,0,0,0,0,0
CBK0000315,TXN00011615,USR-67684,MCH9052,2026-01-30 19:19:00,2026-01-31 14:19:59,,fraud,merchant service was not delivered after payment.,Resolved,,MEDIUM,CHATBOT,CBK0000315,TXN00011615,USR-67684,MCH9052,0,1,0,0,0,1,0,0
CBK0000683,TXN00017581,USR54113,MCH6129,,2026-02-19 12:11:31,,not delivered,User says UPI PIN was not entered by them.,REJECTED,2026-03-21 00:00:00,LOW,CHATBOT,CBK0000683,TXN00017581,USR54113,MCH6129,0,1,0,1,0,0,0,0
CBK0001014,TXN00005083,USR78215,MCH9892,2026-01-29 08:31:00,2026-01-31 14:31:24,0.448,not delivered,Payment made to unknown merchant as per customer statement.,REJECTED,,MEDIUM,Email,CBK0001014,TXN00005083,USR78215,MCH9892,0,0,0,0,0,1,0,0
CBK0002450,TXN00005485,USR94055,MCH5437,2026-01-06 19:11:31,2026-01-07 00:00:00,4839.05,Fraud Suspected,Merchant service was not delivered after payment.,In Progress,2026-01-09 00:00:00,CRITICAL,Branch,CBK0002450,TXN00005485,USR94055,MCH5437,0,0,0,0,0,0,1,0
CBK0001114,TXN00004265,USR40538,MCH7833,2026-06-03 00:00:00,2026-03-07 00:42:00,330.36,Merchant Not Delivered,Payment made to unknown merchant as per cust statement.,WIP,2026-03-18 00:00:00,LOW,CHATBOT,CBK0001114,TXN00004265,usr40538,MCH7833,0,0,0,0,0,0,0,0
CBK0001947,TXN00018820,USR36913,MCH9291,2026-02-20 00:00:00,2026-03-02 00:00:00,7255.27,amount mismatch,User claims account was compromised before transaction.,RESOLVED,2026-03-27 00:00:00,LOW,ivr,CBK0001947,TXN00018820,USR36913,MCH9291,0,0,0,0,0,0,0,0
CBK0002503,TXN00013623,USR34012,MCH2141,2026-03-05 13:39:14,,3159.54,Unauthorized Transaction,User says UPI PIN was not entered by them.,Open,2026-02-04 00:00:00,LOW,Email,CBK0002503,TXN00013623,USR34012,MCH2141,0,0,0,0,1,0,0,0
CBK0002362,TXN00007811,USR20310,MCH8076,2026-02-15 08:01:23,2026-02-18 00:00:00,0.1224,Merchant Not Delivered,Payment made to unknown merchant as per customer statement.,IN_PROGRESS,2026-03-05 13:01:23,HIGH,IVR,CBK0002362,TXN00007811,usr20310,MCH 8076,0,0,0,0,0,0,0,1
CBK0002060,TXN00010691,USR71335,MCH8391,2026-01-09 00:00:00,2026-01-13 00:00:00,518.38,Wrong Amount,User reports money deducted but merchant denies receiving payment.,Rejected,2026-01-20 00:00:00,MEDIUM,App,CBK0002060,TXN00010691,USR71335,MCH8391,0,0,0,0,0,0,0,0
CBK0001135,TXN00011148,USR_73600,MCH2913,2026-02-07 00:00:00,2026-02-14 13:33:58,745.95,Customer Dispute,User says UPI PIN was not entered by them.,Open,2026-03-16 13:33:00,LOW,IVR,CBK0001135,TXN00011148,usr_73600,MCH2913,0,0,0,0,0,0,0,0
CBK0001631,TXN00014809,USR76917,MCH2822,2026-02-24 07:09:00,2026-02-25 00:00:00,1458.95,Merchant Not Delivered,customer says amount was debited twice.,RESOLVED,2026-03-22 00:00:00,HIGH,App,CBK0001631,TXN00014809,USR76917,MCH2822,0,0,0,0,0,0,0,1
CBK0000363,TXN00014836,USR62092,MCH3992,2026-03-22 00:00:00,2026-04-06 00:00:00,,dispute raised,user reports money deducted but merchant denies receiving payment.,RESOLVED,2026-04-28 12:09:00,LOW,chatbot,CBK0000363,TXN00014836,USR62092,MCH3992,0,1,0,0,0,0,0,0
CBK0002324,TXN00016940,USR80407,MCH7916,2026-02-12 00:00:00,2026-02-14 00:00:00,-60.71,item not received,Customer complaint text unclear due to poor call center notes.,Closed,2026-03-13 13:19:00,LOW,App,CBK0002324,TXN00016940,USR80407,MCH7916,1,0,0,0,0,0,0,0
CBK0000375,TXN00015798,USR47647,8330,2026-01-10 00:00:00,2026-01-12 00:00:00,5976.69,extra amount deducted,suspicious high-value payment disputed by customer.,In Progress,2026-01-26 03:31:00,LOW,CHATBOT,CBK0000375,TXN00015798,USR 47647,8330,0,0,0,0,0,0,0,0
CBK0002593,TXN00017923,USR87216,MCH8000,2026-02-22 07:31:00,2026-02-24 00:00:00,1055.53,charged twice,Suspicious high-value payment disputed by customer.,CLOSED,2026-03-03 10:31:06,MEDIUM,chatbot,CBK0002593,TXN00017923,USR87216,mch8000,0,0,0,0,0,0,0,0
CBK0001120,TXN00004989,USR_96958,MCH5208,2026-01-23 00:00:00,2026-01-24 15:03:00,5305.63,customer issue,customer says amount was debited twice.,PENDING_BANK,2026-02-06 00:00:00,MEDIUM,CHATBOT,CBK0001120,TXN00004989,usr_96958,MCH5208,0,0,0,0,0,0,0,0
CBK0002032,TXN00017675,USR27832,MCH2457,,2026-03-17 08:41:11,,Account Takeover,User says UPI PIN was not entered by them.,WIP,2026-03-23 00:00:00,MEDIUM,chatbot,CBK0002032,TXN00017675,USR27832,MCH2457,0,1,0,1,0,0,0,0
CBK0001442,TXN00004821,USR82070,MCH9291,2026-03-08 00:00:00,2026-03-18 00:00:00,165.89,DUP_DEBIT,Merchant service was not delivered after payment.,CLOSED,,LOW,CHATBOT,CBK0001442,TXN00004821,usr82070,MCH9291,0,0,0,0,0,1,0,0
CBK0001529,TXN00008099,USR86223,MCH1511,2026-02-22 00:00:00,2026-02-24 00:00:00,4576.69,not delivered,Customer says amount was debited twice.,Closed,2026-03-20 00:00:00,CRITICAL,IVR,CBK0001529,TXN00008099,USR86223,MCH1511,0,0,0,0,0,0,1,0
CBK0002605,TXN00007342,USR51261,MCH9573,2026-01-06 00:00:00,2026-01-02 14:08:00,9521.14,Service Not Provided,USER REPORTS MONEY DEDUCTED BUT MERCHANT DENIES RECEIVING PAYMENT.,In Progress,2026-01-29 00:00:00,MEDIUM,Branch,CBK0002605,TXN00007342,USR51261,MCH9573,0,0,0,0,0,0,0,0
CBK0000877,TXN00009172,USR96970,MCH9291,2026-02-13 08:27:00,2026-02-15 00:00:00,880.82,extra amount deducted,Merchant service was not delivered after payment.,WIP,2026-02-18 00:00:00,MEDIUM,ivr,CBK0000877,TXN00009172,USR96970,MCH9291,0,0,0,0,0,0,0,0
CBK0001007,TXN00014381,USR-51742,MCH7833,2026-01-11 00:00:00,2026-02-10 00:00:00,0.1523,Fraud Suspected,User reports money deducted but merchant denies receiving payment.,RESOLVED,,HIGH,Call Center,CBK0001007,TXN00014381,USR-51742,MCH7833,0,0,0,0,0,1,0,1
CBK0001118,TXN63034,USR_93926,MCH9036,2026-01-24 09:06:58,2026-01-26 00:00:00,3681.27,UNAUTHORISED,USER CLAIMS ACCOUNT WAS COMPROMISED BEFORE TRANSACTION.,Pending Bank,,HIGH,CHATBOT,CBK0001118,TXN63034,usr_93926,MCH9036,0,0,0,0,0,1,0,1
CBK0002323,,USR71935,MCH3538,2026-02-07 00:00:00,2026-03-09 06:02:09,2538.09,unauthorized_transaction,Suspicious high-value payment disputed by customer. call dropped,In Progress,2026-03-16 00:00:00,LOW,Email,CBK0002323,,USR71935,MCH-3538,0,0,1,0,0,0,0,0
CBK0001691,TXN00010383,USR15365,MCH4695,2026-02-12 00:00:00,2026-02-22 12:37:00,4163.19,Merchant Not Delivered,Customer says amount was debited twice.,Rejected,2026-02-28 00:00:00,LOW,IVR,CBK0001691,TXN00010383,USR15365,MCH4695,0,0,0,0,0,0,0,0
CBK0002723,TXN00017184,USR-90661,MCH2507,2026-03-11 00:00:00,2026-03-13 12:43:00,3231.22,double debit,Customer says transaction was not authorized.,REJECTED,2026-04-02 12:43:00,MEDIUM,IVR,CBK0002723,TXN00017184,USR-90661,MCH2507,0,0,0,0,0,0,0,0
CBK0000587,TXN00007285,USR-87500,MCH1569,,2026-02-01 08:40:00,4196.87,double debit,User says UPI PIN was not entered by them.,Resolved,2026-02-21 00:00:00,HIGH,CHATBOT,CBK0000587,TXN00007285,USR-87500,MCH1569,0,0,0,1,0,0,0,1
CBK0001026,TXN00009371,USR52820,MCH8391,2026-01-02 00:00:00,2026-01-03 00:00:00,,fraud,Suspicious high-value payment disputed by customer.,IN_PROGRESS,2026-01-25 00:00:00,CRITICAL,ivr,CBK0001026,TXN00009371,USR52820,MCH8391,0,1,0,0,0,0,1,0
CBK0000797,TXN00010208,USR84323,2140,2026-02-23 00:00:00,2026-02-25 00:00:00,687.82,item not received,User says UPI PIN was not entered by them.,IN_PROGRESS,2026-03-12 00:00:00,LOW,IVR,CBK0000797,TXN00010208,USR84323,2140,0,0,0,0,0,0,0,0
CBK0002035,,USR74657,MCH1497,2026-01-25 00:00:00,2026-01-27 00:00:00,,Customer Dispute,CUSTOMER COMPLAINT TEXT UNCLEAR DUE TO POOR CALL CENTER NOTES.,In Progress,,LOW,chatbot,CBK0002035,,USR74657,mch1497,0,1,1,0,0,1,0,0
CBK0000676,TXN00010013,USR25470,MCH9984,2026-03-24 17:08:02,2026-03-24 00:00:00,314.65,not delivered,Customer says transaction was not authorized.,IN_PROGRESS,2026-04-15 00:00:00,HIGH,IVR,CBK0000676,TXN00010013,USR25470,MCH-9984,0,0,0,0,0,0,0,1
CBK0001459,TXN00007662,USR87831,MCH6142,2026-02-17 00:00:00,2026-02-18 00:00:00,4479.85,scam,Merchant service was not delivered after payment.,OPEN,2026-03-01 00:00:00,MEDIUM,IVR,CBK0001459,TXN00007662,USR87831,MCH6142,0,0,0,0,0,0,0,0
CBK0000237,TXN00009246,USR-24926,MCH2943,,2026-04-12 00:00:00,1644.04,delivery issue,Suspicious high-value payment disputed by customer.,PENDING_BANK,2026-05-02 00:00:00,LOW,CHATBOT,CBK0000237,TXN00009246,USR-24926,MCH2943,0,0,0,1,0,0,0,0
CBK0000595,TXN00004517,USR57955,MCH8710,2026-02-22 00:00:00,2026-02-23 00:00:00,676.55,no service,Suspicious high-value payment disputed by customer.,Pending Bank,2026-02-24 00:00:00,LOW,IVR,CBK0000595,TXN00004517,USR57955,MCH8710,0,0,0,0,0,0,0,0
CBK0002344,TXN00018840,USR45486,MCH8357,2026-02-20 00:00:00,2026-02-26 00:00:00,1901.24,charged twice,complaint received after multiple failed attempts.,Closed,2026-03-04 00:00:00,HIGH,Branch,CBK0002344,TXN00018840,USR45486,MCH8357,0,0,0,0,0,0,0,1
CBK0001299,TXN00006246,USR98736,MCH5076,,2026-02-09 00:00:00,1584.81,charged twice,Complaint received after multiple failed attempts.,In Progress,,MEDIUM,Branch,CBK0001299,TXN00006246,USR98736,MCH5076,0,0,0,1,0,1,0,0
CBK0000774,TXN00000794,USR78569,MCH4590,2026-03-03 00:00:00,2026-03-05 00:00:00,124.85,delivery issue,Suspicious high-value payment disputed by customer.,OPEN,2026-04-04 10:25:44,MEDIUM,IVR,CBK0000774,TXN00000794,USR78569,MCH 4590,0,0,0,0,0,0,0,0
CBK0002779,TXN00001284,USR62254,MCH5430,2026-01-04 00:00:00,2026-01-06 22:17:15,141.27,Account Takeover,User claims account was compromised before transaction.,CLOSED,,MEDIUM,App,CBK0002779,TXN00001284,USR62254,MCH5430,0,0,0,0,0,1,0,0
CBK0001954,TXN00012046,USR82369,MCH6344,2026-03-03 16:22:00,2026-03-06 06:22:00,2431.27,extra amount deducted,Customer complaint text unclear due to poor call center notes.,WIP,2026-03-12 06:22:00,MEDIUM,ivr,CBK0001954,TXN00012046,USR82369,MCH6344,0,0,0,0,0,0,0,0
CBK0001697,TXN00015694,USR50776,MCH2822,2026-02-07 23:39:00,2026-02-09 21:39:04,2581.01,item not received,merchant service was not delivered after payment.,OPEN,2026-02-14 00:00:00,LOW,IVR,CBK0001697,TXN00015694,USR50776,MCH2822,0,0,0,0,0,0,0,0
CBK0002305,TXN00008366,USR55382,MCH4721,,2026-03-04 00:00:00,1671.34,scam,Suspicious high-value payment disputed by customer.,CLOSED,,HIGH,App,CBK0002305,TXN00008366,USR55382,MCH4721,0,0,0,1,0,1,0,1
CBK0000206,TXN-00019710,USR39190,MCH6651,,2026-01-25 16:01:33,739.61,no service,Payment made to unknown merchant as per customer statement.,CLOSED,2026-02-01 16:01:33,HIGH,App,CBK0000206,txn-00019710,USR39190,MCH6651,0,0,0,1,0,0,0,1
CBK0001744,TXN00009167,USR70912,MCH1602,2026-02-23 00:00:00,2026-02-24 14:21:00,286.26,no service,Complaint received after multiple failed attempts. pls check asap,Closed,,MEDIUM,chatbot,CBK0001744,TXN00009167,usr70912,MCH1602,0,0,0,0,0,1,0,0
CBK0000128,TXN00012176,USR84571,MCH5742,2026-03-26 00:00:00,2026-04-05 23:32:00,4272.46,Merchant Not Delivered,user says upi pin was not entered by them.,Resolved,,LOW,Call Center,CBK0000128,TXN00012176,USR84571,MCH5742,0,0,0,0,0,1,0,0
CBK0001316,TXN00007966,USR52956,MCH2383,2026-03-29 21:07:00,2026-03-30 00:00:00,4920.19,Unauthorized Transaction,customer says transaction was not authorized.,REJECTED,,CRITICAL,IVR,CBK0001316,TXN00007966,USR52956,MCH2383,0,0,0,0,0,1,1,0
CBK0002296,TXN00004293,USR72591,MCH3992,2026-05-01 00:00:00,2026-08-01 00:00:00,830.77,item not received,Complaint received after multiple failed attempts.,Closed,2026-01-14 00:00:00,MEDIUM,Branch,CBK0002296,TXN00004293,USR72591,MCH3992,0,0,0,0,0,0,0,0
CBK0002062,TXN00005459,USR97255,MCH5730,2026-01-02 00:00:00,,10125.57,dispute raised,Complaint received after multiple failed attempts.,WIP,,MEDIUM,ivr,CBK0002062,TXN00005459,USR 97255,MCH-5730,0,0,0,0,1,1,0,0
CBK0001537,TXN00001929,USR74377,MCH4082,,2026-01-26 14:10:44,1412.21,dispute raised,Merchant service was not delivered after payment.,In Progress,2026-02-19 00:00:00,LOW,App,CBK0001537,TXN00001929,usr74377,MCH4082,0,0,0,1,0,0,0,0
CBK0000983,TXN59214,USR51720,MCH6740,2026-03-02 00:00:00,2026-03-03 21:54:00,0.2012,complaint,complaint received after multiple failed attempts.,PENDING_BANK,,MEDIUM,App,CBK0000983,TXN59214,USR51720,MCH6740,0,0,0,0,0,1,0,0
CBK0002273,TXN00013117,USR27533,MCH4185,2026-02-28 00:00:00,2026-06-03 00:00:00,355.32,UNAUTHORISED,User reports money deducted but merchant denies receiving payment.,OPEN,2026-06-03 00:00:00,CRITICAL,App,CBK0002273,TXN00013117,usr27533,MCH 4185,0,0,0,0,0,0,1,0
CBK0000522,TXN00009019,USR_81185,MCH2065,2026-07-01 00:00:00,2026-01-11 02:56:13,2738.39,not delivered,Suspicious high-value payment disputed by customer. call dropped,CLOSED,2026-02-08 02:56:13,MEDIUM,App,CBK0000522,TXN00009019,usr_81185,MCH2065,0,0,0,0,0,0,0,0
CBK0002162,TXN00001120,USR94046,MCH9160,2026-01-27 00:00:00,2026-01-28 00:00:00,8008.29,UNAUTHORISED,Merchant service was not delivered after payment.,REJECTED,,LOW,Call Center,CBK0002162,TXN00001120,USR94046,MCH9160,0,0,0,0,0,1,0,0
CBK0002626,TXN00013045,USR87914,MCH6675,2026-01-24 23:00:10,,1342.39,delivery issue,Merchant service was not delivered after payment.,REJECTED,2026-02-21 00:00:00,LOW,ivr,CBK0002626,TXN00013045,USR87914,MCH6675,0,0,0,0,1,0,0,0
CBK0000257,TXN00015440,USR53356,MCH6943,2026-11-01 00:00:00,2026-01-13 00:00:00,,Wrong Amount,Merchant service was not delivered after payment. pls check asap,Open,2026-01-29 00:00:00,MEDIUM,IVR,CBK0000257,TXN00015440,USR53356,MCH6943,0,1,0,0,0,0,0,0
CBK0000598,TXN00012035,USR93286,MCH1314,2026-02-13 00:00:00,2026-02-14 09:58:00,1897.14,scam,User claims account was compromised before transaction.,Open,2026-03-15 09:58:00,MEDIUM,ivr,CBK0000598,TXN00012035,USR93286,MCH1314,0,0,0,0,0,0,0,0
CBK0002739,TXN00017191,USR70236,MCH4655,,,0.2345,login compromised,customer says amount was debited twice.,WIP,,LOW,CHATBOT,CBK0002739,TXN00017191,USR70236,MCH-4655,0,0,0,1,1,1,0,0
CBK0002426,,USR83808,MCH8011,2026-03-30 00:00:00,2026-03-31 00:00:00,540.94,no service,Customer says transaction was not authorized.,PENDING_BANK,,MEDIUM,IVR,CBK0002426,,USR83808,MCH-8011,0,0,1,0,0,1,0,0
CBK0001182,TXN-00014058,96058,MCH5980,2026-01-09 00:00:00,2026-01-19 00:00:00,581.96,DUP_DEBIT,User reports money deducted but merchant denies receiving payment.,OPEN,,CRITICAL,IVR,CBK0001182,txn-00014058,96058,MCH-5980,0,0,0,0,0,1,1,0
CBK0002183,TXN00014087,USR46806,MCH4485,2026-03-04 13:46:36,2026-03-19 00:00:00,4901.36,charged twice,customer complaint text unclear due to poor call center notes.,Rejected,,LOW,Call Center,CBK0002183,TXN00014087,USR46806,mch4485,0,0,0,0,0,1,0,0
CBK0000396,TXN00016780,USR34997,MCH1351,,2026-01-14 00:00:00,1017.31,account hacked,User claims account was compromised before transaction. details missing,Open,2026-02-12 12:04:00,LOW,Call Center,CBK0000396,TXN00016780,usr34997,mch1351,0,0,0,1,0,0,0,0
CBK0002371,TXN00007628,USR28839,MCH5264,2026-02-03 00:00:00,2026-02-09 00:00:00,3211.77,login compromised,Customer complaint text unclear due to poor call center notes.,RESOLVED,2026-02-10 00:00:00,LOW,CHATBOT,CBK0002371,TXN00007628,USR28839,MCH5264,0,0,0,0,0,0,0,0
CBK0000804,TXN00000677,USR35395,MCH8348,2026-01-22 00:00:00,2026-01-22 00:00:00,2773.41,fraud,User claims account was compromised before transaction.,REJECTED,2026-02-17 10:58:31,LOW,App,CBK0000804,TXN00000677,USR35395,MCH8348,0,0,0,0,0,0,0,0
CBK0001112,TXN00013744,34212,MCH5076,,2026-04-02 00:00:00,1223.91,UNAUTHORISED,Customer says transaction was not authorized.,CLOSED,,HIGH,Call Center,CBK0001112,TXN00013744,34212,MCH5076,0,0,0,1,0,1,0,1
CBK0000053,TXN00017140,USR-93610,MCH8296,2026-01-12 00:00:00,2026-01-12 11:37:03,589.03,login compromised,User claims account was compromised before transaction.,CLOSED,,MEDIUM,App,CBK0000053,TXN00017140,USR-93610,MCH 8296,0,0,0,0,0,1,0,0
CBK0002604,TXN00015102,USR10831,MCH8980,2026-03-22 00:00:00,2026-03-23 20:33:00,0.1038,FRAUD,User says UPI PIN was not entered by them.,Open,,MEDIUM,ivr,CBK0002604,TXN00015102,USR10831,MCH 8980,0,0,0,0,0,1,0,0
CBK0001984,TXN00006529,USR67661,MCH7003,2026-01-26 00:00:00,2026-02-01 00:00:00,5747.29,unauthorized_transaction,customer says transaction was not authorized.,PENDING_BANK,2026-02-18 03:01:00,LOW,CHATBOT,CBK0001984,TXN00006529,USR67661,MCH 7003,0,0,0,0,0,0,0,0
CBK0001246,TXN00007847,USR79175,MCH4181,2026-03-29 17:35:00,2026-04-14 00:00:00,,extra amount deducted,customer says amount was debited twice.,Open,2026-05-14 11:35:52,HIGH,CHATBOT,CBK0001246,TXN00007847,USR79175,MCH4181,0,1,0,0,0,0,0,1
CBK0001124,TXN00018122,USR11419,MCH9594,,2026-05-03 00:00:00,5694.69,DUP_DEBIT,Complaint received after multiple failed attempts.,PENDING_BANK,2026-05-27 02:01:00,MEDIUM,App,CBK0001124,TXN00018122,USR11419,MCH 9594,0,0,0,1,0,0,0,0
CBK0001317,TXN-00016188,USR28015,MCH2822,2026-01-23 00:00:00,2026-01-30 11:51:00,1305.41,merchant service issue,user claims account was compromised before transaction.,Pending Bank,2026-02-02 00:00:00,HIGH,Call Center,CBK0001317,txn-00016188,USR28015,mch2822,0,0,0,0,0,0,0,1
CBK0002614,TXN00006336,USR70866,MCH8906,2026-02-14 00:00:00,2026-02-18 05:26:57,846.13,Wrong Amount,user reports money deducted but merchant denies receiving payment.,OPEN,2026-02-22 00:00:00,MEDIUM,chatbot,CBK0002614,TXN00006336,USR70866,mch8906,0,0,0,0,0,0,0,0
CBK0002164,TXN00001135,USR53527,MCH5076,2026-02-07 00:00:00,2026-02-22 00:00:00,2731.02,Account Takeover,Payment made to unknown merchant as per customer statement.,Closed,,HIGH,CHATBOT,CBK0002164,TXN00001135,USR53527,MCH5076,0,0,0,0,0,1,0,1
CBK0001777,TXN00006951,USR81327,MCH9661,2026-02-02 07:12:00,2026-02-05 07:12:00,3359.61,Account Takeover,Customer says transaction was not authorized.,Rejected,2026-03-06 07:12:00,MEDIUM,ivr,CBK0001777,TXN00006951,USR81327,MCH9661,0,0,0,0,0,0,0,0
CBK0000616,TXN00006990,USR38951,MCH8779,2026-03-10 00:00:00,2026-03-09 11:42:44,1208.16,amount mismatch,User says UPI PIN was not entered by them.,REJECTED,2026-03-28 11:42:00,MEDIUM,App,CBK0000616,TXN00006990,USR38951,MCH8779,0,0,0,0,0,0,0,0
CBK0000385,TXN00014076,USR11828,MCH8154,2026-01-23 13:23:28,2026-01-26 22:23:00,1915.56,extra amount deducted,Complaint received after multiple failed attempts.,OPEN,2026-02-08 00:00:00,LOW,ivr,CBK0000385,TXN00014076,USR11828,MCH8154,0,0,0,0,0,0,0,0
CBK0002097,TXN65627,USR14083,MCH5177,,2026-02-13 00:00:00,-3428.7,Customer Dispute,Complaint received after multiple failed attempts.,Rejected,2026-03-14 08:43:00,HIGH,chatbot,CBK0002097,TXN65627,USR14083,MCH5177,1,0,0,1,0,0,0,1
CBK0001900,TXN00012829,USR86138,MCH3815,2026-03-20 18:15:11,2026-04-05 07:15:11,4506.23,Duplicate Debit,User reports money deducted but merchant denies receiving payment.,RESOLVED,2026-05-05 07:15:11,HIGH,CHATBOT,CBK0001900,TXN00012829,USR86138,MCH3815,0,0,0,0,0,0,0,1
CBK0001029,TXN00007595,USR85146,MCH5954,,2026-04-03 06:18:10,0.1638,double debit,User claims account was compromised before txn.,OPEN,,MEDIUM,CHATBOT,CBK0001029,TXN00007595,USR85146,MCH5954,0,0,0,1,0,1,0,0
CBK0001052,TXN00015908,USR77900,MCH5264,2026-01-21 00:00:00,2026-01-31 09:49:28,0.54,dispute raised,Customer says amount was debited twice.,Pending Bank,,MEDIUM,Branch,CBK0001052,TXN00015908,USR77900,MCH5264,0,0,0,0,0,1,0,0
CBK0000908,TXN00002368,USR71714,MCH9717,2026-02-22 00:00:00,2026-02-23 00:00:00,4581.54,item not received,Customer complaint text unclear due to poor call center notes.,IN_PROGRESS,2026-03-07 19:24:52,LOW,CHATBOT,CBK0000908,TXN00002368,USR 71714,MCH-9717,0,0,0,0,0,0,0,0
CBK0000272,TXN00011208,USR-31719,MCH5754,2026-01-28 00:00:00,,729.47,login compromised,User claims account was compromised before transaction.,Resolved,2026-02-07 00:00:00,HIGH,IVR,CBK0000272,TXN00011208,USR-31719,MCH5754,0,0,0,0,1,0,0,1
CBK0001049,TXN00019810,USR21832,MCH3020,,,2801.1,not done by me,Payment made to unknown merchant as per customer statement.,Resolved,2026-04-17 00:00:00,HIGH,Email,CBK0001049,TXN00019810,USR21832,MCH3020,0,0,0,1,1,0,0,1
CBK0000221,TXN00004354,USR82244,MCH2757,2026-03-03 18:42:43,2026-06-03 00:00:00,0.137,double debit,COMPLAINT RECEIVED AFTER MULTIPLE FAILED ATTEMPTS.,WIP,2026-03-22 00:00:00,MEDIUM,ivr,CBK0000221,TXN00004354,USR82244,mch2757,0,0,0,0,0,0,0,0
CBK0001615,TXN00001397,USR23350,9727,2026-02-06 00:00:00,2026-02-09 00:00:00,0.2972,customer issue,User claims account was compromised before transaction.,WIP,2026-02-20 00:00:00,HIGH,Email,CBK0001615,TXN00001397,USR23350,9727,0,0,0,0,0,0,0,1
CBK0002732,TXN00007712,USR86991,MCH7765,2026-01-02 00:00:00,2026-02-04 17:09:00,-1151.15,service failed,Customer says transaction was not authorized.,IN_PROGRESS,2026-02-12 17:09:22,MEDIUM,App,CBK0002732,TXN00007712,USR86991,MCH7765,1,0,0,0,0,0,0,0
CBK0000571,TXN00018357,USR74628,MCH4473,2026-02-08 02:15:15,2026-02-10 05:15:00,13142.13,Service Not Provided,Payment made to unknown merchant as per customer statement.,WIP,2026-04-03 00:00:00,MEDIUM,ivr,CBK0000571,TXN00018357,USR74628,MCH4473,0,0,0,0,0,0,0,0
CBK0001992,TXN00012094,USR97149,MCH2503,2026-02-11 20:34:00,2026-12-02 00:00:00,0.878,ATO,User reports money deducted but merchant denies receiving payment.,Rejected,,LOW,ivr,CBK0001992,TXN00012094,USR97149,MCH 2503,0,0,0,0,0,1,0,0
CBK0002152,TXN00005346,USR43944,6429,2026-03-05 00:00:00,2026-03-07 00:00:00,3376.98,item not received,User reports money deducted but merchant denies receiving payment.,Open,2026-03-28 00:00:00,LOW,Email,CBK0002152,TXN00005346,USR43944,6429,0,0,0,0,0,0,0,0
CBK0002386,TXN00014331,USR-72448,MCH7602,2026-01-20 00:00:00,2026-02-04 00:00:00,-678.63,ATO,Suspicious high-value payment disputed by customer.,OPEN,2026-02-06 00:00:00,HIGH,Call Center,CBK0002386,TXN00014331,USR-72448,MCH7602,1,0,0,0,0,0,0,1
CBK0000126,TXN00009782,USR75241,MCH8503,2026-03-22 00:00:00,2026-04-06 19:49:00,718.61,amount mismatch,Customer says transaction was not authorized.,Resolved,2026-04-20 00:00:00,MEDIUM,ivr,CBK0000126,TXN00009782,USR75241,MCH8503,0,0,0,0,0,0,0,0
CBK0000552,TXN00001358,59496,MCH5588,2026-01-21 00:00:00,2026-01-23 00:00:00,6742.91,service failed,Suspicious high-value payment disputed by customer.,IN_PROGRESS,2026-02-02 00:00:00,CRITICAL,Branch,CBK0000552,TXN00001358,59496,MCH 5588,0,0,0,0,0,0,1,0
CBK0002681,TXN00008227,USR87558,MCH3815,2026-01-07 00:00:00,2026-01-10 12:14:00,2758.76,complaint,Complaint received after multiple failed attempts.,Rejected,2026-01-10 00:00:00,HIGH,Email,CBK0002681,TXN00008227,USR87558,MCH3815,0,0,0,0,0,0,0,1
CBK0001091,TXN00003670,USR12026,MCH4593,2026-07-01 00:00:00,2026-02-06 00:00:00,2583.29,double debit,Customer says transaction was not authorized.,Rejected,2026-03-02 00:00:00,LOW,Email,CBK0001091,TXN00003670,usr12026,MCH 4593,0,0,0,0,0,0,0,0
CBK0000174,TXN00013432,USR44848,MCH4003,2026-01-28 00:00:00,2026-01-28 00:00:00,616.19,Customer Dispute,User says UPI PIN was not entered by them.,Rejected,,LOW,Branch,CBK0000174,TXN00013432,USR44848,MCH4003,0,0,0,0,0,1,0,0
CBK0000949,,USR50783,MCH9233,2026-01-14 00:00:00,2026-01-25 01:55:00,7400.39,delivery issue,Suspicious high-value payment disputed by customer.,IN_PROGRESS,,MEDIUM,IVR,CBK0000949,,USR50783,MCH9233,0,0,1,0,0,1,0,0
CBK0000519,TXN00010998,USR69938,MCH7992,2026-01-29 23:14:08,,1567.73,UNAUTHORISED,Merchant service was not delivered after payment.,WIP,2026-02-04 00:00:00,LOW,CHATBOT,CBK0000519,TXN00010998,usr69938,MCH7992,0,0,0,0,1,0,0,0
CBK0000645,TXN00016469,USR59482,MCH1792,2026-03-13 13:03:25,,12115.08,extra amount deducted,Customer says transaction was not authorized.,Pending Bank,,CRITICAL,CHATBOT,CBK0000645,TXN00016469,USR59482,MCH1792,0,0,0,0,1,1,1,0
CBK0000063,TXN00017905,USR73461,MCH3216,2026-01-30 00:00:00,2026-01-30 00:00:00,2185.09,dispute raised,Customer says transaction was not authorized.,Resolved,2026-02-02 00:00:00,LOW,CHATBOT,CBK0000063,TXN00017905,USR73461,MCH3216,0,0,0,0,0,0,0,0
CBK0001394,TXN00009340,USR39542,1320,2026-02-18 13:01:11,2026-02-23 00:00:00,1180.9,Duplicate Debit,User reports money deducted but merchant denies receiving payment.,OPEN,,CRITICAL,chatbot,CBK0001394,TXN00009340,USR39542,1320,0,0,0,0,0,1,1,0
CBK0001496,TXN00012480,USR39700,MCH9284,2026-02-09 02:52:00,2026-02-19 00:00:00,0.2178,Fraud Suspected,Payment made to unknown merchant as per customer statement.,CLOSED,2026-02-20 00:00:00,HIGH,Call Center,CBK0001496,TXN00012480,USR39700,MCH9284,0,0,0,0,0,0,0,1
CBK0002246,TXN00009997,USR96095,MCH6849,2026-03-28 00:00:00,2026-04-03 00:00:00,,Merchant Not Delivered,Merchant service was not delivered after payment.,Rejected,2026-04-14 12:51:03,MEDIUM,chatbot,CBK0002246,TXN00009997,USR96095,MCH6849,0,1,0,0,0,0,0,0
CBK0001245,TXN00014601,USR50737,MCH1920,2026-03-17 00:00:00,2026-03-27 20:30:00,0.689,customer issue,Payment made to unknown merchant as per customer statement.,Pending Bank,2026-04-20 00:00:00,LOW,IVR,CBK0001245,TXN00014601,USR50737,MCH1920,0,0,0,0,0,0,0,0
CBK0000329,TXN-00014927,USR_30489,MCH4948,2026-01-29 17:56:00,2026-03-16 00:00:00,,Fraud Suspected,Suspicious high-value payment disputed by customer.,OPEN,2026-04-08 00:00:00,MEDIUM,App,CBK0000329,txn-00014927,usr_30489,MCH4948,0,1,0,0,0,0,0,0
CBK0001974,TXN00002369,USR83393,MCH3463,2026-03-30 17:27:58,2026-04-01 15:27:58,0.1718,customer issue,Customer says transaction was not authorized.,IN_PROGRESS,2026-04-20 00:00:00,LOW,Branch,CBK0001974,TXN00002369,USR83393,MCH3463,0,0,0,0,0,0,0,0
CBK0002363,TXN00002125,USR78593,2757,2026-04-03 00:00:00,2026-03-07 00:00:00,0.2711,ATO,Payment made to unknown merchant as per customer statement.,Closed,2026-03-22 00:00:00,LOW,Branch,CBK0002363,TXN00002125,USR78593,2757,0,0,0,0,0,0,0,0
CBK0001357,TXN00015990,USR49195,MCH1203,2026-01-08 00:00:00,2026-01-23 03:20:00,-1640.31,Account Takeover,Payment made to unknown merchant as per customer statement.,OPEN,2026-02-01 00:00:00,CRITICAL,App,CBK0001357,TXN00015990,usr49195,MCH1203,1,0,0,0,0,0,1,0
CBK0002677,TXN00009096,USR-31537,MCH8779,2026-02-27 00:00:00,2026-02-28 00:00:00,-6781.52,incorrect amount,Suspicious high-value payment disputed by cust.,Pending Bank,2026-03-10 08:17:01,MEDIUM,Branch,CBK0002677,TXN00009096,USR-31537,MCH-8779,1,0,0,0,0,0,0,0
CBK0000586,TXN00007590,USR26821,MCH8953,2026-11-03 00:00:00,,1023.96,Customer Dispute,Complaint received after multiple failed attempts. call dropped,REJECTED,2026-04-02 02:24:43,LOW,Call Center,CBK0000586,TXN00007590,USR26821,MCH8953,0,0,0,0,1,0,0,0
CBK0000776,TXN00010920,USR-19006,MCH4590,2026-03-12 23:55:00,2026-03-13 02:55:07,5019.03,unauthorized_transaction,complaint received after multiple failed attempts.,PENDING_BANK,,MEDIUM,IVR,CBK0000776,TXN00010920,USR-19006,mch4590,0,0,0,0,0,1,0,0
CBK0000873,TXN00002853,USR-33226,MCH2822,2026-02-13 11:31:49,2026-02-20 00:00:00,1650.21,delivery issue,Complaint received after multiple failed attempts.,Open,2026-02-26 12:31:49,MEDIUM,Email,CBK0000873,TXN00002853,USR-33226,MCH2822,0,0,0,0,0,0,0,0
CBK0000358,TXN00015992,USR12248,MCH1013,2026-02-28 00:00:00,2026-03-10 00:00:00,6937.41,login compromised,User says UPI PIN was not entered by them. NA,Rejected,2026-03-10 00:00:00,HIGH,Branch,CBK0000358,TXN00015992,USR12248,MCH1013,0,0,0,0,0,0,0,1
CBK0002265,TXN00008431,USR11987,MCH5922,,2026-02-07 23:51:35,1831.96,amount mismatch,Customer says transaction was not authorized.,REJECTED,2026-03-09 23:51:00,MEDIUM,CHATBOT,CBK0002265,TXN00008431,USR11987,MCH5922,0,0,0,1,0,0,0,0
CBK0001115,TXN00018481,USR96362,MCH8953,2026-01-31 00:00:00,2026-02-03 00:00:00,776.76,delivery issue,MERCHANT SERVICE WAS NOT DELIVERED AFTER PAYMENT.,REJECTED,2026-02-05 00:00:00,MEDIUM,IVR,CBK0001115,TXN00018481,USR96362,MCH8953,0,0,0,0,0,0,0,0
CBK0000323,TXN00019162,USR85655,MCH7346,2026-03-03 02:18:00,2026-03-03 10:18:01,2538.07,charged twice,USER SAYS UPI PIN WAS NOT ENTERED BY THEM.,PENDING_BANK,,LOW,Branch,CBK0000323,TXN00019162,USR85655,MCH 7346,0,0,0,0,0,1,0,0
CBK0000234,TXN00001948,USR69297,MCH8977,2026-03-29 04:03:44,2026-03-30 00:00:00,8296.18,Wrong Amount,Suspicious high-value payment disputed by customer.,Resolved,2026-04-25 00:00:00,LOW,IVR,CBK0000234,TXN00001948,USR69297,MCH8977,0,0,0,0,0,0,0,0
CBK0001576,TXN00012979,USR85329,MCH1945,2026-01-07 00:00:00,2026-01-07 10:12:22,21185.86,FRAUD,Complaint received after multiple failed attempts.,Closed,2026-08-01 00:00:00,LOW,CHATBOT,CBK0001576,TXN00012979,USR85329,MCH1945,0,0,0,0,0,0,0,0
CBK0002169,TXN00011212,USR_87637,MCH5655,2026-01-25 00:00:00,2026-01-28 23:45:00,,Wrong Amount,User says UPI PIN was not entered by them.,REJECTED,,MEDIUM,Branch,CBK0002169,TXN00011212,usr_87637,MCH5655,0,1,0,0,0,1,0,0
CBK0000803,,USR28353,MCH9017,2026-01-28 20:41:02,2026-02-13 00:00:00,6400.05,Merchant Not Delivered,Complaint received after multiple failed attempts. pls check asap,RESOLVED,2026-02-23 00:00:00,HIGH,IVR,CBK0000803,,USR28353,MCH9017,0,0,1,0,0,0,0,1
CBK0001770,TXN00001025,USR97417,MCH7480,2026-02-24 23:35:00,2026-03-07 00:00:00,5150.06,delivery issue,Complaint received after multiple failed attempts.,Closed,,MEDIUM,IVR,CBK0001770,TXN00001025,usr97417,MCH7480,0,0,0,0,0,1,0,0
CBK0000956,TXN00001028,USR76271,MCH9801,2026-03-30 00:00:00,2026-04-15 11:18:00,,delivery issue,User claims account was compromised before transaction.,OPEN,2026-04-26 00:00:00,MEDIUM,Branch,CBK0000956,TXN00001028,USR76271,MCH9801,0,1,0,0,0,0,0,0
CBK0001559,TXN00003513,USR15980,MCH9291,2026-03-13 00:00:00,2026-03-13 00:00:00,754.13,merchant service issue,User says UPI PIN was not entered by them.,Resolved,2026-04-05 00:00:00,MEDIUM,chatbot,CBK0001559,TXN00003513,USR15980,MCH9291,0,0,0,0,0,0,0,0
CBK0002745,TXN00003727,USR54113,MCH7888,2026-03-12 20:17:03,2026-03-18 00:00:00,1284.94,Wrong Amount,Payment made to unknown merchant as per customer statement.,Rejected,2026-03-29 11:17:03,MEDIUM,IVR,CBK0002745,TXN00003727,USR54113,MCH7888,0,0,0,0,0,0,0,0
CBK0002455,TXN00001275,USR_69706,MCH5076,2026-01-20 00:00:00,2026-01-23 00:00:00,2210.2,Duplicate Debit,CUSTOMER SAYS AMOUNT WAS DEBITED TWICE.,RESOLVED,2026-02-17 00:00:00,LOW,ivr,CBK0002455,TXN00001275,usr_69706,MCH5076,0,0,0,0,0,0,0,0
CBK0000925,TXN00001097,67142,MCH4883,2026-02-14 15:47:00,2026-02-18 01:47:00,4816.91,merchant service issue,Merchant service was not delivered after payment.,RESOLVED,,MEDIUM,IVR,CBK0000925,TXN00001097,67142,MCH4883,0,0,0,0,0,1,0,0
CBK0002531,TXN00018059,USR46902,MCH1737,2026-03-06 00:00:00,2026-03-12 00:00:00,,UNAUTHORISED,Payment made to unknown merchant as per customer statement.,REJECTED,,MEDIUM,chatbot,CBK0002531,TXN00018059,USR46902,MCH1737,0,1,0,0,0,1,0,0
CBK0001365,TXN00011080,USR44053,MCH1613,2026-02-10 00:00:00,2026-02-17 00:00:00,1709.82,merchant service issue,User reports money deducted but merchant denies receiving payment. details missing,REJECTED,2026-02-20 16:56:29,MEDIUM,App,CBK0001365,TXN00011080,USR44053,MCH1613,0,0,0,0,0,0,0,0
CBK0000254,TXN00005010,USR40538,MCH5940,,2026-03-08 00:00:00,1290.35,ATO,User claims account was compromised before transaction.,OPEN,2026-03-28 00:00:00,MEDIUM,App,CBK0000254,TXN00005010,USR40538,MCH5940,0,0,0,1,0,0,0,0
CBK0000919,TXN00004956,USR26890,MCH9891,2026-03-15 09:36:34,2026-03-18 00:00:00,1752.77,suspicious transaction,merchant service was not delivered after payment.,Rejected,2026-03-22 19:36:34,MEDIUM,ivr,CBK0000919,TXN00004956,USR26890,MCH9891,0,0,0,0,0,0,0,0
CBK0002474,TXN00014618,USR24726,MCH2638,2026-02-18 00:00:00,2026-02-20 05:43:41,1047.67,UNAUTHORISED,Suspicious high-value payment disputed by customer.,REJECTED,2026-03-07 00:00:00,MEDIUM,Branch,CBK0002474,TXN00014618,usr24726,MCH2638,0,0,0,0,0,0,0,0
CBK0002776,TXN00013127,USR-40874,MCH5212,2026-03-19 00:00:00,2026-03-21 14:17:37,1935.98,ATO,Customer says transaction was not authorized.,OPEN,,HIGH,chatbot,CBK0002776,TXN00013127,USR-40874,MCH 5212,0,0,0,0,0,1,0,1
CBK0001195,TXN00001271,48486,MCH5327,2026-01-21 00:00:00,2026-01-23 00:00:00,0.119,item not received,Merchant service was not delivered after payment.,PENDING_BANK,2026-02-19 00:00:00,HIGH,Call Center,CBK0001195,TXN00001271,48486,MCH 5327,0,0,0,0,0,0,0,1
CBK0002506,TXN00002955,USR68934,MCH7020,2026-03-28 00:00:00,2026-04-28 00:00:00,4857.63,Unauthorized Transaction,Suspicious high-value payment disputed by customer.,Resolved,,LOW,IVR,CBK0002506,TXN00002955,USR68934,MCH-7020,0,0,0,0,0,1,0,0
CBK0000832,TXN00014106,USR26145,MCH1012,2026-01-21 23:25:00,2026-01-31 23:25:00,1547.17,UNAUTHORISED,Complaint received after multiple failed attempts.,Open,2026-02-27 00:00:00,LOW,Call Center,CBK0000832,TXN00014106,USR26145,MCH1012,0,0,0,0,0,0,0,0
CBK0000564,TXN-00005945,USR21384,MCH1809,2026-02-03 00:00:00,2026-04-02 00:00:00,848.15,delivery issue,User reports money deducted but merchant denies receiving payment.,In Progress,2026-02-04 00:00:00,HIGH,Email,CBK0000564,txn-00005945,USR21384,MCH1809,0,0,0,0,0,0,0,1
CBK0000744,TXN00001703,USR53423,MCH6565,2026-01-05 14:34:29,,0.224,DUP_DEBIT,User says UPI PIN was not entered by them.,RESOLVED,2026-01-19 00:00:00,MEDIUM,Email,CBK0000744,TXN00001703,USR 53423,mch6565,0,0,0,0,1,0,0,0
CBK0001649,TXN00018989,USR90653,2436,2026-03-30 02:11:00,2026-04-02 00:00:00,0.2703,double debit,Merchant service was not delivered after payment.,PENDING_BANK,,HIGH,chatbot,CBK0001649,TXN00018989,USR90653,2436,0,0,0,0,0,1,0,1
CBK0000455,TXN00012649,USR42432,MCH9748,,2026-02-25 00:00:00,2202.7,Account Takeover,Merchant service was not delivered after payment.,WIP,2026-03-11 21:41:19,HIGH,chatbot,CBK0000455,TXN00012649,usr42432,MCH9748,0,0,0,1,0,0,0,1
CBK0000302,TXN00016585,USR38429,MCH2943,2026-03-17 00:00:00,,,double debit,complaint received after multiple failed attempts.,Pending Bank,2026-03-18 00:00:00,MEDIUM,Call Center,CBK0000302,TXN00016585,USR38429,MCH2943,0,1,0,0,1,0,0,0
CBK0002738,TXN00000947,USR89588,MCH2960,2026-02-13 08:30:44,2026-02-13 11:30:44,0.2075,not done by me,Customer says amount was debited twice.,Resolved,2026-02-18 11:30:44,MEDIUM,Email,CBK0002738,TXN00000947,USR89588,MCH2960,0,0,0,0,0,0,0,0
CBK0000153,TXN00000546,USR92746,MCH7824,2026-03-01 00:00:00,2026-03-03 19:44:09,,not delivered,Suspicious high-value payment disputed by customer.,Closed,2026-03-03 19:44:00,MEDIUM,IVR,CBK0000153,TXN00000546,USR92746,MCH7824,0,1,0,0,0,0,0,0
CBK0000304,TXN00013266,USR-84318,MCH5916,2026-02-22 00:00:00,2026-02-28 00:00:00,6391.92,merchant service issue,Complaint received after multiple failed attempts.,Pending Bank,2026-08-03 00:00:00,HIGH,Email,CBK0000304,TXN00013266,USR-84318,MCH5916,0,0,0,0,0,0,0,1
CBK0000114,TXN00002182,USR85475,MCH8779,2026-02-08 13:27:52,2026-02-09 13:27:52,,amount mismatch,user says upi pin was not entered by them.,RESOLVED,2026-02-28 00:00:00,LOW,Email,CBK0000114,TXN00002182,USR85475,MCH 8779,0,1,0,0,0,0,0,0
CBK0001506,TXN00002381,USR81570,MCH3815,2026-02-04 00:00:00,2026-07-02 00:00:00,0.3182,Account Takeover,Customer says transaction was not authorized.,WIP,,MEDIUM,chatbot,CBK0001506,TXN00002381,USR 81570,MCH3815,0,0,0,0,0,1,0,0
CBK0000588,TXN00003990,USR48652,MCH5552,2026-02-13 00:00:00,2026-02-19 00:00:00,0.702,delivery issue,Customer complaint text unclear due to poor call center notes.,Rejected,2026-02-26 00:00:00,LOW,App,CBK0000588,TXN00003990,USR48652,MCH5552,0,0,0,0,0,0,0,0
CBK0000857,TXN00018599,USR_52095,MCH3652,2026-03-19 00:00:00,2026-03-25 04:34:33,0.576,customer issue,User claims account was compromised before transaction.,CLOSED,,MEDIUM,Email,CBK0000857,TXN00018599,usr_52095,MCH3652,0,0,0,0,0,1,0,0
CBK0002327,TXN00011877,USR69584,MCH5183,2026-03-06 00:00:00,2026-03-06 21:56:02,728.14,unauth txn,Customer says transaction was not authorized.,OPEN,2026-03-22 00:00:00,MEDIUM,ivr,CBK0002327,TXN00011877,USR69584,MCH 5183,0,0,0,0,0,0,0,0
CBK0000858,TXN00015040,USR95176,MCH1146,2026-03-29 00:00:00,,1568.41,amount mismatch,Customer says amount was debited twice.,Pending Bank,,LOW,Email,CBK0000858,TXN00015040,USR95176,MCH-1146,0,0,0,0,1,1,0,0
CBK0000429,TXN00019661,USR97772,MCH3992,2026-02-19 22:56:00,2026-02-21 09:56:09,,amount mismatch,User reports money deducted but merchant denies receiving payment.,Rejected,2026-03-06 00:00:00,HIGH,App,CBK0000429,TXN00019661,USR97772,MCH3992,0,1,0,0,0,0,0,1
CBK0000817,TXN00002301,USR71836,MCH3815,2026-02-05 00:00:00,2026-02-21 00:00:00,769.17,account hacked,Payment made to unknown merchant as per customer statement.,OPEN,2026-03-07 12:29:12,LOW,App,CBK0000817,TXN00002301,USR71836,MCH3815,0,0,0,0,0,0,0,0
CBK0000011,TXN00006805,USR14951,MCH5380,2026-02-20 00:00:00,2026-02-22 00:00:00,1087.14,Wrong Amount,SUSPICIOUS HIGH-VALUE PAYMENT DISPUTED BY CUSTOMER.,CLOSED,2026-03-01 00:00:00,MEDIUM,IVR,CBK0000011,TXN00006805,USR14951,mch5380,0,0,0,0,0,0,0,0
CBK0000250,TXN00002574,USR73010,MCH1320,2026-02-25 03:11:33,2026-03-02 00:00:00,0.66,not delivered,suspicious high-value payment disputed by customer.,Open,2026-03-07 09:11:33,LOW,ivr,CBK0000250,TXN00002574,usr73010,MCH1320,0,0,0,0,0,0,0,0
CBK0001404,TXN00003881,USR-61151,MCH8634,,2026-03-23 06:15:00,,not done by me,Customer says transaction was not authorized.,WIP,2026-03-30 00:00:00,MEDIUM,Call Center,CBK0001404,TXN00003881,USR-61151,MCH8634,0,1,0,1,0,0,0,0
CBK0000574,TXN00011825,USR78873,MCH9713,2026-01-26 18:02:00,2026-03-12 00:00:00,3123.85,charged twice,Complaint received after multiple failed attempts.,IN_PROGRESS,2026-03-17 00:00:00,LOW,Email,CBK0000574,TXN00011825,USR78873,mch9713,0,0,0,0,0,0,0,0
CBK0002429,TXN00015653,USR50125,MCH2266,2026-03-31 00:00:00,2026-04-01 00:00:00,3491.1,Duplicate Debit,Suspicious high-value payment disputed by customer.,CLOSED,2026-04-25 00:00:00,MEDIUM,CHATBOT,CBK0002429,TXN00015653,USR50125,MCH2266,0,0,0,0,0,0,0,0
CBK0001916,TXN00005518,USR18198,MCH5954,,2026-03-25 00:00:00,-4245.22,FRAUD,Merchant service was not delivered after payment.,REJECTED,2026-04-04 16:01:06,LOW,Branch,CBK0001916,TXN00005518,USR18198,MCH-5954,1,0,0,1,0,0,0,0
CBK0001132,TXN00019555,USR_87956,MCH5062,2026-01-24 13:53:56,2026-01-26 00:00:00,15606.92,amount mismatch,User claims account was compromised before transaction.,IN_PROGRESS,2026-02-02 00:00:00,LOW,ivr,CBK0001132,TXN00019555,usr_87956,MCH5062,0,0,0,0,0,0,0,0
CBK0000528,TXN00003808,USR46923,MCH2685,2026-02-19 14:29:00,2026-02-22 00:00:00,476.92,double debit,PAYMENT MADE TO UNKNOWN MERCHANT AS PER CUSTOMER STATEMENT.,CLOSED,,CRITICAL,IVR,CBK0000528,TXN00003808,USR46923,MCH2685,0,0,0,0,0,1,1,0
CBK0002091,TXN00006681,USR26140,MCH5655,2026-01-27 00:00:00,2026-01-28 00:00:00,946.45,Account Takeover,Merchant service was not delivered after payment. NA,REJECTED,2026-02-24 00:00:00,MEDIUM,IVR,CBK0002091,TXN00006681,USR26140,MCH5655,0,0,0,0,0,0,0,0
CBK0001235,TXN00010356,USR-82947,MCH6407,2026-02-23 00:00:00,2026-02-26 00:00:00,0.2359,Wrong Amount,Customer says transaction was not authorized.,REJECTED,2026-03-12 04:52:03,HIGH,App,CBK0001235,TXN00010356,USR-82947,MCH6407,0,0,0,0,0,0,0,1
CBK0001096,TXN00019163,USR72047,MCH3308,2026-02-17 00:00:00,2026-03-04 00:00:00,1202.2,extra amount deducted,Complaint received after multiple failed attempts.,Resolved,,HIGH,IVR,CBK0001096,TXN00019163,usr72047,MCH3308,0,0,0,0,0,1,0,1
CBK0001038,TXN00005386,USR82091,MCH1514,2026-01-24 00:00:00,2026-02-04 04:50:27,2597.6,complaint,PAYMENT MADE TO UNKNOWN MERCHANT AS PER CUSTOMER STATEMENT.,In Progress,2026-02-11 00:00:00,MEDIUM,App,CBK0001038,TXN00005386,USR82091,mch1514,0,0,0,0,0,0,0,0
CBK0000653,TXN00007307,USR58692,MCH2298,2026-01-15 00:00:00,2026-01-30 00:00:00,2349.32,not done by me,User says UPI PIN was not entered by them. call dropped,Closed,2026-02-26 15:09:16,MEDIUM,Call Center,CBK0000653,TXN00007307,USR58692,MCH-2298,0,0,0,0,0,0,0,0
CBK0000456,TXN00009180,USR83586,MCH8928,2026-01-19 01:14:49,,,scam,USER REPORTS MONEY DEDUCTED BUT MERCHANT DENIES RECEIVING PAYMENT.,WIP,2026-05-02 00:00:00,HIGH,Call Center,CBK0000456,TXN00009180,USR83586,mch8928,0,1,0,0,1,0,0,1
CBK0000818,TXN00015972,USR83126,MCH2616,2026-01-19 00:00:00,2026-01-21 23:22:51,8836.22,delivery issue,Payment made to unknown merchant as per customer statement.,Rejected,2026-02-19 00:00:00,CRITICAL,CHATBOT,CBK0000818,TXN00015972,USR83126,MCH2616,0,0,0,0,0,0,1,0
CBK0002103,TXN00005039,USR38720,MCH9523,2026-01-24 00:00:00,2026-01-24 18:26:47,1582.19,no service,User reports money deducted but merchant denies receiving payment.,Resolved,2026-02-19 00:00:00,HIGH,ivr,CBK0002103,TXN00005039,USR38720,MCH9523,0,0,0,0,0,0,0,1
CBK0001868,TXN00015884,USR34835,MCH3992,2026-03-04 00:00:00,2026-06-03 00:00:00,247.02,customer issue,Payment made to unknown merchant as per customer statement.,IN_PROGRESS,2026-02-04 00:00:00,HIGH,Branch,CBK0001868,TXN00015884,USR34835,MCH3992,0,0,0,0,0,0,0,1
CBK0001455,TXN00007357,USR62254,MCH5655,2026-01-10 04:54:03,2026-02-09 00:00:00,0.161,amount mismatch,Customer says amount was debited twice.,WIP,,MEDIUM,Branch,CBK0001455,TXN00007357,USR62254,MCH5655,0,0,0,0,0,1,0,0
CBK0002565,TXN00003516,USR18591,MCH5076,,2026-01-18 00:00:00,585.31,amount mismatch,User claims account was compromised before txn.,Pending Bank,2026-02-12 12:15:00,HIGH,App,CBK0002565,TXN00003516,USR 18591,MCH5076,0,0,0,1,0,0,0,1
CBK0002508,TXN00015520,USR78921,MCH1369,2026-01-24 00:42:06,2026-02-23 00:00:00,578.15,Duplicate Debit,Customer says txn was not authorized.,Pending Bank,,CRITICAL,Branch,CBK0002508,TXN00015520,USR78921,MCH1369,0,0,0,0,0,1,1,0
CBK0002546,TXN41980,USR82793,MCH1094,2026-03-17 00:00:00,2026-03-19 15:57:00,565.73,not done by me,Suspicious high-value payment disputed by customer. call dropped,OPEN,2026-03-19 00:00:00,HIGH,Email,CBK0002546,TXN41980,USR82793,MCH 1094,0,0,0,0,0,0,0,1
CBK0000212,TXN00010499,USR18345,MCH6823,2026-03-13 03:19:00,2026-03-16 20:19:36,0.4579,ATO,complaint received after multiple failed attempts.,OPEN,2026-03-27 00:00:00,LOW,Branch,CBK0000212,TXN00010499,USR18345,MCH6823,0,0,0,0,0,0,0,0
CBK0002200,TXN00017653,USR80376,MCH5600,2026-01-16 00:00:00,2026-01-23 00:00:00,4402.84,account hacked,User reports money deducted but merchant denies receiving payment.,WIP,2026-01-24 19:11:00,MEDIUM,App,CBK0002200,TXN00017653,USR 80376,MCH5600,0,0,0,0,0,0,0,0
CBK0001408,TXN00007170,USR-49478,MCH8391,2026-03-30 20:56:21,2026-03-31 00:00:00,0.468,dispute raised,Merchant service was not delivered after payment.,Open,2026-04-01 00:00:00,MEDIUM,CHATBOT,CBK0001408,TXN00007170,USR-49478,MCH8391,0,0,0,0,0,0,0,0
CBK0000377,TXN38189,USR50661,MCH5076,2026-08-01 00:00:00,,754.07,Fraud Suspected,Complaint received after multiple failed attempts.,PENDING_BANK,,MEDIUM,IVR,CBK0000377,TXN38189,USR50661,MCH5076,0,0,0,0,1,1,0,0
CBK0001891,TXN00001071,USR11526,MCH9122,2026-03-13 00:00:00,2026-03-17 00:00:00,2117.2,Service Not Provided,Complaint received after multiple failed attempts. NA,CLOSED,2026-03-31 00:00:00,MEDIUM,Branch,CBK0001891,TXN00001071,USR 11526,MCH9122,0,0,0,0,0,0,0,0
CBK0001866,TXN00008011,USR63376,6063,2026-01-16 00:00:00,2026-01-19 00:00:00,1770.2,unauth txn,Suspicious high-value payment disputed by customer.,RESOLVED,2026-02-15 00:00:00,MEDIUM,Call Center,CBK0001866,TXN00008011,USR63376,6063,0,0,0,0,0,0,0,0
CBK0000970,TXN82870,36118,MCH1738,2026-01-29 00:00:00,2026-01-30 00:00:00,543.0,extra amount deducted,Merchant service was not delivered after payment.,CLOSED,2026-01-30 19:36:00,LOW,Call Center,CBK0000970,TXN82870,36118,MCH-1738,0,0,0,0,0,0,0,0
CBK0002242,TXN84424,USR30262,MCH6806,2026-03-18 00:38:07,2026-03-18 00:00:00,1535.24,service failed,USER REPORTS MONEY DEDUCTED BUT MERCHANT DENIES RECEIVING PAYMENT.,IN_PROGRESS,2026-03-18 00:00:00,LOW,Call Center,CBK0002242,TXN84424,USR30262,MCH6806,0,0,0,0,0,0,0,0
CBK0001560,TXN00001620,USR85566,MCH6810,,2026-03-23 00:00:00,1347.82,suspicious transaction,Suspicious high-value payment disputed by customer.,Resolved,,LOW,CHATBOT,CBK0001560,TXN00001620,usr85566,MCH6810,0,0,0,1,0,1,0,0
CBK0000409,TXN00006280,USR91269,MCH4181,2026-02-18 22:17:11,2026-02-22 14:17:00,1032.66,login compromised,USER CLAIMS ACCOUNT WAS COMPROMISED BEFORE TRANSACTION.,REJECTED,2026-03-21 14:17:11,MEDIUM,App,CBK0000409,TXN00006280,USR91269,MCH4181,0,0,0,0,0,0,0,0
CBK0001847,TXN00012093,USR36399,MCH7286,2026-02-21 10:24:33,2026-02-28 00:00:00,3867.32,Account Takeover,Merchant service was not delivered after payment.,RESOLVED,2026-03-22 00:00:00,CRITICAL,ivr,CBK0001847,TXN00012093,USR36399,MCH7286,0,0,0,0,0,0,1,0
CBK0001673,TXN00017039,USR32436,MCH9055,2026-01-03 00:00:00,2026-01-06 00:00:00,0.1306,item not received,user reports money deducted but merchant denies receiving payment.,RESOLVED,2026-01-21 15:04:59,LOW,chatbot,CBK0001673,TXN00017039,USR32436,MCH9055,0,0,0,0,0,0,0,0
CBK0000284,TXN32709,USR91199,MCH7235,2026-01-29 00:00:00,,0.4152,Unauthorized Transaction,User claims account was compromised before transaction.,CLOSED,2026-02-13 00:00:00,MEDIUM,Email,CBK0000284,TXN32709,USR91199,mch7235,0,0,0,0,1,0,0,0
CBK0001681,TXN00013474,USR44690,MCH1928,2026-03-08 17:42:18,2026-07-04 00:00:00,3303.95,not delivered,Payment made to unknown merchant as per customer statement.,Open,,LOW,ivr,CBK0001681,TXN00013474,usr44690,MCH1928,0,0,0,0,0,1,0,0
CBK0001146,TXN00006160,USR11770,MCH4871,2026-03-07 00:00:00,2026-03-14 00:00:00,384.6,scam,Customer complaint text unclear due to poor call center notes.,IN_PROGRESS,2026-04-07 00:00:00,MEDIUM,Branch,CBK0001146,TXN00006160,USR11770,MCH4871,0,0,0,0,0,0,0,0
CBK0000431,TXN00011403,USR76792,MCH3707,2026-03-16 00:00:00,2026-03-17 00:00:00,88.39,login compromised,user reports money deducted but merchant denies receiving payment.,Closed,2026-03-22 00:00:00,LOW,Branch,CBK0000431,TXN00011403,USR76792,MCH3707,0,0,0,0,0,0,0,0
CBK0000038,TXN00016138,USR75856,MCH5345,2026-02-15 00:00:00,2026-03-18 00:00:00,2973.45,double debit,Payment made to unknown merchant as per customer statement.,Pending Bank,2026-04-13 00:00:00,LOW,IVR,CBK0000038,TXN00016138,usr75856,MCH5345,0,0,0,0,0,0,0,0
CBK0001051,TXN00007915,USR14299,MCH2383,2026-02-10 03:04:00,2026-03-13 00:00:00,1789.71,not done by me,PAYMENT MADE TO UNKNOWN MERCHANT AS PER CUSTOMER STATEMENT.,RESOLVED,2026-03-18 00:00:00,CRITICAL,Call Center,CBK0001051,TXN00007915,USR14299,MCH2383,0,0,0,0,0,0,1,0
CBK0000442,TXN00007729,USR34645,MCH5076,2026-01-05 00:00:00,2026-01-09 00:00:00,819.04,dispute raised,USER CLAIMS ACCOUNT WAS COMPROMISED BEFORE TRANSACTION.,CLOSED,2026-01-29 00:00:00,LOW,Email,CBK0000442,TXN00007729,usr34645,MCH5076,0,0,0,0,0,0,0,0
CBK0002207,TXN00015126,USR62875,MCH2383,2026-01-06 00:00:00,2026-06-01 00:00:00,2119.11,double debit,Customer complaint text unclear due to poor call center notes.,IN_PROGRESS,2026-01-23 00:00:00,LOW,chatbot,CBK0002207,TXN00015126,USR62875,MCH 2383,0,0,0,0,0,0,0,0
CBK0000536,TXN00017414,USR39006,MCH5032,2026-01-10 00:00:00,2026-01-08 00:00:00,12249.71,item not received,Complaint received after multiple failed attempts.,Closed,2026-02-06 04:32:02,HIGH,Email,CBK0000536,TXN00017414,USR 39006,mch5032,0,0,0,0,0,0,0,1
CBK0000633,TXN00013693,USR72322,MCH8732,2026-03-19 17:11:52,2026-03-21 00:00:00,1899.73,item not received,Merchant service was not delivered after payment.,RESOLVED,,HIGH,IVR,CBK0000633,TXN00013693,USR 72322,MCH8732,0,0,0,0,0,1,0,1
CBK0002622,TXN00018833,USR92174,MCH4861,2026-02-05 00:00:00,2026-02-13 13:09:19,-451.83,unauthorized_transaction,Customer says transaction was not authorized.,Resolved,2026-02-19 00:00:00,CRITICAL,chatbot,CBK0002622,TXN00018833,usr92174,MCH4861,1,0,0,0,0,0,1,0
CBK0001117,TXN00012679,USR13963,MCH3522,2026-02-07 00:00:00,2026-02-09 00:00:00,1851.93,Duplicate Debit,Complaint received after multiple failed attempts.,PENDING_BANK,,MEDIUM,App,CBK0001117,TXN00012679,USR13963,MCH3522,0,0,0,0,0,1,0,0
CBK0000939,TXN00009825,USR24660,MCH9618,2026-03-26 00:00:00,2026-03-29 06:03:00,0.308,customer issue,Complaint received after multiple failed attempts.,Resolved,2026-04-25 00:00:00,LOW,Branch,CBK0000939,TXN00009825,USR24660,MCH9618,0,0,0,0,0,0,0,0
CBK0001090,TXN00016195,USR85787,MCH4442,2026-03-11 00:00:00,2026-03-22 01:33:06,0.471,delivery issue,User says UPI PIN was not entered by them.,OPEN,2026-04-13 00:00:00,LOW,Branch,CBK0001090,TXN00016195,USR85787,MCH4442,0,0,0,0,0,0,0,0
CBK0001682,TXN00010834,USR67399,MCH8675,2026-03-12 15:00:00,2026-03-23 00:00:00,1750.36,Duplicate Debit,Customer complaint text unclear due to poor call center notes.,IN_PROGRESS,,MEDIUM,CHATBOT,CBK0001682,TXN00010834,USR67399,MCH8675,0,0,0,0,0,1,0,0
CBK0001294,TXN-00019221,USR67336,MCH7286,2026-03-10 08:05:58,2026-03-17 00:00:00,596.6,Customer Dispute,Customer says txn was not authorized.,Closed,2026-04-04 21:05:58,MEDIUM,Branch,CBK0001294,txn-00019221,USR67336,mch7286,0,0,0,0,0,0,0,0
CBK0001189,TXN00015243,90963,4871,2026-02-14 13:48:33,2026-02-14 00:00:00,448.21,customer issue,Merchant service was not delivered after payment.,REJECTED,2026-03-05 14:48:33,MEDIUM,chatbot,CBK0001189,TXN00015243,90963,4871,0,0,0,0,0,0,0,0
CBK0000070,TXN00019236,USR39755,MCH6038,2026-03-26 13:55:00,2026-04-10 23:55:00,3160.25,not done by me,Payment made to unknown merchant as per customer statement.,RESOLVED,2026-05-08 00:00:00,HIGH,Email,CBK0000070,TXN00019236,USR39755,MCH-6038,0,0,0,0,0,0,0,1
CBK0000476,TXN76059,USR36575,MCH1929,2026-03-29 00:00:00,2026-04-01 00:00:00,1726.97,incorrect amount,Payment made to unknown merchant as per customer statement.,IN_PROGRESS,,HIGH,IVR,CBK0000476,TXN76059,USR36575,mch1929,0,0,0,0,0,1,0,1
CBK0000092,TXN00019596,USR_96380,MCH3161,2026-02-23 05:30:01,,2991.63,Duplicate Debit,Customer says amount was debited twice.,Resolved,,HIGH,chatbot,CBK0000092,TXN00019596,usr_96380,MCH3161,0,0,0,0,1,1,0,1
CBK0000095,TXN00006584,USR85655,1599,2026-03-03 21:45:00,2026-03-04 00:00:00,1087.37,Merchant Not Delivered,Merchant service was not delivered after payment.,In Progress,2026-03-18 00:00:00,MEDIUM,Call Center,CBK0000095,TXN00006584,USR85655,1599,0,0,0,0,0,0,0,0
CBK0000861,TXN00016940,USR_83977,MCH1995,2026-01-05 00:00:00,2026-01-07 01:02:00,7669.97,charged twice,Payment made to unknown merchant as per customer statement.,Resolved,2026-01-24 00:00:00,MEDIUM,Branch,CBK0000861,TXN00016940,usr_83977,MCH1995,0,0,0,0,0,0,0,0
CBK0000040,TXN00009861,USR84241,MCH1811,2026-02-05 00:00:00,2026-08-02 00:00:00,883.5,service failed,User reports money deducted but merchant denies receiving payment.,Resolved,2026-02-15 15:27:00,HIGH,Email,CBK0000040,TXN00009861,USR84241,MCH1811,0,0,0,0,0,0,0,1
CBK0001663,TXN00008414,USR40891,MCH1873,2026-02-23 00:00:00,2026-03-01 13:21:00,-1523.73,no service,user says upi pin was not entered by them.,IN_PROGRESS,,HIGH,chatbot,CBK0001663,TXN00008414,USR40891,mch1873,1,0,0,0,0,1,0,1
CBK0001483,TXN00004890,USR15275,MCH1320,2026-01-06 00:00:00,2026-02-01 00:00:00,,charged twice,suspicious high-value payment disputed by customer.,Closed,,LOW,IVR,CBK0001483,TXN00004890,usr15275,MCH1320,0,1,0,0,0,1,0,0
CBK0002538,TXN00018880,USR-86824,MCH3870,2026-01-13 00:00:00,2026-01-29 12:17:00,2224.0,ATO,User reports money deducted but merchant denies receiving payment.,Rejected,2026-02-18 00:00:00,LOW,Branch,CBK0002538,TXN00018880,USR-86824,MCH3870,0,0,0,0,0,0,0,0
CBK0000838,TXN00002790,38178,MCH9291,2026-01-30 05:36:28,,0.87,incorrect amount,User reports money deducted but merchant denies receiving payment.,Closed,2026-02-09 00:00:00,MEDIUM,chatbot,CBK0000838,TXN00002790,38178,MCH9291,0,0,0,0,1,0,0,0
CBK0000514,TXN91755,USR83157,MCH3365,2026-03-24 11:00:58,,3762.83,scam,COMPLAINT RECEIVED AFTER MULTIPLE FAILED ATTEMPTS.,Open,2026-04-22 00:00:00,CRITICAL,App,CBK0000514,TXN91755,USR83157,MCH3365,0,0,0,0,1,0,1,0
CBK0001432,TXN00014015,USR-84470,MCH4732,2026-02-07 00:00:00,2026-12-02 00:00:00,1855.84,Duplicate Debit,MERCHANT SERVICE WAS NOT DELIVERED AFTER PAYMENT.,OPEN,2026-10-03 00:00:00,MEDIUM,IVR,CBK0001432,TXN00014015,USR-84470,MCH4732,0,0,0,0,0,0,0,0
CBK0000434,TXN00002783,USR21986,MCH9344,2026-01-10 02:14:17,2026-01-25 00:00:00,447.3,FRAUD,Customer says amount was debited twice.,Closed,2026-02-19 10:14:17,MEDIUM,ivr,CBK0000434,TXN00002783,USR21986,MCH9344,0,0,0,0,0,0,0,0
CBK0002619,TXN00000071,USR86538,2766,2026-01-25 00:00:00,2026-01-27 18:40:21,3311.22,not done by me,Suspicious high-value payment disputed by customer. urgent,PENDING_BANK,,MEDIUM,Call Center,CBK0002619,TXN00000071,USR86538,2766,0,0,0,0,0,1,0,0
CBK0001446,TXN00017598,USR51720,MCH4274,2026-01-22 19:24:28,,819.3,complaint,CUSTOMER SAYS AMOUNT WAS DEBITED TWICE.,CLOSED,2026-02-27 00:00:00,MEDIUM,Branch,CBK0001446,TXN00017598,USR51720,MCH4274,0,0,0,0,1,0,0,0
CBK0002673,TXN00017755,USR27181,MCH6810,2026-02-02 22:47:32,2026-02-06 08:47:00,3261.84,charged twice,Customer says amount was debited twice.,Closed,2026-02-14 00:00:00,MEDIUM,Email,CBK0002673,TXN00017755,USR27181,MCH6810,0,0,0,0,0,0,0,0
CBK0000313,TXN00000248,USR50945,MCH5264,2026-01-25 01:32:00,2026-01-26 05:32:05,1984.03,dispute raised,customer says amount was debited twice.,CLOSED,2026-02-01 00:00:00,LOW,CHATBOT,CBK0000313,TXN00000248,usr50945,mch5264,0,0,0,0,0,0,0,0
CBK0000911,TXN00002114,USR52444,MCH1797,2026-01-26 14:20:00,2026-02-26 00:00:00,4126.61,account hacked,Customer says amount was debited twice.,REJECTED,,LOW,Branch,CBK0000911,TXN00002114,USR52444,MCH1797,0,0,0,0,0,1,0,0
CBK0001457,TXN00004271,USR-60321,MCH2200,2026-03-06 15:12:38,2026-03-13 23:12:00,2672.78,not delivered,User reports money deducted but merchant denies receiving payment.,OPEN,,LOW,App,CBK0001457,TXN00004271,USR-60321,MCH 2200,0,0,0,0,0,1,0,0
CBK0000071,TXN00008538,USR89774,MCH8569,2026-02-08 00:00:00,2026-02-10 14:50:39,0.285,FRAUD,Customer complaint text unclear due to poor call center notes.,Rejected,,MEDIUM,CHATBOT,CBK0000071,TXN00008538,usr89774,MCH8569,0,0,0,0,0,1,0,0
CBK0001767,TXN00003813,USR-78593,MCH3210,2026-01-09 14:05:22,2026-01-11 00:00:00,5758.61,UNAUTHORISED,PAYMENT MADE TO UNKNOWN MERCHANT AS PER CUSTOMER STATEMENT.,RESOLVED,,LOW,Email,CBK0001767,TXN00003813,USR-78593,MCH3210,0,0,0,0,0,1,0,0
CBK0002661,TXN00015325,USR25636,MCH1585,,2026-02-20 00:00:00,5464.95,service failed,Merchant service was not delivered after payment.,Rejected,2026-02-21 00:00:00,MEDIUM,Call Center,CBK0002661,TXN00015325,USR25636,MCH 1585,0,0,0,1,0,0,0,0
CBK0002127,TXN00007220,USR63182,MCH9060,2026-01-05 00:00:00,2026-08-01 00:00:00,4676.01,fraud,Customer complaint text unclear due to poor call center notes.,OPEN,2026-01-12 00:00:00,MEDIUM,Branch,CBK0002127,TXN00007220,USR63182,mch9060,0,0,0,0,0,0,0,0
CBK0002697,TXN00004642,USR90463,MCH5765,2026-03-13 01:00:19,2026-03-14 00:00:00,1778.23,unauthorized_transaction,Suspicious high-value payment disputed by customer.,Open,,MEDIUM,IVR,CBK0002697,TXN00004642,USR 90463,MCH5765,0,0,0,0,0,1,0,0
CBK0001263,TXN00002462,USR87914,6026,2026-01-03 00:00:00,2026-01-04 13:43:14,0.2723,charged twice,User says UPI PIN was not entered by them.,RESOLVED,2026-01-07 00:00:00,HIGH,Call Center,CBK0001263,TXN00002462,USR87914,6026,0,0,0,0,0,0,0,1
CBK0002161,TXN00005572,USR72135,MCH4577,2026-01-26 00:00:00,,-1181.23,unauth txn,Customer says amount was debited twice.,Rejected,2026-02-02 04:34:00,LOW,Email,CBK0002161,TXN00005572,USR 72135,MCH4577,1,0,0,0,1,0,0,0
CBK0001347,TXN00016394,USR93953,MCH3886,2026-03-27 07:12:43,2026-03-30 00:00:00,1503.32,Service Not Provided,User says UPI PIN was not entered by them.,Pending Bank,2026-03-31 04:12:00,LOW,App,CBK0001347,TXN00016394,USR93953,MCH3886,0,0,0,0,0,0,0,0
CBK0002140,TXN00013237,USR59679,MCH1712,2026-01-23 00:00:00,2026-01-24 20:01:00,405.0,Account Takeover,User claims account was compromised before transaction.,Open,,MEDIUM,Call Center,CBK0002140,TXN00013237,usr59679,MCH1712,0,0,0,0,0,1,0,0
CBK0000743,TXN00005962,USR43455,MCH1477,2026-03-16 00:00:00,2026-03-22 00:00:00,354.48,Fraud Suspected,Suspicious high-value payment disputed by customer.,OPEN,,MEDIUM,ivr,CBK0000743,TXN00005962,USR43455,MCH1477,0,0,0,0,0,1,0,0
CBK0001876,,USR39217,MCH8156,2026-03-06 00:00:00,2026-03-21 00:00:00,0.927,DUP_DEBIT,User claims account was compromised before transaction.,Resolved,,LOW,chatbot,CBK0001876,,USR39217,MCH 8156,0,0,1,0,0,1,0,0
CBK0001874,TXN00004675,USR30340,MCH7982,2026-03-21 00:00:00,2026-04-06 22:58:00,258.2,not delivered,Complaint received after multiple failed attempts.,PENDING_BANK,,HIGH,CHATBOT,CBK0001874,TXN00004675,USR30340,MCH7982,0,0,0,0,0,1,0,1
CBK0001715,TXN00010566,USR83077,MCH9707,2026-02-21 00:00:00,2026-02-24 00:00:00,3265.07,unauth txn,Payment made to unknown merchant as per cust statement.,Rejected,2026-03-01 19:01:00,MEDIUM,IVR,CBK0001715,TXN00010566,USR 83077,MCH9707,0,0,0,0,0,0,0,0
CBK0000544,TXN00016205,USR41135,MCH4873,2026-03-21 00:00:00,2026-03-20 00:00:00,0.3052,login compromised,suspicious high-value payment disputed by customer.,RESOLVED,2026-04-13 00:00:00,LOW,chatbot,CBK0000544,TXN00016205,USR41135,MCH4873,0,0,0,0,0,0,0,0
CBK0000007,TXN00017412,USR26201,MCH8154,2026-02-16 22:23:08,2026-02-17 00:00:00,0.1505,merchant service issue,Complaint received after multiple failed attempts.,Open,2026-02-18 05:23:00,LOW,App,CBK0000007,TXN00017412,USR26201,MCH8154,0,0,0,0,0,0,0,0
CBK0002040,TXN00019376,USR95000,MCH8391,,2026-01-09 18:31:00,439.77,Wrong Amount,MERCHANT SERVICE WAS NOT DELIVERED AFTER PAYMENT.,WIP,2026-01-10 00:00:00,HIGH,Branch,CBK0002040,TXN00019376,usr95000,MCH8391,0,0,0,1,0,0,0,1
CBK0002551,TXN00011968,USR-52233,MCH3341,2026-02-12 00:00:00,2026-03-14 00:00:00,-4809.04,unauthorized_transaction,User says UPI PIN was not entered by them.,In Progress,2026-03-18 00:00:00,MEDIUM,chatbot,CBK0002551,TXN00011968,USR-52233,MCH3341,1,0,0,0,0,0,0,0
CBK0000800,TXN-00008407,USR54047,MCH8953,2026-03-29 00:00:00,2026-03-29 00:00:00,2017.17,scam,Customer says transaction was not authorized. urgent,Closed,2026-04-22 00:00:00,MEDIUM,IVR,CBK0000800,txn-00008407,USR54047,mch8953,0,0,0,0,0,0,0,0
CBK0001603,TXN00007165,USR26534,MCH2266,2026-03-03 00:00:00,2026-03-06 00:00:00,0.676,charged twice,suspicious high-value payment disputed by customer.,Closed,2026-03-09 18:27:00,LOW,App,CBK0001603,TXN00007165,USR26534,mch2266,0,0,0,0,0,0,0,0
CBK0002563,TXN00004512,79645,MCH1381,2026-02-11 00:00:00,2026-02-13 00:00:00,0.1358,double debit,Merchant service was not delivered after payment.,Open,2026-02-25 14:14:00,LOW,Email,CBK0002563,TXN00004512,79645,MCH1381,0,0,0,0,0,0,0,0
CBK0001982,TXN00003383,USR14096,MCH7078,2026-01-03 00:00:00,2026-07-03 00:00:00,0.1589,Unauthorized Transaction,Complaint received after multiple failed attempts.,RESOLVED,2026-03-08 10:23:47,LOW,App,CBK0001982,TXN00003383,USR14096,MCH-7078,0,0,0,0,0,0,0,0
CBK0001850,TXN00000410,USR29306,MCH9778,2026-01-23 00:00:00,2026-01-29 00:00:00,0.388,UNAUTHORISED,User claims account was compromised before transaction.,In Progress,2026-02-02 05:21:02,HIGH,App,CBK0001850,TXN00000410,USR29306,MCH9778,0,0,0,0,0,0,0,1
CBK0000810,TXN00008813,USR55160,MCH9104,2026-03-15 00:00:00,,-825.92,customer issue,User says UPI PIN was not entered by them.,WIP,,LOW,Call Center,CBK0000810,TXN00008813,USR55160,MCH9104,1,0,0,0,1,1,0,0
CBK0000188,TXN00001256,USR_74352,MCH1724,2026-01-20 03:59:31,2026-01-21 00:00:00,,incorrect amount,payment made to unknown merchant as per customer statement.,Resolved,2026-02-01 22:59:00,HIGH,Email,CBK0000188,TXN00001256,usr_74352,MCH1724,0,1,0,0,0,0,0,1
CBK0000806,TXN00010423,USR91337,MCH8154,,2026-02-25 04:33:00,1285.39,Service Not Provided,User reports money deducted but merchant denies receiving payment.,Rejected,2026-03-03 00:00:00,LOW,App,CBK0000806,TXN00010423,USR 91337,MCH8154,0,0,0,1,0,0,0,0
CBK0001458,TXN00002805,USR85655,MCH1702,2026-02-18 00:00:00,2026-03-05 00:00:00,1623.96,double debit,User claims account was compromised before transaction. call dropped,CLOSED,2026-03-28 00:00:00,MEDIUM,Branch,CBK0001458,TXN00002805,USR85655,MCH1702,0,0,0,0,0,0,0,0
CBK0001348,TXN00006710,USR80160,MCH8221,2026-03-28 11:14:00,2026-03-30 00:00:00,0.2194,not done by me,USER CLAIMS ACCOUNT WAS COMPROMISED BEFORE TRANSACTION.,OPEN,2026-04-07 00:00:00,HIGH,IVR,CBK0001348,TXN00006710,usr80160,MCH-8221,0,0,0,0,0,0,0,1
CBK0002428,TXN00009714,USR79175,MCH8542,2026-02-15 22:57:47,2026-03-03 00:00:00,807.62,double debit,Customer says transaction was not authorized.,CLOSED,2026-04-02 00:00:00,LOW,Branch,CBK0002428,TXN00009714,USR79175,MCH8542,0,0,0,0,0,0,0,0
CBK0002255,TXN00008016,USR72981,7286,2026-01-01 23:32:29,2026-01-02 00:00:00,1364.41,unauth txn,Customer says amount was debited twice. NA,WIP,,LOW,chatbot,CBK0002255,TXN00008016,usr72981,7286,0,0,0,0,0,1,0,0
CBK0001215,TXN00007445,USR_46899,MCH9910,2026-01-24 18:17:00,2026-01-27 00:00:00,0.3055,Account Takeover,User says UPI PIN was not entered by them. pls check asap,Resolved,,MEDIUM,IVR,CBK0001215,TXN00007445,usr_46899,mch9910,0,0,0,0,0,1,0,0
CBK0002709,TXN00003581,USR40538,MCH8057,2026-01-27 00:00:00,2026-02-26 10:26:00,3616.02,unauth txn,Merchant service was not delivered after payment.,IN_PROGRESS,2026-03-08 00:00:00,MEDIUM,IVR,CBK0002709,TXN00003581,USR40538,MCH-8057,0,0,0,0,0,0,0,0
CBK0001714,TXN00019200,USR10307,MCH3670,2026-01-23 04:45:00,2026-01-24 13:45:28,0.1186,dispute raised,Complaint received after multiple failed attempts.,OPEN,2026-02-20 00:00:00,MEDIUM,chatbot,CBK0001714,TXN00019200,USR 10307,MCH3670,0,0,0,0,0,0,0,0
CBK0000074,TXN00018905,USR67079,MCH5054,2026-02-09 00:00:00,2026-02-10 00:00:00,547.94,complaint,Suspicious high-value payment disputed by customer. pls check asap,In Progress,,HIGH,Branch,CBK0000074,TXN00018905,USR67079,mch5054,0,0,0,0,0,1,0,1
CBK0002061,TXN00000123,USR25645,MCH1279,2026-01-26 00:00:00,2026-01-30 00:00:00,4808.45,ATO,User says UPI PIN was not entered by them.,Open,,HIGH,Email,CBK0002061,TXN00000123,usr25645,MCH1279,0,0,0,0,0,1,0,1
CBK0000846,TXN00018851,USR98606,MCH9609,2026-03-18 00:00:00,2026-04-17 14:56:00,2087.83,Customer Dispute,User says UPI PIN was not entered by them.,PENDING_BANK,,HIGH,App,CBK0000846,TXN00018851,USR98606,MCH9609,0,0,0,0,0,1,0,1
CBK0000427,TXN00013526,USR91283,MCH5276,,2026-03-29 00:00:00,1210.19,unauth txn,Payment made to unknown merchant as per customer statement.,RESOLVED,,CRITICAL,chatbot,CBK0000427,TXN00013526,USR 91283,mch5276,0,0,0,1,0,1,1,0
CBK0001036,TXN00015494,USR80517,MCH8983,,2026-01-29 00:00:00,1459.8,account hacked,customer complaint text unclear due to poor call center notes.,REJECTED,2026-01-31 00:00:00,CRITICAL,ivr,CBK0001036,TXN00015494,USR 80517,MCH8983,0,0,0,1,0,0,1,0
CBK0001174,TXN00005857,USR50126,MCH4181,2026-02-17 00:00:00,2026-03-20 00:00:00,-244.97,Wrong Amount,Customer says amount was debited twice.,IN_PROGRESS,2026-04-12 00:00:00,LOW,chatbot,CBK0001174,TXN00005857,usr50126,mch4181,1,0,0,0,0,0,0,0
CBK0000225,TXN00000007,30925,MCH5655,2026-02-07 05:47:09,2026-09-02 00:00:00,2231.72,Account Takeover,User reports money deducted but merchant denies receiving payment.,IN_PROGRESS,2026-02-12 18:47:00,HIGH,Email,CBK0000225,TXN00000007,30925,mch5655,0,0,0,0,0,0,0,1
CBK0000472,TXN00001422,USR49251,MCH7171,2026-02-20 00:00:00,2026-02-21 00:00:00,2080.17,suspicious transaction,User claims account was compromised before transaction.,CLOSED,2026-02-26 02:45:57,LOW,ivr,CBK0000472,TXN00001422,USR49251,MCH7171,0,0,0,0,0,0,0,0
CBK0000673,TXN00006799,USR90390,MCH2514,2026-01-04 00:00:00,2026-01-19 00:00:00,7272.77,Fraud Suspected,customer complaint text unclear due to poor call center notes.,Rejected,2026-02-09 00:00:00,MEDIUM,Email,CBK0000673,TXN00006799,usr90390,MCH2514,0,0,0,0,0,0,0,0
CBK0001783,TXN00003103,USR31416,MCH8794,2026-01-24 15:01:00,2026-01-26 00:00:00,0.7765,item not received,SUSPICIOUS HIGH-VALUE PAYMENT DISPUTED BY CUSTOMER.,RESOLVED,2026-03-02 00:00:00,LOW,IVR,CBK0001783,TXN00003103,USR31416,MCH8794,0,0,0,0,0,0,0,0
CBK0000232,TXN00019245,USR86563,MCH2065,2026-01-01 00:00:00,2026-01-11 00:00:00,2823.84,dispute raised,User claims account was compromised before transaction.,RESOLVED,,LOW,Email,CBK0000232,TXN00019245,USR86563,MCH2065,0,0,0,0,0,1,0,0
CBK0001610,TXN00008090,USR29627,MCH9644,2026-03-28 23:39:25,2026-03-31 00:00:00,3349.24,incorrect amount,Merchant service was not delivered after payment.,PENDING_BANK,,MEDIUM,Call Center,CBK0001610,TXN00008090,USR29627,MCH9644,0,0,0,0,0,1,0,0
CBK0002361,TXN00010080,USR53138,MCH7137,2026-03-08 00:00:00,2026-03-14 08:24:12,824.94,login compromised,Customer says transaction was not authorized.,CLOSED,2026-11-04 00:00:00,MEDIUM,App,CBK0002361,TXN00010080,usr53138,MCH7137,0,0,0,0,0,0,0,0
CBK0000281,TXN00017953,USR13544,MCH2334,2026-01-04 01:24:00,2026-01-06 19:24:02,6427.42,service failed,Complaint received after multiple failed attempts.,Resolved,,MEDIUM,App,CBK0000281,TXN00017953,USR13544,MCH2334,0,0,0,0,0,1,0,0
CBK0001871,TXN00009076,USR67496,MCH3100,2026-03-30 00:00:00,2026-03-31 11:44:40,1552.98,ATO,Customer complaint text unclear due to poor call center notes.,Open,2026-04-28 00:00:00,HIGH,Branch,CBK0001871,TXN00009076,USR67496,MCH3100,0,0,0,0,0,0,0,1
CBK0000436,TXN00012192,USR93581,MCH4547,2026-02-24 00:00:00,2026-11-04 00:00:00,-5520.5,merchant service issue,Customer says transaction was not authorized. pls check asap,PENDING_BANK,2026-07-05 00:00:00,MEDIUM,Branch,CBK0000436,TXN00012192,USR93581,MCH4547,1,0,0,0,0,0,0,0
CBK0001824,TXN00016562,USR59778,MCH2822,2026-01-10 00:00:00,2026-01-15 13:06:53,709.53,ATO,Customer says transaction was not authorized.,CLOSED,,LOW,Call Center,CBK0001824,TXN00016562,USR59778,MCH2822,0,0,0,0,0,1,0,0
CBK0002068,TXN00009416,USR13134,MCH9782,2026-03-07 00:00:00,2026-03-09 13:28:00,4883.77,unauth txn,Payment made to unknown merchant as per cust statement.,WIP,2026-03-17 00:00:00,LOW,ivr,CBK0002068,TXN00009416,USR13134,MCH9782,0,0,0,0,0,0,0,0
CBK0000756,TXN00017864,USR-17657,MCH1702,2026-01-03 00:00:00,2026-05-03 00:00:00,-2911.37,item not received,Customer says amount was debited twice.,PENDING_BANK,,HIGH,IVR,CBK0000756,TXN00017864,USR-17657,MCH1702,1,0,0,0,0,1,0,1
CBK0002112,TXN00002782,USR94403,MCH2757,2026-02-14 18:10:29,2026-02-17 00:00:00,3648.19,unauthorized_transaction,Customer says txn was not authorized.,Pending Bank,2026-03-19 12:10:29,HIGH,Call Center,CBK0002112,TXN00002782,USR94403,mch2757,0,0,0,0,0,0,0,1
CBK0001881,TXN00008840,USR73167,MCH4857,2026-01-13 00:00:00,2026-01-18 00:00:00,1257.85,Duplicate Debit,Customer says amount was debited twice.,In Progress,,HIGH,Branch,CBK0001881,TXN00008840,USR73167,MCH4857,0,0,0,0,0,1,0,1
CBK0002343,TXN00015911,USR29306,MCH9294,2026-02-16 00:00:00,2026-04-02 00:00:00,1701.23,charged twice,User claims account was compromised before transaction.,REJECTED,2026-04-29 00:00:00,HIGH,App,CBK0002343,TXN00015911,USR29306,MCH9294,0,0,0,0,0,0,0,1
CBK0002173,TXN00013107,USR82940,MCH2266,2026-03-28 00:00:00,2026-04-12 00:00:00,2242.79,unauth txn,Customer says transaction was not authorized. details missing,In Progress,2026-04-15 00:00:00,LOW,Email,CBK0002173,TXN00013107,USR82940,MCH2266,0,0,0,0,0,0,0,0
CBK0002433,TXN00013653,USR85471,MCH6459,2026-02-02 03:05:01,2026-02-17 22:05:01,-555.33,extra amount deducted,Customer says amount was debited twice.,In Progress,,MEDIUM,CHATBOT,CBK0002433,TXN00013653,USR85471,MCH6459,1,0,0,0,0,1,0,0
CBK0000129,TXN00009368,USR60939,MCH4143,2026-03-01 00:00:00,2026-03-03 00:00:00,2931.23,service failed,MERCHANT SERVICE WAS NOT DELIVERED AFTER PAYMENT.,Rejected,2026-03-11 20:10:00,LOW,Email,CBK0000129,TXN00009368,USR 60939,MCH4143,0,0,0,0,0,0,0,0
CBK0000801,TXN00000284,USR94447,MCH5873,2026-03-06 06:58:00,2026-03-21 12:58:56,2676.58,unauth txn,Customer says amount was debited twice.,Resolved,2026-04-20 00:00:00,MEDIUM,ivr,CBK0000801,TXN00000284,usr94447,MCH5873,0,0,0,0,0,0,0,0
CBK0001337,TXN00011351,USR-28182,MCH2065,2026-01-05 00:00:00,2026-01-08 00:00:00,4601.18,DUP_DEBIT,Customer says transaction was not authorized.,Pending Bank,,MEDIUM,Email,CBK0001337,TXN00011351,USR-28182,MCH2065,0,0,0,0,0,1,0,0
CBK0001544,TXN00010606,USR12233,MCH9344,2026-03-21 23:56:00,,13028.67,service failed,Customer complaint text unclear due to poor call center notes.,RESOLVED,2026-04-16 09:56:11,HIGH,CHATBOT,CBK0001544,TXN00010606,USR12233,mch9344,0,0,0,0,1,0,0,1
CBK0002110,TXN00019908,USR76321,MCH5838,2026-02-03 00:00:00,2026-02-18 00:00:00,0.14932,account hacked,customer complaint text unclear due to poor call center notes.,Open,2026-02-22 00:00:00,LOW,chatbot,CBK0002110,TXN00019908,USR76321,MCH5838,0,0,0,0,0,0,0,0
CBK0001660,TXN00002347,USR11036,MCH2383,2026-03-08 00:42:06,2026-03-09 00:00:00,1200.09,not delivered,suspicious high-value payment disputed by customer.,REJECTED,2026-04-01 00:00:00,MEDIUM,ivr,CBK0001660,TXN00002347,USR11036,MCH2383,0,0,0,0,0,0,0,0
CBK0000341,TXN00009379,USR68432,MCH6606,2026-03-20 14:08:47,2026-03-23 00:00:00,578.72,Duplicate Debit,Suspicious high-value payment disputed by customer.,CLOSED,2026-03-31 06:08:47,HIGH,ivr,CBK0000341,TXN00009379,USR68432,MCH6606,0,0,0,0,0,0,0,1
CBK0001304,TXN00017396,USR40538,MCH9984,,2026-03-18 00:00:00,642.07,fraud,User reports money deducted but merchant denies receiving payment.,WIP,2026-03-18 05:40:59,HIGH,Call Center,CBK0001304,TXN00017396,USR40538,MCH9984,0,0,0,1,0,0,0,1
CBK0001062,TXN-00012810,USR-43890,MCH7683,2026-01-26 00:00:00,2026-02-10 16:43:00,,extra amount deducted,User reports money deducted but merchant denies receiving payment.,Open,2026-03-10 00:00:00,LOW,IVR,CBK0001062,txn-00012810,USR-43890,MCH7683,0,1,0,0,0,0,0,0
CBK0002330,TXN00007824,USR15414,MCH7186,2026-03-24 00:00:00,2026-03-27 06:06:46,1375.65,delivery issue,Suspicious high-value payment disputed by cust.,Rejected,,MEDIUM,Call Center,CBK0002330,TXN00007824,USR 15414,MCH7186,0,0,0,0,0,1,0,0
CBK0001222,TXN00004174,USR-60027,2402,2026-02-22 00:00:00,2026-03-10 00:00:00,26842.07,unauth txn,Customer complaint text unclear due to poor call center notes.,Rejected,2026-03-24 00:40:00,CRITICAL,chatbot,CBK0001222,TXN00004174,USR-60027,2402,0,0,0,0,0,0,1,0
CBK0000815,TXN00014312,USR67696,MCH5671,2026-01-16 00:00:00,2026-01-17 00:00:00,4063.03,scam,User says UPI PIN was not entered by them.,WIP,2026-02-10 00:00:00,LOW,Call Center,CBK0000815,TXN00014312,USR 67696,MCH5671,0,0,0,0,0,0,0,0
CBK0001725,TXN00007324,USR35882,MCH8337,2026-02-03 09:39:26,2026-02-06 00:00:00,175.45,complaint,Customer says transaction was not authorized.,CLOSED,2026-02-13 00:00:00,HIGH,App,CBK0001725,TXN00007324,USR35882,MCH8337,0,0,0,0,0,0,0,1
CBK0000186,TXN00016957,USR98066,MCH1945,2026-03-17 00:00:00,2026-04-16 00:00:00,1444.28,ATO,user reports money deducted but merchant denies receiving payment.,RESOLVED,2026-05-11 20:04:57,LOW,Branch,CBK0000186,TXN00016957,USR98066,MCH1945,0,0,0,0,0,0,0,0
CBK0000290,TXN00000426,USR31371,MCH4811,2026-03-10 00:00:00,2026-10-04 00:00:00,,customer issue,Customer complaint text unclear due to poor call center notes.,Rejected,2026-04-28 12:40:00,MEDIUM,IVR,CBK0000290,TXN00000426,USR 31371,MCH-4811,0,1,0,0,0,0,0,0
CBK0000141,TXN00006360,USR82731,MCH8970,2026-02-25 00:00:00,2026-02-27 00:00:00,1731.1,double debit,Complaint received after multiple failed attempts. details missing,Pending Bank,2026-03-14 00:00:00,LOW,CHATBOT,CBK0000141,TXN00006360,usr82731,MCH8970,0,0,0,0,0,0,0,0
CBK0000882,TXN00018975,USR38277,MCH9872,2026-11-01 00:00:00,,701.39,Customer Dispute,Payment made to unknown merchant as per customer statement.,Closed,2026-01-19 00:00:00,HIGH,IVR,CBK0000882,TXN00018975,USR38277,MCH9872,0,0,0,0,1,0,0,1
CBK0001227,TXN00007552,USR61339,4281,2026-01-01 00:00:00,2026-01-09 00:00:00,12509.66,service failed,Payment made to unknown merchant as per customer statement.,CLOSED,,LOW,Email,CBK0001227,TXN00007552,USR61339,4281,0,0,0,0,0,1,0,0
CBK0000730,TXN00009351,USR52558,MCH2688,2026-03-04 00:00:00,2026-03-06 14:47:30,1026.98,delivery issue,Merchant service was not delivered after payment.,OPEN,2026-03-25 00:00:00,MEDIUM,App,CBK0000730,TXN00009351,USR52558,MCH2688,0,0,0,0,0,0,0,0
CBK0002607,TXN00010699,USR18453,MCH9441,2026-03-27 21:25:00,2026-03-30 02:25:11,428.88,ATO,USER SAYS UPI PIN WAS NOT ENTERED BY THEM.,IN_PROGRESS,2026-04-15 00:00:00,CRITICAL,IVR,CBK0002607,TXN00010699,USR18453,MCH 9441,0,0,0,0,0,0,1,0
CBK0002456,TXN00015278,USR97030,MCH7914,2026-03-29 13:39:54,2026-04-08 19:39:54,1070.58,amount mismatch,Complaint received after multiple failed attempts. urgent,Resolved,2026-04-23 19:39:54,MEDIUM,App,CBK0002456,TXN00015278,USR97030,MCH7914,0,0,0,0,0,0,0,0
CBK0001405,TXN32094,USR48929,MCH2565,2026-02-16 00:00:00,2026-02-20 00:00:00,1381.95,charged twice,User reports money deducted but merchant denies receiving payment.,WIP,2026-03-22 19:28:00,MEDIUM,CHATBOT,CBK0001405,TXN32094,USR48929,MCH2565,0,0,0,0,0,0,0,0
CBK0001843,TXN00015367,USR17315,MCH1269,,2026-01-28 00:00:00,3023.77,UNAUTHORISED,Suspicious high-value payment disputed by customer.,IN_PROGRESS,2026-02-22 00:00:00,CRITICAL,CHATBOT,CBK0001843,TXN00015367,USR17315,MCH1269,0,0,0,1,0,0,1,0
CBK0000565,TXN00007016,USR_34955,MCH4574,2026-02-05 00:00:00,2026-02-15 00:00:00,1144.6,ATO,Customer complaint text unclear due to poor call center notes.,REJECTED,2026-03-15 12:45:03,HIGH,App,CBK0000565,TXN00007016,usr_34955,MCH4574,0,0,0,0,0,0,0,1
CBK0001797,TXN00007084,USR14626,MCH7878,2026-02-07 00:00:00,2026-10-02 00:00:00,2000.05,Customer Dispute,Complaint received after multiple failed attempts.,RESOLVED,,LOW,ivr,CBK0001797,TXN00007084,USR14626,MCH7878,0,0,0,0,0,1,0,0
CBK0000441,TXN00002216,USR58639,MCH4339,,2026-03-12 00:00:00,5160.27,charged twice,user claims account was compromised before transaction.,Rejected,2026-04-08 00:00:00,LOW,ivr,CBK0000441,TXN00002216,usr58639,MCH4339,0,0,0,1,0,0,0,0
CBK0001791,TXN00002382,USR91799,MCH9069,2026-01-02 22:06:00,2026-01-04 02:06:30,44046.77,Wrong Amount,Complaint received after multiple failed attempts.,CLOSED,2026-01-31 00:00:00,LOW,App,CBK0001791,TXN00002382,USR91799,MCH9069,0,0,0,0,0,0,0,0
CBK0000240,TXN00014390,USR75856,MCH4429,2026-01-12 00:00:00,2026-01-15 10:39:00,793.04,incorrect amount,Customer says transaction was not authorized.,Open,2026-01-29 00:00:00,LOW,chatbot,CBK0000240,TXN00014390,USR 75856,MCH4429,0,0,0,0,0,0,0,0
CBK0000051,TXN00015825,USR97494,MCH6181,2026-03-19 00:00:00,2026-04-03 00:00:00,272.77,account hacked,payment made to unknown merchant as per customer statement.,Resolved,2026-04-24 00:00:00,CRITICAL,CHATBOT,CBK0000051,TXN00015825,USR97494,MCH6181,0,0,0,0,0,0,1,0
CBK0002095,TXN00004933,USR43455,MCH2566,2026-01-26 00:00:00,2026-02-06 00:00:00,4720.79,not delivered,Suspicious high-value payment disputed by customer.,CLOSED,2026-03-08 00:00:00,LOW,CHATBOT,CBK0002095,TXN00004933,usr43455,MCH2566,0,0,0,0,0,0,0,0
CBK0001001,TXN00011430,USR72135,MCH4504,2026-03-23 13:00:00,2026-03-25 00:00:00,-1138.68,Wrong Amount,Customer says transaction was not authorized.,RESOLVED,2026-03-27 23:00:00,MEDIUM,Email,CBK0001001,TXN00011430,USR72135,MCH4504,1,0,0,0,0,0,0,0
CBK0000199,TXN00014454,USR65385,MCH9061,2026-01-01 00:00:00,,752.03,unauthorized_transaction,User says UPI PIN was not entered by them. call dropped,Closed,,LOW,App,CBK0000199,TXN00014454,USR 65385,MCH9061,0,0,0,0,1,1,0,0
CBK0002434,TXN00017925,USR13134,MCH5284,2026-01-07 02:25:00,,1402.12,complaint,User claims account was compromised before transaction.,IN_PROGRESS,2026-01-27 00:00:00,MEDIUM,Email,CBK0002434,TXN00017925,USR13134,MCH5284,0,0,0,0,1,0,0,0
CBK0000200,TXN00015054,USR51506,MCH5954,2026-03-20 00:00:00,2026-05-04 00:00:00,-6049.12,UNAUTHORISED,User reports money deducted but merchant denies receiving payment.,In Progress,2026-05-09 20:49:00,MEDIUM,IVR,CBK0000200,TXN00015054,USR 51506,MCH-5954,1,0,0,0,0,0,0,0
CBK0000674,TXN95066,USR27533,MCH5993,2026-03-01 00:00:00,,0.731,Unauthorized Transaction,customer says amount was debited twice.,RESOLVED,2026-03-10 00:00:00,MEDIUM,App,CBK0000674,TXN95066,USR27533,MCH-5993,0,0,0,0,1,0,0,0
CBK0001886,TXN00004693,USR_44959,MCH7728,2026-01-27 00:00:00,2026-01-29 00:00:00,3249.99,amount mismatch,User says UPI PIN was not entered by them.,Open,,LOW,App,CBK0001886,TXN00004693,usr_44959,MCH7728,0,0,0,0,0,1,0,0
CBK0000793,TXN00006175,USR-62254,MCH4226,2026-02-27 00:00:00,2026-02-28 09:53:08,709.86,Merchant Not Delivered,Suspicious high-value payment disputed by cust.,PENDING_BANK,,LOW,ivr,CBK0000793,TXN00006175,USR-62254,MCH4226,0,0,0,0,0,1,0,0
CBK0001639,TXN00005636,USR63938,MCH1320,2026-02-02 00:00:00,2026-02-03 00:00:00,0.1118,extra amount deducted,user claims account was compromised before transaction.,CLOSED,2026-02-12 11:56:31,MEDIUM,Email,CBK0001639,TXN00005636,USR63938,MCH1320,0,0,0,0,0,0,0,0
CBK0000875,TXN00007782,USR71887,MCH4181,,2026-01-16 00:00:00,-647.02,scam,User claims account was compromised before transaction.,IN_PROGRESS,2026-01-27 00:00:00,LOW,IVR,CBK0000875,TXN00007782,USR71887,MCH4181,1,0,0,1,0,0,0,0
CBK0001931,TXN00002531,USR10307,MCH4473,2026-02-16 00:00:00,,1017.5,double debit,Customer complaint text unclear due to poor call center notes.,OPEN,,MEDIUM,IVR,CBK0001931,TXN00002531,USR10307,MCH4473,0,0,0,0,1,1,0,0
CBK0001735,TXN00017962,USR_81878,MCH2822,2026-01-13 03:38:00,2026-02-27 00:00:00,2741.61,extra amount deducted,Payment made to unknown merchant as per customer statement.,Pending Bank,2026-03-16 23:38:14,LOW,App,CBK0001735,TXN00017962,usr_81878,MCH2822,0,0,0,0,0,0,0,0
CBK0000478,TXN00014062,USR69966,MCH2822,2026-02-25 19:59:11,2026-02-26 00:00:00,1078.9,ATO,User claims account was compromised before transaction.,WIP,2026-03-25 15:59:00,LOW,Branch,CBK0000478,TXN00014062,USR 69966,MCH2822,0,0,0,0,0,0,0,0
CBK0001505,TXN00001496,USR40061,MCH3765,2026-03-04 00:00:00,2026-03-08 11:54:46,5669.05,customer issue,User says UPI PIN was not entered by them.,Rejected,2026-03-13 11:54:46,LOW,IVR,CBK0001505,TXN00001496,USR40061,MCH3765,0,0,0,0,0,0,0,0
CBK0002469,TXN00002314,USR99748,MCH7621,2026-02-22 00:00:00,2026-02-23 18:44:31,725.65,amount mismatch,User reports money deducted but merchant denies receiving payment.,WIP,2026-03-24 00:00:00,HIGH,IVR,CBK0002469,TXN00002314,USR99748,MCH 7621,0,0,0,0,0,0,0,1
CBK0002480,TXN00007980,USR-87914,MCH7383,2026-02-02 00:00:00,2026-02-06 15:03:23,1231.74,Account Takeover,customer says transaction was not authorized.,Pending Bank,,MEDIUM,ivr,CBK0002480,TXN00007980,USR-87914,MCH7383,0,0,0,0,0,1,0,0
CBK0002264,TXN00001289,USR79175,4181,2026-02-26 00:00:00,2026-03-28 17:35:00,201.03,delivery issue,User claims account was compromised before transaction. call dropped,Pending Bank,2026-04-26 00:00:00,CRITICAL,Branch,CBK0002264,TXN00001289,USR79175,4181,0,0,0,0,0,0,1,0
CBK0000032,TXN00001691,USR43171,MCH8182,2026-01-08 00:00:00,2026-09-01 00:00:00,875.81,double debit,User claims account was compromised before transaction.,IN_PROGRESS,2026-01-26 09:44:49,MEDIUM,App,CBK0000032,TXN00001691,usr43171,MCH8182,0,0,0,0,0,0,0,0
CBK0000967,TXN00016890,USR-11933,MCH4841,2026-03-28 00:00:00,2026-03-29 00:00:00,2406.47,double debit,Suspicious high-value payment disputed by customer.,IN_PROGRESS,2026-04-04 00:00:00,LOW,chatbot,CBK0000967,TXN00016890,USR-11933,MCH4841,0,0,0,0,0,0,0,0
CBK0002345,TXN00010920,USR70736,MCH8559,2026-11-03 00:00:00,2026-03-13 00:00:00,822.8,customer issue,User claims account was compromised before transaction.,Closed,2026-03-24 03:54:00,LOW,Call Center,CBK0002345,TXN00010920,USR70736,mch8559,0,0,0,0,0,0,0,0
CBK0001835,TXN66186,21162,MCH2549,2026-02-25 20:33:49,2026-02-28 00:00:00,5546.22,ATO,Customer says transaction was not authorized.,Closed,2026-03-17 20:33:49,HIGH,chatbot,CBK0001835,TXN66186,21162,MCH2549,0,0,0,0,0,0,0,1
CBK0000622,TXN00007356,USR-81916,MCH6117,2026-02-25 00:00:00,2026-03-12 00:00:00,4608.17,double debit,Payment made to unknown merchant as per customer statement.,PENDING_BANK,2026-03-19 13:11:32,LOW,chatbot,CBK0000622,TXN00007356,USR-81916,MCH-6117,0,0,0,0,0,0,0,0
CBK0000580,TXN00008617,USR62748,MCH9878,,2026-04-03 00:00:00,4101.67,DUP_DEBIT,Merchant service was not delivered after payment.,Closed,,CRITICAL,ivr,CBK0000580,TXN00008617,USR62748,MCH9878,0,0,0,1,0,1,1,0
CBK0000997,TXN00004554,USR64865,MCH4157,2026-02-19 00:00:00,2026-03-01 20:11:18,2266.29,double debit,Customer says amount was debited twice.,OPEN,2026-03-21 00:00:00,MEDIUM,Email,CBK0000997,TXN00004554,USR64865,mch4157,0,0,0,0,0,0,0,0
CBK0002559,TXN00014011,USR_19313,MCH4037,2026-01-04 10:10:00,,1125.73,amount mismatch,User says UPI PIN was not entered by them.,PENDING_BANK,,LOW,Branch,CBK0002559,TXN00014011,usr_19313,MCH4037,0,0,0,0,1,1,0,0
CBK0001205,TXN00000084,USR11916,MCH6850,,2026-02-08 00:00:00,958.61,Unauthorized Transaction,Complaint received after multiple failed attempts.,Rejected,,LOW,chatbot,CBK0001205,TXN00000084,USR11916,MCH-6850,0,0,0,1,0,1,0,0
CBK0001045,TXN00010810,USR65507,MCH7833,2026-03-07 00:00:00,2026-03-08 00:00:00,541.11,not delivered,Customer says amount was debited twice.,Open,2026-03-04 00:00:00,MEDIUM,ivr,CBK0001045,TXN00010810,USR65507,MCH7833,0,0,0,0,0,0,0,0
CBK0000357,TXN00002320,USR-38540,MCH5330,2026-01-02 00:00:00,2026-01-12 00:00:00,911.59,merchant service issue,User claims account was compromised before transaction.,PENDING_BANK,2026-01-16 00:00:00,MEDIUM,Email,CBK0000357,TXN00002320,USR-38540,MCH5330,0,0,0,0,0,0,0,0
CBK0002031,TXN-00001568,USR46045,MCH7468,2026-01-01 00:00:00,2026-01-03 00:00:00,13654.34,Duplicate Debit,Complaint received after multiple failed attempts.,Resolved,2026-01-20 00:00:00,MEDIUM,CHATBOT,CBK0002031,txn-00001568,USR46045,mch7468,0,0,0,0,0,0,0,0
CBK0002393,TXN00003575,USR73909,MCH7833,2026-02-01 00:00:00,,-1311.04,ATO,Customer says txn was not authorized.,PENDING_BANK,,LOW,App,CBK0002393,TXN00003575,USR73909,MCH7833,1,0,0,0,1,1,0,0
CBK0002464,TXN00000389,USR51316,MCH2059,2026-02-08 06:31:54,2026-02-06 06:31:54,2566.03,item not received,User reports money deducted but merchant denies receiving payment.,RESOLVED,2026-02-19 06:31:00,HIGH,Call Center,CBK0002464,TXN00000389,USR51316,mch2059,0,0,0,0,0,0,0,1
CBK0002639,TXN00016579,USR53527,MCH8073,2026-03-02 00:00:00,2026-03-05 00:00:00,1345.55,Merchant Not Delivered,User reports money deducted but merchant denies receiving payment.,Closed,2026-04-04 08:22:00,MEDIUM,App,CBK0002639,TXN00016579,USR53527,MCH8073,0,0,0,0,0,0,0,0
CBK0000663,TXN00002699,USR94333,MCH8975,,2026-11-03 00:00:00,422.45,ATO,Complaint received after multiple failed attempts.,Closed,,HIGH,Email,CBK0000663,TXN00002699,USR94333,MCH8975,0,0,0,1,0,1,0,1
CBK0001571,TXN00006558,USR78593,MCH4215,2026-03-26 00:00:00,2026-04-26 00:00:00,-673.61,complaint,Suspicious high-value payment disputed by customer.,RESOLVED,2026-05-07 03:33:21,MEDIUM,chatbot,CBK0001571,TXN00006558,USR78593,MCH4215,1,0,0,0,0,0,0,0
CBK0000984,TXN00019434,USR68023,MCH4473,2026-01-11 23:06:15,2026-01-15 00:00:00,7211.97,merchant service issue,Customer says amount was debited twice.,Open,2026-01-20 16:06:15,MEDIUM,Email,CBK0000984,TXN00019434,usr68023,MCH4473,0,0,0,0,0,0,0,0
CBK0001547,TXN-00019722,USR58117,MCH9568,2026-02-07 20:23:00,2026-02-17 00:00:00,0.11641,extra amount deducted,User claims account was compromised before transaction.,WIP,,HIGH,IVR,CBK0001547,txn-00019722,USR58117,MCH9568,0,0,0,0,0,1,0,1
CBK0001848,TXN00016662,USR91934,MCH8779,2026-01-13 00:00:00,2026-01-13 00:00:00,4341.13,fraud,Customer says amount was debited twice.,WIP,2026-01-27 00:00:00,LOW,Call Center,CBK0001848,TXN00016662,USR91934,mch8779,0,0,0,0,0,0,0,0
CBK0001004,TXN00001391,USR43520,MCH6140,2026-01-19 06:14:05,2026-01-22 04:14:00,1852.28,scam,Customer complaint text unclear due to poor call center notes.,OPEN,,LOW,Branch,CBK0001004,TXN00001391,USR43520,MCH6140,0,0,0,0,0,1,0,0
CBK0002185,TXN00001072,USR78593,MCH4473,2026-01-23 00:00:00,,893.6,unauth txn,customer says transaction was not authorized.,OPEN,2026-02-11 00:00:00,MEDIUM,chatbot,CBK0002185,TXN00001072,USR78593,MCH4473,0,0,0,0,1,0,0,0
CBK0000418,TXN00003628,USR35882,MCH4473,,2026-04-04 06:41:27,2430.89,not done by me,User says UPI PIN was not entered by them.,PENDING_BANK,2026-04-06 06:41:00,MEDIUM,CHATBOT,CBK0000418,TXN00003628,USR 35882,MCH4473,0,0,0,1,0,0,0,0
CBK0002417,TXN00005056,USR27928,MCH8953,2026-01-29 00:00:00,2026-01-31 00:00:00,6278.49,delivery issue,User claims account was compromised before transaction.,IN_PROGRESS,,CRITICAL,Call Center,CBK0002417,TXN00005056,USR27928,mch8953,0,0,0,0,0,1,1,0
CBK0000356,TXN00001423,USR36629,MCH4418,2026-03-22 00:00:00,2026-04-02 00:00:00,6009.85,Unauthorized Transaction,Payment made to unknown merchant as per customer statement.,OPEN,2026-04-11 13:31:00,MEDIUM,ivr,CBK0000356,TXN00001423,USR36629,MCH4418,0,0,0,0,0,0,0,0
CBK0001169,TXN00012596,USR40747,MCH2822,,2026-03-14 00:00:00,1692.85,fraud,Customer says amount was debited twice.,Pending Bank,2026-03-23 00:00:00,LOW,Email,CBK0001169,TXN00012596,USR40747,mch2822,0,0,0,1,0,0,0,0
CBK0001000,,USR21798,5980,2026-09-03 00:00:00,2026-03-24 00:00:00,0.725,dispute raised,USER REPORTS MONEY DEDUCTED BUT MERCHANT DENIES RECEIVING PAYMENT.,IN_PROGRESS,2026-03-28 17:53:00,CRITICAL,CHATBOT,CBK0001000,,USR21798,5980,0,0,1,0,0,0,1,0
CBK0000146,TXN00008795,USR_87406,MCH4568,2026-02-22 00:00:00,,1052.0,account hacked,Payment made to unknown merchant as per customer statement.,Open,,MEDIUM,Call Center,CBK0000146,TXN00008795,usr_87406,MCH 4568,0,0,0,0,1,1,0,0
CBK0001807,TXN00002417,USR50995,MCH1244,2026-03-20 13:07:59,,3188.13,merchant service issue,User says UPI PIN was not entered by them.,Rejected,2026-08-04 00:00:00,MEDIUM,App,CBK0001807,TXN00002417,USR50995,mch1244,0,0,0,0,1,0,0,0
CBK0000239,TXN00005752,USR34028,MCH3100,2026-01-06 00:00:00,2026-01-11 00:00:00,1800.88,login compromised,Customer says transaction was not authorized.,Rejected,2026-01-12 00:00:00,LOW,Branch,CBK0000239,TXN00005752,USR34028,MCH3100,0,0,0,0,0,0,0,0
CBK0002079,TXN00014711,USR67922,MCH2492,2026-01-22 00:35:57,2026-01-25 00:00:00,1709.84,complaint,Payment made to unknown merchant as per customer statement.,Pending Bank,,LOW,chatbot,CBK0002079,TXN00014711,USR67922,MCH-2492,0,0,0,0,0,1,0,0
CBK0001376,TXN00009369,USR24660,4473,2026-02-16 00:00:00,2026-02-19 00:00:00,2070.15,Account Takeover,Customer complaint text unclear due to poor call center notes.,RESOLVED,2026-06-03 00:00:00,LOW,Branch,CBK0001376,TXN00009369,USR24660,4473,0,0,0,0,0,0,0,0
CBK0001260,TXN00011332,USR93701,MCH3846,2026-02-19 00:00:00,2026-02-27 00:00:00,529.68,service failed,Merchant service was not delivered after payment.,RESOLVED,2026-02-28 00:00:00,MEDIUM,Call Center,CBK0001260,TXN00011332,USR93701,MCH3846,0,0,0,0,0,0,0,0
CBK0001533,TXN00007635,USR-56755,MCH7066,2026-02-13 03:52:00,2026-02-14 00:00:00,1325.25,login compromised,customer complaint text unclear due to poor call center notes.,REJECTED,2026-03-06 05:52:00,HIGH,App,CBK0001533,TXN00007635,USR-56755,MCH 7066,0,0,0,0,0,0,0,1
CBK0002418,TXN00011396,USR35122,MCH4181,2026-02-22 00:00:00,2026-03-04 15:55:09,205.54,merchant service issue,User reports money deducted but merchant denies receiving payment.,OPEN,2026-03-22 00:00:00,HIGH,chatbot,CBK0002418,TXN00011396,USR 35122,MCH4181,0,0,0,0,0,0,0,1
CBK0000326,TXN00017327,USR-84200,MCH2753,2026-02-01 22:35:22,2026-02-02 00:00:00,1722.43,dispute raised,Customer says transaction was not authorized.,Open,2026-02-10 07:35:22,LOW,Call Center,CBK0000326,TXN00017327,USR-84200,MCH-2753,0,0,0,0,0,0,0,0
CBK0001403,TXN00012661,USR30500,MCH6979,2026-03-08 00:00:00,2026-03-14 00:00:00,4457.64,unauth txn,Payment made to unknown merchant as per customer statement.,Resolved,2026-03-30 00:00:00,MEDIUM,IVR,CBK0001403,TXN00012661,USR30500,MCH6979,0,0,0,0,0,0,0,0
CBK0001811,TXN00007437,USR_22170,MCH2381,2026-02-14 00:00:00,2026-02-20 07:41:16,-751.0,Account Takeover,Payment made to unknown merchant as per customer statement.,Pending Bank,2026-03-02 00:00:00,MEDIUM,chatbot,CBK0001811,TXN00007437,usr_22170,MCH2381,1,0,0,0,0,0,0,0
CBK0001512,TXN00019027,USR98733,MCH1775,2026-02-16 08:24:00,2026-02-17 00:00:00,800.24,DUP_DEBIT,Customer says amount was debited twice.,Rejected,,MEDIUM,Email,CBK0001512,TXN00019027,USR98733,MCH1775,0,0,0,0,0,1,0,0
CBK0001567,TXN00010292,40745,MCH3673,2026-01-19 08:28:00,,982.39,customer issue,User claims account was compromised before transaction.,Pending Bank,2026-02-19 00:00:00,MEDIUM,Email,CBK0001567,TXN00010292,40745,MCH3673,0,0,0,0,1,0,0,0
CBK0000695,TXN00012216,USR-72760,MCH7773,2026-03-13 00:00:00,2026-03-15 00:00:00,972.52,FRAUD,Complaint received after multiple failed attempts.,In Progress,,LOW,chatbot,CBK0000695,TXN00012216,USR-72760,MCH7773,0,0,0,0,0,1,0,0
CBK0000215,TXN00001291,USR52378,MCH9991,2026-01-29 00:00:00,2026-01-31 00:00:00,1404.87,not done by me,user claims account was compromised before transaction.,Pending Bank,2026-02-13 00:00:00,HIGH,Branch,CBK0000215,TXN00001291,USR52378,mch9991,0,0,0,0,0,0,0,1
CBK0000811,TXN00015831,USR22432,MCH2078,2026-02-15 00:00:00,2026-02-16 00:00:00,0.3377,scam,customer complaint text unclear due to poor call center notes.,CLOSED,,HIGH,Email,CBK0000811,TXN00015831,USR22432,MCH-2078,0,0,0,0,0,1,0,1
CBK0002795,TXN00013236,USR-87506,MCH5811,2026-01-12 00:00:00,2026-01-14 07:15:20,6523.57,merchant service issue,Customer says transaction was not authorized.,In Progress,2026-01-29 00:00:00,LOW,CHATBOT,CBK0002795,TXN00013236,USR-87506,mch5811,0,0,0,0,0,0,0,0
CBK0001849,TXN51763,USR23350,MCH2303,2026-01-23 00:00:00,,830.25,extra amount deducted,payment made to unknown merchant as per customer statement.,Open,,LOW,Email,CBK0001849,TXN51763,USR 23350,MCH2303,0,0,0,0,1,1,0,0
CBK0000655,TXN00002874,USR22639,MCH4186,2026-01-12 15:25:38,2026-01-14 00:00:00,634.21,incorrect amount,Customer says amount was debited twice.,Rejected,,LOW,chatbot,CBK0000655,TXN00002874,USR22639,MCH4186,0,0,0,0,0,1,0,0
CBK0001377,TXN00016673,USR91623,MCH6411,2026-01-01 10:17:00,2026-01-05 00:00:00,1675.84,Merchant Not Delivered,Customer says amount was debited twice.,Rejected,,LOW,CHATBOT,CBK0001377,TXN00016673,USR91623,mch6411,0,0,0,0,0,1,0,0
CBK0002655,TXN00002868,13587,MCH8080,2026-02-20 23:55:00,2026-03-03 00:00:00,-860.7,service failed,User claims account was compromised before txn.,PENDING_BANK,2026-03-13 00:55:24,HIGH,IVR,CBK0002655,TXN00002868,13587,MCH8080,1,0,0,0,0,0,0,1
CBK0001596,TXN00002674,97070,MCH2065,,2026-01-17 00:00:00,0.1722,FRAUD,Merchant service was not delivered after payment.,CLOSED,2026-01-25 00:00:00,MEDIUM,Call Center,CBK0001596,TXN00002674,97070,mch2065,0,0,0,1,0,0,0,0
CBK0001012,TXN84920,USR51185,MCH2543,2026-03-23 00:00:00,2026-03-26 20:35:00,,customer issue,User reports money deducted but merchant denies receiving payment.,In Progress,2026-04-19 20:35:21,MEDIUM,Email,CBK0001012,TXN84920,USR51185,MCH2543,0,1,0,0,0,0,0,0
CBK0002409,TXN00004555,USR24591,MCH7745,2026-02-09 00:00:00,2026-02-15 00:12:00,889.98,Merchant Not Delivered,Customer says amount was debited twice.,IN_PROGRESS,2026-02-21 00:00:00,HIGH,chatbot,CBK0002409,TXN00004555,USR24591,MCH7745,0,0,0,0,0,0,0,1
CBK0000067,TXN00003314,USR37105,MCH6003,2026-01-15 00:00:00,2026-01-20 00:00:00,0.1814,dispute raised,Suspicious high-value payment disputed by cust.,IN_PROGRESS,2026-02-10 21:13:32,LOW,Branch,CBK0000067,TXN00003314,USR37105,MCH6003,0,0,0,0,0,0,0,0
CBK0001637,TXN00014399,USR56117,MCH2434,2026-02-15 14:45:18,2026-02-21 00:00:00,748.53,not done by me,User reports money deducted but merchant denies receiving payment. urgent,Pending Bank,2026-03-05 00:45:18,HIGH,ivr,CBK0001637,TXN00014399,USR 56117,MCH2434,0,0,0,0,0,0,0,1
CBK0002638,TXN00016536,USR21162,MCH8425,2026-03-06 13:39:44,2026-03-06 00:00:00,406.58,extra amount deducted,Customer says amount was debited twice.,PENDING_BANK,2026-04-01 00:00:00,CRITICAL,Email,CBK0002638,TXN00016536,USR21162,MCH8425,0,0,0,0,0,0,1,0
CBK0001996,TXN00019262,61461,MCH1598,2026-01-04 00:00:00,,0.385,account hacked,User says UPI PIN was not entered by them.,Open,2026-01-25 00:00:00,LOW,chatbot,CBK0001996,TXN00019262,61461,MCH1598,0,0,0,0,1,0,0,0
CBK0001667,TXN00003837,USR73010,MCH2586,2026-01-04 00:00:00,2026-01-12 03:14:58,723.24,Merchant Not Delivered,User reports money deducted but merchant denies receiving payment.,OPEN,,HIGH,Call Center,CBK0001667,TXN00003837,USR73010,MCH2586,0,0,0,0,0,1,0,1
CBK0000592,TXN00018501,USR90616,MCH7951,2026-02-23 20:45:37,2026-03-06 07:45:00,1061.55,DUP_DEBIT,customer complaint text unclear due to poor call center notes.,Open,2026-03-27 00:00:00,LOW,Call Center,CBK0000592,TXN00018501,USR90616,MCH7951,0,0,0,0,0,0,0,0
CBK0001425,TXN00007508,USR88956,MCH6166,2026-01-21 00:00:00,2026-01-22 20:15:00,696.41,fraud,complaint received after multiple failed attempts.,Pending Bank,2026-02-12 00:00:00,LOW,CHATBOT,CBK0001425,TXN00007508,usr88956,MCH6166,0,0,0,0,0,0,0,0
CBK0000741,TXN00015495,USR41660,MCH6753,,2026-04-08 09:57:07,448.1,amount mismatch,complaint received after multiple failed attempts.,OPEN,2026-04-09 09:57:07,MEDIUM,Email,CBK0000741,TXN00015495,USR41660,MCH 6753,0,0,0,1,0,0,0,0
CBK0000933,TXN00010810,USR57890,MCH9602,2026-03-15 16:04:00,2026-03-16 20:04:58,836.2,login compromised,User says UPI PIN was not entered by them.,CLOSED,2026-01-04 00:00:00,MEDIUM,IVR,CBK0000933,TXN00010810,USR 57890,MCH9602,0,0,0,0,0,0,0,0
CBK0000109,TXN00003546,USR15596,MCH1434,2026-01-03 00:00:00,2026-03-03 00:00:00,3229.57,charged twice,User claims account was compromised before transaction.,Closed,2026-03-26 00:00:00,MEDIUM,Call Center,CBK0000109,TXN00003546,USR15596,MCH1434,0,0,0,0,0,0,0,0
CBK0002562,TXN00001105,USR_90598,MCH5860,2026-01-13 00:00:00,2026-01-23 00:00:00,310.15,UNAUTHORISED,Payment made to unknown merchant as per customer statement. call dropped,OPEN,2026-02-10 22:59:43,LOW,ivr,CBK0002562,TXN00001105,usr_90598,MCH5860,0,0,0,0,0,0,0,0
CBK0000689,TXN00017204,USR-95707,MCH3736,2026-01-16 00:00:00,2026-01-18 00:00:00,,account hacked,Merchant service was not delivered after payment.,Resolved,2026-01-22 10:09:56,MEDIUM,App,CBK0000689,TXN00017204,USR-95707,mch3736,0,1,0,0,0,0,0,0
CBK0002398,TXN00004386,USR59393,MCH4310,2026-02-02 00:00:00,2026-02-04 09:35:06,2691.36,no service,User says UPI PIN was not entered by them.,In Progress,2026-02-14 00:00:00,MEDIUM,IVR,CBK0002398,TXN00004386,USR59393,MCH4310,0,0,0,0,0,0,0,0
CBK0001700,TXN00016401,USR72166,MCH6133,2026-01-01 00:00:00,2026-01-02 00:00:00,5981.0,extra amount deducted,Merchant service was not delivered after payment.,Closed,2026-01-06 00:00:00,HIGH,IVR,CBK0001700,TXN00016401,USR72166,MCH 6133,0,0,0,0,0,0,0,1
CBK0002146,TXN00004284,USR94012,MCH8613,2026-01-17 00:00:00,2026-01-23 13:44:23,3737.05,Duplicate Debit,User claims account was compromised before transaction.,Rejected,2026-02-14 00:00:00,MEDIUM,Branch,CBK0002146,TXN00004284,USR94012,MCH8613,0,0,0,0,0,0,0,0
CBK0001671,TXN-00001758,USR86472,MCH7728,2026-02-19 00:00:00,2026-02-22 04:14:22,0.1416,Service Not Provided,User claims account was compromised before transaction.,Open,,LOW,CHATBOT,CBK0001671,txn-00001758,USR86472,MCH7728,0,0,0,0,0,1,0,0
CBK0000331,TXN00016055,USR61715,MCH2991,,2026-01-17 00:00:00,509.0,Fraud Suspected,Payment made to unknown merchant as per customer statement.,CLOSED,2026-02-06 14:40:17,HIGH,Call Center,CBK0000331,TXN00016055,usr61715,MCH 2991,0,0,0,1,0,0,0,1
CBK0002794,TXN00018116,USR71316,MCH6194,,2026-02-05 00:00:00,1239.17,double debit,Suspicious high-value payment disputed by customer.,Pending Bank,2026-02-07 22:14:43,LOW,ivr,CBK0002794,TXN00018116,USR71316,MCH6194,0,0,0,1,0,0,0,0
CBK0000828,TXN00007187,USR27947,MCH4473,2026-07-03 00:00:00,,361.6,incorrect amount,Merchant service was not delivered after payment.,RESOLVED,,MEDIUM,Email,CBK0000828,TXN00007187,usr27947,MCH4473,0,0,0,0,1,1,0,0
CBK0000321,TXN00011096,USR32450,MCH5659,2026-02-21 13:51:00,2026-02-25 03:51:21,0.825,Customer Dispute,merchant service was not delivered after payment.,REJECTED,2026-03-20 00:00:00,MEDIUM,IVR,CBK0000321,TXN00011096,USR32450,MCH 5659,0,0,0,0,0,0,0,0
CBK0002789,TXN00000255,USR59679,MCH6985,2026-06-01 00:00:00,2026-01-16 00:00:00,2178.8,Duplicate Debit,User says UPI PIN was not entered by them.,WIP,2026-01-27 15:04:00,MEDIUM,chatbot,CBK0002789,TXN00000255,USR59679,MCH6985,0,0,0,0,0,0,0,0
CBK0000975,TXN00019717,USR22234,4473,2026-02-18 00:00:00,2026-02-20 19:33:19,1122.85,complaint,Payment made to unknown merchant as per customer statement.,RESOLVED,2026-06-03 00:00:00,LOW,IVR,CBK0000975,TXN00019717,USR22234,4473,0,0,0,0,0,0,0,0
CBK0000044,TXN00004903,USR49770,MCH4578,2026-02-26 00:00:00,2026-02-23 08:37:00,639.26,delivery issue,Merchant service was not delivered after payment.,Pending Bank,,MEDIUM,CHATBOT,CBK0000044,TXN00004903,USR49770,MCH4578,0,0,0,0,0,1,0,0
CBK0002329,TXN00005401,USR58914,MCH9277,2026-02-01 11:50:12,2026-02-05 08:50:12,14197.19,not done by me,SUSPICIOUS HIGH-VALUE PAYMENT DISPUTED BY CUSTOMER.,Pending Bank,2026-03-07 08:50:12,LOW,chatbot,CBK0002329,TXN00005401,USR58914,MCH9277,0,0,0,0,0,0,0,0
CBK0001844,TXN00005723,USR27285,MCH8154,2026-02-06 09:43:00,2026-02-08 00:00:00,0.4655,incorrect amount,Merchant service was not delivered after payment.,RESOLVED,2026-02-15 00:00:00,LOW,Email,CBK0001844,TXN00005723,USR27285,MCH8154,0,0,0,0,0,0,0,0
CBK0000465,TXN00003105,USR50434,MCH1786,2026-03-13 00:00:00,,775.96,Wrong Amount,User reports money deducted but merchant denies receiving payment.,In Progress,2026-04-18 00:00:00,MEDIUM,Call Center,CBK0000465,TXN00003105,USR50434,MCH1786,0,0,0,0,1,0,0,0
CBK0002289,TXN00009795,USR13941,MCH2131,2026-03-20 09:34:19,2026-03-21 00:00:00,0.4846,delivery issue,User claims account was compromised before transaction.,PENDING_BANK,2026-11-04 00:00:00,MEDIUM,ivr,CBK0002289,TXN00009795,USR13941,MCH2131,0,0,0,0,0,0,0,0
CBK0000918,,USR24555,MCH7951,2026-01-04 12:35:38,2026-01-15 08:35:00,1207.12,charged twice,complaint received after multiple failed attempts.,In Progress,,HIGH,ivr,CBK0000918,,USR24555,MCH7951,0,0,1,0,0,1,0,1
CBK0002229,TXN00017286,USR53259,MCH9564,2026-01-27 00:00:00,2026-01-30 00:00:00,497.0,Fraud Suspected,User says UPI PIN was not entered by them. urgent,REJECTED,,MEDIUM,Email,CBK0002229,TXN00017286,usr53259,MCH9564,0,0,0,0,0,1,0,0
CBK0000350,TXN00005138,USR67243,MCH3024,2026-03-28 00:00:00,2026-04-03 00:00:00,1449.14,DUP_DEBIT,Payment made to unknown merchant as per customer statement.,OPEN,2026-04-28 00:00:00,MEDIUM,Branch,CBK0000350,TXN00005138,USR67243,MCH3024,0,0,0,0,0,0,0,0
CBK0000276,TXN00000311,USR38155,MCH3734,2026-01-30 00:00:00,2026-04-02 00:00:00,2784.85,charged twice,Customer says transaction was not authorized.,REJECTED,2026-02-20 00:00:00,HIGH,Email,CBK0000276,TXN00000311,USR38155,MCH3734,0,0,0,0,0,0,0,1
