component_id,node_count,user_count,merchant_count,edge_count,density
1,8,6,2,7,0.583333
2,35,25,10,34,0.136
3,11,7,4,10,0.357143
4,8,6,2,7,0.583333
5,5,4,1,4,1.0
6,5,4,1,4,1.0
7,3,2,1,2,1.0
8,30,20,10,29,0.145
9,3,2,1,2,1.0
10,15,11,4,14,0.318182
11,3,2,1,2,1.0
12,2,1,1,1,1.0
13,2,1,1,1,1.0
14,4,3,1,3,1.0
15,9,7,2,8,0.571429
16,6,5,1,5,1.0
17,2,1,1,1,1.0
18,7,5,2,6,0.6
19,6,5,1,5,1.0
20,2,1,1,1,1.0
21,12,8,4,11,0.34375
22,11,8,3,10,0.416667
23,3,2,1,2,1.0
24,2,1,1,1,1.0
25,6,5,1,5,1.0
26,5,4,1,4,1.0
27,25,18,7,24,0.190476
28,6,5,1,5,1.0
29,4,3,1,3,1.0
30,9,6,3,8,0.444444
31,3,2,1,2,1.0
32,4,3,1,3,1.0
33,9,6,3,8,0.444444
34,3,2,1,2,1.0
35,6,4,2,5,0.625
36,10,6,4,9,0.375
37,28,21,7,27,0.183673
38,6,5,1,5,1.0
39,8,6,2,7,0.583333
40,9,7,2,8,0.571429
41,7,5,2,6,0.6
42,13,9,4,12,0.333333
43,4,2,2,3,0.75
44,7,5,2,6,0.6
45,8,7,1,7,1.0
46,6,5,1,5,1.0
47,5,4,1,4,1.0
48,4,3,1,3,1.0
49,17,13,4,16,0.307692
50,5,4,1,4,1.0
51,6,4,2,5,0.625
52,11,7,4,10,0.357143
53,7,5,2,6,0.6
54,3,2,1,2,1.0
55,17,12,5,16,0.266667
56,6,4,2,5,0.625
57,7,5,2,6,0.6
58,15,10,5,14,0.28
59,23,18,5,22,0.244444
60,6,5,1,5,1.0
61,11,9,2,10,0.555556
62,5,4,1,4,1.0
63,4,3,1,3,1.0
64,18,13,5,17,0.261538
65,6,5,1,5,1.0
66,3,2,1,2,1.0
67,8,6,2,7,0.583333
68,3,2,1,2,1.0
69,3,2,1,2,1.0
70,14,10,4,13,0.325
71,5,3,2,4,0.666667
72,5,4,1,4,1.0
73,3,2,1,2,1.0
74,8,6,2,7,0.583333
75,3,2,1,2,1.0
76,10,7,3,9,0.428571
77,15,12,3,14,0.388889
78,27,20,7,26,0.185714
79,5,3,2,4,0.666667
80,31,24,7,30,0.178571
81,3,2,1,2,1.0
82,3,2,1,2,1.0
83,2,1,1,1,1.0
84,11,8,3,10,0.416667
85,4,3,1,3,1.0
86,6,5,1,5,1.0
87,5,3,2,4,0.666667
88,12,10,2,11,0.55
89,4,3,1,3,1.0
90,7,5,2,6,0.6
91,35,24,11,34,0.128788
92,11,8,3,10,0.416667
93,10,7,3,9,0.428571
94,16,13,3,15,0.384615
95,18,13,5,17,0.261538
96,3,2,1,2,1.0
97,4,3,1,3,1.0
98,7,6,1,6,1.0
99,8,5,3,7,0.466667
100,12,10,2,11,0.55
101,5,4,1,4,1.0
102,27,20,7,26,0.185714
103,5,4,1,4,1.0
104,10,8,2,9,0.5625
105,17,13,4,16,0.307692
106,3,2,1,2,1.0
107,4,3,1,3,1.0
108,3,2,1,2,1.0
109,3,2,1,2,1.0
110,3,2,1,2,1.0
111,8,6,2,7,0.583333
112,3,2,1,2,1.0
113,3,2,1,2,1.0
114,6,4,2,5,0.625
115,9,7,2,8,0.571429
116,4,3,1,3,1.0
117,5,3,2,4,0.666667
118,11,8,3,10,0.416667
119,2,1,1,1,1.0
120,2,1,1,1,1.0
121,2,1,1,1,1.0
122,5,4,1,4,1.0
123,3,2,1,2,1.0
124,8,6,2,7,0.583333
125,10,7,3,9,0.428571
126,6,4,2,5,0.625
127,15,10,5,14,0.28
128,5,4,1,4,1.0
129,2,1,1,1,1.0
130,8,6,2,7,0.583333
131,50,36,14,49,0.097222
132,3,2,1,2,1.0
133,10,7,3,9,0.428571
134,4,3,1,3,1.0
135,10,7,3,9,0.428571
136,38,28,10,37,0.132143
137,6,5,1,5,1.0
138,14,11,3,13,0.393939
139,3,2,1,2,1.0
140,4,3,1,3,1.0
141,2,1,1,1,1.0
142,7,4,3,6,0.5
143,4,3,1,3,1.0
144,2,1,1,1,1.0
145,3,2,1,2,1.0
146,48,35,13,47,0.103297
147,29,22,7,28,0.181818
148,4,2,2,3,0.75
149,11,9,2,10,0.555556
150,15,10,5,14,0.28
151,3,2,1,2,1.0
152,4,3,1,3,1.0
153,4,3,1,3,1.0
154,3,2,1,2,1.0
155,9,7,2,8,0.571429
156,3,2,1,2,1.0
157,4,3,1,3,1.0
158,42,31,11,41,0.120235
159,6,5,1,5,1.0
160,7,5,2,6,0.6
161,4,3,1,3,1.0
162,5,3,2,4,0.666667
163,3,2,1,2,1.0
164,5,4,1,4,1.0
165,7,5,2,6,0.6
166,3,2,1,2,1.0
167,4,3,1,3,1.0
168,2,1,1,1,1.0
169,2,1,1,1,1.0
170,3,2,1,2,1.0
171,9,6,3,8,0.444444
172,7,4,3,6,0.5
173,4,3,1,3,1.0
174,7,4,3,6,0.5
175,5,4,1,4,1.0
176,10,7,3,9,0.428571
177,7,5,2,6,0.6
178,2,1,1,1,1.0
179,6,4,2,5,0.625
180,5,3,2,4,0.666667
181,4,3,1,3,1.0
182,6,5,1,5,1.0
183,18,13,5,17,0.261538
184,2,1,1,1,1.0
185,9,7,2,8,0.571429
186,31,23,8,30,0.163043
187,4,3,1,3,1.0
188,6,5,1,5,1.0
189,23,15,8,22,0.183333
190,13,10,3,12,0.4
191,4,3,1,3,1.0
192,12,8,4,11,0.34375
193,6,4,2,5,0.625
194,3,2,1,2,1.0
195,2,1,1,1,1.0
196,5,4,1,4,1.0
197,15,10,5,14,0.28
198,9,7,2,8,0.571429
199,13,11,2,12,0.545455
200,2,1,1,1,1.0
201,9,6,3,8,0.444444
202,8,6,2,7,0.583333
203,37,28,9,36,0.142857
204,4,3,1,3,1.0
205,5,4,1,4,1.0
206,3,2,1,2,1.0
207,3,2,1,2,1.0
208,3,2,1,2,1.0
209,4,3,1,3,1.0
210,5,3,2,4,0.666667
211,5,4,1,4,1.0
212,5,4,1,4,1.0
213,18,12,6,17,0.236111
214,3,2,1,2,1.0
215,4,3,1,3,1.0
216,7,6,1,6,1.0
217,5,4,1,4,1.0
218,2,1,1,1,1.0
219,10,7,3,9,0.428571
220,5,3,2,4,0.666667
221,4,3,1,3,1.0
222,5,3,2,4,0.666667
223,4,3,1,3,1.0
224,4,3,1,3,1.0
225,2,1,1,1,1.0
226,3,2,1,2,1.0
227,4,3,1,3,1.0
228,4,3,1,3,1.0
229,4,3,1,3,1.0
230,4,3,1,3,1.0
231,5,4,1,4,1.0
232,3,2,1,2,1.0
233,4,3,1,3,1.0
234,4,3,1,3,1.0
235,12,8,4,11,0.34375
236,7,5,2,6,0.6
237,3,2,1,2,1.0
238,3,2,1,2,1.0
239,4,3,1,3,1.0
240,3,2,1,2,1.0
241,6,5,1,5,1.0
242,2,1,1,1,1.0
243,2,1,1,1,1.0
244,3,2,1,2,1.0
245,34,26,8,33,0.158654
246,3,2,1,2,1.0
247,4,3,1,3,1.0
248,4,3,1,3,1.0
249,3,2,1,2,1.0
250,5,4,1,4,1.0
251,4,3,1,3,1.0
252,6,4,2,5,0.625
253,2,1,1,1,1.0
254,5,4,1,4,1.0
255,3,2,1,2,1.0
256,3,2,1,2,1.0
257,3,2,1,2,1.0
258,8,5,3,7,0.466667
259,14,10,4,13,0.325
260,5,3,2,4,0.666667
261,8,6,2,7,0.583333
262,5,4,1,4,1.0
263,4,3,1,3,1.0
264,29,21,8,28,0.166667
265,6,4,2,5,0.625
266,8,6,2,7,0.583333
267,2,1,1,1,1.0
268,3,2,1,2,1.0
269,4,3,1,3,1.0
270,11,9,2,10,0.555556
271,4,3,1,3,1.0
272,27,22,5,26,0.236364
273,3,2,1,2,1.0
274,9,6,3,8,0.444444
275,3,2,1,2,1.0
276,4,3,1,3,1.0
277,12,9,3,11,0.407407
278,9,7,2,8,0.571429
279,9,7,2,8,0.571429
280,4,3,1,3,1.0
281,21,14,7,20,0.204082
282,5,4,1,4,1.0
283,11,7,4,10,0.357143
284,3,2,1,2,1.0
285,3,2,1,2,1.0
286,5,4,1,4,1.0
287,3,2,1,2,1.0
288,9,7,2,8,0.571429
289,3,2,1,2,1.0
290,3,2,1,2,1.0
291,3,2,1,2,1.0
292,8,6,2,7,0.583333
293,6,5,1,5,1.0
294,3,2,1,2,1.0
295,11,9,2,10,0.555556
296,2,1,1,1,1.0
297,4,3,1,3,1.0
298,4,3,1,3,1.0
299,8,6,2,7,0.583333
300,4,2,2,3,0.75
301,7,5,2,6,0.6
302,5,3,2,4,0.666667
303,3,2,1,2,1.0
304,9,6,3,8,0.444444
305,2,1,1,1,1.0
306,3,2,1,2,1.0
307,49,35,14,48,0.097959
308,7,5,2,6,0.6
309,4,2,2,3,0.75
310,2,1,1,1,1.0
311,5,4,1,4,1.0
312,4,3,1,3,1.0
313,11,8,3,10,0.416667
314,7,5,2,6,0.6
315,6,4,2,5,0.625
316,9,7,2,8,0.571429
317,4,3,1,3,1.0
318,6,4,2,5,0.625
319,4,3,1,3,1.0
320,7,5,2,6,0.6
321,9,6,3,8,0.444444
322,9,7,2,8,0.571429
323,3,2,1,2,1.0
324,3,2,1,2,1.0
325,8,6,2,7,0.583333
326,2,1,1,1,1.0
327,3,2,1,2,1.0
328,5,4,1,4,1.0
329,4,3,1,3,1.0
330,6,5,1,5,1.0
331,3,2,1,2,1.0
332,5,4,1,4,1.0
333,4,3,1,3,1.0
334,5,4,1,4,1.0
335,10,7,3,9,0.428571
336,9,7,2,8,0.571429
337,3,2,1,2,1.0
338,15,12,3,14,0.388889
339,11,7,4,10,0.357143
340,3,2,1,2,1.0
341,3,2,1,2,1.0
342,9,6,3,8,0.444444
343,4,3,1,3,1.0
344,9,6,3,8,0.444444
345,5,4,1,4,1.0
346,2,1,1,1,1.0
347,7,5,2,6,0.6
348,8,6,2,7,0.583333
349,3,2,1,2,1.0
350,4,3,1,3,1.0
351,25,19,6,24,0.210526
352,7,5,2,6,0.6
353,16,12,4,15,0.3125
354,17,12,5,16,0.266667
355,14,10,4,13,0.325
356,3,2,1,2,1.0
357,3,2,1,2,1.0
358,4,3,1,3,1.0
359,4,2,2,3,0.75
360,2,1,1,1,1.0
361,7,6,1,6,1.0
362,4,2,2,3,0.75
363,18,14,4,17,0.303571
364,4,3,1,3,1.0
365,12,9,3,11,0.407407
366,17,12,5,16,0.266667
367,3,2,1,2,1.0
368,11,7,4,10,0.357143
369,5,4,1,4,1.0
370,36,28,8,35,0.15625
371,4,3,1,3,1.0
372,11,8,3,10,0.416667
373,25,18,7,24,0.190476
374,12,8,4,11,0.34375
375,6,5,1,5,1.0
376,5,4,1,4,1.0
377,4,3,1,3,1.0
378,6,4,2,5,0.625
379,4,3,1,3,1.0
380,16,13,3,15,0.384615
381,4,3,1,3,1.0
382,5,4,1,4,1.0
383,13,10,3,12,0.4
384,4,3,1,3,1.0
385,4,3,1,3,1.0
386,3,2,1,2,1.0
387,10,7,3,9,0.428571
388,3,2,1,2,1.0
389,4,3,1,3,1.0
390,2,1,1,1,1.0
391,11,8,3,10,0.416667
392,6,4,2,5,0.625
393,18,13,5,17,0.261538
394,2,1,1,1,1.0
395,10,7,3,9,0.428571
396,5,4,1,4,1.0
397,4,3,1,3,1.0
398,5,4,1,4,1.0
399,2,1,1,1,1.0
400,5,4,1,4,1.0
401,6,4,2,5,0.625
402,3,2,1,2,1.0
403,13,9,4,12,0.333333
404,23,17,6,22,0.215686
405,5,4,1,4,1.0
406,3,2,1,2,1.0
407,2,1,1,1,1.0
408,3,2,1,2,1.0
409,3,2,1,2,1.0
410,9,7,2,8,0.571429
411,4,3,1,3,1.0
412,16,12,4,15,0.3125
413,3,2,1,2,1.0
414,11,8,3,10,0.416667
415,10,7,3,9,0.428571
416,4,3,1,3,1.0
417,9,7,2,8,0.571429
418,17,12,5,16,0.266667
419,5,3,2,4,0.666667
420,5,3,2,4,0.666667
421,4,3,1,3,1.0
422,23,17,6,22,0.215686
423,11,8,3,10,0.416667
424,11,8,3,10,0.416667
425,3,2,1,2,1.0
426,4,3,1,3,1.0
427,5,4,1,4,1.0
428,2,1,1,1,1.0
429,3,2,1,2,1.0
430,27,21,6,26,0.206349
431,12,10,2,11,0.55
432,2,1,1,1,1.0
433,20,15,5,19,0.253333
434,13,10,3,12,0.4
435,12,9,3,11,0.407407
436,4,3,1,3,1.0
437,4,3,1,3,1.0
438,8,5,3,7,0.466667
439,3,2,1,2,1.0
440,5,4,1,4,1.0
441,2,1,1,1,1.0
442,22,16,6,21,0.21875
443,6,5,1,5,1.0
444,5,4,1,4,1.0
445,32,23,9,31,0.149758
446,5,4,1,4,1.0
447,3,2,1,2,1.0
448,6,5,1,5,1.0
449,4,3,1,3,1.0
450,2,1,1,1,1.0
451,2,1,1,1,1.0
452,3,2,1,2,1.0
453,3,2,1,2,1.0
454,3,2,1,2,1.0
455,3,2,1,2,1.0
456,5,4,1,4,1.0
457,15,9,6,14,0.259259
458,3,2,1,2,1.0
459,3,2,1,2,1.0
460,2,1,1,1,1.0
461,17,13,4,16,0.307692
462,5,4,1,4,1.0
463,6,5,1,5,1.0
464,3,2,1,2,1.0
465,4,3,1,3,1.0
466,2,1,1,1,1.0
467,4,3,1,3,1.0
468,2,1,1,1,1.0
469,3,2,1,2,1.0
470,27,21,6,26,0.206349
471,4,3,1,3,1.0
472,6,4,2,5,0.625
473,4,3,1,3,1.0
474,4,3,1,3,1.0
475,12,9,3,11,0.407407
476,2,1,1,1,1.0
477,9,7,2,8,0.571429
478,7,6,1,6,1.0
479,18,14,4,17,0.303571
480,6,4,2,5,0.625
481,5,3,2,4,0.666667
482,3,2,1,2,1.0
483,4,3,1,3,1.0
484,4,3,1,3,1.0
485,17,13,4,16,0.307692
486,5,4,1,4,1.0
487,5,3,2,4,0.666667
488,12,9,3,11,0.407407
489,4,3,1,3,1.0
490,7,6,1,6,1.0
491,7,5,2,6,0.6
492,9,7,2,8,0.571429
493,6,5,1,5,1.0
494,3,2,1,2,1.0
495,4,3,1,3,1.0
496,6,4,2,5,0.625
497,3,2,1,2,1.0
498,2,1,1,1,1.0
499,30,21,9,29,0.153439
500,10,6,4,9,0.375
501,4,3,1,3,1.0
502,7,6,1,6,1.0
503,9,7,2,8,0.571429
504,9,7,2,8,0.571429
505,14,9,5,13,0.288889
506,4,3,1,3,1.0
507,6,5,1,5,1.0
508,2,1,1,1,1.0
509,9,7,2,8,0.571429
510,5,4,1,4,1.0
511,18,14,4,17,0.303571
512,3,2,1,2,1.0
513,3,2,1,2,1.0
514,8,7,1,7,1.0
515,2,1,1,1,1.0
516,2,1,1,1,1.0
517,6,5,1,5,1.0
518,4,3,1,3,1.0
519,2,1,1,1,1.0
520,5,3,2,4,0.666667
521,4,3,1,3,1.0
522,4,3,1,3,1.0
523,2,1,1,1,1.0
524,2,1,1,1,1.0
525,4,3,1,3,1.0
526,4,3,1,3,1.0
527,4,3,1,3,1.0
528,11,8,3,10,0.416667
529,6,5,1,5,1.0
530,5,4,1,4,1.0
531,3,2,1,2,1.0
532,3,2,1,2,1.0
533,8,5,3,7,0.466667
534,4,3,1,3,1.0
535,7,5,2,6,0.6
536,12,9,3,11,0.407407
537,6,5,1,5,1.0
538,9,7,2,8,0.571429
539,3,2,1,2,1.0
540,4,3,1,3,1.0
541,3,2,1,2,1.0
542,6,5,1,5,1.0
543,3,2,1,2,1.0
544,3,2,1,2,1.0
545,6,4,2,5,0.625
546,5,3,2,4,0.666667
547,2,1,1,1,1.0
548,3,2,1,2,1.0
549,2,1,1,1,1.0
550,4,3,1,3,1.0
551,8,7,1,7,1.0
552,6,4,2,5,0.625
553,7,5,2,6,0.6
554,4,3,1,3,1.0
555,11,8,3,10,0.416667
556,3,2,1,2,1.0
557,6,4,2,5,0.625
558,6,5,1,5,1.0
559,10,8,2,9,0.5625
560,14,10,4,13,0.325
561,2,1,1,1,1.0
562,4,3,1,3,1.0
563,9,6,3,8,0.444444
564,3,2,1,2,1.0
565,5,3,2,4,0.666667
566,2,1,1,1,1.0
567,36,28,8,35,0.15625
568,5,4,1,4,1.0
569,3,2,1,2,1.0
570,4,3,1,3,1.0
571,3,2,1,2,1.0
572,4,3,1,3,1.0
573,10,8,2,9,0.5625
574,4,3,1,3,1.0
575,5,4,1,4,1.0
576,22,16,6,21,0.21875
577,4,3,1,3,1.0
578,3,2,1,2,1.0
579,2,1,1,1,1.0
580,11,7,4,10,0.357143
581,7,5,2,6,0.6
582,3,2,1,2,1.0
583,7,5,2,6,0.6
584,3,2,1,2,1.0
585,4,3,1,3,1.0
586,4,3,1,3,1.0
587,7,5,2,6,0.6
588,11,8,3,10,0.416667
589,3,2,1,2,1.0
590,9,7,2,8,0.571429
591,6,4,2,5,0.625
592,9,6,3,8,0.444444
593,4,3,1,3,1.0
594,3,2,1,2,1.0
595,3,2,1,2,1.0
596,2,1,1,1,1.0
597,12,9,3,11,0.407407
598,12,9,3,11,0.407407
599,6,4,2,5,0.625
600,6,4,2,5,0.625
601,3,2,1,2,1.0
602,4,3,1,3,1.0
603,5,4,1,4,1.0
604,5,4,1,4,1.0
605,4,3,1,3,1.0
606,12,10,2,11,0.55
607,11,9,2,10,0.555556
608,17,14,3,16,0.380952
609,5,4,1,4,1.0
610,6,4,2,5,0.625
611,2,1,1,1,1.0
612,5,4,1,4,1.0
613,8,5,3,7,0.466667
614,12,9,3,11,0.407407
615,7,5,2,6,0.6
616,3,2,1,2,1.0
617,3,2,1,2,1.0
618,8,6,2,7,0.583333
619,8,6,2,7,0.583333
620,3,2,1,2,1.0
621,3,2,1,2,1.0
622,6,5,1,5,1.0
623,4,3,1,3,1.0
624,4,3,1,3,1.0
625,4,3,1,3,1.0
626,3,2,1,2,1.0
627,2,1,1,1,1.0
628,5,4,1,4,1.0
629,9,6,3,8,0.444444
630,39,29,10,38,0.131034
631,3,2,1,2,1.0
632,4,3,1,3,1.0
633,2,1,1,1,1.0
634,5,4,1,4,1.0
635,4,3,1,3,1.0
636,7,6,1,6,1.0
637,7,5,2,6,0.6
638,3,2,1,2,1.0
639,4,3,1,3,1.0
640,3,2,1,2,1.0
641,2,1,1,1,1.0
642,3,2,1,2,1.0
643,3,2,1,2,1.0
644,2,1,1,1,1.0
645,5,4,1,4,1.0
646,3,2,1,2,1.0
647,2,1,1,1,1.0
648,11,9,2,10,0.555556
649,2,1,1,1,1.0
650,5,4,1,4,1.0
651,6,4,2,5,0.625
652,9,7,2,8,0.571429
653,3,2,1,2,1.0
654,3,2,1,2,1.0
655,4,3,1,3,1.0
656,8,7,1,7,1.0
657,3,2,1,2,1.0
658,4,3,1,3,1.0
659,2,1,1,1,1.0
660,8,7,1,7,1.0
661,3,2,1,2,1.0
662,4,3,1,3,1.0
663,6,4,2,5,0.625
664,5,4,1,4,1.0
665,2,1,1,1,1.0
666,3,2,1,2,1.0
667,8,5,3,7,0.466667
668,6,5,1,5,1.0
669,6,4,2,5,0.625
670,6,4,2,5,0.625
671,8,5,3,7,0.466667
672,6,4,2,5,0.625
673,2,1,1,1,1.0
674,2,1,1,1,1.0
675,5,4,1,4,1.0
676,2,1,1,1,1.0
677,6,4,2,5,0.625
678,2,1,1,1,1.0
679,4,3,1,3,1.0
680,3,2,1,2,1.0
681,9,7,2,8,0.571429
682,4,3,1,3,1.0
683,5,4,1,4,1.0
684,14,8,6,13,0.270833
685,18,13,5,17,0.261538
686,4,3,1,3,1.0
687,3,2,1,2,1.0
688,2,1,1,1,1.0
689,3,2,1,2,1.0
690,2,1,1,1,1.0
691,4,3,1,3,1.0
692,10,8,2,9,0.5625
693,2,1,1,1,1.0
694,2,1,1,1,1.0
695,2,1,1,1,1.0
696,4,3,1,3,1.0
697,2,1,1,1,1.0
698,16,12,4,15,0.3125
699,5,4,1,4,1.0
700,4,3,1,3,1.0
701,4,3,1,3,1.0
702,9,7,2,8,0.571429
703,3,2,1,2,1.0
704,3,2,1,2,1.0
705,3,2,1,2,1.0
706,10,8,2,9,0.5625
707,4,3,1,3,1.0
708,4,3,1,3,1.0
709,2,1,1,1,1.0
710,4,3,1,3,1.0
711,10,7,3,9,0.428571
712,5,4,1,4,1.0
713,12,10,2,11,0.55
714,11,8,3,10,0.416667
715,5,3,2,4,0.666667
716,11,9,2,10,0.555556
717,6,4,2,5,0.625
718,6,5,1,5,1.0
719,37,27,10,36,0.133333
720,33,24,9,32,0.148148
721,14,11,3,13,0.393939
722,3,2,1,2,1.0
723,10,8,2,9,0.5625
724,5,4,1,4,1.0
725,12,9,3,11,0.407407
726,4,3,1,3,1.0
727,3,2,1,2,1.0
728,2,1,1,1,1.0
729,4,3,1,3,1.0
730,3,2,1,2,1.0
731,65,45,20,64,0.071111
732,5,4,1,4,1.0
733,16,13,3,15,0.384615
734,8,6,2,7,0.583333
735,3,2,1,2,1.0
736,11,8,3,10,0.416667
737,2,1,1,1,1.0
738,4,3,1,3,1.0
739,3,2,1,2,1.0
740,4,3,1,3,1.0
741,6,4,2,5,0.625
742,7,5,2,6,0.6
743,5,4,1,4,1.0
744,6,4,2,5,0.625
745,5,4,1,4,1.0
746,3,2,1,2,1.0
747,5,4,1,4,1.0
748,5,3,2,4,0.666667
749,11,8,3,10,0.416667
750,7,6,1,6,1.0
751,38,26,12,37,0.11859
752,9,7,2,8,0.571429
753,2,1,1,1,1.0
754,5,4,1,4,1.0
755,2,1,1,1,1.0
756,6,5,1,5,1.0
757,8,7,1,7,1.0
758,4,3,1,3,1.0
759,10,7,3,9,0.428571
760,4,3,1,3,1.0
761,6,5,1,5,1.0
762,3,2,1,2,1.0
763,14,10,4,13,0.325
764,6,5,1,5,1.0
765,6,4,2,5,0.625
766,4,3,1,3,1.0
767,2,1,1,1,1.0
768,2,1,1,1,1.0
769,11,8,3,10,0.416667
770,6,4,2,5,0.625
771,3,2,1,2,1.0
772,3,2,1,2,1.0
773,3,2,1,2,1.0
774,35,27,8,34,0.157407
775,4,3,1,3,1.0
776,5,4,1,4,1.0
777,12,8,4,11,0.34375
778,2,1,1,1,1.0
779,5,4,1,4,1.0
780,3,2,1,2,1.0
781,3,2,1,2,1.0
782,3,2,1,2,1.0
783,11,8,3,10,0.416667
784,3,2,1,2,1.0
785,5,4,1,4,1.0
786,6,5,1,5,1.0
787,4,3,1,3,1.0
788,13,9,4,12,0.333333
789,15,12,3,14,0.388889
790,9,7,2,8,0.571429
791,5,4,1,4,1.0
792,5,3,2,4,0.666667
793,5,4,1,4,1.0
794,8,5,3,7,0.466667
795,6,4,2,5,0.625
796,3,2,1,2,1.0
797,4,3,1,3,1.0
798,2,1,1,1,1.0
799,4,3,1,3,1.0
800,6,5,1,5,1.0
801,3,2,1,2,1.0
802,15,11,4,14,0.318182
803,4,3,1,3,1.0
804,4,3,1,3,1.0
805,9,8,1,8,1.0
806,21,15,6,20,0.222222
807,5,4,1,4,1.0
808,4,3,1,3,1.0
809,4,3,1,3,1.0
810,3,2,1,2,1.0
811,3,2,1,2,1.0
812,3,2,1,2,1.0
813,2,1,1,1,1.0
814,4,3,1,3,1.0
815,7,5,2,6,0.6
816,3,2,1,2,1.0
817,3,2,1,2,1.0
818,11,6,5,10,0.333333
819,4,3,1,3,1.0
820,8,5,3,7,0.466667
821,5,4,1,4,1.0
822,8,6,2,7,0.583333
823,3,2,1,2,1.0
824,8,6,2,7,0.583333
825,3,2,1,2,1.0
826,4,3,1,3,1.0
827,22,15,7,21,0.2
828,3,2,1,2,1.0
829,8,5,3,7,0.466667
830,3,2,1,2,1.0
831,4,3,1,3,1.0
832,9,8,1,8,1.0
833,4,3,1,3,1.0
834,4,3,1,3,1.0
835,5,4,1,4,1.0
836,5,4,1,4,1.0
837,10,8,2,9,0.5625
838,16,11,5,15,0.272727
839,2,1,1,1,1.0
840,5,4,1,4,1.0
841,4,3,1,3,1.0
842,3,2,1,2,1.0
843,15,11,4,14,0.318182
844,6,4,2,5,0.625
845,3,2,1,2,1.0
846,3,2,1,2,1.0
847,5,4,1,4,1.0
848,4,3,1,3,1.0
849,3,2,1,2,1.0
850,4,3,1,3,1.0
851,6,5,1,5,1.0
852,7,6,1,6,1.0
853,3,2,1,2,1.0
854,3,2,1,2,1.0
855,3,2,1,2,1.0
856,5,3,2,4,0.666667
857,10,8,2,9,0.5625
858,4,3,1,3,1.0
859,3,2,1,2,1.0
860,4,3,1,3,1.0
861,7,5,2,6,0.6
862,10,7,3,9,0.428571
863,3,2,1,2,1.0
864,13,11,2,12,0.545455
865,20,15,5,19,0.253333
866,5,4,1,4,1.0
867,3,2,1,2,1.0
868,8,6,2,7,0.583333
869,3,2,1,2,1.0
870,14,11,3,13,0.393939
871,5,3,2,4,0.666667
872,8,6,2,7,0.583333
873,6,4,2,5,0.625
874,3,2,1,2,1.0
875,18,12,6,17,0.236111
876,2,1,1,1,1.0
877,3,2,1,2,1.0
878,4,3,1,3,1.0
879,4,3,1,3,1.0
880,15,10,5,14,0.28
881,3,2,1,2,1.0
882,4,3,1,3,1.0
883,5,3,2,4,0.666667
884,8,6,2,7,0.583333
885,9,7,2,8,0.571429
886,2,1,1,1,1.0
887,3,2,1,2,1.0
888,6,4,2,5,0.625
889,18,13,5,17,0.261538
890,6,4,2,5,0.625
891,10,7,3,9,0.428571
892,4,3,1,3,1.0
893,4,3,1,3,1.0
894,4,3,1,3,1.0
895,4,3,1,3,1.0
896,4,3,1,3,1.0
897,2,1,1,1,1.0
898,4,3,1,3,1.0
899,3,2,1,2,1.0
900,6,5,1,5,1.0
901,4,2,2,3,0.75
902,5,4,1,4,1.0
903,6,4,2,5,0.625
904,3,2,1,2,1.0
905,3,2,1,2,1.0
906,3,2,1,2,1.0
907,3,2,1,2,1.0
908,13,9,4,12,0.333333
909,2,1,1,1,1.0
910,5,4,1,4,1.0
911,4,3,1,3,1.0
912,3,2,1,2,1.0
913,4,3,1,3,1.0
914,5,3,2,4,0.666667
915,3,2,1,2,1.0
916,4,3,1,3,1.0
917,3,2,1,2,1.0
918,34,25,9,33,0.146667
919,10,6,4,9,0.375
920,4,3,1,3,1.0
921,3,2,1,2,1.0
922,2,1,1,1,1.0
923,4,3,1,3,1.0
924,7,5,2,6,0.6
925,10,8,2,9,0.5625
926,4,3,1,3,1.0
927,3,2,1,2,1.0
928,3,2,1,2,1.0
929,4,3,1,3,1.0
930,2,1,1,1,1.0
931,2,1,1,1,1.0
932,18,14,4,17,0.303571
933,4,3,1,3,1.0
934,3,2,1,2,1.0
935,6,4,2,5,0.625
936,5,4,1,4,1.0
937,2,1,1,1,1.0
938,3,2,1,2,1.0
939,12,9,3,11,0.407407
940,6,4,2,5,0.625
941,4,3,1,3,1.0
942,2,1,1,1,1.0
943,6,4,2,5,0.625
944,17,13,4,16,0.307692
945,25,19,6,24,0.210526
946,5,4,1,4,1.0
947,3,2,1,2,1.0
948,2,1,1,1,1.0
949,5,4,1,4,1.0
950,13,10,3,12,0.4
951,3,2,1,2,1.0
952,6,4,2,5,0.625
953,4,3,1,3,1.0
954,20,15,5,19,0.253333
955,6,4,2,5,0.625
956,2,1,1,1,1.0
957,3,2,1,2,1.0
958,6,5,1,5,1.0
959,12,10,2,11,0.55
960,6,4,2,5,0.625
961,11,8,3,10,0.416667
962,5,3,2,4,0.666667
963,4,3,1,3,1.0
964,3,2,1,2,1.0
965,6,4,2,5,0.625
966,22,15,7,21,0.2
967,9,6,3,8,0.444444
968,3,2,1,2,1.0
969,5,4,1,4,1.0
970,6,5,1,5,1.0
971,4,3,1,3,1.0
972,5,4,1,4,1.0
973,8,6,2,7,0.583333
974,5,4,1,4,1.0
975,4,2,2,3,0.75
976,8,6,2,7,0.583333
977,3,2,1,2,1.0
978,3,2,1,2,1.0
979,5,4,1,4,1.0
980,4,3,1,3,1.0
981,4,3,1,3,1.0
982,3,2,1,2,1.0
983,5,4,1,4,1.0
984,15,11,4,14,0.318182
985,12,9,3,11,0.407407
986,12,9,3,11,0.407407
987,4,3,1,3,1.0
988,4,3,1,3,1.0
989,2,1,1,1,1.0
990,4,3,1,3,1.0
991,5,4,1,4,1.0
992,13,9,4,12,0.333333
993,29,20,9,28,0.155556
994,5,4,1,4,1.0
995,16,11,5,15,0.272727
996,2,1,1,1,1.0
997,9,6,3,8,0.444444
998,5,4,1,4,1.0
999,3,2,1,2,1.0
1000,2,1,1,1,1.0
1001,4,3,1,3,1.0
1002,3,2,1,2,1.0
1003,2,1,1,1,1.0
1004,3,2,1,2,1.0
1005,17,13,4,16,0.307692
1006,2,1,1,1,1.0
1007,2,1,1,1,1.0
1008,9,6,3,8,0.444444
1009,5,4,1,4,1.0
1010,3,2,1,2,1.0
1011,3,2,1,2,1.0
1012,3,2,1,2,1.0
1013,8,7,1,7,1.0
1014,2,1,1,1,1.0
1015,4,3,1,3,1.0
1016,2,1,1,1,1.0
1017,6,3,3,5,0.555556
1018,4,3,1,3,1.0
1019,8,6,2,7,0.583333
1020,4,3,1,3,1.0
1021,2,1,1,1,1.0
1022,2,1,1,1,1.0
1023,12,9,3,11,0.407407
1024,3,2,1,2,1.0
1025,4,3,1,3,1.0
1026,4,3,1,3,1.0
1027,5,4,1,4,1.0
1028,3,2,1,2,1.0
1029,10,7,3,9,0.428571
1030,3,2,1,2,1.0
1031,5,4,1,4,1.0
1032,11,9,2,10,0.555556
1033,5,4,1,4,1.0
1034,3,2,1,2,1.0
1035,12,7,5,11,0.314286
1036,4,3,1,3,1.0
1037,6,5,1,5,1.0
1038,6,4,2,5,0.625
1039,23,15,8,22,0.183333
1040,6,4,2,5,0.625
1041,4,3,1,3,1.0
1042,5,3,2,4,0.666667
1043,3,2,1,2,1.0
1044,3,2,1,2,1.0
1045,4,2,2,3,0.75
1046,12,9,3,11,0.407407
1047,4,3,1,3,1.0
1048,3,2,1,2,1.0
1049,23,19,4,22,0.289474
1050,5,4,1,4,1.0
1051,3,2,1,2,1.0
1052,7,5,2,6,0.6
1053,4,3,1,3,1.0
1054,4,2,2,3,0.75
1055,11,9,2,10,0.555556
1056,7,6,1,6,1.0
1057,5,4,1,4,1.0
1058,3,2,1,2,1.0
1059,4,3,1,3,1.0
1060,6,5,1,5,1.0
1061,8,6,2,7,0.583333
1062,3,2,1,2,1.0
1063,3,2,1,2,1.0
1064,5,3,2,4,0.666667
1065,4,3,1,3,1.0
1066,4,3,1,3,1.0
1067,2,1,1,1,1.0
1068,4,3,1,3,1.0
1069,2,1,1,1,1.0
1070,2,1,1,1,1.0
1071,7,6,1,6,1.0
1072,3,2,1,2,1.0
1073,10,8,2,9,0.5625
1074,3,2,1,2,1.0
1075,4,3,1,3,1.0
1076,4,3,1,3,1.0
1077,4,3,1,3,1.0
1078,4,3,1,3,1.0
1079,5,4,1,4,1.0
1080,2,1,1,1,1.0
1081,8,6,2,7,0.583333
1082,4,3,1,3,1.0
1083,7,5,2,6,0.6
1084,5,3,2,4,0.666667
1085,3,2,1,2,1.0
1086,2,1,1,1,1.0
1087,2,1,1,1,1.0
1088,10,8,2,9,0.5625
1089,4,3,1,3,1.0
1090,8,6,2,7,0.583333
1091,6,4,2,5,0.625
1092,4,3,1,3,1.0
1093,3,2,1,2,1.0
1094,6,4,2,5,0.625
1095,4,3,1,3,1.0
1096,8,6,2,7,0.583333
1097,5,4,1,4,1.0
1098,14,10,4,13,0.325
1099,3,2,1,2,1.0
1100,7,4,3,6,0.5
1101,6,4,2,5,0.625
1102,2,1,1,1,1.0
1103,2,1,1,1,1.0
1104,4,3,1,3,1.0
1105,3,2,1,2,1.0
1106,7,5,2,6,0.6
1107,8,6,2,7,0.583333
1108,19,13,6,18,0.230769
1109,6,5,1,5,1.0
1110,6,5,1,5,1.0
1111,3,2,1,2,1.0
1112,6,5,1,5,1.0
1113,3,2,1,2,1.0
1114,4,3,1,3,1.0
1115,5,4,1,4,1.0
1116,2,1,1,1,1.0
1117,4,2,2,3,0.75
1118,10,7,3,9,0.428571
1119,3,2,1,2,1.0
1120,5,4,1,4,1.0
1121,3,2,1,2,1.0
1122,6,5,1,5,1.0
1123,2,1,1,1,1.0
1124,5,4,1,4,1.0
1125,3,2,1,2,1.0
1126,3,2,1,2,1.0
1127,3,2,1,2,1.0
1128,4,3,1,3,1.0
1129,6,5,1,5,1.0
1130,4,3,1,3,1.0
1131,14,11,3,13,0.393939
1132,8,6,2,7,0.583333
1133,4,3,1,3,1.0
1134,3,2,1,2,1.0
1135,7,5,2,6,0.6
1136,5,4,1,4,1.0
1137,2,1,1,1,1.0
1138,2,1,1,1,1.0
1139,3,2,1,2,1.0
1140,2,1,1,1,1.0
1141,3,2,1,2,1.0
1142,2,1,1,1,1.0
1143,4,2,2,3,0.75
1144,7,5,2,6,0.6
1145,5,3,2,4,0.666667
1146,11,8,3,10,0.416667
1147,4,3,1,3,1.0
1148,2,1,1,1,1.0
1149,8,6,2,7,0.583333
1150,4,3,1,3,1.0
1151,2,1,1,1,1.0
1152,3,2,1,2,1.0
1153,3,2,1,2,1.0
1154,6,5,1,5,1.0
1155,21,14,7,20,0.204082
1156,13,10,3,12,0.4
1157,5,4,1,4,1.0
1158,8,5,3,7,0.466667
1159,4,3,1,3,1.0
1160,6,5,1,5,1.0
1161,5,4,1,4,1.0
1162,13,11,2,12,0.545455
1163,4,3,1,3,1.0
1164,8,6,2,7,0.583333
1165,3,2,1,2,1.0
1166,6,5,1,5,1.0
1167,6,5,1,5,1.0
1168,6,5,1,5,1.0
1169,4,3,1,3,1.0
1170,11,9,2,10,0.555556
1171,2,1,1,1,1.0
1172,2,1,1,1,1.0
1173,2,1,1,1,1.0
1174,3,2,1,2,1.0
1175,5,3,2,4,0.666667
1176,4,3,1,3,1.0
1177,2,1,1,1,1.0
1178,12,8,4,11,0.34375
1179,3,2,1,2,1.0
1180,6,5,1,5,1.0
1181,3,2,1,2,1.0
1182,7,5,2,6,0.6
1183,4,2,2,3,0.75
1184,3,2,1,2,1.0
1185,2,1,1,1,1.0
1186,4,3,1,3,1.0
1187,3,2,1,2,1.0
1188,5,3,2,4,0.666667
1189,6,4,2,5,0.625
1190,7,4,3,6,0.5
1191,4,3,1,3,1.0
1192,4,3,1,3,1.0
1193,3,2,1,2,1.0
1194,2,1,1,1,1.0
1195,3,2,1,2,1.0
1196,2,1,1,1,1.0
1197,3,2,1,2,1.0
1198,7,5,2,6,0.6
1199,3,2,1,2,1.0
1200,6,4,2,5,0.625
1201,5,4,1,4,1.0
1202,2,1,1,1,1.0
1203,3,2,1,2,1.0
1204,3,2,1,2,1.0
1205,4,3,1,3,1.0
1206,4,3,1,3,1.0
1207,2,1,1,1,1.0
1208,11,8,3,10,0.416667
1209,4,3,1,3,1.0
1210,4,3,1,3,1.0
1211,4,3,1,3,1.0
1212,5,3,2,4,0.666667
1213,14,11,3,13,0.393939
1214,3,2,1,2,1.0
1215,3,2,1,2,1.0
1216,11,9,2,10,0.555556
1217,12,9,3,11,0.407407
1218,5,4,1,4,1.0
1219,14,11,3,13,0.393939
1220,5,4,1,4,1.0
1221,3,2,1,2,1.0
1222,2,1,1,1,1.0
1223,6,5,1,5,1.0
1224,7,6,1,6,1.0
1225,5,4,1,4,1.0
1226,3,2,1,2,1.0
1227,4,3,1,3,1.0
1228,9,7,2,8,0.571429
1229,12,9,3,11,0.407407
1230,4,3,1,3,1.0
1231,6,4,2,5,0.625
1232,10,8,2,9,0.5625
1233,5,3,2,4,0.666667
1234,3,2,1,2,1.0
1235,6,5,1,5,1.0
1236,6,5,1,5,1.0
1237,4,3,1,3,1.0
1238,6,4,2,5,0.625
1239,2,1,1,1,1.0
1240,3,2,1,2,1.0
1241,8,6,2,7,0.583333
1242,4,3,1,3,1.0
1243,8,6,2,7,0.583333
1244,19,14,5,18,0.257143
1245,3,2,1,2,1.0
1246,4,3,1,3,1.0
1247,4,3,1,3,1.0
1248,2,1,1,1,1.0
1249,4,3,1,3,1.0
1250,3,2,1,2,1.0
1251,3,2,1,2,1.0
1252,15,9,6,14,0.259259
1253,3,2,1,2,1.0
1254,3,2,1,2,1.0
1255,6,4,2,5,0.625
1256,8,6,2,7,0.583333
1257,10,7,3,9,0.428571
1258,12,10,2,11,0.55
1259,3,2,1,2,1.0
1260,3,2,1,2,1.0
1261,4,3,1,3,1.0
1262,2,1,1,1,1.0
1263,7,5,2,6,0.6
1264,2,1,1,1,1.0
1265,5,4,1,4,1.0
1266,8,5,3,7,0.466667
1267,4,3,1,3,1.0
1268,2,1,1,1,1.0
1269,4,3,1,3,1.0
1270,3,2,1,2,1.0
1271,4,3,1,3,1.0
1272,5,4,1,4,1.0
1273,14,10,4,13,0.325
1274,5,3,2,4,0.666667
1275,11,7,4,10,0.357143
1276,2,1,1,1,1.0
1277,4,3,1,3,1.0
1278,3,2,1,2,1.0
1279,2,1,1,1,1.0
1280,3,2,1,2,1.0
1281,4,3,1,3,1.0
1282,6,5,1,5,1.0
1283,3,2,1,2,1.0
1284,3,2,1,2,1.0
1285,5,4,1,4,1.0
1286,15,11,4,14,0.318182
1287,4,3,1,3,1.0
1288,4,3,1,3,1.0
1289,11,8,3,10,0.416667
1290,7,5,2,6,0.6
1291,9,7,2,8,0.571429
1292,15,10,5,14,0.28
1293,6,4,2,5,0.625
1294,9,6,3,8,0.444444
1295,11,8,3,10,0.416667
1296,11,9,2,10,0.555556
1297,5,3,2,4,0.666667
1298,16,12,4,15,0.3125
1299,4,3,1,3,1.0
1300,2,1,1,1,1.0
1301,16,11,5,15,0.272727
1302,6,5,1,5,1.0
1303,7,6,1,6,1.0
1304,2,1,1,1,1.0
1305,3,2,1,2,1.0
1306,7,5,2,6,0.6
1307,4,3,1,3,1.0
1308,4,3,1,3,1.0
1309,4,3,1,3,1.0
1310,8,6,2,7,0.583333
1311,4,3,1,3,1.0
1312,4,3,1,3,1.0
1313,5,4,1,4,1.0
1314,4,3,1,3,1.0
1315,2,1,1,1,1.0
1316,4,3,1,3,1.0
1317,5,4,1,4,1.0
1318,7,5,2,6,0.6
1319,4,3,1,3,1.0
1320,6,5,1,5,1.0
1321,3,2,1,2,1.0
1322,3,2,1,2,1.0
1323,5,4,1,4,1.0
1324,4,3,1,3,1.0
1325,6,4,2,5,0.625
1326,7,5,2,6,0.6
1327,8,6,2,7,0.583333
1328,4,3,1,3,1.0
1329,4,3,1,3,1.0
1330,3,2,1,2,1.0
1331,4,3,1,3,1.0
1332,2,1,1,1,1.0
1333,6,5,1,5,1.0
1334,5,4,1,4,1.0
1335,7,5,2,6,0.6
1336,4,3,1,3,1.0
1337,4,3,1,3,1.0
1338,5,4,1,4,1.0
1339,3,2,1,2,1.0
1340,23,16,7,22,0.196429
1341,5,4,1,4,1.0
1342,6,5,1,5,1.0
1343,15,11,4,14,0.318182
1344,4,3,1,3,1.0
1345,2,1,1,1,1.0
1346,8,6,2,7,0.583333
1347,6,5,1,5,1.0
1348,3,2,1,2,1.0
1349,9,7,2,8,0.571429
1350,5,4,1,4,1.0
1351,2,1,1,1,1.0
1352,11,8,3,10,0.416667
1353,10,8,2,9,0.5625
1354,3,2,1,2,1.0
1355,2,1,1,1,1.0
1356,4,3,1,3,1.0
1357,7,5,2,6,0.6
1358,18,12,6,17,0.236111
1359,2,1,1,1,1.0
1360,3,2,1,2,1.0
1361,10,8,2,9,0.5625
1362,4,3,1,3,1.0
1363,7,5,2,6,0.6
1364,3,2,1,2,1.0
1365,2,1,1,1,1.0
1366,11,8,3,10,0.416667
1367,2,1,1,1,1.0
1368,2,1,1,1,1.0
1369,11,8,3,10,0.416667
1370,4,3,1,3,1.0
1371,2,1,1,1,1.0
1372,2,1,1,1,1.0
1373,5,4,1,4,1.0
1374,4,3,1,3,1.0
1375,5,4,1,4,1.0
1376,2,1,1,1,1.0
1377,3,2,1,2,1.0
1378,4,3,1,3,1.0
1379,13,10,3,12,0.4
1380,4,3,1,3,1.0
1381,6,5,1,5,1.0
1382,4,3,1,3,1.0
1383,13,9,4,12,0.333333
1384,3,2,1,2,1.0
1385,5,3,2,4,0.666667
1386,5,4,1,4,1.0
1387,2,1,1,1,1.0
1388,4,3,1,3,1.0
1389,4,3,1,3,1.0
1390,3,2,1,2,1.0
1391,3,2,1,2,1.0
1392,2,1,1,1,1.0
1393,11,9,2,10,0.555556
1394,2,1,1,1,1.0
1395,7,5,2,6,0.6
1396,2,1,1,1,1.0
1397,6,5,1,5,1.0
1398,23,16,7,22,0.196429
1399,5,4,1,4,1.0
1400,5,4,1,4,1.0
1401,2,1,1,1,1.0
1402,5,4,1,4,1.0
1403,7,5,2,6,0.6
1404,15,11,4,14,0.318182
1405,2,1,1,1,1.0
1406,5,4,1,4,1.0
1407,6,5,1,5,1.0
1408,3,2,1,2,1.0
1409,5,4,1,4,1.0
1410,9,6,3,8,0.444444
1411,2,1,1,1,1.0
1412,5,4,1,4,1.0
1413,3,2,1,2,1.0
1414,7,5,2,6,0.6
1415,2,1,1,1,1.0
1416,3,2,1,2,1.0
1417,5,4,1,4,1.0
1418,9,7,2,8,0.571429
1419,6,4,2,5,0.625
1420,4,3,1,3,1.0
1421,9,7,2,8,0.571429
1422,4,3,1,3,1.0
1423,4,3,1,3,1.0
1424,7,6,1,6,1.0
1425,5,4,1,4,1.0
1426,4,3,1,3,1.0
1427,15,11,4,14,0.318182
1428,3,2,1,2,1.0
1429,3,2,1,2,1.0
1430,3,2,1,2,1.0
1431,4,2,2,3,0.75
1432,7,5,2,6,0.6
1433,7,5,2,6,0.6
1434,4,3,1,3,1.0
1435,2,1,1,1,1.0
1436,4,3,1,3,1.0
1437,6,5,1,5,1.0
1438,10,8,2,9,0.5625
1439,2,1,1,1,1.0
1440,2,1,1,1,1.0
1441,3,2,1,2,1.0
1442,2,1,1,1,1.0
1443,4,3,1,3,1.0
1444,7,5,2,6,0.6
1445,4,3,1,3,1.0
1446,8,5,3,7,0.466667
1447,5,4,1,4,1.0
1448,3,2,1,2,1.0
1449,2,1,1,1,1.0
1450,3,2,1,2,1.0
1451,10,7,3,9,0.428571
1452,11,8,3,10,0.416667
1453,7,6,1,6,1.0
1454,4,3,1,3,1.0
1455,6,5,1,5,1.0
1456,5,4,1,4,1.0
1457,25,18,7,24,0.190476
1458,5,4,1,4,1.0
1459,3,2,1,2,1.0
1460,8,5,3,7,0.466667
1461,4,3,1,3,1.0
1462,3,2,1,2,1.0
1463,3,2,1,2,1.0
1464,5,4,1,4,1.0
1465,3,2,1,2,1.0
1466,4,3,1,3,1.0
1467,4,3,1,3,1.0
1468,5,4,1,4,1.0
1469,11,7,4,10,0.357143
1470,4,3,1,3,1.0
1471,4,3,1,3,1.0
1472,9,7,2,8,0.571429
1473,3,2,1,2,1.0
1474,6,5,1,5,1.0
1475,4,3,1,3,1.0
1476,4,3,1,3,1.0
1477,2,1,1,1,1.0
1478,5,3,2,4,0.666667
1479,13,10,3,12,0.4
1480,8,5,3,7,0.466667
1481,2,1,1,1,1.0
1482,3,2,1,2,1.0
1483,9,7,2,8,0.571429
1484,11,9,2,10,0.555556
1485,5,4,1,4,1.0
1486,2,1,1,1,1.0
1487,7,5,2,6,0.6
1488,6,4,2,5,0.625
1489,5,4,1,4,1.0
1490,2,1,1,1,1.0
1491,3,2,1,2,1.0
1492,7,5,2,6,0.6
1493,2,1,1,1,1.0
1494,5,4,1,4,1.0
1495,6,5,1,5,1.0
1496,4,3,1,3,1.0
1497,2,1,1,1,1.0
1498,4,3,1,3,1.0
1499,2,1,1,1,1.0
1500,5,4,1,4,1.0
1501,3,2,1,2,1.0
1502,10,7,3,9,0.428571
1503,4,3,1,3,1.0
1504,13,10,3,12,0.4
1505,3,2,1,2,1.0
1506,8,6,2,7,0.583333
1507,3,2,1,2,1.0
1508,4,3,1,3,1.0
1509,9,6,3,8,0.444444
1510,4,3,1,3,1.0
1511,5,4,1,4,1.0
1512,4,3,1,3,1.0
1513,8,6,2,7,0.583333
1514,4,3,1,3,1.0
1515,2,1,1,1,1.0
1516,8,5,3,7,0.466667
1517,4,3,1,3,1.0
1518,4,3,1,3,1.0
1519,3,2,1,2,1.0
1520,4,3,1,3,1.0
1521,3,2,1,2,1.0
1522,4,3,1,3,1.0
1523,3,2,1,2,1.0
1524,4,3,1,3,1.0
1525,5,4,1,4,1.0
1526,4,3,1,3,1.0
1527,4,3,1,3,1.0
1528,3,2,1,2,1.0
1529,4,2,2,3,0.75
1530,4,3,1,3,1.0
1531,13,8,5,12,0.3
1532,5,4,1,4,1.0
1533,3,2,1,2,1.0
1534,3,2,1,2,1.0
1535,10,7,3,9,0.428571
1536,4,3,1,3,1.0
1537,9,7,2,8,0.571429
1538,10,7,3,9,0.428571
1539,5,4,1,4,1.0
1540,4,2,2,3,0.75
1541,7,5,2,6,0.6
1542,6,4,2,5,0.625
1543,7,5,2,6,0.6
1544,4,3,1,3,1.0
1545,3,2,1,2,1.0
1546,3,2,1,2,1.0
1547,3,2,1,2,1.0
1548,5,3,2,4,0.666667
1549,3,2,1,2,1.0
1550,4,3,1,3,1.0
1551,20,14,6,19,0.22619
1552,3,2,1,2,1.0
1553,8,6,2,7,0.583333
1554,16,13,3,15,0.384615
1555,12,8,4,11,0.34375
1556,4,3,1,3,1.0
1557,3,2,1,2,1.0
1558,4,3,1,3,1.0
1559,4,3,1,3,1.0
1560,6,5,1,5,1.0
1561,5,4,1,4,1.0
1562,5,4,1,4,1.0
1563,4,3,1,3,1.0
1564,3,2,1,2,1.0
1565,8,6,2,7,0.583333
1566,11,8,3,10,0.416667
1567,10,7,3,9,0.428571
1568,4,3,1,3,1.0
1569,2,1,1,1,1.0
1570,6,5,1,5,1.0
1571,3,2,1,2,1.0
1572,13,10,3,12,0.4
1573,5,4,1,4,1.0
1574,5,4,1,4,1.0
1575,5,4,1,4,1.0
1576,3,2,1,2,1.0
1577,5,4,1,4,1.0
1578,5,4,1,4,1.0
1579,6,5,1,5,1.0
1580,10,7,3,9,0.428571
1581,3,2,1,2,1.0
1582,3,2,1,2,1.0
1583,12,9,3,11,0.407407
1584,7,4,3,6,0.5
1585,2,1,1,1,1.0
1586,2,1,1,1,1.0
1587,3,1,2,2,1.0
1588,4,3,1,3,1.0
1589,3,2,1,2,1.0
1590,13,9,4,12,0.333333
1591,7,6,1,6,1.0
1592,2,1,1,1,1.0
1593,4,3,1,3,1.0
1594,5,4,1,4,1.0
1595,3,2,1,2,1.0
1596,3,2,1,2,1.0
1597,3,2,1,2,1.0
1598,4,3,1,3,1.0
1599,2,1,1,1,1.0
1600,4,3,1,3,1.0
1601,11,9,2,10,0.555556
1602,6,4,2,5,0.625
1603,6,4,2,5,0.625
1604,3,2,1,2,1.0
1605,14,10,4,13,0.325
1606,8,6,2,7,0.583333
1607,5,4,1,4,1.0
1608,3,2,1,2,1.0
1609,2,1,1,1,1.0
1610,5,3,2,4,0.666667
1611,6,4,2,5,0.625
1612,2,1,1,1,1.0
1613,8,6,2,7,0.583333
1614,4,3,1,3,1.0
1615,2,1,1,1,1.0
1616,2,1,1,1,1.0
1617,3,2,1,2,1.0
1618,3,2,1,2,1.0
1619,7,5,2,6,0.6
1620,11,8,3,10,0.416667
1621,4,3,1,3,1.0
1622,2,1,1,1,1.0
1623,7,5,2,6,0.6
1624,14,12,2,13,0.541667
1625,6,4,2,5,0.625
1626,12,9,3,11,0.407407
1627,4,3,1,3,1.0
1628,7,6,1,6,1.0
1629,3,2,1,2,1.0
1630,9,7,2,8,0.571429
1631,3,2,1,2,1.0
1632,13,10,3,12,0.4
1633,3,2,1,2,1.0
1634,4,2,2,3,0.75
1635,7,5,2,6,0.6
1636,4,3,1,3,1.0
1637,4,3,1,3,1.0
1638,5,4,1,4,1.0
1639,2,1,1,1,1.0
1640,2,1,1,1,1.0
1641,4,3,1,3,1.0
1642,11,8,3,10,0.416667
1643,9,7,2,8,0.571429
1644,2,1,1,1,1.0
1645,3,2,1,2,1.0
1646,5,4,1,4,1.0
1647,3,2,1,2,1.0
1648,6,4,2,5,0.625
1649,3,2,1,2,1.0
1650,3,2,1,2,1.0
1651,3,2,1,2,1.0
1652,7,5,2,6,0.6
1653,2,1,1,1,1.0
1654,4,3,1,3,1.0
1655,2,1,1,1,1.0
1656,5,4,1,4,1.0
1657,4,3,1,3,1.0
1658,5,3,2,4,0.666667
1659,3,2,1,2,1.0
1660,2,1,1,1,1.0
1661,4,3,1,3,1.0
1662,3,2,1,2,1.0
1663,10,7,3,9,0.428571
1664,6,4,2,5,0.625
1665,4,3,1,3,1.0
1666,3,2,1,2,1.0
1667,6,5,1,5,1.0
1668,3,2,1,2,1.0
1669,4,3,1,3,1.0
1670,4,3,1,3,1.0
1671,3,2,1,2,1.0
1672,7,6,1,6,1.0
1673,3,2,1,2,1.0
1674,3,2,1,2,1.0
1675,3,2,1,2,1.0
1676,6,5,1,5,1.0
1677,3,2,1,2,1.0
1678,4,3,1,3,1.0
1679,2,1,1,1,1.0
1680,3,2,1,2,1.0
1681,7,6,1,6,1.0
1682,3,2,1,2,1.0
1683,3,2,1,2,1.0
1684,4,3,1,3,1.0
1685,3,2,1,2,1.0
1686,4,3,1,3,1.0
1687,2,1,1,1,1.0
1688,4,3,1,3,1.0
1689,5,4,1,4,1.0
1690,5,4,1,4,1.0
1691,3,2,1,2,1.0
1692,10,7,3,9,0.428571
1693,4,3,1,3,1.0
1694,3,2,1,2,1.0
1695,4,3,1,3,1.0
1696,2,1,1,1,1.0
1697,4,3,1,3,1.0
1698,3,2,1,2,1.0
1699,2,1,1,1,1.0
1700,10,7,3,9,0.428571
1701,5,4,1,4,1.0
1702,18,13,5,17,0.261538
1703,3,2,1,2,1.0
1704,8,6,2,7,0.583333
1705,2,1,1,1,1.0
1706,7,5,2,6,0.6
1707,2,1,1,1,1.0
1708,4,3,1,3,1.0
1709,17,12,5,16,0.266667
1710,3,2,1,2,1.0
1711,12,9,3,11,0.407407
1712,3,2,1,2,1.0
1713,9,7,2,8,0.571429
1714,2,1,1,1,1.0
1715,5,4,1,4,1.0
1716,3,2,1,2,1.0
1717,13,10,3,12,0.4
1718,5,4,1,4,1.0
1719,2,1,1,1,1.0
1720,5,3,2,4,0.666667
1721,2,1,1,1,1.0
1722,4,3,1,3,1.0
1723,4,3,1,3,1.0
1724,3,2,1,2,1.0
1725,11,8,3,10,0.416667
1726,3,2,1,2,1.0
1727,8,6,2,7,0.583333
1728,4,3,1,3,1.0
1729,3,2,1,2,1.0
1730,2,1,1,1,1.0
1731,7,5,2,6,0.6
1732,7,5,2,6,0.6
1733,12,9,3,11,0.407407
1734,4,2,2,3,0.75
1735,3,2,1,2,1.0
1736,8,6,2,7,0.583333
1737,4,3,1,3,1.0
1738,9,7,2,8,0.571429
1739,3,2,1,2,1.0
1740,7,4,3,6,0.5
1741,4,2,2,3,0.75
1742,5,4,1,4,1.0
1743,2,1,1,1,1.0
1744,5,4,1,4,1.0
1745,3,2,1,2,1.0
1746,4,3,1,3,1.0
1747,8,6,2,7,0.583333
1748,3,2,1,2,1.0
1749,3,2,1,2,1.0
1750,4,3,1,3,1.0
1751,2,1,1,1,1.0
1752,3,2,1,2,1.0
1753,22,17,5,21,0.247059
1754,4,3,1,3,1.0
1755,7,5,2,6,0.6
1756,6,4,2,5,0.625
1757,3,2,1,2,1.0
1758,5,4,1,4,1.0
1759,3,2,1,2,1.0
1760,5,4,1,4,1.0
1761,6,4,2,5,0.625
1762,3,2,1,2,1.0
1763,3,2,1,2,1.0
1764,2,1,1,1,1.0
1765,3,2,1,2,1.0
1766,10,8,2,9,0.5625
1767,5,4,1,4,1.0
1768,3,2,1,2,1.0
1769,6,4,2,5,0.625
1770,5,4,1,4,1.0
1771,14,10,4,13,0.325
1772,5,3,2,4,0.666667
1773,6,5,1,5,1.0
1774,3,2,1,2,1.0
1775,5,4,1,4,1.0
1776,3,2,1,2,1.0
1777,2,1,1,1,1.0
1778,9,7,2,8,0.571429
1779,4,3,1,3,1.0
1780,4,3,1,3,1.0
1781,5,4,1,4,1.0
1782,5,4,1,4,1.0
1783,5,4,1,4,1.0
1784,3,2,1,2,1.0
1785,10,7,3,9,0.428571
1786,8,6,2,7,0.583333
1787,2,1,1,1,1.0
1788,4,3,1,3,1.0
1789,9,6,3,8,0.444444
1790,3,2,1,2,1.0
1791,4,2,2,3,0.75
1792,2,1,1,1,1.0
1793,9,6,3,8,0.444444
1794,4,3,1,3,1.0
1795,4,3,1,3,1.0
1796,5,4,1,4,1.0
1797,3,2,1,2,1.0
1798,4,3,1,3,1.0
1799,5,4,1,4,1.0
1800,4,3,1,3,1.0
1801,2,1,1,1,1.0
1802,2,1,1,1,1.0
1803,3,2,1,2,1.0
1804,2,1,1,1,1.0
1805,3,2,1,2,1.0
1806,5,4,1,4,1.0
1807,4,3,1,3,1.0
1808,8,6,2,7,0.583333
1809,5,4,1,4,1.0
1810,12,9,3,11,0.407407
1811,4,3,1,3,1.0
1812,3,2,1,2,1.0
1813,6,4,2,5,0.625
1814,4,3,1,3,1.0
1815,20,14,6,19,0.22619
1816,3,2,1,2,1.0
1817,3,2,1,2,1.0
1818,6,4,2,5,0.625
1819,5,4,1,4,1.0
1820,4,3,1,3,1.0
1821,5,3,2,4,0.666667
1822,3,2,1,2,1.0
1823,6,4,2,5,0.625
1824,2,1,1,1,1.0
1825,5,4,1,4,1.0
1826,6,4,2,5,0.625
1827,6,4,2,5,0.625
1828,3,2,1,2,1.0
1829,4,3,1,3,1.0
1830,5,4,1,4,1.0
1831,3,2,1,2,1.0
1832,3,2,1,2,1.0
1833,8,6,2,7,0.583333
1834,11,7,4,10,0.357143
1835,8,6,2,7,0.583333
1836,3,2,1,2,1.0
1837,6,4,2,5,0.625
1838,16,12,4,15,0.3125
1839,2,1,1,1,1.0
1840,5,4,1,4,1.0
1841,4,3,1,3,1.0
1842,4,3,1,3,1.0
1843,3,2,1,2,1.0
1844,2,1,1,1,1.0
1845,3,2,1,2,1.0
1846,5,3,2,4,0.666667
1847,3,2,1,2,1.0
1848,4,2,2,3,0.75
1849,4,3,1,3,1.0
1850,5,4,1,4,1.0
1851,2,1,1,1,1.0
1852,3,2,1,2,1.0
1853,5,4,1,4,1.0
1854,2,1,1,1,1.0
1855,2,1,1,1,1.0
1856,4,3,1,3,1.0
1857,3,2,1,2,1.0
1858,3,2,1,2,1.0
1859,6,4,2,5,0.625
1860,4,3,1,3,1.0
1861,7,6,1,6,1.0
1862,5,4,1,4,1.0
1863,10,5,5,9,0.36
1864,3,2,1,2,1.0
1865,14,9,5,13,0.288889
1866,4,3,1,3,1.0
1867,6,5,1,5,1.0
1868,14,9,5,13,0.288889
1869,5,4,1,4,1.0
1870,2,1,1,1,1.0
1871,3,2,1,2,1.0
1872,5,3,2,4,0.666667
1873,4,3,1,3,1.0
1874,7,5,2,6,0.6
1875,3,2,1,2,1.0
1876,10,8,2,9,0.5625
1877,5,4,1,4,1.0
1878,4,3,1,3,1.0
1879,4,3,1,3,1.0
1880,10,6,4,9,0.375
1881,3,2,1,2,1.0
1882,2,1,1,1,1.0
1883,3,2,1,2,1.0
1884,13,10,3,12,0.4
1885,5,3,2,4,0.666667
1886,5,4,1,4,1.0
1887,2,1,1,1,1.0
1888,4,3,1,3,1.0
1889,4,3,1,3,1.0
1890,17,12,5,16,0.266667
1891,3,2,1,2,1.0
1892,3,2,1,2,1.0
1893,2,1,1,1,1.0
1894,6,5,1,5,1.0
1895,6,5,1,5,1.0
1896,3,2,1,2,1.0
1897,4,3,1,3,1.0
1898,5,4,1,4,1.0
1899,2,1,1,1,1.0
1900,3,2,1,2,1.0
1901,8,7,1,7,1.0
1902,2,1,1,1,1.0
1903,2,1,1,1,1.0
1904,4,3,1,3,1.0
1905,5,4,1,4,1.0
1906,3,2,1,2,1.0
1907,3,2,1,2,1.0
1908,5,4,1,4,1.0
1909,2,1,1,1,1.0
1910,4,3,1,3,1.0
1911,3,2,1,2,1.0
1912,4,3,1,3,1.0
1913,4,3,1,3,1.0
1914,4,3,1,3,1.0
1915,3,2,1,2,1.0
1916,7,4,3,6,0.5
1917,2,1,1,1,1.0
1918,3,2,1,2,1.0
1919,3,2,1,2,1.0
1920,12,9,3,11,0.407407
1921,9,7,2,8,0.571429
1922,14,11,3,13,0.393939
1923,2,1,1,1,1.0
1924,4,3,1,3,1.0
1925,8,6,2,7,0.583333
1926,18,12,6,17,0.236111
1927,4,3,1,3,1.0
1928,5,4,1,4,1.0
1929,6,5,1,5,1.0
1930,5,4,1,4,1.0
1931,4,3,1,3,1.0
1932,2,1,1,1,1.0
1933,13,9,4,12,0.333333
1934,3,2,1,2,1.0
1935,3,2,1,2,1.0
1936,5,4,1,4,1.0
1937,5,4,1,4,1.0
1938,3,2,1,2,1.0
1939,4,3,1,3,1.0
1940,6,5,1,5,1.0
1941,17,13,4,16,0.307692
1942,8,6,2,7,0.583333
1943,2,1,1,1,1.0
1944,3,2,1,2,1.0
1945,5,4,1,4,1.0
1946,7,5,2,6,0.6
1947,12,8,4,11,0.34375
1948,4,3,1,3,1.0
1949,4,3,1,3,1.0
1950,2,1,1,1,1.0
1951,3,2,1,2,1.0
1952,2,1,1,1,1.0
1953,7,5,2,6,0.6
1954,2,1,1,1,1.0
1955,3,2,1,2,1.0
1956,4,3,1,3,1.0
1957,2,1,1,1,1.0
1958,3,2,1,2,1.0
1959,6,5,1,5,1.0
1960,4,3,1,3,1.0
1961,2,1,1,1,1.0
1962,15,12,3,14,0.388889
1963,10,7,3,9,0.428571
1964,3,2,1,2,1.0
1965,5,3,2,4,0.666667
1966,15,11,4,14,0.318182
1967,2,1,1,1,1.0
1968,14,9,5,13,0.288889
1969,5,4,1,4,1.0
1970,4,3,1,3,1.0
1971,11,7,4,10,0.357143
1972,4,3,1,3,1.0
1973,14,10,4,13,0.325
1974,5,4,1,4,1.0
1975,5,4,1,4,1.0
1976,4,3,1,3,1.0
1977,3,2,1,2,1.0
1978,3,2,1,2,1.0
1979,10,7,3,9,0.428571
1980,2,1,1,1,1.0
1981,4,3,1,3,1.0
1982,3,2,1,2,1.0
1983,5,4,1,4,1.0
1984,4,2,2,3,0.75
1985,4,3,1,3,1.0
1986,3,2,1,2,1.0
1987,4,3,1,3,1.0
1988,5,4,1,4,1.0
1989,20,15,5,19,0.253333
1990,4,3,1,3,1.0
1991,6,5,1,5,1.0
1992,6,4,2,5,0.625
1993,3,2,1,2,1.0
1994,5,4,1,4,1.0
1995,3,2,1,2,1.0
1996,2,1,1,1,1.0
1997,2,1,1,1,1.0
1998,5,4,1,4,1.0
1999,5,4,1,4,1.0
2000,4,3,1,3,1.0
2001,5,4,1,4,1.0
2002,3,2,1,2,1.0
2003,5,4,1,4,1.0
2004,4,3,1,3,1.0
2005,5,4,1,4,1.0
2006,5,4,1,4,1.0
2007,4,3,1,3,1.0
2008,5,4,1,4,1.0
2009,3,2,1,2,1.0
2010,14,10,4,13,0.325
2011,3,2,1,2,1.0
2012,12,9,3,11,0.407407
2013,4,3,1,3,1.0
2014,5,3,2,4,0.666667
2015,2,1,1,1,1.0
2016,7,3,4,6,0.5
2017,2,1,1,1,1.0
2018,3,2,1,2,1.0
2019,7,5,2,6,0.6
2020,3,2,1,2,1.0
2021,3,2,1,2,1.0
2022,4,3,1,3,1.0
2023,14,11,3,13,0.393939
2024,2,1,1,1,1.0
2025,3,2,1,2,1.0
2026,2,1,1,1,1.0
2027,3,2,1,2,1.0
2028,4,3,1,3,1.0
2029,7,6,1,6,1.0
2030,8,6,2,7,0.583333
2031,9,7,2,8,0.571429
2032,7,5,2,6,0.6
2033,6,4,2,5,0.625
2034,8,6,2,7,0.583333
2035,6,4,2,5,0.625
2036,6,4,2,5,0.625
2037,10,7,3,9,0.428571
2038,3,2,1,2,1.0
2039,3,2,1,2,1.0
2040,3,2,1,2,1.0
2041,8,5,3,7,0.466667
2042,23,16,7,22,0.196429
2043,2,1,1,1,1.0
2044,3,2,1,2,1.0
2045,6,4,2,5,0.625
2046,5,4,1,4,1.0
2047,3,2,1,2,1.0
2048,5,4,1,4,1.0
2049,2,1,1,1,1.0
2050,2,1,1,1,1.0
2051,2,1,1,1,1.0
2052,11,7,4,10,0.357143
2053,6,5,1,5,1.0
2054,4,3,1,3,1.0
2055,2,1,1,1,1.0
2056,5,4,1,4,1.0
2057,3,2,1,2,1.0
2058,5,4,1,4,1.0
2059,4,3,1,3,1.0
2060,3,2,1,2,1.0
2061,8,5,3,7,0.466667
2062,2,1,1,1,1.0
2063,3,2,1,2,1.0
2064,5,3,2,4,0.666667
2065,3,2,1,2,1.0
2066,3,2,1,2,1.0
2067,3,2,1,2,1.0
2068,5,4,1,4,1.0
2069,2,1,1,1,1.0
2070,4,3,1,3,1.0
2071,6,3,3,5,0.555556
2072,11,8,3,10,0.416667
2073,3,2,1,2,1.0
2074,5,4,1,4,1.0
2075,2,1,1,1,1.0
2076,4,3,1,3,1.0
2077,5,4,1,4,1.0
2078,4,3,1,3,1.0
2079,4,3,1,3,1.0
2080,4,3,1,3,1.0
2081,3,2,1,2,1.0
2082,2,1,1,1,1.0
2083,3,2,1,2,1.0
2084,3,2,1,2,1.0
2085,5,4,1,4,1.0
2086,3,2,1,2,1.0
2087,8,6,2,7,0.583333
2088,2,1,1,1,1.0
2089,4,3,1,3,1.0
2090,2,1,1,1,1.0
2091,3,2,1,2,1.0
2092,3,2,1,2,1.0
2093,2,1,1,1,1.0
2094,3,2,1,2,1.0
2095,8,6,2,7,0.583333
2096,5,4,1,4,1.0
2097,5,4,1,4,1.0
2098,4,3,1,3,1.0
2099,2,1,1,1,1.0
2100,9,7,2,8,0.571429
2101,4,3,1,3,1.0
2102,4,3,1,3,1.0
2103,3,2,1,2,1.0
2104,4,3,1,3,1.0
2105,3,2,1,2,1.0
2106,4,3,1,3,1.0
2107,4,3,1,3,1.0
2108,10,8,2,9,0.5625
2109,4,3,1,3,1.0
2110,11,8,3,10,0.416667
2111,3,2,1,2,1.0
2112,6,5,1,5,1.0
2113,5,4,1,4,1.0
2114,2,1,1,1,1.0
2115,2,1,1,1,1.0
2116,3,2,1,2,1.0
2117,10,8,2,9,0.5625
2118,3,2,1,2,1.0
2119,3,2,1,2,1.0
2120,6,4,2,5,0.625
2121,4,3,1,3,1.0
2122,5,4,1,4,1.0
2123,3,2,1,2,1.0
2124,4,3,1,3,1.0
2125,4,3,1,3,1.0
2126,3,2,1,2,1.0
2127,3,2,1,2,1.0
2128,9,7,2,8,0.571429
2129,4,3,1,3,1.0
2130,3,2,1,2,1.0
2131,4,3,1,3,1.0
2132,4,3,1,3,1.0
2133,3,2,1,2,1.0
2134,5,4,1,4,1.0
2135,3,2,1,2,1.0
2136,6,3,3,5,0.555556
2137,4,3,1,3,1.0
2138,13,10,3,12,0.4
2139,6,5,1,5,1.0
2140,3,2,1,2,1.0
2141,2,1,1,1,1.0
2142,6,4,2,5,0.625
2143,10,7,3,9,0.428571
2144,2,1,1,1,1.0
2145,4,3,1,3,1.0
2146,6,4,2,5,0.625
2147,11,8,3,10,0.416667
2148,3,2,1,2,1.0
2149,7,5,2,6,0.6
2150,3,2,1,2,1.0
2151,10,8,2,9,0.5625
2152,2,1,1,1,1.0
2153,3,2,1,2,1.0
2154,3,2,1,2,1.0
2155,6,4,2,5,0.625
2156,4,3,1,3,1.0
2157,3,2,1,2,1.0
2158,8,6,2,7,0.583333
2159,4,3,1,3,1.0
2160,3,2,1,2,1.0
2161,2,1,1,1,1.0
2162,8,6,2,7,0.583333
2163,3,2,1,2,1.0
2164,3,2,1,2,1.0
2165,2,1,1,1,1.0
2166,3,2,1,2,1.0
2167,5,3,2,4,0.666667
2168,9,7,2,8,0.571429
2169,3,2,1,2,1.0
2170,13,9,4,12,0.333333
2171,4,3,1,3,1.0
2172,6,4,2,5,0.625
2173,3,2,1,2,1.0
2174,3,2,1,2,1.0
2175,2,1,1,1,1.0
2176,12,9,3,11,0.407407
2177,3,2,1,2,1.0
2178,4,2,2,3,0.75
2179,2,1,1,1,1.0
2180,3,2,1,2,1.0
2181,17,14,3,16,0.380952
2182,3,2,1,2,1.0
2183,3,2,1,2,1.0
2184,24,17,7,23,0.193277
2185,3,2,1,2,1.0
2186,4,3,1,3,1.0
2187,4,2,2,3,0.75
2188,2,1,1,1,1.0
2189,2,1,1,1,1.0
2190,4,2,2,3,0.75
2191,3,2,1,2,1.0
2192,2,1,1,1,1.0
2193,22,15,7,21,0.2
2194,16,11,5,15,0.272727
2195,2,1,1,1,1.0
2196,3,2,1,2,1.0
2197,3,2,1,2,1.0
2198,2,1,1,1,1.0
2199,2,1,1,1,1.0
2200,3,2,1,2,1.0
2201,3,2,1,2,1.0
2202,3,2,1,2,1.0
2203,4,3,1,3,1.0
2204,2,1,1,1,1.0
2205,4,3,1,3,1.0
2206,4,3,1,3,1.0
2207,2,1,1,1,1.0
2208,2,1,1,1,1.0
2209,5,3,2,4,0.666667
2210,2,1,1,1,1.0
2211,3,2,1,2,1.0
2212,4,3,1,3,1.0
2213,8,5,3,7,0.466667
2214,12,9,3,11,0.407407
2215,4,3,1,3,1.0
2216,3,2,1,2,1.0
2217,2,1,1,1,1.0
2218,4,3,1,3,1.0
2219,3,2,1,2,1.0
2220,4,3,1,3,1.0
2221,2,1,1,1,1.0
2222,4,3,1,3,1.0
2223,4,3,1,3,1.0
2224,2,1,1,1,1.0
2225,3,2,1,2,1.0
2226,6,4,2,5,0.625
2227,2,1,1,1,1.0
2228,3,2,1,2,1.0
2229,4,3,1,3,1.0
2230,3,2,1,2,1.0
2231,3,2,1,2,1.0
2232,2,1,1,1,1.0
2233,6,4,2,5,0.625
2234,4,3,1,3,1.0
2235,12,9,3,11,0.407407
2236,2,1,1,1,1.0
2237,2,1,1,1,1.0
2238,6,5,1,5,1.0
2239,5,4,1,4,1.0
2240,4,3,1,3,1.0
2241,4,3,1,3,1.0
2242,4,3,1,3,1.0
2243,8,5,3,7,0.466667
2244,3,2,1,2,1.0
2245,6,5,1,5,1.0
2246,4,3,1,3,1.0
2247,5,4,1,4,1.0
2248,4,3,1,3,1.0
2249,5,4,1,4,1.0
2250,3,2,1,2,1.0
2251,4,3,1,3,1.0
2252,3,2,1,2,1.0
2253,2,1,1,1,1.0
2254,2,1,1,1,1.0
2255,23,15,8,22,0.183333
2256,2,1,1,1,1.0
2257,11,9,2,10,0.555556
2258,2,1,1,1,1.0
2259,6,4,2,5,0.625
2260,5,3,2,4,0.666667
2261,4,3,1,3,1.0
2262,9,7,2,8,0.571429
2263,6,5,1,5,1.0
2264,5,4,1,4,1.0
2265,5,3,2,4,0.666667
2266,6,4,2,5,0.625
2267,3,2,1,2,1.0
2268,2,1,1,1,1.0
2269,3,2,1,2,1.0
2270,8,6,2,7,0.583333
2271,7,4,3,6,0.5
2272,3,2,1,2,1.0
2273,5,4,1,4,1.0
2274,2,1,1,1,1.0
2275,8,5,3,7,0.466667
2276,3,2,1,2,1.0
2277,6,5,1,5,1.0
2278,5,4,1,4,1.0
2279,6,4,2,5,0.625
2280,3,2,1,2,1.0
2281,3,2,1,2,1.0
2282,4,3,1,3,1.0
2283,5,4,1,4,1.0
2284,3,2,1,2,1.0
2285,18,14,4,17,0.303571
2286,3,2,1,2,1.0
2287,9,7,2,8,0.571429
2288,3,2,1,2,1.0
2289,2,1,1,1,1.0
2290,13,9,4,12,0.333333
2291,5,4,1,4,1.0
2292,3,2,1,2,1.0
2293,3,2,1,2,1.0
2294,5,3,2,4,0.666667
2295,19,14,5,18,0.257143
2296,6,5,1,5,1.0
2297,9,7,2,8,0.571429
2298,6,4,2,5,0.625
2299,8,6,2,7,0.583333
2300,5,4,1,4,1.0
2301,5,4,1,4,1.0
2302,6,4,2,5,0.625
2303,2,1,1,1,1.0
2304,9,7,2,8,0.571429
2305,6,5,1,5,1.0
2306,6,5,1,5,1.0
2307,4,3,1,3,1.0
2308,2,1,1,1,1.0
2309,3,2,1,2,1.0
2310,3,2,1,2,1.0
2311,5,3,2,4,0.666667
2312,6,5,1,5,1.0
2313,9,7,2,8,0.571429
2314,3,2,1,2,1.0
2315,2,1,1,1,1.0
2316,2,1,1,1,1.0
2317,6,4,2,5,0.625
2318,3,2,1,2,1.0
2319,3,2,1,2,1.0
2320,3,2,1,2,1.0
2321,5,4,1,4,1.0
2322,6,5,1,5,1.0
2323,4,3,1,3,1.0
2324,4,3,1,3,1.0
2325,2,1,1,1,1.0
2326,4,2,2,3,0.75
2327,3,2,1,2,1.0
2328,3,2,1,2,1.0
2329,4,3,1,3,1.0
2330,3,2,1,2,1.0
2331,4,3,1,3,1.0
2332,8,6,2,7,0.583333
2333,2,1,1,1,1.0
2334,2,1,1,1,1.0
2335,4,3,1,3,1.0
2336,2,1,1,1,1.0
2337,3,2,1,2,1.0
2338,3,2,1,2,1.0
2339,2,1,1,1,1.0
2340,9,7,2,8,0.571429
2341,2,1,1,1,1.0
2342,5,4,1,4,1.0
2343,3,2,1,2,1.0
2344,5,4,1,4,1.0
2345,9,7,2,8,0.571429
2346,6,5,1,5,1.0
2347,3,2,1,2,1.0
2348,3,2,1,2,1.0
2349,3,2,1,2,1.0
2350,2,1,1,1,1.0
2351,5,4,1,4,1.0
2352,3,2,1,2,1.0
2353,7,5,2,6,0.6
2354,2,1,1,1,1.0
2355,11,8,3,10,0.416667
2356,3,2,1,2,1.0
2357,2,1,1,1,1.0
2358,4,3,1,3,1.0
2359,2,1,1,1,1.0
2360,2,1,1,1,1.0
2361,6,5,1,5,1.0
2362,4,3,1,3,1.0
2363,6,4,2,5,0.625
2364,4,3,1,3,1.0
2365,2,1,1,1,1.0
2366,4,3,1,3,1.0
2367,5,3,2,4,0.666667
2368,2,1,1,1,1.0
2369,4,3,1,3,1.0
2370,2,1,1,1,1.0
2371,3,2,1,2,1.0
2372,6,5,1,5,1.0
2373,3,2,1,2,1.0
2374,3,2,1,2,1.0
2375,3,2,1,2,1.0
2376,6,5,1,5,1.0
2377,4,2,2,3,0.75
2378,4,3,1,3,1.0
2379,6,4,2,5,0.625
2380,6,5,1,5,1.0
2381,8,6,2,7,0.583333
2382,2,1,1,1,1.0
2383,3,2,1,2,1.0
2384,5,3,2,4,0.666667
2385,3,2,1,2,1.0
2386,3,2,1,2,1.0
2387,2,1,1,1,1.0
2388,10,7,3,9,0.428571
2389,8,5,3,7,0.466667
2390,2,1,1,1,1.0
2391,11,8,3,10,0.416667
2392,2,1,1,1,1.0
2393,3,2,1,2,1.0
2394,5,4,1,4,1.0
2395,24,16,8,23,0.179688
2396,5,4,1,4,1.0
2397,11,7,4,10,0.357143
2398,6,5,1,5,1.0
2399,5,4,1,4,1.0
2400,3,2,1,2,1.0
2401,21,16,5,20,0.25
2402,6,4,2,5,0.625
2403,5,3,2,4,0.666667
2404,4,3,1,3,1.0
2405,2,1,1,1,1.0
2406,3,2,1,2,1.0
2407,10,7,3,9,0.428571
2408,3,2,1,2,1.0
2409,2,1,1,1,1.0
2410,3,2,1,2,1.0
2411,4,3,1,3,1.0
2412,5,4,1,4,1.0
2413,3,2,1,2,1.0
2414,4,3,1,3,1.0
2415,3,2,1,2,1.0
2416,4,3,1,3,1.0
2417,7,5,2,6,0.6
2418,4,3,1,3,1.0
2419,3,2,1,2,1.0
2420,7,5,2,6,0.6
2421,6,4,2,5,0.625
2422,4,2,2,3,0.75
2423,3,2,1,2,1.0
2424,7,5,2,6,0.6
2425,3,2,1,2,1.0
2426,3,2,1,2,1.0
2427,6,5,1,5,1.0
2428,5,4,1,4,1.0
2429,3,2,1,2,1.0
2430,2,1,1,1,1.0
2431,3,2,1,2,1.0
2432,7,5,2,6,0.6
2433,3,2,1,2,1.0
2434,3,2,1,2,1.0
2435,2,1,1,1,1.0
2436,3,2,1,2,1.0
2437,3,2,1,2,1.0
2438,4,3,1,3,1.0
2439,5,4,1,4,1.0
2440,8,6,2,7,0.583333
2441,3,2,1,2,1.0
2442,2,1,1,1,1.0
2443,3,2,1,2,1.0
2444,4,3,1,3,1.0
2445,10,8,2,9,0.5625
2446,4,3,1,3,1.0
2447,6,4,2,5,0.625
2448,6,5,1,5,1.0
2449,2,1,1,1,1.0
2450,6,5,1,5,1.0
2451,3,2,1,2,1.0
2452,4,3,1,3,1.0
2453,2,1,1,1,1.0
2454,3,2,1,2,1.0
2455,4,3,1,3,1.0
2456,14,10,4,13,0.325
2457,4,3,1,3,1.0
2458,4,3,1,3,1.0
2459,3,2,1,2,1.0
2460,2,1,1,1,1.0
2461,12,8,4,11,0.34375
2462,5,4,1,4,1.0
2463,4,3,1,3,1.0
2464,5,4,1,4,1.0
2465,10,8,2,9,0.5625
2466,3,2,1,2,1.0
2467,3,2,1,2,1.0
2468,5,3,2,4,0.666667
2469,2,1,1,1,1.0
2470,4,3,1,3,1.0
2471,3,2,1,2,1.0
2472,3,2,1,2,1.0
2473,10,7,3,9,0.428571
2474,5,3,2,4,0.666667
2475,3,2,1,2,1.0
2476,6,4,2,5,0.625
2477,2,1,1,1,1.0
2478,9,6,3,8,0.444444
2479,2,1,1,1,1.0
2480,2,1,1,1,1.0
2481,4,3,1,3,1.0
2482,3,2,1,2,1.0
2483,9,5,4,8,0.4
2484,2,1,1,1,1.0
2485,7,4,3,6,0.5
2486,9,7,2,8,0.571429
2487,2,1,1,1,1.0
2488,3,2,1,2,1.0
2489,2,1,1,1,1.0
2490,3,2,1,2,1.0
2491,2,1,1,1,1.0
2492,2,1,1,1,1.0
2493,6,4,2,5,0.625
2494,2,1,1,1,1.0
2495,4,3,1,3,1.0
2496,3,2,1,2,1.0
2497,7,5,2,6,0.6
2498,3,2,1,2,1.0
2499,6,5,1,5,1.0
2500,3,2,1,2,1.0
2501,3,2,1,2,1.0
2502,4,2,2,3,0.75
2503,4,3,1,3,1.0
2504,3,2,1,2,1.0
2505,3,2,1,2,1.0
2506,3,2,1,2,1.0
2507,3,2,1,2,1.0
2508,2,1,1,1,1.0
2509,12,8,4,11,0.34375
2510,2,1,1,1,1.0
2511,3,2,1,2,1.0
2512,4,3,1,3,1.0
2513,5,3,2,4,0.666667
2514,7,5,2,6,0.6
2515,4,3,1,3,1.0
2516,5,4,1,4,1.0
2517,2,1,1,1,1.0
2518,2,1,1,1,1.0
2519,8,5,3,7,0.466667
2520,6,4,2,5,0.625
2521,4,3,1,3,1.0
2522,3,2,1,2,1.0
2523,2,1,1,1,1.0
2524,6,3,3,5,0.555556
2525,5,4,1,4,1.0
2526,3,2,1,2,1.0
2527,5,4,1,4,1.0
2528,2,1,1,1,1.0
2529,3,2,1,2,1.0
2530,8,6,2,7,0.583333
2531,3,2,1,2,1.0
2532,2,1,1,1,1.0
2533,3,2,1,2,1.0
2534,2,1,1,1,1.0
2535,5,4,1,4,1.0
2536,3,2,1,2,1.0
2537,2,1,1,1,1.0
2538,11,8,3,10,0.416667
2539,3,2,1,2,1.0
2540,4,3,1,3,1.0
2541,4,3,1,3,1.0
2542,3,2,1,2,1.0
2543,5,4,1,4,1.0
2544,2,1,1,1,1.0
2545,6,5,1,5,1.0
2546,3,2,1,2,1.0
2547,3,2,1,2,1.0
2548,3,2,1,2,1.0
2549,10,8,2,9,0.5625
2550,6,4,2,5,0.625
2551,4,3,1,3,1.0
2552,2,1,1,1,1.0
2553,5,4,1,4,1.0
2554,2,1,1,1,1.0
2555,8,6,2,7,0.583333
2556,2,1,1,1,1.0
2557,3,2,1,2,1.0
2558,7,4,3,6,0.5
2559,5,4,1,4,1.0
2560,11,8,3,10,0.416667
2561,3,2,1,2,1.0
2562,6,4,2,5,0.625
2563,2,1,1,1,1.0
2564,3,2,1,2,1.0
2565,3,2,1,2,1.0
2566,3,2,1,2,1.0
2567,2,1,1,1,1.0
2568,6,4,2,5,0.625
2569,2,1,1,1,1.0
2570,2,1,1,1,1.0
2571,8,6,2,7,0.583333
2572,7,5,2,6,0.6
2573,8,5,3,7,0.466667
2574,2,1,1,1,1.0
2575,3,2,1,2,1.0
2576,4,2,2,3,0.75
2577,3,2,1,2,1.0
2578,3,2,1,2,1.0
2579,3,2,1,2,1.0
2580,7,5,2,6,0.6
2581,5,4,1,4,1.0
2582,7,5,2,6,0.6
2583,5,3,2,4,0.666667
2584,3,2,1,2,1.0
2585,4,3,1,3,1.0
2586,5,3,2,4,0.666667
2587,3,2,1,2,1.0
2588,5,3,2,4,0.666667
2589,3,2,1,2,1.0
2590,4,3,1,3,1.0
2591,5,4,1,4,1.0
2592,3,1,2,2,1.0
2593,6,4,2,5,0.625
2594,10,7,3,9,0.428571
2595,10,8,2,9,0.5625
2596,2,1,1,1,1.0
2597,8,5,3,7,0.466667
2598,4,3,1,3,1.0
2599,4,3,1,3,1.0
2600,5,4,1,4,1.0
2601,3,2,1,2,1.0
2602,2,1,1,1,1.0
2603,2,1,1,1,1.0
2604,5,4,1,4,1.0
2605,5,4,1,4,1.0
2606,11,8,3,10,0.416667
2607,5,4,1,4,1.0
2608,2,1,1,1,1.0
2609,2,1,1,1,1.0
2610,3,2,1,2,1.0
2611,3,2,1,2,1.0
2612,3,2,1,2,1.0
2613,2,1,1,1,1.0
2614,5,4,1,4,1.0
2615,4,3,1,3,1.0
2616,3,2,1,2,1.0
2617,3,2,1,2,1.0
2618,2,1,1,1,1.0
2619,5,4,1,4,1.0
2620,5,4,1,4,1.0
2621,3,2,1,2,1.0
2622,3,2,1,2,1.0
2623,2,1,1,1,1.0
2624,2,1,1,1,1.0
2625,5,4,1,4,1.0
2626,4,3,1,3,1.0
2627,2,1,1,1,1.0
2628,5,4,1,4,1.0
2629,3,2,1,2,1.0
2630,4,3,1,3,1.0
2631,8,6,2,7,0.583333
2632,4,3,1,3,1.0
2633,7,5,2,6,0.6
2634,3,2,1,2,1.0
2635,2,1,1,1,1.0
2636,2,1,1,1,1.0
2637,4,3,1,3,1.0
2638,6,5,1,5,1.0
2639,3,2,1,2,1.0
2640,3,2,1,2,1.0
2641,3,2,1,2,1.0
2642,3,2,1,2,1.0
2643,6,5,1,5,1.0
2644,3,2,1,2,1.0
2645,2,1,1,1,1.0
2646,3,2,1,2,1.0
2647,2,1,1,1,1.0
2648,5,3,2,4,0.666667
2649,11,8,3,10,0.416667
2650,2,1,1,1,1.0
2651,3,2,1,2,1.0
2652,2,1,1,1,1.0
2653,5,4,1,4,1.0
2654,2,1,1,1,1.0
2655,4,3,1,3,1.0
2656,3,2,1,2,1.0
2657,2,1,1,1,1.0
2658,4,3,1,3,1.0
2659,2,1,1,1,1.0
2660,2,1,1,1,1.0
2661,3,2,1,2,1.0
2662,5,3,2,4,0.666667
2663,3,2,1,2,1.0
2664,7,5,2,6,0.6
2665,2,1,1,1,1.0
2666,3,2,1,2,1.0
2667,8,5,3,7,0.466667
2668,2,1,1,1,1.0
2669,5,4,1,4,1.0
2670,3,2,1,2,1.0
2671,2,1,1,1,1.0
2672,3,2,1,2,1.0
2673,6,5,1,5,1.0
2674,6,5,1,5,1.0
2675,3,2,1,2,1.0
2676,11,9,2,10,0.555556
2677,9,7,2,8,0.571429
2678,3,2,1,2,1.0
2679,4,3,1,3,1.0
2680,4,3,1,3,1.0
2681,2,1,1,1,1.0
2682,4,3,1,3,1.0
2683,3,2,1,2,1.0
2684,11,8,3,10,0.416667
2685,5,4,1,4,1.0
2686,5,4,1,4,1.0
2687,3,2,1,2,1.0
2688,3,2,1,2,1.0
2689,2,1,1,1,1.0
2690,3,2,1,2,1.0
2691,3,2,1,2,1.0
2692,8,6,2,7,0.583333
2693,8,6,2,7,0.583333
2694,3,2,1,2,1.0
2695,4,3,1,3,1.0
2696,3,2,1,2,1.0
2697,4,3,1,3,1.0
2698,6,5,1,5,1.0
2699,10,8,2,9,0.5625
2700,8,6,2,7,0.583333
2701,5,4,1,4,1.0
2702,3,2,1,2,1.0
2703,4,3,1,3,1.0
2704,3,2,1,2,1.0
2705,5,4,1,4,1.0
2706,6,5,1,5,1.0
2707,4,3,1,3,1.0
2708,4,3,1,3,1.0
2709,3,2,1,2,1.0
2710,3,2,1,2,1.0
2711,4,3,1,3,1.0
2712,3,2,1,2,1.0
2713,2,1,1,1,1.0
2714,6,4,2,5,0.625
2715,5,4,1,4,1.0
2716,2,1,1,1,1.0
2717,5,4,1,4,1.0
2718,3,2,1,2,1.0
2719,5,4,1,4,1.0
2720,3,2,1,2,1.0
2721,14,11,3,13,0.393939
2722,2,1,1,1,1.0
2723,5,3,2,4,0.666667
2724,8,6,2,7,0.583333
2725,3,2,1,2,1.0
2726,3,2,1,2,1.0
2727,8,6,2,7,0.583333
2728,2,1,1,1,1.0
2729,4,3,1,3,1.0
2730,3,2,1,2,1.0
2731,11,8,3,10,0.416667
2732,6,4,2,5,0.625
2733,2,1,1,1,1.0
2734,3,2,1,2,1.0
2735,4,3,1,3,1.0
2736,4,3,1,3,1.0
2737,5,4,1,4,1.0
2738,3,2,1,2,1.0
2739,3,2,1,2,1.0
2740,3,2,1,2,1.0
2741,3,2,1,2,1.0
2742,2,1,1,1,1.0
2743,3,2,1,2,1.0
2744,4,3,1,3,1.0
2745,5,3,2,4,0.666667
2746,2,1,1,1,1.0
2747,2,1,1,1,1.0
2748,2,1,1,1,1.0
2749,5,4,1,4,1.0
2750,2,1,1,1,1.0
2751,2,1,1,1,1.0
2752,4,3,1,3,1.0
2753,4,3,1,3,1.0
2754,2,1,1,1,1.0
2755,3,2,1,2,1.0
2756,4,3,1,3,1.0
2757,3,2,1,2,1.0
2758,3,2,1,2,1.0
2759,2,1,1,1,1.0
2760,2,1,1,1,1.0
2761,2,1,1,1,1.0
2762,2,1,1,1,1.0
2763,3,2,1,2,1.0
2764,3,2,1,2,1.0
2765,7,5,2,6,0.6
2766,5,4,1,4,1.0
2767,5,4,1,4,1.0
2768,3,2,1,2,1.0
2769,2,1,1,1,1.0
2770,6,4,2,5,0.625
2771,5,4,1,4,1.0
2772,14,10,4,13,0.325
2773,5,3,2,4,0.666667
2774,3,2,1,2,1.0
2775,3,2,1,2,1.0
2776,3,2,1,2,1.0
2777,5,4,1,4,1.0
2778,5,4,1,4,1.0
2779,4,3,1,3,1.0
2780,7,6,1,6,1.0
2781,2,1,1,1,1.0
2782,7,5,2,6,0.6
2783,7,5,2,6,0.6
2784,3,2,1,2,1.0
2785,4,3,1,3,1.0
2786,6,3,3,5,0.555556
2787,3,2,1,2,1.0
2788,2,1,1,1,1.0
2789,8,5,3,7,0.466667
2790,9,6,3,8,0.444444
2791,3,2,1,2,1.0
2792,4,3,1,3,1.0
2793,4,3,1,3,1.0
2794,9,7,2,8,0.571429
2795,4,3,1,3,1.0
2796,2,1,1,1,1.0
2797,4,3,1,3,1.0
2798,4,3,1,3,1.0
2799,5,3,2,4,0.666667
2800,6,4,2,5,0.625
2801,3,2,1,2,1.0
2802,2,1,1,1,1.0
2803,4,3,1,3,1.0
2804,4,3,1,3,1.0
2805,4,3,1,3,1.0
2806,8,6,2,7,0.583333
2807,3,2,1,2,1.0
2808,3,2,1,2,1.0
2809,3,2,1,2,1.0
2810,4,3,1,3,1.0
2811,4,3,1,3,1.0
2812,5,4,1,4,1.0
2813,6,4,2,5,0.625
2814,3,2,1,2,1.0
2815,6,4,2,5,0.625
2816,5,3,2,4,0.666667
2817,5,4,1,4,1.0
2818,2,1,1,1,1.0
2819,3,2,1,2,1.0
2820,6,4,2,5,0.625
2821,3,2,1,2,1.0
2822,5,4,1,4,1.0
2823,5,3,2,4,0.666667
2824,3,2,1,2,1.0
2825,3,2,1,2,1.0
2826,5,4,1,4,1.0
2827,2,1,1,1,1.0
2828,3,2,1,2,1.0
2829,3,2,1,2,1.0
2830,3,2,1,2,1.0
2831,6,5,1,5,1.0
2832,6,5,1,5,1.0
2833,12,9,3,11,0.407407
2834,5,4,1,4,1.0
2835,15,11,4,14,0.318182
2836,3,2,1,2,1.0
2837,15,10,5,14,0.28
2838,6,4,2,5,0.625
2839,8,6,2,7,0.583333
2840,4,3,1,3,1.0
2841,4,3,1,3,1.0
2842,5,3,2,4,0.666667
2843,3,2,1,2,1.0
2844,4,3,1,3,1.0
2845,4,3,1,3,1.0
2846,2,1,1,1,1.0
2847,3,2,1,2,1.0
2848,3,2,1,2,1.0
2849,3,2,1,2,1.0
2850,7,6,1,6,1.0
2851,12,9,3,11,0.407407
2852,19,14,5,18,0.257143
2853,4,3,1,3,1.0
2854,4,3,1,3,1.0
2855,4,3,1,3,1.0
2856,2,1,1,1,1.0
2857,7,5,2,6,0.6
2858,10,8,2,9,0.5625
2859,5,3,2,4,0.666667
2860,3,2,1,2,1.0
2861,2,1,1,1,1.0
2862,6,4,2,5,0.625
2863,5,3,2,4,0.666667
2864,5,4,1,4,1.0
2865,13,10,3,12,0.4
2866,3,2,1,2,1.0
2867,3,2,1,2,1.0
2868,2,1,1,1,1.0
2869,5,4,1,4,1.0
2870,4,3,1,3,1.0
2871,5,3,2,4,0.666667
2872,4,3,1,3,1.0
2873,9,7,2,8,0.571429
2874,3,2,1,2,1.0
2875,4,3,1,3,1.0
2876,2,1,1,1,1.0
2877,3,2,1,2,1.0
2878,4,3,1,3,1.0
2879,3,2,1,2,1.0
2880,4,3,1,3,1.0
2881,2,1,1,1,1.0
2882,3,2,1,2,1.0
2883,3,2,1,2,1.0
2884,4,3,1,3,1.0
2885,4,3,1,3,1.0
2886,3,2,1,2,1.0
2887,5,4,1,4,1.0
2888,4,3,1,3,1.0
2889,2,1,1,1,1.0
2890,3,2,1,2,1.0
2891,5,4,1,4,1.0
2892,3,2,1,2,1.0
2893,4,3,1,3,1.0
2894,2,1,1,1,1.0
2895,3,2,1,2,1.0
2896,2,1,1,1,1.0
2897,3,2,1,2,1.0
2898,6,4,2,5,0.625
2899,3,2,1,2,1.0
2900,2,1,1,1,1.0
2901,5,3,2,4,0.666667
2902,9,5,4,8,0.4
2903,2,1,1,1,1.0
2904,11,9,2,10,0.555556
2905,3,2,1,2,1.0
2906,4,3,1,3,1.0
2907,3,2,1,2,1.0
2908,4,3,1,3,1.0
2909,5,3,2,4,0.666667
2910,3,2,1,2,1.0
2911,6,4,2,5,0.625
2912,4,3,1,3,1.0
2913,5,4,1,4,1.0
2914,2,1,1,1,1.0
2915,3,2,1,2,1.0
2916,3,2,1,2,1.0
2917,4,3,1,3,1.0
2918,3,2,1,2,1.0
2919,3,2,1,2,1.0
2920,11,8,3,10,0.416667
2921,3,2,1,2,1.0
2922,7,5,2,6,0.6
2923,2,1,1,1,1.0
2924,2,1,1,1,1.0
2925,2,1,1,1,1.0
2926,3,2,1,2,1.0
2927,3,2,1,2,1.0
2928,4,3,1,3,1.0
2929,5,4,1,4,1.0
2930,6,4,2,5,0.625
2931,4,3,1,3,1.0
2932,7,6,1,6,1.0
2933,3,2,1,2,1.0
2934,3,2,1,2,1.0
2935,4,3,1,3,1.0
2936,3,2,1,2,1.0
2937,3,2,1,2,1.0
2938,3,2,1,2,1.0
2939,2,1,1,1,1.0
2940,3,2,1,2,1.0
2941,9,6,3,8,0.444444
2942,4,2,2,3,0.75
2943,4,3,1,3,1.0
2944,4,3,1,3,1.0
2945,9,6,3,8,0.444444
2946,4,3,1,3,1.0
2947,9,6,3,8,0.444444
2948,4,3,1,3,1.0
2949,5,4,1,4,1.0
2950,7,5,2,6,0.6
2951,4,3,1,3,1.0
2952,3,2,1,2,1.0
2953,3,2,1,2,1.0
2954,4,3,1,3,1.0
2955,3,2,1,2,1.0
2956,3,2,1,2,1.0
2957,4,3,1,3,1.0
2958,4,3,1,3,1.0
2959,2,1,1,1,1.0
2960,3,2,1,2,1.0
2961,9,6,3,8,0.444444
2962,2,1,1,1,1.0
2963,2,1,1,1,1.0
2964,3,2,1,2,1.0
2965,3,2,1,2,1.0
2966,4,3,1,3,1.0
2967,3,2,1,2,1.0
2968,6,4,2,5,0.625
2969,2,1,1,1,1.0
2970,3,2,1,2,1.0
2971,5,4,1,4,1.0
2972,2,1,1,1,1.0
2973,6,5,1,5,1.0
2974,7,5,2,6,0.6
2975,5,4,1,4,1.0
2976,5,4,1,4,1.0
2977,5,4,1,4,1.0
2978,11,8,3,10,0.416667
2979,3,2,1,2,1.0
2980,8,7,1,7,1.0
2981,4,3,1,3,1.0
2982,2,1,1,1,1.0
2983,2,1,1,1,1.0
2984,4,3,1,3,1.0
2985,3,2,1,2,1.0
2986,5,4,1,4,1.0
2987,4,3,1,3,1.0
2988,4,3,1,3,1.0
2989,5,4,1,4,1.0
2990,2,1,1,1,1.0
2991,5,4,1,4,1.0
2992,7,4,3,6,0.5
2993,2,1,1,1,1.0
2994,5,4,1,4,1.0
2995,3,2,1,2,1.0
2996,4,3,1,3,1.0
2997,4,3,1,3,1.0
2998,4,3,1,3,1.0
2999,2,1,1,1,1.0
3000,2,1,1,1,1.0
3001,4,3,1,3,1.0
3002,3,2,1,2,1.0
3003,2,1,1,1,1.0
3004,6,4,2,5,0.625
3005,4,3,1,3,1.0
3006,2,1,1,1,1.0
3007,4,3,1,3,1.0
3008,8,6,2,7,0.583333
3009,2,1,1,1,1.0
3010,3,2,1,2,1.0
3011,2,1,1,1,1.0
3012,3,2,1,2,1.0
3013,3,2,1,2,1.0
3014,8,6,2,7,0.583333
3015,4,3,1,3,1.0
3016,8,6,2,7,0.583333
3017,3,2,1,2,1.0
3018,3,2,1,2,1.0
3019,6,4,2,5,0.625
3020,8,6,2,7,0.583333
3021,2,1,1,1,1.0
3022,6,5,1,5,1.0
3023,3,2,1,2,1.0
3024,3,2,1,2,1.0
3025,5,3,2,4,0.666667
3026,15,9,6,14,0.259259
3027,5,4,1,4,1.0
3028,11,8,3,10,0.416667
3029,4,3,1,3,1.0
3030,4,2,2,3,0.75
3031,3,2,1,2,1.0
3032,3,2,1,2,1.0
3033,2,1,1,1,1.0
3034,2,1,1,1,1.0
3035,4,3,1,3,1.0
3036,3,2,1,2,1.0
3037,4,3,1,3,1.0
3038,2,1,1,1,1.0
3039,5,4,1,4,1.0
3040,3,2,1,2,1.0
3041,5,4,1,4,1.0
3042,4,3,1,3,1.0
3043,2,1,1,1,1.0
3044,2,1,1,1,1.0
3045,2,1,1,1,1.0
3046,8,5,3,7,0.466667
3047,4,3,1,3,1.0
3048,3,2,1,2,1.0
3049,3,2,1,2,1.0
3050,2,1,1,1,1.0
3051,3,2,1,2,1.0
3052,4,3,1,3,1.0
3053,3,2,1,2,1.0
3054,4,3,1,3,1.0
3055,2,1,1,1,1.0
3056,2,1,1,1,1.0
3057,2,1,1,1,1.0
3058,3,2,1,2,1.0
3059,2,1,1,1,1.0
3060,4,3,1,3,1.0
3061,2,1,1,1,1.0
3062,7,5,2,6,0.6
3063,3,2,1,2,1.0
3064,2,1,1,1,1.0
3065,4,3,1,3,1.0
3066,5,4,1,4,1.0
3067,4,3,1,3,1.0
3068,2,1,1,1,1.0
3069,3,2,1,2,1.0
3070,2,1,1,1,1.0
3071,4,3,1,3,1.0
3072,4,2,2,3,0.75
3073,3,2,1,2,1.0
3074,6,4,2,5,0.625
3075,8,6,2,7,0.583333
3076,4,3,1,3,1.0
3077,4,3,1,3,1.0
3078,8,5,3,7,0.466667
3079,4,3,1,3,1.0
3080,3,2,1,2,1.0
3081,2,1,1,1,1.0
3082,4,3,1,3,1.0
3083,2,1,1,1,1.0
3084,5,4,1,4,1.0
3085,4,3,1,3,1.0
3086,4,3,1,3,1.0
3087,2,1,1,1,1.0
3088,3,2,1,2,1.0
3089,6,5,1,5,1.0
3090,4,3,1,3,1.0
3091,3,2,1,2,1.0
3092,4,3,1,3,1.0
3093,7,6,1,6,1.0
3094,2,1,1,1,1.0
3095,7,5,2,6,0.6
3096,4,3,1,3,1.0
3097,4,3,1,3,1.0
3098,4,3,1,3,1.0
3099,3,2,1,2,1.0
3100,4,3,1,3,1.0
3101,3,2,1,2,1.0
3102,6,4,2,5,0.625
3103,3,2,1,2,1.0
3104,6,5,1,5,1.0
3105,3,2,1,2,1.0
3106,3,2,1,2,1.0
3107,2,1,1,1,1.0
3108,9,6,3,8,0.444444
3109,2,1,1,1,1.0
3110,4,3,1,3,1.0
3111,4,2,2,3,0.75
3112,3,2,1,2,1.0
3113,3,2,1,2,1.0
3114,3,2,1,2,1.0
3115,3,2,1,2,1.0
3116,2,1,1,1,1.0
3117,3,2,1,2,1.0
3118,5,4,1,4,1.0
3119,3,2,1,2,1.0
3120,6,4,2,5,0.625
3121,8,5,3,7,0.466667
3122,4,2,2,3,0.75
3123,2,1,1,1,1.0
3124,2,1,1,1,1.0
3125,3,2,1,2,1.0
3126,4,3,1,3,1.0
3127,2,1,1,1,1.0
3128,12,9,3,11,0.407407
3129,9,6,3,8,0.444444
3130,3,2,1,2,1.0
3131,4,3,1,3,1.0
3132,4,3,1,3,1.0
3133,3,2,1,2,1.0
3134,3,2,1,2,1.0
3135,8,5,3,7,0.466667
3136,4,3,1,3,1.0
3137,3,2,1,2,1.0
3138,4,3,1,3,1.0
3139,3,2,1,2,1.0
3140,4,3,1,3,1.0
3141,3,2,1,2,1.0
3142,3,2,1,2,1.0
3143,2,1,1,1,1.0
3144,6,5,1,5,1.0
3145,7,5,2,6,0.6
3146,3,2,1,2,1.0
3147,3,2,1,2,1.0
3148,5,4,1,4,1.0
3149,7,5,2,6,0.6
3150,4,3,1,3,1.0
3151,3,2,1,2,1.0
3152,5,4,1,4,1.0
3153,5,4,1,4,1.0
3154,4,3,1,3,1.0
3155,3,2,1,2,1.0
3156,3,2,1,2,1.0
3157,2,1,1,1,1.0
3158,2,1,1,1,1.0
3159,6,5,1,5,1.0
3160,2,1,1,1,1.0
3161,3,2,1,2,1.0
3162,5,4,1,4,1.0
3163,2,1,1,1,1.0
3164,5,4,1,4,1.0
3165,3,2,1,2,1.0
3166,3,2,1,2,1.0
3167,3,2,1,2,1.0
3168,8,6,2,7,0.583333
3169,5,4,1,4,1.0
3170,2,1,1,1,1.0
3171,2,1,1,1,1.0
3172,3,2,1,2,1.0
3173,4,3,1,3,1.0
3174,4,3,1,3,1.0
3175,4,3,1,3,1.0
3176,2,1,1,1,1.0
3177,5,4,1,4,1.0
3178,2,1,1,1,1.0
3179,4,3,1,3,1.0
3180,3,2,1,2,1.0
3181,4,2,2,3,0.75
3182,3,2,1,2,1.0
3183,4,3,1,3,1.0
3184,2,1,1,1,1.0
3185,3,2,1,2,1.0
3186,2,1,1,1,1.0
3187,3,2,1,2,1.0
3188,2,1,1,1,1.0
3189,7,6,1,6,1.0
3190,7,5,2,6,0.6
3191,9,7,2,8,0.571429
3192,5,4,1,4,1.0
3193,3,2,1,2,1.0
3194,3,2,1,2,1.0
3195,5,4,1,4,1.0
3196,4,3,1,3,1.0
3197,5,4,1,4,1.0
3198,2,1,1,1,1.0
3199,4,3,1,3,1.0
3200,3,2,1,2,1.0
3201,6,4,2,5,0.625
3202,2,1,1,1,1.0
3203,5,4,1,4,1.0
3204,3,2,1,2,1.0
3205,6,5,1,5,1.0
3206,2,1,1,1,1.0
3207,5,4,1,4,1.0
3208,3,2,1,2,1.0
3209,4,3,1,3,1.0
3210,2,1,1,1,1.0
3211,3,2,1,2,1.0
3212,2,1,1,1,1.0
3213,6,5,1,5,1.0
3214,2,1,1,1,1.0
3215,2,1,1,1,1.0
3216,3,2,1,2,1.0
3217,4,3,1,3,1.0
3218,5,4,1,4,1.0
3219,4,3,1,3,1.0
3220,3,2,1,2,1.0
3221,4,3,1,3,1.0
3222,2,1,1,1,1.0
3223,3,2,1,2,1.0
3224,3,2,1,2,1.0
3225,6,4,2,5,0.625
3226,5,3,2,4,0.666667
3227,3,2,1,2,1.0
3228,4,2,2,3,0.75
3229,4,3,1,3,1.0
3230,3,2,1,2,1.0
3231,8,6,2,7,0.583333
3232,9,8,1,8,1.0
3233,2,1,1,1,1.0
3234,2,1,1,1,1.0
3235,3,2,1,2,1.0
3236,4,3,1,3,1.0
3237,6,4,2,5,0.625
3238,12,9,3,11,0.407407
3239,2,1,1,1,1.0
3240,5,4,1,4,1.0
3241,4,2,2,3,0.75
3242,3,2,1,2,1.0
3243,2,1,1,1,1.0
3244,2,1,1,1,1.0
3245,3,2,1,2,1.0
3246,3,2,1,2,1.0
3247,4,3,1,3,1.0
3248,3,2,1,2,1.0
3249,2,1,1,1,1.0
3250,2,1,1,1,1.0
3251,4,3,1,3,1.0
3252,4,3,1,3,1.0
3253,3,2,1,2,1.0
3254,3,2,1,2,1.0
3255,3,2,1,2,1.0
3256,4,3,1,3,1.0
3257,3,2,1,2,1.0
3258,3,2,1,2,1.0
3259,2,1,1,1,1.0
3260,3,2,1,2,1.0
3261,3,2,1,2,1.0
3262,3,2,1,2,1.0
3263,2,1,1,1,1.0
3264,2,1,1,1,1.0
3265,6,4,2,5,0.625
3266,3,2,1,2,1.0
3267,5,3,2,4,0.666667
3268,6,5,1,5,1.0
3269,2,1,1,1,1.0
3270,6,5,1,5,1.0
3271,4,3,1,3,1.0
3272,3,2,1,2,1.0
3273,2,1,1,1,1.0
3274,4,3,1,3,1.0
3275,2,1,1,1,1.0
3276,5,4,1,4,1.0
3277,2,1,1,1,1.0
3278,3,2,1,2,1.0
3279,3,2,1,2,1.0
3280,2,1,1,1,1.0
3281,4,3,1,3,1.0
3282,2,1,1,1,1.0
3283,3,2,1,2,1.0
3284,2,1,1,1,1.0
3285,4,3,1,3,1.0
3286,2,1,1,1,1.0
3287,5,3,2,4,0.666667
3288,4,3,1,3,1.0
3289,2,1,1,1,1.0
3290,3,2,1,2,1.0
3291,3,2,1,2,1.0
3292,4,3,1,3,1.0
3293,3,2,1,2,1.0
3294,6,4,2,5,0.625
3295,2,1,1,1,1.0
3296,2,1,1,1,1.0
3297,3,2,1,2,1.0
3298,2,1,1,1,1.0
3299,9,6,3,8,0.444444
3300,2,1,1,1,1.0
3301,3,2,1,2,1.0
3302,2,1,1,1,1.0
3303,3,2,1,2,1.0
3304,2,1,1,1,1.0
3305,3,2,1,2,1.0
3306,4,2,2,3,0.75
3307,6,5,1,5,1.0
3308,6,4,2,5,0.625
3309,2,1,1,1,1.0
3310,2,1,1,1,1.0
3311,3,2,1,2,1.0
3312,4,3,1,3,1.0
3313,2,1,1,1,1.0
3314,5,4,1,4,1.0
3315,2,1,1,1,1.0
3316,4,3,1,3,1.0
3317,6,4,2,5,0.625
3318,4,3,1,3,1.0
3319,7,5,2,6,0.6
3320,3,2,1,2,1.0
3321,2,1,1,1,1.0
3322,3,2,1,2,1.0
3323,2,1,1,1,1.0
3324,3,2,1,2,1.0
3325,2,1,1,1,1.0
3326,4,2,2,3,0.75
3327,4,3,1,3,1.0
3328,3,2,1,2,1.0
3329,4,3,1,3,1.0
3330,4,2,2,3,0.75
3331,3,2,1,2,1.0
3332,4,2,2,3,0.75
3333,2,1,1,1,1.0
3334,4,2,2,3,0.75
3335,4,3,1,3,1.0
3336,5,4,1,4,1.0
3337,3,2,1,2,1.0
3338,3,2,1,2,1.0
3339,2,1,1,1,1.0
3340,3,2,1,2,1.0
3341,7,5,2,6,0.6
3342,21,15,6,20,0.222222
3343,2,1,1,1,1.0
3344,2,1,1,1,1.0
3345,2,1,1,1,1.0
3346,4,3,1,3,1.0
3347,2,1,1,1,1.0
3348,5,4,1,4,1.0
3349,2,1,1,1,1.0
3350,3,2,1,2,1.0
3351,6,5,1,5,1.0
3352,2,1,1,1,1.0
3353,3,2,1,2,1.0
3354,4,3,1,3,1.0
3355,3,2,1,2,1.0
3356,4,3,1,3,1.0
3357,3,2,1,2,1.0
3358,2,1,1,1,1.0
3359,5,4,1,4,1.0
3360,5,4,1,4,1.0
3361,2,1,1,1,1.0
3362,4,3,1,3,1.0
3363,3,2,1,2,1.0
3364,2,1,1,1,1.0
3365,4,3,1,3,1.0
3366,6,4,2,5,0.625
3367,4,3,1,3,1.0
3368,3,2,1,2,1.0
3369,5,3,2,4,0.666667
3370,4,3,1,3,1.0
3371,3,2,1,2,1.0
3372,2,1,1,1,1.0
3373,3,2,1,2,1.0
3374,6,5,1,5,1.0
3375,2,1,1,1,1.0
3376,4,3,1,3,1.0
3377,6,4,2,5,0.625
3378,8,6,2,7,0.583333
3379,12,9,3,11,0.407407
3380,2,1,1,1,1.0
3381,4,3,1,3,1.0
3382,5,3,2,4,0.666667
3383,3,2,1,2,1.0
3384,6,4,2,5,0.625
3385,3,2,1,2,1.0
3386,4,3,1,3,1.0
3387,3,2,1,2,1.0
3388,4,3,1,3,1.0
3389,4,3,1,3,1.0
3390,5,4,1,4,1.0
3391,3,2,1,2,1.0
3392,11,8,3,10,0.416667
3393,3,2,1,2,1.0
3394,3,2,1,2,1.0
3395,3,2,1,2,1.0
3396,5,4,1,4,1.0
3397,2,1,1,1,1.0
3398,6,4,2,5,0.625
3399,2,1,1,1,1.0
3400,2,1,1,1,1.0
3401,2,1,1,1,1.0
3402,5,4,1,4,1.0
3403,2,1,1,1,1.0
3404,2,1,1,1,1.0
3405,3,2,1,2,1.0
3406,3,2,1,2,1.0
3407,2,1,1,1,1.0
3408,7,5,2,6,0.6
3409,2,1,1,1,1.0
3410,2,1,1,1,1.0
3411,9,6,3,8,0.444444
3412,3,2,1,2,1.0
3413,5,3,2,4,0.666667
3414,3,2,1,2,1.0
3415,2,1,1,1,1.0
3416,6,4,2,5,0.625
3417,9,6,3,8,0.444444
3418,4,3,1,3,1.0
3419,3,2,1,2,1.0
3420,3,2,1,2,1.0
3421,2,1,1,1,1.0
3422,3,2,1,2,1.0
3423,2,1,1,1,1.0
3424,2,1,1,1,1.0
3425,5,3,2,4,0.666667
3426,2,1,1,1,1.0
3427,2,1,1,1,1.0
3428,2,1,1,1,1.0
3429,3,2,1,2,1.0
3430,2,1,1,1,1.0
3431,3,2,1,2,1.0
3432,6,5,1,5,1.0
3433,3,2,1,2,1.0
3434,4,3,1,3,1.0
3435,2,1,1,1,1.0
3436,5,4,1,4,1.0
3437,3,2,1,2,1.0
3438,2,1,1,1,1.0
3439,3,1,2,2,1.0
3440,4,3,1,3,1.0
3441,3,2,1,2,1.0
3442,5,4,1,4,1.0
3443,4,3,1,3,1.0
3444,4,3,1,3,1.0
3445,12,7,5,11,0.314286
3446,3,2,1,2,1.0
3447,3,2,1,2,1.0
3448,3,2,1,2,1.0
3449,3,2,1,2,1.0
3450,2,1,1,1,1.0
3451,2,1,1,1,1.0
3452,4,3,1,3,1.0
3453,4,3,1,3,1.0
3454,3,2,1,2,1.0
3455,2,1,1,1,1.0
3456,3,2,1,2,1.0
3457,2,1,1,1,1.0
3458,7,4,3,6,0.5
3459,8,6,2,7,0.583333
3460,3,2,1,2,1.0
3461,4,3,1,3,1.0
3462,10,7,3,9,0.428571
3463,2,1,1,1,1.0
3464,5,3,2,4,0.666667
3465,2,1,1,1,1.0
3466,4,3,1,3,1.0
3467,5,3,2,4,0.666667
3468,4,3,1,3,1.0
3469,2,1,1,1,1.0
3470,3,2,1,2,1.0
3471,3,2,1,2,1.0
3472,3,2,1,2,1.0
3473,3,2,1,2,1.0
3474,2,1,1,1,1.0
3475,4,3,1,3,1.0
3476,3,2,1,2,1.0
3477,4,3,1,3,1.0
3478,4,3,1,3,1.0
3479,6,4,2,5,0.625
3480,4,3,1,3,1.0
3481,2,1,1,1,1.0
3482,5,4,1,4,1.0
3483,6,4,2,5,0.625
3484,3,2,1,2,1.0
3485,6,4,2,5,0.625
3486,8,6,2,7,0.583333
3487,5,4,1,4,1.0
3488,2,1,1,1,1.0
3489,2,1,1,1,1.0
3490,2,1,1,1,1.0
3491,2,1,1,1,1.0
3492,2,1,1,1,1.0
3493,3,2,1,2,1.0
3494,3,2,1,2,1.0
3495,2,1,1,1,1.0
3496,2,1,1,1,1.0
3497,2,1,1,1,1.0
3498,4,3,1,3,1.0
3499,4,3,1,3,1.0
3500,5,3,2,4,0.666667
3501,2,1,1,1,1.0
3502,3,2,1,2,1.0
3503,3,2,1,2,1.0
3504,3,2,1,2,1.0
3505,2,1,1,1,1.0
3506,2,1,1,1,1.0
3507,3,2,1,2,1.0
3508,4,3,1,3,1.0
3509,3,2,1,2,1.0
3510,4,3,1,3,1.0
3511,2,1,1,1,1.0
3512,6,5,1,5,1.0
3513,3,2,1,2,1.0
3514,2,1,1,1,1.0
3515,3,2,1,2,1.0
3516,4,3,1,3,1.0
3517,3,1,2,2,1.0
3518,5,4,1,4,1.0
3519,8,6,2,7,0.583333
3520,5,4,1,4,1.0
3521,2,1,1,1,1.0
3522,3,2,1,2,1.0
3523,5,3,2,4,0.666667
3524,2,1,1,1,1.0
3525,10,6,4,9,0.375
3526,2,1,1,1,1.0
3527,5,3,2,4,0.666667
3528,5,4,1,4,1.0
3529,4,3,1,3,1.0
3530,4,3,1,3,1.0
3531,5,4,1,4,1.0
3532,3,2,1,2,1.0
3533,4,3,1,3,1.0
3534,5,3,2,4,0.666667
3535,2,1,1,1,1.0
3536,5,3,2,4,0.666667
3537,3,2,1,2,1.0
3538,5,4,1,4,1.0
3539,3,2,1,2,1.0
3540,2,1,1,1,1.0
3541,4,3,1,3,1.0
3542,4,3,1,3,1.0
3543,3,2,1,2,1.0
3544,6,5,1,5,1.0
3545,7,5,2,6,0.6
3546,2,1,1,1,1.0
3547,5,4,1,4,1.0
3548,4,3,1,3,1.0
3549,2,1,1,1,1.0
3550,5,4,1,4,1.0
3551,3,2,1,2,1.0
3552,4,2,2,3,0.75
3553,3,2,1,2,1.0
3554,3,1,2,2,1.0
3555,8,5,3,7,0.466667
3556,9,6,3,8,0.444444
3557,4,3,1,3,1.0
3558,4,3,1,3,1.0
3559,2,1,1,1,1.0
3560,3,2,1,2,1.0
3561,5,3,2,4,0.666667
3562,2,1,1,1,1.0
3563,2,1,1,1,1.0
3564,6,4,2,5,0.625
3565,3,2,1,2,1.0
3566,5,4,1,4,1.0
3567,3,2,1,2,1.0
3568,11,7,4,10,0.357143
3569,3,2,1,2,1.0
3570,3,2,1,2,1.0
3571,2,1,1,1,1.0
3572,8,6,2,7,0.583333
3573,2,1,1,1,1.0
3574,6,4,2,5,0.625
3575,3,2,1,2,1.0
3576,4,3,1,3,1.0
3577,9,7,2,8,0.571429
3578,5,4,1,4,1.0
3579,3,2,1,2,1.0
3580,4,3,1,3,1.0
3581,2,1,1,1,1.0
3582,6,4,2,5,0.625
3583,2,1,1,1,1.0
3584,2,1,1,1,1.0
3585,5,4,1,4,1.0
3586,4,3,1,3,1.0
3587,3,2,1,2,1.0
3588,4,3,1,3,1.0
3589,4,2,2,3,0.75
3590,3,2,1,2,1.0
3591,7,5,2,6,0.6
3592,2,1,1,1,1.0
3593,3,2,1,2,1.0
3594,3,2,1,2,1.0
3595,3,2,1,2,1.0
3596,4,3,1,3,1.0
3597,5,4,1,4,1.0
3598,2,1,1,1,1.0
3599,5,3,2,4,0.666667
3600,4,3,1,3,1.0
3601,2,1,1,1,1.0
3602,4,3,1,3,1.0
3603,6,5,1,5,1.0
3604,9,7,2,8,0.571429
3605,2,1,1,1,1.0
3606,6,4,2,5,0.625
3607,7,5,2,6,0.6
3608,3,2,1,2,1.0
3609,3,2,1,2,1.0
3610,3,2,1,2,1.0
3611,3,2,1,2,1.0
3612,3,2,1,2,1.0
3613,5,3,2,4,0.666667
3614,5,3,2,4,0.666667
3615,2,1,1,1,1.0
3616,3,2,1,2,1.0
3617,2,1,1,1,1.0
3618,3,2,1,2,1.0
3619,3,2,1,2,1.0
3620,4,3,1,3,1.0
3621,3,2,1,2,1.0
3622,4,3,1,3,1.0
3623,4,3,1,3,1.0
3624,3,2,1,2,1.0
3625,3,2,1,2,1.0
3626,3,2,1,2,1.0
3627,2,1,1,1,1.0
3628,2,1,1,1,1.0
3629,2,1,1,1,1.0
3630,4,3,1,3,1.0
3631,4,3,1,3,1.0
3632,3,2,1,2,1.0
3633,4,3,1,3,1.0
3634,2,1,1,1,1.0
3635,3,2,1,2,1.0
3636,4,3,1,3,1.0
3637,6,5,1,5,1.0
3638,2,1,1,1,1.0
3639,3,2,1,2,1.0
3640,3,2,1,2,1.0
3641,6,4,2,5,0.625
3642,3,2,1,2,1.0
3643,2,1,1,1,1.0
3644,4,3,1,3,1.0
3645,4,3,1,3,1.0
3646,2,1,1,1,1.0
3647,2,1,1,1,1.0
3648,8,6,2,7,0.583333
3649,2,1,1,1,1.0
3650,3,2,1,2,1.0
3651,3,2,1,2,1.0
3652,3,2,1,2,1.0
3653,5,4,1,4,1.0
3654,4,3,1,3,1.0
3655,5,4,1,4,1.0
3656,4,3,1,3,1.0
3657,2,1,1,1,1.0
3658,2,1,1,1,1.0
3659,3,2,1,2,1.0
3660,2,1,1,1,1.0
3661,2,1,1,1,1.0
3662,3,2,1,2,1.0
3663,3,2,1,2,1.0
3664,3,2,1,2,1.0
3665,4,3,1,3,1.0
3666,4,3,1,3,1.0
3667,2,1,1,1,1.0
3668,2,1,1,1,1.0
3669,3,2,1,2,1.0
3670,26,19,7,25,0.18797
3671,2,1,1,1,1.0
3672,3,2,1,2,1.0
3673,4,3,1,3,1.0
3674,5,4,1,4,1.0
3675,2,1,1,1,1.0
3676,2,1,1,1,1.0
3677,4,3,1,3,1.0
3678,2,1,1,1,1.0
3679,8,5,3,7,0.466667
3680,2,1,1,1,1.0
3681,4,3,1,3,1.0
3682,2,1,1,1,1.0
3683,4,3,1,3,1.0
3684,4,3,1,3,1.0
3685,7,5,2,6,0.6
3686,4,3,1,3,1.0
3687,3,2,1,2,1.0
3688,3,2,1,2,1.0
3689,3,2,1,2,1.0
3690,5,4,1,4,1.0
3691,4,3,1,3,1.0
3692,3,2,1,2,1.0
3693,4,3,1,3,1.0
3694,4,3,1,3,1.0
3695,5,4,1,4,1.0
3696,3,2,1,2,1.0
3697,2,1,1,1,1.0
3698,3,2,1,2,1.0
3699,2,1,1,1,1.0
3700,6,4,2,5,0.625
3701,5,4,1,4,1.0
3702,2,1,1,1,1.0
3703,4,3,1,3,1.0
3704,4,3,1,3,1.0
3705,4,3,1,3,1.0
3706,6,5,1,5,1.0
3707,2,1,1,1,1.0
3708,2,1,1,1,1.0
3709,3,2,1,2,1.0
3710,2,1,1,1,1.0
3711,2,1,1,1,1.0
3712,5,4,1,4,1.0
3713,4,2,2,3,0.75
3714,2,1,1,1,1.0
3715,3,2,1,2,1.0
3716,3,2,1,2,1.0
3717,2,1,1,1,1.0
3718,7,5,2,6,0.6
3719,3,2,1,2,1.0
3720,4,3,1,3,1.0
3721,2,1,1,1,1.0
3722,5,3,2,4,0.666667
3723,3,1,2,2,1.0
3724,3,2,1,2,1.0
3725,3,2,1,2,1.0
3726,2,1,1,1,1.0
3727,2,1,1,1,1.0
3728,3,2,1,2,1.0
3729,4,2,2,3,0.75
3730,3,2,1,2,1.0
3731,2,1,1,1,1.0
3732,2,1,1,1,1.0
3733,3,2,1,2,1.0
3734,4,3,1,3,1.0
3735,5,4,1,4,1.0
3736,3,2,1,2,1.0
3737,2,1,1,1,1.0
3738,3,2,1,2,1.0
3739,5,3,2,4,0.666667
3740,3,2,1,2,1.0
3741,3,2,1,2,1.0
3742,2,1,1,1,1.0
3743,2,1,1,1,1.0
3744,2,1,1,1,1.0
3745,2,1,1,1,1.0
3746,2,1,1,1,1.0
3747,2,1,1,1,1.0
3748,2,1,1,1,1.0
3749,5,4,1,4,1.0
3750,2,1,1,1,1.0
3751,3,1,2,2,1.0
3752,2,1,1,1,1.0
3753,5,4,1,4,1.0
3754,3,1,2,2,1.0
3755,3,2,1,2,1.0
3756,2,1,1,1,1.0
3757,2,1,1,1,1.0
3758,2,1,1,1,1.0
3759,3,2,1,2,1.0
3760,3,2,1,2,1.0
3761,2,1,1,1,1.0
3762,2,1,1,1,1.0
3763,2,1,1,1,1.0
3764,4,3,1,3,1.0
3765,3,2,1,2,1.0
3766,2,1,1,1,1.0
3767,5,4,1,4,1.0
3768,2,1,1,1,1.0
3769,5,3,2,4,0.666667
3770,4,3,1,3,1.0
3771,4,3,1,3,1.0
3772,3,2,1,2,1.0
3773,6,4,2,5,0.625
3774,3,2,1,2,1.0
3775,3,2,1,2,1.0
3776,3,2,1,2,1.0
3777,7,4,3,6,0.5
3778,2,1,1,1,1.0
3779,2,1,1,1,1.0
3780,9,7,2,8,0.571429
3781,2,1,1,1,1.0
3782,2,1,1,1,1.0
3783,8,6,2,7,0.583333
3784,6,4,2,5,0.625
3785,2,1,1,1,1.0
3786,4,3,1,3,1.0
3787,4,3,1,3,1.0
3788,2,1,1,1,1.0
3789,2,1,1,1,1.0
3790,2,1,1,1,1.0
3791,3,2,1,2,1.0
3792,6,4,2,5,0.625
3793,6,5,1,5,1.0
3794,6,5,1,5,1.0
3795,2,1,1,1,1.0
3796,2,1,1,1,1.0
3797,3,2,1,2,1.0
3798,3,2,1,2,1.0
3799,2,1,1,1,1.0
3800,3,2,1,2,1.0
3801,2,1,1,1,1.0
3802,5,4,1,4,1.0
3803,2,1,1,1,1.0
3804,3,2,1,2,1.0
3805,5,4,1,4,1.0
3806,2,1,1,1,1.0
3807,2,1,1,1,1.0
3808,6,4,2,5,0.625
3809,3,2,1,2,1.0
3810,4,3,1,3,1.0
3811,4,3,1,3,1.0
3812,3,2,1,2,1.0
3813,7,5,2,6,0.6
3814,3,2,1,2,1.0
3815,2,1,1,1,1.0
3816,14,10,4,13,0.325
3817,3,2,1,2,1.0
3818,3,2,1,2,1.0
3819,4,3,1,3,1.0
3820,2,1,1,1,1.0
3821,3,2,1,2,1.0
3822,3,2,1,2,1.0
3823,2,1,1,1,1.0
3824,4,3,1,3,1.0
3825,3,2,1,2,1.0
3826,2,1,1,1,1.0
3827,4,3,1,3,1.0
3828,4,3,1,3,1.0
3829,5,4,1,4,1.0
3830,2,1,1,1,1.0
3831,2,1,1,1,1.0
3832,5,4,1,4,1.0
3833,3,2,1,2,1.0
3834,3,2,1,2,1.0
3835,3,2,1,2,1.0
3836,2,1,1,1,1.0
3837,3,2,1,2,1.0
3838,2,1,1,1,1.0
3839,4,3,1,3,1.0
3840,2,1,1,1,1.0
3841,4,3,1,3,1.0
3842,2,1,1,1,1.0
3843,2,1,1,1,1.0
3844,2,1,1,1,1.0
3845,3,2,1,2,1.0
3846,4,2,2,3,0.75
3847,4,3,1,3,1.0
3848,2,1,1,1,1.0
3849,3,2,1,2,1.0
3850,4,3,1,3,1.0
3851,3,2,1,2,1.0
3852,4,3,1,3,1.0
3853,3,2,1,2,1.0
3854,6,4,2,5,0.625
3855,11,7,4,10,0.357143
3856,3,2,1,2,1.0
3857,4,3,1,3,1.0
3858,4,3,1,3,1.0
3859,8,4,4,7,0.4375
3860,2,1,1,1,1.0
3861,3,2,1,2,1.0
3862,4,3,1,3,1.0
3863,2,1,1,1,1.0
3864,3,2,1,2,1.0
3865,5,3,2,4,0.666667
3866,3,2,1,2,1.0
3867,3,2,1,2,1.0
3868,5,4,1,4,1.0
3869,6,5,1,5,1.0
3870,3,2,1,2,1.0
3871,3,2,1,2,1.0
3872,2,1,1,1,1.0
3873,3,2,1,2,1.0
3874,4,2,2,3,0.75
3875,4,3,1,3,1.0
3876,4,3,1,3,1.0
3877,3,2,1,2,1.0
3878,2,1,1,1,1.0
3879,3,2,1,2,1.0
3880,2,1,1,1,1.0
3881,3,2,1,2,1.0
3882,2,1,1,1,1.0
3883,4,3,1,3,1.0
3884,5,3,2,4,0.666667
3885,2,1,1,1,1.0
3886,5,4,1,4,1.0
3887,4,2,2,3,0.75
3888,2,1,1,1,1.0
3889,3,2,1,2,1.0
3890,3,2,1,2,1.0
3891,9,6,3,8,0.444444
3892,3,2,1,2,1.0
3893,3,2,1,2,1.0
3894,3,2,1,2,1.0
3895,4,3,1,3,1.0
3896,4,3,1,3,1.0
3897,3,2,1,2,1.0
3898,5,3,2,4,0.666667
3899,2,1,1,1,1.0
3900,4,3,1,3,1.0
3901,3,2,1,2,1.0
3902,4,3,1,3,1.0
3903,3,2,1,2,1.0
3904,3,2,1,2,1.0
3905,4,3,1,3,1.0
3906,3,2,1,2,1.0
3907,7,4,3,6,0.5
3908,2,1,1,1,1.0
3909,4,3,1,3,1.0
3910,4,3,1,3,1.0
3911,3,2,1,2,1.0
3912,4,3,1,3,1.0
3913,7,6,1,6,1.0
3914,2,1,1,1,1.0
3915,3,2,1,2,1.0
3916,3,2,1,2,1.0
3917,3,2,1,2,1.0
3918,4,3,1,3,1.0
3919,5,4,1,4,1.0
3920,4,2,2,3,0.75
3921,4,3,1,3,1.0
3922,4,2,2,3,0.75
3923,4,3,1,3,1.0
3924,2,1,1,1,1.0
3925,10,7,3,9,0.428571
3926,6,4,2,5,0.625
3927,4,3,1,3,1.0
3928,2,1,1,1,1.0
3929,2,1,1,1,1.0
3930,4,3,1,3,1.0
3931,7,4,3,6,0.5
3932,5,4,1,4,1.0
3933,4,3,1,3,1.0
3934,2,1,1,1,1.0
3935,3,2,1,2,1.0
3936,2,1,1,1,1.0
3937,4,3,1,3,1.0
3938,2,1,1,1,1.0
3939,3,2,1,2,1.0
3940,7,5,2,6,0.6
3941,3,2,1,2,1.0
3942,5,4,1,4,1.0
3943,2,1,1,1,1.0
3944,6,4,2,5,0.625
3945,4,3,1,3,1.0
3946,2,1,1,1,1.0
3947,3,2,1,2,1.0
3948,2,1,1,1,1.0
3949,3,2,1,2,1.0
3950,3,2,1,2,1.0
3951,2,1,1,1,1.0
3952,2,1,1,1,1.0
3953,3,2,1,2,1.0
3954,3,2,1,2,1.0
3955,4,3,1,3,1.0
3956,2,1,1,1,1.0
3957,11,7,4,10,0.357143
3958,2,1,1,1,1.0
3959,4,2,2,3,0.75
3960,2,1,1,1,1.0
3961,4,3,1,3,1.0
3962,2,1,1,1,1.0
3963,3,2,1,2,1.0
3964,5,3,2,4,0.666667
3965,4,3,1,3,1.0
3966,4,3,1,3,1.0
3967,9,7,2,8,0.571429
3968,2,1,1,1,1.0
3969,3,2,1,2,1.0
3970,2,1,1,1,1.0
3971,2,1,1,1,1.0
3972,5,4,1,4,1.0
3973,2,1,1,1,1.0
3974,3,2,1,2,1.0
3975,4,3,1,3,1.0
3976,4,3,1,3,1.0
3977,2,1,1,1,1.0
3978,4,3,1,3,1.0
3979,3,2,1,2,1.0
3980,3,2,1,2,1.0
3981,6,5,1,5,1.0
3982,3,2,1,2,1.0
3983,11,8,3,10,0.416667
3984,4,3,1,3,1.0
3985,2,1,1,1,1.0
3986,2,1,1,1,1.0
3987,5,4,1,4,1.0
3988,4,3,1,3,1.0
3989,3,2,1,2,1.0
3990,4,3,1,3,1.0
3991,3,2,1,2,1.0
3992,2,1,1,1,1.0
3993,2,1,1,1,1.0
3994,5,4,1,4,1.0
3995,3,2,1,2,1.0
3996,2,1,1,1,1.0
3997,3,2,1,2,1.0
3998,3,2,1,2,1.0
3999,5,4,1,4,1.0
4000,4,2,2,3,0.75
4001,4,3,1,3,1.0
4002,2,1,1,1,1.0
4003,2,1,1,1,1.0
4004,9,7,2,8,0.571429
4005,3,2,1,2,1.0
4006,2,1,1,1,1.0
4007,2,1,1,1,1.0
4008,3,2,1,2,1.0
4009,2,1,1,1,1.0
4010,3,2,1,2,1.0
4011,2,1,1,1,1.0
4012,5,3,2,4,0.666667
4013,4,3,1,3,1.0
4014,5,4,1,4,1.0
4015,2,1,1,1,1.0
4016,3,2,1,2,1.0
4017,2,1,1,1,1.0
4018,3,2,1,2,1.0
4019,4,3,1,3,1.0
4020,3,2,1,2,1.0
4021,3,2,1,2,1.0
4022,8,6,2,7,0.583333
4023,3,2,1,2,1.0
4024,3,2,1,2,1.0
4025,3,2,1,2,1.0
4026,2,1,1,1,1.0
4027,2,1,1,1,1.0
4028,3,2,1,2,1.0
4029,2,1,1,1,1.0
4030,5,4,1,4,1.0
4031,3,2,1,2,1.0
4032,3,2,1,2,1.0
4033,3,2,1,2,1.0
4034,2,1,1,1,1.0
4035,3,2,1,2,1.0
4036,3,2,1,2,1.0
4037,2,1,1,1,1.0
4038,6,5,1,5,1.0
4039,3,2,1,2,1.0
4040,2,1,1,1,1.0
4041,2,1,1,1,1.0
4042,3,2,1,2,1.0
4043,2,1,1,1,1.0
4044,3,2,1,2,1.0
4045,11,8,3,10,0.416667
4046,2,1,1,1,1.0
4047,2,1,1,1,1.0
4048,3,2,1,2,1.0
4049,4,3,1,3,1.0
4050,3,2,1,2,1.0
4051,5,4,1,4,1.0
4052,4,3,1,3,1.0
4053,5,4,1,4,1.0
4054,2,1,1,1,1.0
4055,3,2,1,2,1.0
4056,2,1,1,1,1.0
4057,2,1,1,1,1.0
4058,2,1,1,1,1.0
4059,4,3,1,3,1.0
4060,2,1,1,1,1.0
4061,3,2,1,2,1.0
4062,4,3,1,3,1.0
4063,3,2,1,2,1.0
4064,4,3,1,3,1.0
4065,2,1,1,1,1.0
4066,2,1,1,1,1.0
4067,4,2,2,3,0.75
4068,4,3,1,3,1.0
4069,8,6,2,7,0.583333
4070,8,6,2,7,0.583333
4071,2,1,1,1,1.0
4072,2,1,1,1,1.0
4073,4,2,2,3,0.75
4074,5,4,1,4,1.0
4075,2,1,1,1,1.0
4076,4,2,2,3,0.75
4077,3,2,1,2,1.0
4078,2,1,1,1,1.0
4079,9,6,3,8,0.444444
4080,3,2,1,2,1.0
4081,2,1,1,1,1.0
4082,3,2,1,2,1.0
4083,3,2,1,2,1.0
4084,2,1,1,1,1.0
4085,4,3,1,3,1.0
4086,2,1,1,1,1.0
4087,2,1,1,1,1.0
4088,6,4,2,5,0.625
4089,2,1,1,1,1.0
4090,3,2,1,2,1.0
4091,7,5,2,6,0.6
4092,3,2,1,2,1.0
4093,6,4,2,5,0.625
4094,5,4,1,4,1.0
4095,3,2,1,2,1.0
4096,5,4,1,4,1.0
4097,2,1,1,1,1.0
4098,4,3,1,3,1.0
4099,4,3,1,3,1.0
4100,2,1,1,1,1.0
4101,3,2,1,2,1.0
4102,2,1,1,1,1.0
4103,2,1,1,1,1.0
4104,9,7,2,8,0.571429
4105,2,1,1,1,1.0
4106,2,1,1,1,1.0
4107,3,2,1,2,1.0
4108,3,2,1,2,1.0
4109,3,2,1,2,1.0
4110,2,1,1,1,1.0
4111,3,2,1,2,1.0
4112,3,2,1,2,1.0
4113,4,3,1,3,1.0
4114,3,2,1,2,1.0
4115,2,1,1,1,1.0
4116,4,3,1,3,1.0
4117,4,3,1,3,1.0
4118,3,1,2,2,1.0
4119,2,1,1,1,1.0
4120,3,2,1,2,1.0
4121,3,2,1,2,1.0
4122,2,1,1,1,1.0
4123,2,1,1,1,1.0
4124,2,1,1,1,1.0
4125,5,3,2,4,0.666667
4126,3,2,1,2,1.0
4127,2,1,1,1,1.0
4128,5,3,2,4,0.666667
4129,2,1,1,1,1.0
4130,3,2,1,2,1.0
4131,3,2,1,2,1.0
4132,3,2,1,2,1.0
4133,5,4,1,4,1.0
4134,2,1,1,1,1.0
4135,5,4,1,4,1.0
4136,3,2,1,2,1.0
4137,2,1,1,1,1.0
4138,2,1,1,1,1.0
4139,3,2,1,2,1.0
4140,2,1,1,1,1.0
4141,3,2,1,2,1.0
4142,5,4,1,4,1.0
4143,3,2,1,2,1.0
4144,2,1,1,1,1.0
4145,2,1,1,1,1.0
4146,3,2,1,2,1.0
4147,3,2,1,2,1.0
4148,2,1,1,1,1.0
4149,2,1,1,1,1.0
4150,2,1,1,1,1.0
4151,2,1,1,1,1.0
4152,3,2,1,2,1.0
4153,4,3,1,3,1.0
4154,3,2,1,2,1.0
4155,4,3,1,3,1.0
4156,2,1,1,1,1.0
4157,2,1,1,1,1.0
4158,5,3,2,4,0.666667
4159,3,2,1,2,1.0
4160,2,1,1,1,1.0
4161,9,6,3,8,0.444444
4162,2,1,1,1,1.0
4163,2,1,1,1,1.0
4164,3,2,1,2,1.0
4165,4,3,1,3,1.0
4166,4,3,1,3,1.0
4167,4,3,1,3,1.0
4168,2,1,1,1,1.0
4169,5,4,1,4,1.0
4170,6,4,2,5,0.625
4171,3,2,1,2,1.0
4172,3,2,1,2,1.0
4173,3,2,1,2,1.0
4174,3,2,1,2,1.0
4175,2,1,1,1,1.0
4176,3,2,1,2,1.0
4177,3,2,1,2,1.0
4178,3,2,1,2,1.0
4179,4,3,1,3,1.0
4180,2,1,1,1,1.0
4181,3,2,1,2,1.0
4182,6,5,1,5,1.0
4183,4,3,1,3,1.0
4184,3,2,1,2,1.0
4185,3,2,1,2,1.0
4186,2,1,1,1,1.0
4187,4,3,1,3,1.0
4188,3,2,1,2,1.0
4189,3,2,1,2,1.0
4190,2,1,1,1,1.0
4191,3,2,1,2,1.0
4192,2,1,1,1,1.0
4193,2,1,1,1,1.0
4194,4,2,2,3,0.75
4195,2,1,1,1,1.0
4196,2,1,1,1,1.0
4197,2,1,1,1,1.0
4198,8,6,2,7,0.583333
4199,2,1,1,1,1.0
4200,2,1,1,1,1.0
4201,2,1,1,1,1.0
4202,4,3,1,3,1.0
4203,5,4,1,4,1.0
4204,2,1,1,1,1.0
4205,2,1,1,1,1.0
4206,2,1,1,1,1.0
4207,2,1,1,1,1.0
4208,11,9,2,10,0.555556
4209,3,2,1,2,1.0
4210,2,1,1,1,1.0
4211,3,2,1,2,1.0
4212,3,2,1,2,1.0
4213,2,1,1,1,1.0
4214,3,2,1,2,1.0
4215,2,1,1,1,1.0
4216,5,4,1,4,1.0
4217,3,2,1,2,1.0
4218,4,3,1,3,1.0
4219,3,2,1,2,1.0
4220,2,1,1,1,1.0
4221,4,3,1,3,1.0
4222,2,1,1,1,1.0
4223,3,2,1,2,1.0
4224,2,1,1,1,1.0
4225,2,1,1,1,1.0
4226,3,2,1,2,1.0
4227,2,1,1,1,1.0
4228,3,2,1,2,1.0
4229,2,1,1,1,1.0
4230,7,5,2,6,0.6
4231,2,1,1,1,1.0
4232,2,1,1,1,1.0
4233,3,2,1,2,1.0
4234,3,2,1,2,1.0
4235,5,4,1,4,1.0
4236,4,3,1,3,1.0
4237,5,4,1,4,1.0
4238,2,1,1,1,1.0
4239,4,3,1,3,1.0
4240,5,4,1,4,1.0
4241,2,1,1,1,1.0
4242,2,1,1,1,1.0
4243,4,3,1,3,1.0
4244,2,1,1,1,1.0
4245,2,1,1,1,1.0
4246,3,2,1,2,1.0
4247,2,1,1,1,1.0
4248,5,4,1,4,1.0
4249,3,2,1,2,1.0
4250,4,3,1,3,1.0
4251,5,3,2,4,0.666667
4252,6,4,2,5,0.625
4253,2,1,1,1,1.0
4254,2,1,1,1,1.0
4255,3,2,1,2,1.0
4256,2,1,1,1,1.0
4257,3,2,1,2,1.0
4258,3,2,1,2,1.0
4259,3,2,1,2,1.0
4260,3,2,1,2,1.0
4261,2,1,1,1,1.0
4262,2,1,1,1,1.0
4263,2,1,1,1,1.0
4264,3,2,1,2,1.0
4265,5,4,1,4,1.0
4266,2,1,1,1,1.0
4267,6,5,1,5,1.0
4268,5,4,1,4,1.0
4269,3,2,1,2,1.0
4270,3,2,1,2,1.0
4271,2,1,1,1,1.0
4272,2,1,1,1,1.0
4273,4,3,1,3,1.0
4274,3,2,1,2,1.0
4275,3,2,1,2,1.0
4276,3,2,1,2,1.0
4277,3,1,2,2,1.0
4278,4,3,1,3,1.0
4279,2,1,1,1,1.0
4280,2,1,1,1,1.0
4281,2,1,1,1,1.0
4282,2,1,1,1,1.0
4283,2,1,1,1,1.0
4284,3,2,1,2,1.0
4285,5,3,2,4,0.666667
4286,3,2,1,2,1.0
4287,2,1,1,1,1.0
4288,4,2,2,3,0.75
4289,5,4,1,4,1.0
4290,3,2,1,2,1.0
4291,2,1,1,1,1.0
4292,2,1,1,1,1.0
4293,3,2,1,2,1.0
4294,3,2,1,2,1.0
4295,3,2,1,2,1.0
4296,7,6,1,6,1.0
4297,2,1,1,1,1.0
4298,2,1,1,1,1.0
4299,4,3,1,3,1.0
4300,5,4,1,4,1.0
4301,4,3,1,3,1.0
4302,2,1,1,1,1.0
4303,3,2,1,2,1.0
4304,4,3,1,3,1.0
4305,3,2,1,2,1.0
4306,3,2,1,2,1.0
4307,3,2,1,2,1.0
4308,2,1,1,1,1.0
4309,2,1,1,1,1.0
4310,4,3,1,3,1.0
4311,2,1,1,1,1.0
4312,4,3,1,3,1.0
4313,3,2,1,2,1.0
4314,3,2,1,2,1.0
4315,2,1,1,1,1.0
4316,4,3,1,3,1.0
4317,8,6,2,7,0.583333
4318,3,2,1,2,1.0
4319,4,3,1,3,1.0
4320,7,5,2,6,0.6
4321,2,1,1,1,1.0
4322,11,7,4,10,0.357143
4323,3,2,1,2,1.0
4324,4,3,1,3,1.0
4325,2,1,1,1,1.0
4326,2,1,1,1,1.0
4327,2,1,1,1,1.0
4328,2,1,1,1,1.0
4329,5,4,1,4,1.0
4330,4,3,1,3,1.0
4331,3,2,1,2,1.0
4332,2,1,1,1,1.0
4333,4,3,1,3,1.0
4334,3,2,1,2,1.0
4335,3,2,1,2,1.0
4336,3,1,2,2,1.0
4337,2,1,1,1,1.0
4338,2,1,1,1,1.0
4339,3,2,1,2,1.0
4340,8,5,3,7,0.466667
4341,6,4,2,5,0.625
4342,3,2,1,2,1.0
4343,3,2,1,2,1.0
4344,2,1,1,1,1.0
4345,2,1,1,1,1.0
4346,2,1,1,1,1.0
4347,3,2,1,2,1.0
4348,2,1,1,1,1.0
4349,2,1,1,1,1.0
4350,3,2,1,2,1.0
4351,6,5,1,5,1.0
4352,2,1,1,1,1.0
4353,4,3,1,3,1.0
4354,4,3,1,3,1.0
4355,2,1,1,1,1.0
4356,2,1,1,1,1.0
4357,7,5,2,6,0.6
4358,2,1,1,1,1.0
4359,4,3,1,3,1.0
4360,2,1,1,1,1.0
4361,2,1,1,1,1.0
4362,3,2,1,2,1.0
4363,3,2,1,2,1.0
4364,3,2,1,2,1.0
4365,3,2,1,2,1.0
4366,3,2,1,2,1.0
4367,3,2,1,2,1.0
4368,3,2,1,2,1.0
4369,4,3,1,3,1.0
4370,5,3,2,4,0.666667
4371,2,1,1,1,1.0
4372,2,1,1,1,1.0
4373,3,2,1,2,1.0
4374,5,3,2,4,0.666667
4375,3,2,1,2,1.0
4376,2,1,1,1,1.0
4377,6,4,2,5,0.625
4378,8,6,2,7,0.583333
4379,3,2,1,2,1.0
4380,3,2,1,2,1.0
4381,3,2,1,2,1.0
4382,2,1,1,1,1.0
4383,2,1,1,1,1.0
4384,3,2,1,2,1.0
4385,3,2,1,2,1.0
4386,4,3,1,3,1.0
4387,2,1,1,1,1.0
4388,3,2,1,2,1.0
4389,2,1,1,1,1.0
4390,2,1,1,1,1.0
4391,5,3,2,4,0.666667
4392,3,2,1,2,1.0
4393,3,2,1,2,1.0
4394,3,2,1,2,1.0
4395,5,4,1,4,1.0
4396,2,1,1,1,1.0
4397,2,1,1,1,1.0
4398,3,2,1,2,1.0
4399,3,2,1,2,1.0
4400,2,1,1,1,1.0
4401,3,2,1,2,1.0
4402,2,1,1,1,1.0
4403,2,1,1,1,1.0
4404,5,4,1,4,1.0
4405,2,1,1,1,1.0
4406,4,3,1,3,1.0
4407,4,2,2,3,0.75
4408,3,2,1,2,1.0
4409,3,2,1,2,1.0
4410,12,8,4,11,0.34375
4411,3,2,1,2,1.0
4412,2,1,1,1,1.0
4413,3,2,1,2,1.0
4414,5,4,1,4,1.0
4415,3,2,1,2,1.0
4416,4,3,1,3,1.0
4417,2,1,1,1,1.0
4418,4,3,1,3,1.0
4419,2,1,1,1,1.0
4420,3,2,1,2,1.0
4421,2,1,1,1,1.0
4422,2,1,1,1,1.0
4423,3,2,1,2,1.0
4424,3,2,1,2,1.0
4425,3,2,1,2,1.0
4426,3,2,1,2,1.0
4427,3,2,1,2,1.0
4428,2,1,1,1,1.0
4429,5,3,2,4,0.666667
4430,2,1,1,1,1.0
4431,2,1,1,1,1.0
4432,2,1,1,1,1.0
4433,3,2,1,2,1.0
4434,4,3,1,3,1.0
4435,2,1,1,1,1.0
4436,2,1,1,1,1.0
4437,4,3,1,3,1.0
4438,2,1,1,1,1.0
4439,4,3,1,3,1.0
4440,2,1,1,1,1.0
4441,2,1,1,1,1.0
4442,3,2,1,2,1.0
4443,3,2,1,2,1.0
4444,5,3,2,4,0.666667
4445,3,2,1,2,1.0
4446,3,1,2,2,1.0
4447,7,4,3,6,0.5
4448,7,6,1,6,1.0
4449,3,2,1,2,1.0
4450,3,2,1,2,1.0
4451,3,2,1,2,1.0
4452,3,2,1,2,1.0
4453,3,2,1,2,1.0
4454,3,2,1,2,1.0
4455,2,1,1,1,1.0
4456,12,7,5,11,0.314286
4457,2,1,1,1,1.0
4458,3,2,1,2,1.0
4459,3,2,1,2,1.0
4460,2,1,1,1,1.0
4461,4,3,1,3,1.0
4462,3,2,1,2,1.0
4463,6,4,2,5,0.625
4464,3,2,1,2,1.0
4465,4,3,1,3,1.0
4466,2,1,1,1,1.0
4467,3,2,1,2,1.0
4468,2,1,1,1,1.0
4469,3,2,1,2,1.0
4470,4,3,1,3,1.0
4471,2,1,1,1,1.0
4472,2,1,1,1,1.0
4473,6,3,3,5,0.555556
4474,4,3,1,3,1.0
4475,3,2,1,2,1.0
4476,3,2,1,2,1.0
4477,4,3,1,3,1.0
4478,2,1,1,1,1.0
4479,2,1,1,1,1.0
4480,3,2,1,2,1.0
4481,5,4,1,4,1.0
4482,2,1,1,1,1.0
4483,3,2,1,2,1.0
4484,4,3,1,3,1.0
4485,4,3,1,3,1.0
4486,3,2,1,2,1.0
4487,4,3,1,3,1.0
4488,3,2,1,2,1.0
4489,3,2,1,2,1.0
4490,5,3,2,4,0.666667
4491,4,3,1,3,1.0
4492,2,1,1,1,1.0
4493,2,1,1,1,1.0
4494,3,2,1,2,1.0
4495,4,3,1,3,1.0
4496,2,1,1,1,1.0
4497,3,2,1,2,1.0
4498,4,3,1,3,1.0
4499,4,3,1,3,1.0
4500,6,4,2,5,0.625
4501,3,2,1,2,1.0
4502,3,2,1,2,1.0
4503,3,2,1,2,1.0
4504,2,1,1,1,1.0
4505,4,3,1,3,1.0
4506,5,3,2,4,0.666667
4507,2,1,1,1,1.0
4508,2,1,1,1,1.0
4509,2,1,1,1,1.0
4510,4,3,1,3,1.0
4511,3,2,1,2,1.0
4512,3,2,1,2,1.0
4513,3,2,1,2,1.0
4514,2,1,1,1,1.0
4515,3,2,1,2,1.0
4516,2,1,1,1,1.0
4517,4,3,1,3,1.0
4518,4,3,1,3,1.0
4519,4,3,1,3,1.0
4520,3,2,1,2,1.0
4521,2,1,1,1,1.0
4522,5,3,2,4,0.666667
4523,4,3,1,3,1.0
4524,2,1,1,1,1.0
4525,5,4,1,4,1.0
4526,5,4,1,4,1.0
4527,4,3,1,3,1.0
4528,3,2,1,2,1.0
4529,3,2,1,2,1.0
4530,3,2,1,2,1.0
4531,2,1,1,1,1.0
4532,3,2,1,2,1.0
4533,5,4,1,4,1.0
4534,4,3,1,3,1.0
4535,5,4,1,4,1.0
4536,2,1,1,1,1.0
4537,3,2,1,2,1.0
4538,3,2,1,2,1.0
4539,3,2,1,2,1.0
4540,2,1,1,1,1.0
4541,3,2,1,2,1.0
4542,2,1,1,1,1.0
4543,3,2,1,2,1.0
4544,3,2,1,2,1.0
4545,3,2,1,2,1.0
4546,4,2,2,3,0.75
4547,2,1,1,1,1.0
4548,2,1,1,1,1.0
4549,4,3,1,3,1.0
4550,2,1,1,1,1.0
4551,2,1,1,1,1.0
4552,2,1,1,1,1.0
4553,3,2,1,2,1.0
4554,2,1,1,1,1.0
4555,2,1,1,1,1.0
4556,4,3,1,3,1.0
4557,3,2,1,2,1.0
4558,2,1,1,1,1.0
4559,2,1,1,1,1.0
4560,3,2,1,2,1.0
4561,2,1,1,1,1.0
4562,3,2,1,2,1.0
4563,4,3,1,3,1.0
4564,3,2,1,2,1.0
4565,3,2,1,2,1.0
4566,2,1,1,1,1.0
4567,2,1,1,1,1.0
4568,2,1,1,1,1.0
4569,2,1,1,1,1.0
4570,4,3,1,3,1.0
4571,2,1,1,1,1.0
4572,2,1,1,1,1.0
4573,3,2,1,2,1.0
4574,2,1,1,1,1.0
4575,3,2,1,2,1.0
4576,2,1,1,1,1.0
4577,3,2,1,2,1.0
4578,3,2,1,2,1.0
4579,2,1,1,1,1.0
4580,4,3,1,3,1.0
4581,3,2,1,2,1.0
4582,3,2,1,2,1.0
4583,2,1,1,1,1.0
4584,4,3,1,3,1.0
4585,2,1,1,1,1.0
4586,3,2,1,2,1.0
4587,3,2,1,2,1.0
4588,2,1,1,1,1.0
4589,2,1,1,1,1.0
4590,2,1,1,1,1.0
4591,4,3,1,3,1.0
4592,3,2,1,2,1.0
4593,4,3,1,3,1.0
4594,3,2,1,2,1.0
4595,2,1,1,1,1.0
4596,2,1,1,1,1.0
4597,2,1,1,1,1.0
4598,2,1,1,1,1.0
4599,3,2,1,2,1.0
4600,3,2,1,2,1.0
4601,2,1,1,1,1.0
4602,6,4,2,5,0.625
4603,2,1,1,1,1.0
4604,2,1,1,1,1.0
4605,3,2,1,2,1.0
4606,3,2,1,2,1.0
4607,3,2,1,2,1.0
4608,3,2,1,2,1.0
4609,5,3,2,4,0.666667
4610,3,2,1,2,1.0
4611,4,3,1,3,1.0
4612,2,1,1,1,1.0
4613,2,1,1,1,1.0
4614,2,1,1,1,1.0
4615,2,1,1,1,1.0
4616,3,2,1,2,1.0
4617,2,1,1,1,1.0
4618,4,3,1,3,1.0
4619,3,2,1,2,1.0
4620,3,2,1,2,1.0
4621,3,2,1,2,1.0
4622,2,1,1,1,1.0
4623,2,1,1,1,1.0
4624,2,1,1,1,1.0
4625,3,2,1,2,1.0
4626,4,3,1,3,1.0
4627,3,2,1,2,1.0
4628,3,2,1,2,1.0
4629,3,2,1,2,1.0
4630,3,2,1,2,1.0
4631,3,2,1,2,1.0
4632,2,1,1,1,1.0
4633,3,2,1,2,1.0
4634,2,1,1,1,1.0
4635,4,3,1,3,1.0
4636,3,2,1,2,1.0
4637,2,1,1,1,1.0
4638,5,3,2,4,0.666667
4639,2,1,1,1,1.0
4640,2,1,1,1,1.0
4641,3,2,1,2,1.0
4642,4,3,1,3,1.0
4643,2,1,1,1,1.0
4644,3,2,1,2,1.0
4645,4,3,1,3,1.0
4646,5,4,1,4,1.0
4647,2,1,1,1,1.0
4648,2,1,1,1,1.0
4649,4,3,1,3,1.0
4650,2,1,1,1,1.0
4651,2,1,1,1,1.0
4652,3,2,1,2,1.0
4653,2,1,1,1,1.0
4654,3,2,1,2,1.0
4655,2,1,1,1,1.0
4656,4,3,1,3,1.0
4657,4,3,1,3,1.0
4658,2,1,1,1,1.0
4659,2,1,1,1,1.0
4660,3,2,1,2,1.0
4661,3,2,1,2,1.0
4662,2,1,1,1,1.0
4663,2,1,1,1,1.0
4664,4,3,1,3,1.0
4665,2,1,1,1,1.0
4666,3,2,1,2,1.0
4667,3,2,1,2,1.0
4668,2,1,1,1,1.0
4669,2,1,1,1,1.0
4670,3,2,1,2,1.0
4671,2,1,1,1,1.0
4672,2,1,1,1,1.0
4673,2,1,1,1,1.0
4674,5,4,1,4,1.0
4675,2,1,1,1,1.0
4676,2,1,1,1,1.0
4677,3,2,1,2,1.0
4678,3,2,1,2,1.0
4679,2,1,1,1,1.0
4680,3,2,1,2,1.0
4681,2,1,1,1,1.0
4682,2,1,1,1,1.0
4683,2,1,1,1,1.0
4684,3,2,1,2,1.0
4685,2,1,1,1,1.0
4686,2,1,1,1,1.0
4687,3,2,1,2,1.0
4688,3,2,1,2,1.0
4689,2,1,1,1,1.0
4690,2,1,1,1,1.0
4691,2,1,1,1,1.0
4692,5,4,1,4,1.0
4693,3,2,1,2,1.0
4694,4,3,1,3,1.0
4695,3,2,1,2,1.0
4696,5,4,1,4,1.0
4697,2,1,1,1,1.0
4698,3,2,1,2,1.0
4699,4,2,2,3,0.75
4700,2,1,1,1,1.0
4701,3,2,1,2,1.0
4702,2,1,1,1,1.0
4703,3,2,1,2,1.0
4704,3,2,1,2,1.0
4705,3,2,1,2,1.0
4706,2,1,1,1,1.0
4707,6,5,1,5,1.0
4708,4,3,1,3,1.0
4709,3,2,1,2,1.0
4710,2,1,1,1,1.0
4711,3,1,2,2,1.0
4712,2,1,1,1,1.0
4713,2,1,1,1,1.0
4714,2,1,1,1,1.0
4715,3,2,1,2,1.0
4716,2,1,1,1,1.0
4717,2,1,1,1,1.0
4718,3,2,1,2,1.0
4719,2,1,1,1,1.0
4720,2,1,1,1,1.0
4721,2,1,1,1,1.0
4722,4,3,1,3,1.0
4723,4,3,1,3,1.0
4724,3,2,1,2,1.0
4725,4,3,1,3,1.0
4726,2,1,1,1,1.0
4727,3,2,1,2,1.0
4728,5,3,2,4,0.666667
4729,3,2,1,2,1.0
4730,2,1,1,1,1.0
4731,4,3,1,3,1.0
4732,4,3,1,3,1.0
4733,3,2,1,2,1.0
4734,6,4,2,5,0.625
4735,3,2,1,2,1.0
4736,2,1,1,1,1.0
4737,2,1,1,1,1.0
4738,4,3,1,3,1.0
4739,3,2,1,2,1.0
4740,4,3,1,3,1.0
4741,3,2,1,2,1.0
4742,2,1,1,1,1.0
4743,2,1,1,1,1.0
4744,2,1,1,1,1.0
4745,4,3,1,3,1.0
4746,3,2,1,2,1.0
4747,3,2,1,2,1.0
4748,3,2,1,2,1.0
4749,2,1,1,1,1.0
4750,2,1,1,1,1.0
4751,2,1,1,1,1.0
4752,2,1,1,1,1.0
4753,5,4,1,4,1.0
4754,7,6,1,6,1.0
4755,2,1,1,1,1.0
4756,2,1,1,1,1.0
4757,2,1,1,1,1.0
4758,4,3,1,3,1.0
4759,3,2,1,2,1.0
4760,3,2,1,2,1.0
4761,4,3,1,3,1.0
4762,2,1,1,1,1.0
4763,2,1,1,1,1.0
4764,3,2,1,2,1.0
4765,3,2,1,2,1.0
4766,2,1,1,1,1.0
4767,2,1,1,1,1.0
4768,3,2,1,2,1.0
4769,3,2,1,2,1.0
4770,3,2,1,2,1.0
4771,4,2,2,3,0.75
4772,5,3,2,4,0.666667
4773,2,1,1,1,1.0
4774,2,1,1,1,1.0
4775,2,1,1,1,1.0
4776,2,1,1,1,1.0
4777,3,2,1,2,1.0
4778,2,1,1,1,1.0
4779,4,3,1,3,1.0
4780,2,1,1,1,1.0
4781,2,1,1,1,1.0
4782,2,1,1,1,1.0
4783,2,1,1,1,1.0
4784,3,2,1,2,1.0
4785,2,1,1,1,1.0
4786,3,2,1,2,1.0
4787,2,1,1,1,1.0
4788,2,1,1,1,1.0
4789,3,2,1,2,1.0
4790,2,1,1,1,1.0
4791,4,3,1,3,1.0
4792,3,2,1,2,1.0
4793,3,2,1,2,1.0
4794,3,2,1,2,1.0
4795,3,2,1,2,1.0
4796,3,2,1,2,1.0
4797,3,2,1,2,1.0
4798,3,2,1,2,1.0
4799,2,1,1,1,1.0
4800,2,1,1,1,1.0
4801,2,1,1,1,1.0
4802,3,2,1,2,1.0
4803,4,3,1,3,1.0
4804,3,2,1,2,1.0
4805,2,1,1,1,1.0
4806,2,1,1,1,1.0
4807,4,3,1,3,1.0
4808,2,1,1,1,1.0
4809,5,4,1,4,1.0
4810,2,1,1,1,1.0
4811,2,1,1,1,1.0
4812,4,3,1,3,1.0
4813,3,2,1,2,1.0
4814,4,3,1,3,1.0
4815,3,2,1,2,1.0
4816,3,2,1,2,1.0
4817,4,3,1,3,1.0
4818,2,1,1,1,1.0
4819,3,2,1,2,1.0
4820,3,2,1,2,1.0
4821,3,2,1,2,1.0
4822,3,2,1,2,1.0
4823,3,2,1,2,1.0
4824,4,3,1,3,1.0
4825,2,1,1,1,1.0
4826,2,1,1,1,1.0
4827,2,1,1,1,1.0
4828,2,1,1,1,1.0
4829,3,2,1,2,1.0
4830,3,2,1,2,1.0
4831,5,4,1,4,1.0
4832,6,5,1,5,1.0
4833,6,4,2,5,0.625
4834,4,3,1,3,1.0
4835,4,3,1,3,1.0
4836,2,1,1,1,1.0
4837,5,3,2,4,0.666667
4838,3,2,1,2,1.0
4839,3,2,1,2,1.0
4840,2,1,1,1,1.0
4841,2,1,1,1,1.0
4842,3,2,1,2,1.0
4843,2,1,1,1,1.0
4844,3,2,1,2,1.0
4845,2,1,1,1,1.0
4846,2,1,1,1,1.0
4847,2,1,1,1,1.0
4848,4,3,1,3,1.0
4849,3,2,1,2,1.0
4850,2,1,1,1,1.0
4851,3,2,1,2,1.0
4852,3,2,1,2,1.0
4853,4,3,1,3,1.0
4854,2,1,1,1,1.0
4855,4,3,1,3,1.0
4856,4,3,1,3,1.0
4857,2,1,1,1,1.0
4858,4,3,1,3,1.0
4859,3,2,1,2,1.0
4860,3,2,1,2,1.0
4861,3,2,1,2,1.0
4862,2,1,1,1,1.0
4863,3,2,1,2,1.0
4864,3,2,1,2,1.0
4865,3,2,1,2,1.0
4866,2,1,1,1,1.0
4867,4,3,1,3,1.0
4868,3,2,1,2,1.0
4869,3,2,1,2,1.0
4870,3,2,1,2,1.0
4871,2,1,1,1,1.0
4872,3,2,1,2,1.0
4873,3,2,1,2,1.0
4874,2,1,1,1,1.0
4875,2,1,1,1,1.0
4876,2,1,1,1,1.0
4877,2,1,1,1,1.0
4878,3,2,1,2,1.0
4879,2,1,1,1,1.0
4880,2,1,1,1,1.0
4881,2,1,1,1,1.0
4882,2,1,1,1,1.0
4883,9,6,3,8,0.444444
4884,7,5,2,6,0.6
4885,2,1,1,1,1.0
4886,2,1,1,1,1.0
4887,2,1,1,1,1.0
4888,4,3,1,3,1.0
4889,2,1,1,1,1.0
4890,2,1,1,1,1.0
4891,4,3,1,3,1.0
4892,3,2,1,2,1.0
4893,2,1,1,1,1.0
4894,3,2,1,2,1.0
4895,2,1,1,1,1.0
4896,3,2,1,2,1.0
4897,2,1,1,1,1.0
4898,4,3,1,3,1.0
4899,2,1,1,1,1.0
4900,2,1,1,1,1.0
4901,2,1,1,1,1.0
4902,3,2,1,2,1.0
4903,3,2,1,2,1.0
4904,2,1,1,1,1.0
4905,2,1,1,1,1.0
4906,2,1,1,1,1.0
4907,2,1,1,1,1.0
4908,9,6,3,8,0.444444
4909,3,2,1,2,1.0
4910,3,2,1,2,1.0
4911,3,2,1,2,1.0
4912,2,1,1,1,1.0
4913,2,1,1,1,1.0
4914,4,2,2,3,0.75
4915,3,2,1,2,1.0
4916,3,2,1,2,1.0
4917,5,3,2,4,0.666667
4918,3,2,1,2,1.0
4919,3,2,1,2,1.0
4920,2,1,1,1,1.0
4921,4,3,1,3,1.0
4922,3,2,1,2,1.0
4923,4,3,1,3,1.0
4924,2,1,1,1,1.0
4925,2,1,1,1,1.0
4926,2,1,1,1,1.0
4927,3,2,1,2,1.0
4928,2,1,1,1,1.0
4929,2,1,1,1,1.0
4930,3,2,1,2,1.0
4931,2,1,1,1,1.0
4932,2,1,1,1,1.0
4933,2,1,1,1,1.0
4934,3,2,1,2,1.0
4935,3,2,1,2,1.0
4936,3,2,1,2,1.0
4937,2,1,1,1,1.0
4938,5,3,2,4,0.666667
4939,2,1,1,1,1.0
4940,3,2,1,2,1.0
4941,2,1,1,1,1.0
4942,5,4,1,4,1.0
4943,2,1,1,1,1.0
4944,2,1,1,1,1.0
4945,3,2,1,2,1.0
4946,2,1,1,1,1.0
4947,2,1,1,1,1.0
4948,3,2,1,2,1.0
4949,3,2,1,2,1.0
4950,2,1,1,1,1.0
4951,2,1,1,1,1.0
4952,2,1,1,1,1.0
4953,3,1,2,2,1.0
4954,2,1,1,1,1.0
4955,2,1,1,1,1.0
4956,2,1,1,1,1.0
4957,3,2,1,2,1.0
4958,2,1,1,1,1.0
4959,2,1,1,1,1.0
4960,2,1,1,1,1.0
4961,3,2,1,2,1.0
4962,3,2,1,2,1.0
4963,3,2,1,2,1.0
4964,3,2,1,2,1.0
4965,2,1,1,1,1.0
4966,4,2,2,3,0.75
4967,3,2,1,2,1.0
4968,5,4,1,4,1.0
4969,2,1,1,1,1.0
4970,2,1,1,1,1.0
4971,3,2,1,2,1.0
4972,2,1,1,1,1.0
4973,3,2,1,2,1.0
4974,4,3,1,3,1.0
4975,3,2,1,2,1.0
4976,2,1,1,1,1.0
4977,4,3,1,3,1.0
4978,2,1,1,1,1.0
4979,3,2,1,2,1.0
4980,5,4,1,4,1.0
4981,3,2,1,2,1.0
4982,2,1,1,1,1.0
4983,7,5,2,6,0.6
4984,6,5,1,5,1.0
4985,3,2,1,2,1.0
4986,4,3,1,3,1.0
4987,2,1,1,1,1.0
4988,2,1,1,1,1.0
4989,5,3,2,4,0.666667
4990,3,2,1,2,1.0
4991,2,1,1,1,1.0
4992,4,3,1,3,1.0
4993,2,1,1,1,1.0
4994,2,1,1,1,1.0
4995,2,1,1,1,1.0
4996,2,1,1,1,1.0
4997,2,1,1,1,1.0
4998,2,1,1,1,1.0
4999,3,2,1,2,1.0
5000,2,1,1,1,1.0
5001,3,2,1,2,1.0
5002,2,1,1,1,1.0
5003,2,1,1,1,1.0
5004,2,1,1,1,1.0
5005,3,2,1,2,1.0
5006,2,1,1,1,1.0
5007,2,1,1,1,1.0
5008,2,1,1,1,1.0
5009,2,1,1,1,1.0
5010,3,2,1,2,1.0
5011,4,3,1,3,1.0
5012,4,3,1,3,1.0
5013,3,2,1,2,1.0
5014,2,1,1,1,1.0
5015,3,2,1,2,1.0
5016,2,1,1,1,1.0
5017,2,1,1,1,1.0
5018,2,1,1,1,1.0
5019,3,2,1,2,1.0
5020,2,1,1,1,1.0
5021,2,1,1,1,1.0
5022,2,1,1,1,1.0
5023,4,3,1,3,1.0
5024,3,2,1,2,1.0
5025,2,1,1,1,1.0
5026,5,3,2,4,0.666667
5027,3,2,1,2,1.0
5028,3,2,1,2,1.0
5029,3,2,1,2,1.0
5030,3,2,1,2,1.0
5031,3,2,1,2,1.0
5032,2,1,1,1,1.0
5033,3,2,1,2,1.0
5034,3,2,1,2,1.0
5035,2,1,1,1,1.0
5036,2,1,1,1,1.0
5037,2,1,1,1,1.0
5038,2,1,1,1,1.0
5039,4,3,1,3,1.0
5040,2,1,1,1,1.0
5041,2,1,1,1,1.0
5042,3,2,1,2,1.0
5043,2,1,1,1,1.0
5044,3,2,1,2,1.0
5045,3,2,1,2,1.0
5046,2,1,1,1,1.0
5047,3,2,1,2,1.0
5048,3,2,1,2,1.0
5049,2,1,1,1,1.0
5050,3,2,1,2,1.0
5051,2,1,1,1,1.0
5052,3,2,1,2,1.0
5053,2,1,1,1,1.0
5054,3,2,1,2,1.0
5055,2,1,1,1,1.0
5056,3,2,1,2,1.0
5057,2,1,1,1,1.0
5058,2,1,1,1,1.0
5059,6,3,3,5,0.555556
5060,2,1,1,1,1.0
5061,3,2,1,2,1.0
5062,4,3,1,3,1.0
5063,2,1,1,1,1.0
5064,3,2,1,2,1.0
5065,3,2,1,2,1.0
5066,4,3,1,3,1.0
5067,3,2,1,2,1.0
5068,3,2,1,2,1.0
5069,4,3,1,3,1.0
5070,3,2,1,2,1.0
5071,3,2,1,2,1.0
5072,2,1,1,1,1.0
5073,2,1,1,1,1.0
5074,4,3,1,3,1.0
5075,3,2,1,2,1.0
5076,2,1,1,1,1.0
5077,2,1,1,1,1.0
5078,3,2,1,2,1.0
5079,3,2,1,2,1.0
5080,3,2,1,2,1.0
5081,2,1,1,1,1.0
5082,3,2,1,2,1.0
5083,3,2,1,2,1.0
5084,3,2,1,2,1.0
5085,2,1,1,1,1.0
5086,2,1,1,1,1.0
5087,4,3,1,3,1.0
5088,2,1,1,1,1.0
5089,3,2,1,2,1.0
5090,3,2,1,2,1.0
5091,2,1,1,1,1.0
5092,3,2,1,2,1.0
5093,2,1,1,1,1.0
5094,2,1,1,1,1.0
5095,3,2,1,2,1.0
5096,2,1,1,1,1.0
5097,2,1,1,1,1.0
5098,2,1,1,1,1.0
5099,3,2,1,2,1.0
5100,2,1,1,1,1.0
5101,3,2,1,2,1.0
5102,2,1,1,1,1.0
5103,2,1,1,1,1.0
5104,3,2,1,2,1.0
5105,2,1,1,1,1.0
5106,2,1,1,1,1.0
5107,2,1,1,1,1.0
5108,2,1,1,1,1.0
5109,2,1,1,1,1.0
5110,3,2,1,2,1.0
5111,2,1,1,1,1.0
5112,3,2,1,2,1.0
5113,3,2,1,2,1.0
5114,2,1,1,1,1.0
5115,3,2,1,2,1.0
5116,3,2,1,2,1.0
5117,3,2,1,2,1.0
5118,2,1,1,1,1.0
5119,2,1,1,1,1.0
5120,2,1,1,1,1.0
5121,5,4,1,4,1.0
5122,3,2,1,2,1.0
5123,2,1,1,1,1.0
5124,5,4,1,4,1.0
5125,3,2,1,2,1.0
5126,2,1,1,1,1.0
5127,4,3,1,3,1.0
5128,3,2,1,2,1.0
5129,2,1,1,1,1.0
5130,3,2,1,2,1.0
5131,2,1,1,1,1.0
5132,2,1,1,1,1.0
5133,3,2,1,2,1.0
5134,2,1,1,1,1.0
5135,2,1,1,1,1.0
5136,2,1,1,1,1.0
5137,3,2,1,2,1.0
5138,2,1,1,1,1.0
5139,3,2,1,2,1.0
5140,5,4,1,4,1.0
5141,3,2,1,2,1.0
5142,2,1,1,1,1.0
5143,3,2,1,2,1.0
5144,4,3,1,3,1.0
5145,2,1,1,1,1.0
5146,3,2,1,2,1.0
5147,4,3,1,3,1.0
5148,2,1,1,1,1.0
5149,3,2,1,2,1.0
5150,2,1,1,1,1.0
5151,3,2,1,2,1.0
5152,2,1,1,1,1.0
5153,2,1,1,1,1.0
5154,3,2,1,2,1.0
5155,2,1,1,1,1.0
5156,4,2,2,3,0.75
5157,3,2,1,2,1.0
5158,3,2,1,2,1.0
5159,3,2,1,2,1.0
5160,2,1,1,1,1.0
5161,2,1,1,1,1.0
5162,2,1,1,1,1.0
5163,2,1,1,1,1.0
5164,2,1,1,1,1.0
5165,2,1,1,1,1.0
5166,3,2,1,2,1.0
5167,3,2,1,2,1.0
5168,3,2,1,2,1.0
5169,2,1,1,1,1.0
5170,3,2,1,2,1.0
5171,2,1,1,1,1.0
5172,2,1,1,1,1.0
5173,2,1,1,1,1.0
5174,3,2,1,2,1.0
5175,2,1,1,1,1.0
5176,4,3,1,3,1.0
5177,2,1,1,1,1.0
5178,2,1,1,1,1.0
5179,3,2,1,2,1.0
5180,2,1,1,1,1.0
5181,2,1,1,1,1.0
5182,2,1,1,1,1.0
5183,3,2,1,2,1.0
5184,3,2,1,2,1.0
5185,2,1,1,1,1.0
5186,2,1,1,1,1.0
5187,2,1,1,1,1.0
5188,2,1,1,1,1.0
5189,2,1,1,1,1.0
5190,3,2,1,2,1.0
5191,4,3,1,3,1.0
5192,3,2,1,2,1.0
5193,4,3,1,3,1.0
5194,3,1,2,2,1.0
5195,2,1,1,1,1.0
5196,2,1,1,1,1.0
5197,2,1,1,1,1.0
5198,3,2,1,2,1.0
5199,2,1,1,1,1.0
5200,3,2,1,2,1.0
5201,2,1,1,1,1.0
5202,4,3,1,3,1.0
5203,3,2,1,2,1.0
5204,2,1,1,1,1.0
5205,3,2,1,2,1.0
5206,2,1,1,1,1.0
5207,2,1,1,1,1.0
5208,2,1,1,1,1.0
5209,2,1,1,1,1.0
5210,3,2,1,2,1.0
5211,2,1,1,1,1.0
5212,2,1,1,1,1.0
5213,2,1,1,1,1.0
5214,2,1,1,1,1.0
5215,2,1,1,1,1.0
5216,3,2,1,2,1.0
5217,3,2,1,2,1.0
5218,2,1,1,1,1.0
5219,2,1,1,1,1.0
5220,2,1,1,1,1.0
5221,3,2,1,2,1.0
5222,2,1,1,1,1.0
5223,2,1,1,1,1.0
5224,2,1,1,1,1.0
5225,3,2,1,2,1.0
5226,3,2,1,2,1.0
5227,3,2,1,2,1.0
5228,2,1,1,1,1.0
5229,2,1,1,1,1.0
5230,2,1,1,1,1.0
5231,2,1,1,1,1.0
5232,2,1,1,1,1.0
5233,4,2,2,3,0.75
5234,3,2,1,2,1.0
5235,3,2,1,2,1.0
5236,2,1,1,1,1.0
5237,3,2,1,2,1.0
5238,2,1,1,1,1.0
5239,2,1,1,1,1.0
5240,4,2,2,3,0.75
5241,2,1,1,1,1.0
5242,2,1,1,1,1.0
5243,2,1,1,1,1.0
5244,3,2,1,2,1.0
5245,3,2,1,2,1.0
5246,2,1,1,1,1.0
5247,4,2,2,3,0.75
5248,3,2,1,2,1.0
5249,2,1,1,1,1.0
5250,2,1,1,1,1.0
5251,4,3,1,3,1.0
5252,2,1,1,1,1.0
5253,2,1,1,1,1.0
5254,4,3,1,3,1.0
5255,2,1,1,1,1.0
5256,2,1,1,1,1.0
5257,2,1,1,1,1.0
5258,2,1,1,1,1.0
5259,2,1,1,1,1.0
5260,4,3,1,3,1.0
5261,4,2,2,3,0.75
5262,3,2,1,2,1.0
5263,3,2,1,2,1.0
5264,5,4,1,4,1.0
5265,2,1,1,1,1.0
5266,2,1,1,1,1.0
5267,3,2,1,2,1.0
5268,3,2,1,2,1.0
5269,2,1,1,1,1.0
5270,2,1,1,1,1.0
5271,2,1,1,1,1.0
5272,2,1,1,1,1.0
5273,2,1,1,1,1.0
5274,2,1,1,1,1.0
5275,4,3,1,3,1.0
5276,2,1,1,1,1.0
5277,3,2,1,2,1.0
5278,2,1,1,1,1.0
5279,3,1,2,2,1.0
5280,2,1,1,1,1.0
5281,2,1,1,1,1.0
5282,3,2,1,2,1.0
5283,3,2,1,2,1.0
5284,2,1,1,1,1.0
5285,2,1,1,1,1.0
5286,4,3,1,3,1.0
5287,2,1,1,1,1.0
5288,2,1,1,1,1.0
5289,2,1,1,1,1.0
5290,2,1,1,1,1.0
5291,3,2,1,2,1.0
5292,3,2,1,2,1.0
5293,5,3,2,4,0.666667
5294,3,2,1,2,1.0
5295,2,1,1,1,1.0
5296,2,1,1,1,1.0
5297,4,3,1,3,1.0
5298,2,1,1,1,1.0
5299,8,5,3,7,0.466667
5300,2,1,1,1,1.0
5301,5,4,1,4,1.0
5302,3,2,1,2,1.0
5303,3,2,1,2,1.0
5304,2,1,1,1,1.0
5305,3,2,1,2,1.0
5306,3,2,1,2,1.0
5307,2,1,1,1,1.0
5308,2,1,1,1,1.0
5309,2,1,1,1,1.0
5310,2,1,1,1,1.0
5311,2,1,1,1,1.0
5312,3,2,1,2,1.0
5313,3,2,1,2,1.0
5314,2,1,1,1,1.0
5315,3,2,1,2,1.0
5316,3,2,1,2,1.0
5317,2,1,1,1,1.0
5318,6,4,2,5,0.625
5319,2,1,1,1,1.0
5320,3,2,1,2,1.0
5321,2,1,1,1,1.0
5322,2,1,1,1,1.0
5323,3,2,1,2,1.0
5324,3,2,1,2,1.0
5325,2,1,1,1,1.0
5326,5,4,1,4,1.0
5327,2,1,1,1,1.0
5328,2,1,1,1,1.0
5329,3,2,1,2,1.0
5330,4,3,1,3,1.0
5331,3,2,1,2,1.0
5332,2,1,1,1,1.0
5333,2,1,1,1,1.0
5334,2,1,1,1,1.0
5335,2,1,1,1,1.0
5336,2,1,1,1,1.0
5337,2,1,1,1,1.0
5338,2,1,1,1,1.0
5339,2,1,1,1,1.0
5340,2,1,1,1,1.0
5341,2,1,1,1,1.0
5342,3,2,1,2,1.0
5343,2,1,1,1,1.0
5344,2,1,1,1,1.0
5345,2,1,1,1,1.0
5346,2,1,1,1,1.0
5347,2,1,1,1,1.0
5348,2,1,1,1,1.0
5349,2,1,1,1,1.0
5350,2,1,1,1,1.0
5351,2,1,1,1,1.0
5352,2,1,1,1,1.0
5353,3,2,1,2,1.0
5354,3,2,1,2,1.0
5355,4,2,2,3,0.75
5356,3,2,1,2,1.0
5357,2,1,1,1,1.0
5358,2,1,1,1,1.0
5359,6,4,2,5,0.625
5360,3,2,1,2,1.0
5361,3,2,1,2,1.0
5362,4,3,1,3,1.0
5363,3,2,1,2,1.0
5364,2,1,1,1,1.0
5365,2,1,1,1,1.0
5366,2,1,1,1,1.0
5367,2,1,1,1,1.0
5368,2,1,1,1,1.0
5369,3,2,1,2,1.0
5370,5,3,2,4,0.666667
5371,3,2,1,2,1.0
5372,2,1,1,1,1.0
5373,2,1,1,1,1.0
5374,3,2,1,2,1.0
5375,3,2,1,2,1.0
5376,2,1,1,1,1.0
5377,2,1,1,1,1.0
5378,3,2,1,2,1.0
5379,2,1,1,1,1.0
5380,2,1,1,1,1.0
5381,2,1,1,1,1.0
5382,2,1,1,1,1.0
5383,2,1,1,1,1.0
5384,2,1,1,1,1.0
5385,3,2,1,2,1.0
5386,2,1,1,1,1.0
5387,2,1,1,1,1.0
5388,2,1,1,1,1.0
5389,2,1,1,1,1.0
5390,3,2,1,2,1.0
5391,3,2,1,2,1.0
5392,3,2,1,2,1.0
5393,2,1,1,1,1.0
5394,2,1,1,1,1.0
5395,2,1,1,1,1.0
5396,2,1,1,1,1.0
5397,2,1,1,1,1.0
5398,2,1,1,1,1.0
5399,5,3,2,4,0.666667
5400,3,2,1,2,1.0
5401,3,2,1,2,1.0
5402,2,1,1,1,1.0
5403,3,2,1,2,1.0
5404,2,1,1,1,1.0
5405,2,1,1,1,1.0
5406,2,1,1,1,1.0
5407,3,2,1,2,1.0
5408,2,1,1,1,1.0
5409,2,1,1,1,1.0
5410,2,1,1,1,1.0
5411,2,1,1,1,1.0
5412,3,2,1,2,1.0
5413,2,1,1,1,1.0
5414,2,1,1,1,1.0
5415,2,1,1,1,1.0
5416,2,1,1,1,1.0
5417,2,1,1,1,1.0
5418,2,1,1,1,1.0
5419,2,1,1,1,1.0
5420,2,1,1,1,1.0
5421,3,2,1,2,1.0
5422,2,1,1,1,1.0
5423,2,1,1,1,1.0
5424,2,1,1,1,1.0
5425,2,1,1,1,1.0
5426,2,1,1,1,1.0
5427,2,1,1,1,1.0
5428,3,1,2,2,1.0
5429,3,2,1,2,1.0
5430,3,2,1,2,1.0
5431,2,1,1,1,1.0
5432,2,1,1,1,1.0
5433,2,1,1,1,1.0
5434,3,2,1,2,1.0
5435,2,1,1,1,1.0
5436,2,1,1,1,1.0
5437,4,3,1,3,1.0
5438,2,1,1,1,1.0
5439,2,1,1,1,1.0
5440,2,1,1,1,1.0
5441,2,1,1,1,1.0
5442,3,2,1,2,1.0
5443,2,1,1,1,1.0
5444,3,2,1,2,1.0
5445,3,2,1,2,1.0
5446,2,1,1,1,1.0
5447,2,1,1,1,1.0
5448,3,2,1,2,1.0
5449,4,3,1,3,1.0
5450,2,1,1,1,1.0
5451,2,1,1,1,1.0
5452,2,1,1,1,1.0
5453,2,1,1,1,1.0
5454,2,1,1,1,1.0
5455,2,1,1,1,1.0
5456,2,1,1,1,1.0
5457,2,1,1,1,1.0
5458,4,3,1,3,1.0
5459,3,2,1,2,1.0
5460,2,1,1,1,1.0
5461,2,1,1,1,1.0
5462,2,1,1,1,1.0
5463,2,1,1,1,1.0
5464,2,1,1,1,1.0
5465,2,1,1,1,1.0
5466,2,1,1,1,1.0
5467,2,1,1,1,1.0
5468,2,1,1,1,1.0
5469,2,1,1,1,1.0
5470,2,1,1,1,1.0
5471,3,2,1,2,1.0
5472,3,2,1,2,1.0
5473,2,1,1,1,1.0
5474,3,2,1,2,1.0
5475,2,1,1,1,1.0
5476,3,2,1,2,1.0
5477,2,1,1,1,1.0
5478,3,2,1,2,1.0
5479,3,2,1,2,1.0
5480,2,1,1,1,1.0
5481,2,1,1,1,1.0
5482,2,1,1,1,1.0
5483,3,2,1,2,1.0
5484,2,1,1,1,1.0
5485,2,1,1,1,1.0
5486,3,2,1,2,1.0
5487,5,4,1,4,1.0
5488,3,2,1,2,1.0
5489,3,2,1,2,1.0
5490,2,1,1,1,1.0
5491,2,1,1,1,1.0
5492,2,1,1,1,1.0
5493,2,1,1,1,1.0
5494,3,2,1,2,1.0
5495,3,2,1,2,1.0
5496,2,1,1,1,1.0
5497,3,2,1,2,1.0
5498,2,1,1,1,1.0
5499,2,1,1,1,1.0
5500,2,1,1,1,1.0
5501,2,1,1,1,1.0
5502,3,2,1,2,1.0
5503,2,1,1,1,1.0
5504,2,1,1,1,1.0
5505,2,1,1,1,1.0
5506,2,1,1,1,1.0
5507,2,1,1,1,1.0
5508,2,1,1,1,1.0
5509,2,1,1,1,1.0
5510,3,2,1,2,1.0
5511,2,1,1,1,1.0
5512,2,1,1,1,1.0
5513,4,2,2,3,0.75
5514,2,1,1,1,1.0
5515,3,2,1,2,1.0
5516,2,1,1,1,1.0
5517,2,1,1,1,1.0
5518,2,1,1,1,1.0
5519,2,1,1,1,1.0
5520,3,2,1,2,1.0
5521,2,1,1,1,1.0
5522,2,1,1,1,1.0
5523,2,1,1,1,1.0
5524,2,1,1,1,1.0
5525,3,2,1,2,1.0
5526,3,2,1,2,1.0
5527,3,2,1,2,1.0
5528,2,1,1,1,1.0
5529,2,1,1,1,1.0
5530,2,1,1,1,1.0
5531,3,2,1,2,1.0
5532,2,1,1,1,1.0
5533,2,1,1,1,1.0
5534,2,1,1,1,1.0
5535,2,1,1,1,1.0
5536,2,1,1,1,1.0
5537,2,1,1,1,1.0
5538,3,2,1,2,1.0
5539,2,1,1,1,1.0
5540,2,1,1,1,1.0
5541,2,1,1,1,1.0
5542,3,2,1,2,1.0
5543,5,2,3,4,0.666667
5544,2,1,1,1,1.0
5545,2,1,1,1,1.0
5546,3,2,1,2,1.0
5547,2,1,1,1,1.0
5548,3,2,1,2,1.0
5549,2,1,1,1,1.0
5550,3,2,1,2,1.0
5551,2,1,1,1,1.0
5552,2,1,1,1,1.0
5553,3,2,1,2,1.0
5554,2,1,1,1,1.0
5555,3,1,2,2,1.0
5556,2,1,1,1,1.0
5557,2,1,1,1,1.0
5558,2,1,1,1,1.0
5559,2,1,1,1,1.0
5560,2,1,1,1,1.0
5561,2,1,1,1,1.0
5562,2,1,1,1,1.0
5563,2,1,1,1,1.0
5564,3,2,1,2,1.0
5565,4,2,2,3,0.75
5566,2,1,1,1,1.0
5567,2,1,1,1,1.0
5568,2,1,1,1,1.0
5569,2,1,1,1,1.0
5570,2,1,1,1,1.0
5571,2,1,1,1,1.0
5572,3,2,1,2,1.0
5573,2,1,1,1,1.0
5574,3,2,1,2,1.0
5575,2,1,1,1,1.0
5576,2,1,1,1,1.0
5577,2,1,1,1,1.0
5578,2,1,1,1,1.0
5579,2,1,1,1,1.0
5580,2,1,1,1,1.0
5581,3,2,1,2,1.0
5582,3,2,1,2,1.0
5583,3,2,1,2,1.0
5584,2,1,1,1,1.0
5585,2,1,1,1,1.0
5586,3,2,1,2,1.0
5587,2,1,1,1,1.0
5588,2,1,1,1,1.0
5589,2,1,1,1,1.0
5590,2,1,1,1,1.0
5591,3,2,1,2,1.0
5592,3,2,1,2,1.0
5593,2,1,1,1,1.0
5594,2,1,1,1,1.0
5595,3,2,1,2,1.0
5596,2,1,1,1,1.0
5597,2,1,1,1,1.0
5598,2,1,1,1,1.0
5599,2,1,1,1,1.0
5600,3,2,1,2,1.0
5601,2,1,1,1,1.0
5602,2,1,1,1,1.0
5603,2,1,1,1,1.0
5604,2,1,1,1,1.0
5605,2,1,1,1,1.0
5606,2,1,1,1,1.0
5607,3,2,1,2,1.0
5608,3,2,1,2,1.0
5609,2,1,1,1,1.0
5610,2,1,1,1,1.0
5611,2,1,1,1,1.0
5612,2,1,1,1,1.0
5613,2,1,1,1,1.0
5614,3,2,1,2,1.0
5615,2,1,1,1,1.0
5616,2,1,1,1,1.0
5617,2,1,1,1,1.0
5618,3,2,1,2,1.0
5619,2,1,1,1,1.0
5620,2,1,1,1,1.0
5621,2,1,1,1,1.0
5622,2,1,1,1,1.0
5623,3,2,1,2,1.0
5624,2,1,1,1,1.0
5625,2,1,1,1,1.0
5626,2,1,1,1,1.0
5627,3,2,1,2,1.0
5628,2,1,1,1,1.0
5629,2,1,1,1,1.0
5630,3,2,1,2,1.0
5631,3,2,1,2,1.0
5632,2,1,1,1,1.0
5633,2,1,1,1,1.0
5634,2,1,1,1,1.0
5635,2,1,1,1,1.0
5636,2,1,1,1,1.0
5637,2,1,1,1,1.0
5638,2,1,1,1,1.0
5639,2,1,1,1,1.0
5640,2,1,1,1,1.0
5641,3,2,1,2,1.0
5642,2,1,1,1,1.0
5643,2,1,1,1,1.0
5644,3,2,1,2,1.0
5645,2,1,1,1,1.0
5646,2,1,1,1,1.0
5647,3,2,1,2,1.0
5648,2,1,1,1,1.0
5649,2,1,1,1,1.0
5650,2,1,1,1,1.0
5651,2,1,1,1,1.0
5652,2,1,1,1,1.0
5653,3,2,1,2,1.0
5654,2,1,1,1,1.0
5655,2,1,1,1,1.0
5656,2,1,1,1,1.0
5657,2,1,1,1,1.0
5658,2,1,1,1,1.0
5659,2,1,1,1,1.0
5660,2,1,1,1,1.0
5661,2,1,1,1,1.0
5662,2,1,1,1,1.0
5663,4,3,1,3,1.0
5664,2,1,1,1,1.0
5665,2,1,1,1,1.0
5666,2,1,1,1,1.0
5667,3,2,1,2,1.0
5668,2,1,1,1,1.0
5669,3,2,1,2,1.0
5670,3,2,1,2,1.0
5671,4,3,1,3,1.0
5672,2,1,1,1,1.0
5673,2,1,1,1,1.0
5674,2,1,1,1,1.0
5675,3,2,1,2,1.0
5676,2,1,1,1,1.0
5677,2,1,1,1,1.0
5678,2,1,1,1,1.0
5679,2,1,1,1,1.0
5680,5,4,1,4,1.0
5681,2,1,1,1,1.0
5682,2,1,1,1,1.0
5683,2,1,1,1,1.0
5684,2,1,1,1,1.0
5685,2,1,1,1,1.0
5686,3,2,1,2,1.0
5687,2,1,1,1,1.0
5688,2,1,1,1,1.0
5689,2,1,1,1,1.0
5690,2,1,1,1,1.0
5691,3,2,1,2,1.0
5692,3,2,1,2,1.0
5693,2,1,1,1,1.0
5694,3,2,1,2,1.0
5695,2,1,1,1,1.0
5696,3,2,1,2,1.0
5697,3,2,1,2,1.0
5698,2,1,1,1,1.0
5699,3,2,1,2,1.0
5700,2,1,1,1,1.0
5701,2,1,1,1,1.0
5702,3,2,1,2,1.0
5703,2,1,1,1,1.0
5704,2,1,1,1,1.0
5705,2,1,1,1,1.0
5706,2,1,1,1,1.0
5707,2,1,1,1,1.0
5708,2,1,1,1,1.0
5709,2,1,1,1,1.0
5710,2,1,1,1,1.0
5711,2,1,1,1,1.0
5712,2,1,1,1,1.0
5713,2,1,1,1,1.0
5714,3,2,1,2,1.0
5715,2,1,1,1,1.0
5716,2,1,1,1,1.0
5717,2,1,1,1,1.0
5718,2,1,1,1,1.0
5719,2,1,1,1,1.0
5720,2,1,1,1,1.0
5721,2,1,1,1,1.0
5722,3,2,1,2,1.0
5723,2,1,1,1,1.0
5724,2,1,1,1,1.0
5725,3,2,1,2,1.0
5726,2,1,1,1,1.0
5727,2,1,1,1,1.0
5728,2,1,1,1,1.0
5729,2,1,1,1,1.0
5730,2,1,1,1,1.0
5731,2,1,1,1,1.0
5732,3,1,2,2,1.0
5733,2,1,1,1,1.0
5734,3,2,1,2,1.0
5735,4,3,1,3,1.0
5736,2,1,1,1,1.0
5737,3,2,1,2,1.0
5738,2,1,1,1,1.0
5739,2,1,1,1,1.0
5740,3,2,1,2,1.0
5741,2,1,1,1,1.0
5742,2,1,1,1,1.0
5743,4,3,1,3,1.0
5744,2,1,1,1,1.0
5745,2,1,1,1,1.0
5746,2,1,1,1,1.0
5747,2,1,1,1,1.0
5748,2,1,1,1,1.0
5749,2,1,1,1,1.0
5750,3,2,1,2,1.0
5751,2,1,1,1,1.0
5752,2,1,1,1,1.0
5753,2,1,1,1,1.0
5754,3,2,1,2,1.0
5755,3,2,1,2,1.0
5756,2,1,1,1,1.0
5757,2,1,1,1,1.0
5758,2,1,1,1,1.0
5759,2,1,1,1,1.0
5760,2,1,1,1,1.0
5761,2,1,1,1,1.0
5762,2,1,1,1,1.0
5763,2,1,1,1,1.0
5764,2,1,1,1,1.0
5765,4,2,2,3,0.75
5766,2,1,1,1,1.0
5767,2,1,1,1,1.0
5768,2,1,1,1,1.0
5769,2,1,1,1,1.0
5770,3,2,1,2,1.0
5771,2,1,1,1,1.0
5772,2,1,1,1,1.0
5773,2,1,1,1,1.0
5774,2,1,1,1,1.0
5775,3,2,1,2,1.0
5776,2,1,1,1,1.0
5777,2,1,1,1,1.0
5778,2,1,1,1,1.0
5779,2,1,1,1,1.0
5780,2,1,1,1,1.0
5781,2,1,1,1,1.0
5782,3,1,2,2,1.0
5783,2,1,1,1,1.0
5784,2,1,1,1,1.0
5785,2,1,1,1,1.0
5786,3,2,1,2,1.0
5787,2,1,1,1,1.0
5788,2,1,1,1,1.0
5789,3,2,1,2,1.0
5790,2,1,1,1,1.0
5791,3,2,1,2,1.0
5792,2,1,1,1,1.0
5793,2,1,1,1,1.0
5794,2,1,1,1,1.0
5795,2,1,1,1,1.0
5796,2,1,1,1,1.0
5797,2,1,1,1,1.0
5798,2,1,1,1,1.0
5799,2,1,1,1,1.0
5800,2,1,1,1,1.0
5801,2,1,1,1,1.0
5802,2,1,1,1,1.0
5803,2,1,1,1,1.0
5804,2,1,1,1,1.0
5805,2,1,1,1,1.0
5806,3,2,1,2,1.0
5807,3,2,1,2,1.0
5808,2,1,1,1,1.0
5809,3,2,1,2,1.0
5810,2,1,1,1,1.0
5811,2,1,1,1,1.0
5812,2,1,1,1,1.0
5813,2,1,1,1,1.0
5814,2,1,1,1,1.0
5815,2,1,1,1,1.0
5816,2,1,1,1,1.0
5817,2,1,1,1,1.0
5818,3,1,2,2,1.0
5819,2,1,1,1,1.0
5820,2,1,1,1,1.0
5821,2,1,1,1,1.0
5822,2,1,1,1,1.0
5823,2,1,1,1,1.0
5824,2,1,1,1,1.0
5825,2,1,1,1,1.0
5826,2,1,1,1,1.0
5827,2,1,1,1,1.0
5828,2,1,1,1,1.0
5829,2,1,1,1,1.0
5830,3,2,1,2,1.0
5831,2,1,1,1,1.0
5832,3,2,1,2,1.0
5833,2,1,1,1,1.0
5834,2,1,1,1,1.0
5835,2,1,1,1,1.0
5836,2,1,1,1,1.0
5837,2,1,1,1,1.0
5838,4,3,1,3,1.0
5839,2,1,1,1,1.0
5840,2,1,1,1,1.0
5841,2,1,1,1,1.0
5842,2,1,1,1,1.0
5843,2,1,1,1,1.0
5844,3,2,1,2,1.0
5845,2,1,1,1,1.0
5846,2,1,1,1,1.0
5847,2,1,1,1,1.0
5848,3,2,1,2,1.0
5849,2,1,1,1,1.0
5850,2,1,1,1,1.0
5851,2,1,1,1,1.0
5852,2,1,1,1,1.0
5853,2,1,1,1,1.0
5854,2,1,1,1,1.0
5855,2,1,1,1,1.0
5856,2,1,1,1,1.0
5857,2,1,1,1,1.0
5858,2,1,1,1,1.0
5859,2,1,1,1,1.0
5860,2,1,1,1,1.0
5861,2,1,1,1,1.0
5862,2,1,1,1,1.0
5863,2,1,1,1,1.0
5864,3,2,1,2,1.0
5865,2,1,1,1,1.0
5866,2,1,1,1,1.0
5867,2,1,1,1,1.0
5868,2,1,1,1,1.0
5869,2,1,1,1,1.0
5870,2,1,1,1,1.0
5871,2,1,1,1,1.0
5872,2,1,1,1,1.0
5873,2,1,1,1,1.0
5874,2,1,1,1,1.0
5875,2,1,1,1,1.0
5876,2,1,1,1,1.0
5877,2,1,1,1,1.0
5878,2,1,1,1,1.0
5879,2,1,1,1,1.0
5880,2,1,1,1,1.0
5881,2,1,1,1,1.0
5882,2,1,1,1,1.0
5883,2,1,1,1,1.0
5884,2,1,1,1,1.0
5885,2,1,1,1,1.0
5886,2,1,1,1,1.0
5887,2,1,1,1,1.0
5888,2,1,1,1,1.0
5889,2,1,1,1,1.0
5890,2,1,1,1,1.0
5891,3,2,1,2,1.0
5892,2,1,1,1,1.0
5893,2,1,1,1,1.0
5894,2,1,1,1,1.0
5895,2,1,1,1,1.0
5896,2,1,1,1,1.0
5897,2,1,1,1,1.0
5898,2,1,1,1,1.0
5899,2,1,1,1,1.0
5900,2,1,1,1,1.0
5901,3,2,1,2,1.0
5902,2,1,1,1,1.0
5903,2,1,1,1,1.0
5904,2,1,1,1,1.0
5905,2,1,1,1,1.0
5906,2,1,1,1,1.0
5907,2,1,1,1,1.0
5908,3,2,1,2,1.0
5909,2,1,1,1,1.0
5910,2,1,1,1,1.0
5911,2,1,1,1,1.0
5912,2,1,1,1,1.0
5913,2,1,1,1,1.0
5914,2,1,1,1,1.0
5915,2,1,1,1,1.0
5916,2,1,1,1,1.0
5917,2,1,1,1,1.0
5918,2,1,1,1,1.0
5919,2,1,1,1,1.0
5920,2,1,1,1,1.0
5921,2,1,1,1,1.0
5922,2,1,1,1,1.0
5923,2,1,1,1,1.0
5924,2,1,1,1,1.0
5925,2,1,1,1,1.0
5926,2,1,1,1,1.0
5927,2,1,1,1,1.0
5928,2,1,1,1,1.0
5929,2,1,1,1,1.0
