merchant_id,merchant_name,mcc,merchant_category,business_type,city,state,onboarding_date,settlement_account,merchant_status,declared_avg_ticket_size,merchant_id_raw,ticket_size_negative_flag,ticket_size_missing_flag,mcc_missing_flag,settlement_account_missing_flag,onboarding_date_missing_flag,merchant_suspended_flag,merchant_blocked_flag
MCH2849,"BHAVSAR, KOTA AND ZACHARIA",7011,hotel_lodging,Private Limited,Ludhiana,Punjab,2025-09-23 00:00:00,,INACTIVE,2432.18,mch2849,0,0,0,1,0,0,0
MCH4314,Deshmukh Ltd,5699,Apparel,PRIVATE_LIMITED,Jalandhar,Punjab,,3021439858,INACTIVE,986.05,MCH4314,0,0,0,0,1,0,0
MCH1986,"Bains, Chanda and Gh0sh",5311,Retail,individual,Jalandhar,Punjab,2026-01-10 00:00:00,,ACTIVE,1427.52,MCH1986,0,0,0,1,0,0,0
MCH3899,Goswami-Bath,4131,Transportation,Sole Proprietor,Hyderabad,Telangana,2023-01-14 00:00:00,,ACTIVE,-1271.48,mch3899,1,0,0,1,0,0,0
MCH4859,VASA-RAJU,5812,Restaurant,SOLE_PROPRIETOR,Hyd,Telangana,2025-03-17 02:59:45,XXXX9523,ACTIVE,0.214,MCH4859,0,0,0,0,0,0,0
MCH6848,Dora LLC,5311,Department Store,PARTNERSHIP,Chennai,Tamil Nadu,2025-09-20 22:23:18,DUSD7272281625368,ACTIVE,1272.49,MCH6848,0,0,0,0,0,0,0
MCH9933,Bali-Zachariah,5411,Grocery Stores,SOLE_PROPRIETOR,JPR,Rajasthan,2023-06-07 00:00:00,TWPF4694358713410,ACTIVE,0.1549,MCH9933,0,0,0,0,0,0,0
MCH2637,Joshi Group,5999,Misc Retail,PARTNERSHIP,chennai,Tamil Nadu,2025-02-20 00:00:00,,ACTIVE,-760.41,MCH-2637,1,0,0,1,0,0,0
MCH8708,"Mukherjee, Sami and Purohit",5999,Retail Other,Sole Proprietor,Hyderabad,Telangana,2026-01-28 00:00:00,,SUSPENDED,2919.92,MCH8708,0,0,0,1,0,1,0
MCH2430,Bora Group,4814,TELECOM,INDIVIDUAL,Amritsar,Punjab,2026-01-27 15:52:53,2955352677,ACTIVE,827.43,MCH 2430,0,0,0,0,0,0,0
MCH8556,"Rout, Dhillon and Sinha",5942,Book Store,SOLE_PROPRIETOR,jaipur,Rajasthan,2023-05-04 17:49:00,,ACTIVE,,MCH8556,0,1,0,1,0,0,0
MCH9997,"Kalita, Dass and Balay",5999,misc retail,individual,ludhiana,Punjab,2023-12-07 00:00:00,XXXX2557,ACTIVE,2233.91,MCH 9997,0,0,0,0,0,0,0
MCH7003,"Koshy, Samra and Chana",5942,BOOKS_STATIONERY,PRIVATE-LIMITED,Jalandhar,Punjab,2024-06-29 00:00:00,XXXX7569,HOLD,776.99,MCH7003,0,0,0,0,0,0,0
MCH6945,Barad LLC,3110,Retail,partnership,Ludhiana,Punjab,2025-09-13 06:55:00,,ACTIVE,3350.77,MCH 6945,0,0,0,1,0,0,0
MCH4323,"Ben, Wagle and Shan",5812,eating place,SOLE-PROPRIETOR,Madras,Tamil Nadu,2023-05-11 05:53:16,4367668757,SUSPENDED,,mch4323,0,1,0,0,0,1,0
MCH1405,Sawhney-Naru1a,9120,MEDICAL_STORE,sole_proprietor,lucknow,Uttar Pradesh,2024-12-31 00:00:00,,SUSPENDED,3091.86,mch1405,0,0,0,1,0,1,0
MCH9459,Bala and Sons,5411,Grocery,PARTNERSHIP,Madras,Tamil Nadu,2023-11-12 00:00:00,,ACTIVE,558.21,MCH9459,0,0,0,1,0,0,0
MCH7645,Majumdar-Nagarajan,5912,MEDICAL_STORE,Sole Proprietor,Amritsar,Punjab,2024-09-21 00:00:00,7530870851,ACTIVE,1396.81,MCH7645,0,0,0,0,0,0,0
MCH9620,chad plc,,Retail,INDIVIDUAL,Ludhiana,Punjab,2025-04-16 00:00:00,HEOY8360949899311,ACTIVE,786.55,mch9620,0,0,1,0,0,0,0
MCH9815,"NARASIMHAN, VASA AND GOSWAMI",5942,Book Store,INDIVIDUAL,DELHI,Delhi,2025-11-10 04:53:00,MZNM1643262942719,ACTIVE,-528.91,MCH9815,1,0,0,0,0,0,0
MCH5251,"Rana, Chandra and Tank",4131,Transportation,Partnership,mumbai,Maharashtra,,,INACTIVE,3641.26,MCH5251,0,0,0,1,1,0,0
MCH2934,Warri0r-Siba1,9990,Other,INDIVIDUAL,amritsar,Punjab,2025-04-07 00:00:00,,ACTIVE,,mch2934,0,1,0,1,0,0,0
MCH3140,"Zachariah,RajagopalandSamra",4814,TELECOM,private_limited,amritsar,Punjab,2023-09-04 17:37:45,,ACTIVE,363.21,MCH3140,0,0,0,1,0,0,0
MCH2833,Kapoor-Shankar,7011,HOTEL_LODGING,SOLE_PROPRIETOR,Jalandar,Punjab,,VEQH1532066637768,ACTIVE,474.69,MCH2833,0,0,0,0,1,0,0
MCH2849,"BHAVSAR, KOTA AND ZACHARIA",7011,HOTEL_LODGING,Private Limited,Ludhiana,Punjab,2025-09-23 00:00:00,,ACTIVE,2432.18,mch2849,0,0,0,1,0,0,0
MCH6397,"SURI, AGRAWAL AND NATARAJAN",5942,Books,PARTNERSHIP,Delhi,Delhi,2024-08-19 00:00:00,,ACTIVE,0.547,MCH6397,0,0,0,1,0,0,0
MCH2749,issac and sons,5912,MEDICAL_STORE,sole_proprietor,Mumbai,Maharashtra,2025-09-03 00:00:00,1616970087,ACTIVE,,MCH 2749,0,1,0,0,0,0,0
MCH5089,Korpal-Parmer,5311,Retail,Private Limited,Jaipur,Rajasthan,2024-06-14 00:00:00,,ACTIVE,0.373,MCH5089,0,0,0,1,0,0,0
MCH5112,nigam-chawla,4131,Transportation,Private Limited,Chennai,Tamil Nadu,2025-09-06 00:00:00,,INACTIVE,353.3,MCH5112,0,0,0,1,0,0,0
MCH9951,Natt Group,5912,Pharmacies,partnership,Madras,Tamil Nadu,2024-02-05 00:00:00,TSMH8783182679043,ACTIVE,1765.37,mch9951,0,0,0,0,0,0,0
MCH4962,venkataraman-mannan,5942,Books,private_limited,Chennai,Tamil Nadu,2025-07-15 06:02:14,8238766790,ACTIVE,266.61,mch4962,0,0,0,0,0,0,0
MCH1541,Bhattacharyya-Hans,7011,Hotels,PRIVATE-LIMITED,kolkata,West Bengal,2024-03-24 00:00:00,XXXX2848,ACTIVE,621.01,MCH1541,0,0,0,0,0,0,0
MCH3442,Kuruvilla Ltd,5411,Grocery,partnership,Hyd,Telangana,2023-04-11 00:00:00,,INACTIVE,1281.68,mch3442,0,0,0,1,0,0,0
MCH9993,Chadha-Tailor,5942,Book Store,private_limited,Ludhiana,Punjab,2026-01-05 00:00:00,,INACTIVE,2368.65,MCH 9993,0,0,0,1,0,0,0
8365,Som-Dhar,5999,Misc Retail,individual,pune,Maharashtra,2025-08-30 00:00:00,,ACTIVE,269.48,8365,0,0,0,1,0,0,0
MCH2536,Divan-Radhakrishnan,4131,transprt,PRIVATE-LIMITED,Poona,Maharashtra,2025-07-09 00:00:00,NWSY9894058484946,ACTIVE,,MCH-2536,0,1,0,0,0,0,0
MCH6777,LALL-DATE,5411,groceries,PARTNERSHIP,LKO,Uttar Pradesh,2023-12-20 14:05:11,XXXX6676,ACTIVE,1143.87,MCH6777,0,0,0,0,0,0,0
MCH8152,chaudhari plc,9120,Pharmacy,SOLE-PROPRIETOR,Jalandhar,Punjab,2023-07-24 20:56:00,,ACTIVE,1648.01,MCH8152,0,0,0,1,0,0,0
MCH2665,"Arora, Bir and Mahal",5311,Retail,SOLE_PROPRIETOR,LKO,Uttar Pradesh,2024-11-15 20:23:00,3459659161,INACTIVE,2101.74,MCH 2665,0,0,0,0,0,0,0
MCH1384,THAKUR-BEN,4814,Telecom,INDIVIDUAL,Hyderabad,Telangana,2023-11-04 00:00:00,,ACTIVE,1433.16,MCH1384,0,0,0,1,0,0,0
MCH4729,parmer-kulkarni,5311,DEPT_STORE,INDIVIDUAL,Bangalore,Karnataka,2023-09-03 15:34:00,,ACTIVE,1384.93,MCH-4729,0,0,0,1,0,0,0
MCH6326,"Barad,MurtyandTella",5942,BOOKS_STATIONERY,PRIVATE-LIMITED,chennai,Tamil Nadu,2024-06-22 18:08:00,LQXK9607455160094,ACTIVE,-671.62,mch6326,1,0,0,0,0,0,0
MCH5563,"Dubey, Wali and Yadav",,garments,sole_proprietor,kolkata,West Bengal,2024-01-28 00:00:00,5163059320,ACTIVE,0.2198,MCH5563,0,0,1,0,0,0,0
MCH3063,Bansal Inc,4131,Transport,INDIVIDUAL,JPR,Rajasthan,2025-07-02 00:00:00,,INACTIVE,282.67,MCH3063,0,0,0,1,0,0,0
MCH7974,"Verma, Koshy and Bhardwaj",5411,GROCERY_STORE,individual,Jaipur,Rajasthan,2023-10-04 00:00:00,7985944544,ACTIVE,460.5,MCH7974,0,0,0,0,0,0,0
MCH5575,Sandal LLC,5411,kirana,partnership,Chennai,Tamil Nadu,2024-02-13 00:00:00,XXXX5528,ACTIVE,5255.72,MCH5575,0,0,0,0,0,0,0
MCH7433,"Sahota, Desai and Sarma",5999,Misc Retail,INDIVIDUAL,pune,Maharashtra,2024-02-24 00:00:00,,ACTIVE,867.14,MCH7433,0,0,0,1,0,0,0
MCH1454,WableInc,5999,Misc Retail,INDIVIDUAL,Lucknow,Uttar Pradesh,2025-06-18 00:00:00,7787448001,ACTIVE,0.2617,MCH-1454,0,0,0,0,0,0,0
MCH1331,"Garg, Bobal and Jain",4131,TRAVEL,individual,Calcutta,West Bengal,2024-06-29 00:00:00,,ACTIVE,3720.61,MCH1331,0,0,0,1,0,0,0
MCH1168,Sekhon Inc,5411,Grocery,SOLE_PROPRIETOR,Hyd,Telangana,2025-07-26 21:06:00,,ACTIVE,0.6003,MCH1168,0,0,0,1,0,0,0
MCH5283,"Verma, Narasimhan and Balan",,Pharmacies,Individual,delhi,Delhi,2026-02-05 00:00:00,,INACTIVE,0.1266,MCH5283,0,0,1,1,0,0,0
MCH2698,KalaLLC,7011,hotel_lodging,individual,lucknow,Uttar Pradesh,2023-08-19 00:00:00,YXNF3515433387898,INACTIVE,3590.19,MCH2698,0,0,0,0,0,0,0
MCH6451,Chandran Group,5311,Department Store,INDIVIDUAL,Jalandar,Punjab,2025-10-07 00:00:00,5694147499,INACTIVE,165.95,MCH6451,0,0,0,0,0,0,0
MCH2255,Lal Ltd,5311,Department Stores,individual,JPR,Rajasthan,2023-05-29 00:00:00,6674150314,ACTIVE,1404.67,MCH2255,0,0,0,0,0,0,0
MCH7312,Ramakrishnan-Banerjee,5311,Retail,sole_proprietor,mumbai,Maharashtra,2024-02-24 11:03:00,CCCL8077324997121,ACTIVE,977.96,mch7312,0,0,0,0,0,0,0
MCH8549,"Amb1e, Sangha and C0mar",4814,TELECOM,INDIVIDUAL,ludhiana,Punjab,2026-01-12 00:00:00,XXXX7799,ACTIVE,1130.69,MCH8549,0,0,0,0,0,0,0
MCH9784,lal ltd,5812,eating place,PARTNERSHIP,Madras,Tamil Nadu,2024-12-28 05:21:00,XXXX3001,ACTIVE,1442.84,MCH9784,0,0,0,0,0,0,0
MCH5395,"Dada, Jani and Kaul",9420,Stationery,Partnership,Madras,Tamil Nadu,2025-03-06 00:00:00,,ACTIVE,-698.53,MCH5395,1,0,0,1,0,0,0
MCH6067,Chaw1a-Gangu1y,,Hospitality,sole_proprietor,mumbai,Maharashtra,2025-12-03 00:00:00,FNQE1460028710860,INACTIVE,700.95,MCH6067,0,0,1,0,0,0,0
MCH4786,EDWIN PLC,5699,Clothing,INDIVIDUAL,Ludhiana,Punjab,2024-12-15 00:00:00,4903394968,ACTIVE,3435.22,MCH4786,0,0,0,0,0,0,0
MCH3559,Chokshi Inc,8120,Food,private_limited,bengaluru,Karnataka,2024-12-23 00:00:00,XXXX5330,SUSPENDED,-535.7,MCH3559,1,0,0,0,0,1,0
MCH3955,"Swamy, Dhingra and Sheth",3110,Department Stores,Individual,Chennai,Tamil Nadu,2024-11-25 00:00:00,,SUSPENDED,0.508,MCH3955,0,0,0,1,0,1,0
MCH3558,"Bhattacharyya, Mahal and Setty",4131,transprt,partnership,jaipur,Rajasthan,2023-07-28 00:00:00,7325110455,ACTIVE,4448.97,MCH3558,0,0,0,0,0,0,0
MCH2879,"Pillay, Vora and Karnik",5812,Restaurant,INDIVIDUAL,LDH,Punjab,2024-05-20 19:55:26,9486638654,ACTIVE,,MCH2879,0,1,0,0,0,0,0
MCH3340,VARTY-CHOKSHI,5999,Miscellaneous,PARTNERSHIP,Chennai,Tamil Nadu,2023-04-07 03:02:50,,ACTIVE,311.76,MCH-3340,0,0,0,1,0,0,0
MCH6403,"Sahni, Kapur and Ganesh",,CLOTHS,private_limited,Madras,Tamil Nadu,2024-05-30 00:00:00,,ACTIVE,344.49,MCH6403,0,0,1,1,0,0,0
MCH3455,Singhal LLC,5311,Department Store,INDIVIDUAL,Jalandar,Punjab,2026-01-06 05:10:00,,ACTIVE,11222.95,MCH 3455,0,0,0,1,0,0,0
MCH8578,Bhatt LLC,4131,transprt,SOLE-PROPRIETOR,Poona,Maharashtra,2023-08-26 23:42:00,QYMF1422119480722,INACTIVE,2462.04,MCH8578,0,0,0,0,0,0,0
MCH4277,Chaudhry-Karpe,4131,Transportation,private_limited,ludhiana,Punjab,2023-11-09 07:01:01,,ACTIVE,-3362.42,MCH4277,1,0,0,1,0,0,0
MCH8716,"Naik, Chada and Divan",5999,Other,private_limited,LDH,Punjab,2023-01-11 00:00:00,EDPS0799008597487,ACTIVE,225.43,MCH8716,0,0,0,0,0,0,0
MCH9697,Walla Ltd,,telecom,INDIVIDUAL,Bangalore,Karnataka,2025-07-21 00:00:00,,ACTIVE,1081.86,MCH 9697,0,0,1,1,0,0,0
1170,"Wali, Bala and Sanghvi",5311,Department Store,SOLE-PROPRIETOR,BLR,Karnataka,2023-04-01 15:30:00,,INACTIVE,1109.65,1170,0,0,0,1,0,0,0
MCH8705,"Sahota, Kale and Patil",4131,transprt,Private Limited,delhi,Delhi,2024-11-10 00:00:00,XXXX9019,ACTIVE,1127.21,MCH8705,0,0,0,0,0,0,0
MCH6875,BUCH LTD,5912,chemist,Individual,LKO,Uttar Pradesh,2023-07-02 00:00:00,,ACTIVE,2704.27,MCH6875,0,0,0,1,0,0,0
MCH5146,Wadhwa-Swamy,5311,Department Stores,partnership,Jalandhar,Punjab,2023-11-05 00:00:00,,ACTIVE,,MCH 5146,0,1,0,1,0,0,0
MCH7239,Tata-Hayer,7011,Hotel,INDIVIDUAL,Madras,Tamil Nadu,2025-06-09 00:00:00,MPZF9929757844428,ACTIVE,1929.61,MCH7239,0,0,0,0,0,0,0
MCH7925,BADAMI GROUP,7011,HOTEL_LODGING,Sole Proprietor,Hyderabad,Telangana,2023-07-01 00:00:00,IVGP0940394312057,ACTIVE,,MCH7925,0,1,0,0,0,0,0
MCH3625,Lall Inc,5699,Fashion,INDIVIDUAL,Kolkata,West Bengal,2023-07-16 00:00:00,8363629876,INACTIVE,691.1,MCH3625,0,0,0,0,0,0,0
MCH6999,srinivasan-agate,8120,eating place,partnership,Hyd,Telangana,2023-02-22 17:51:00,,ACTIVE,1015.19,MCH6999,0,0,0,1,0,0,0
MCH9868,"Bedi, Konda and Kant",5912,MEDICAL_STORE,INDIVIDUAL,jaipur,Rajasthan,2023-01-02 06:58:00,XXXX9285,ACTIVE,444.97,MCH9868,0,0,0,0,0,0,0
MCH5356,"Solanki, Kala and Loke",4814,Mobile Recharge,PARTNERSHIP,Hyderabad,Telangana,2023-01-03 00:00:00,TUAH3044152488223,ACTIVE,-827.01,MCH5356,1,0,0,0,0,0,0
MCH3953,"Ray, Minhas and Yohannan",5411,Grocery Stores,Sole Proprietor,kolkata,West Bengal,2023-03-18 00:00:00,XXXX6303,ACTIVE,8126.93,MCH 3953,0,0,0,0,0,0,0
MCH3697,Cherian LLC,7011,Hotel,individual,Madras,Tamil Nadu,2023-11-04 13:30:00,,ACTIVE,2525.65,MCH-3697,0,0,0,1,0,0,0
MCH6046,"Palla, Yadav and Bhatnagar",5999,Other,INDIVIDUAL,Bengaluru,Karnataka,2024-03-27 20:41:48,,ACTIVE,2396.76,MCH6046,0,0,0,1,0,0,0
MCH7759,"SANKARAN, PATEL AND NARAIN",5699,Apparel,sole_proprietor,Kolkata,West Bengal,2025-10-15 13:32:26,EADV1032511266518,ACTIVE,,MCH7759,0,1,0,0,0,0,0
MCH5657,Natt-Goel,5999,Miscellaneous,individual,Dilli,Delhi,,,ACTIVE,0.1355,MCH5657,0,0,0,1,1,0,0
MCH2432,Parmar-Parmer,4131,Transportation,Individual,Calcutta,West Bengal,,,ACTIVE,2557.63,MCH 2432,0,0,0,1,1,0,0
MCH5705,MUKHOPADHYAY AND SONS,5699,Apparel,sole_proprietor,jalandhar,Punjab,2025-02-25 00:00:00,,ACTIVE,716.31,MCH5705,0,0,0,1,0,0,0
MCH1358,"CHAUDRY, BARAL AND MODI",4131,Transportation,INDIVIDUAL,Ludhiana,Punjab,2025-06-07 00:00:00,3312553110,ACTIVE,2115.38,MCH1358,0,0,0,0,0,0,0
MCH7337,NATH-NARAYAN,5699,CLOTHS,Individual,Hyd,Telangana,2024-07-28 00:00:00,,ACTIVE,3029.85,MCH7337,0,0,0,1,0,0,0
MCH9319,LadInc,6990,garments,sole_proprietor,Jalandhar,Punjab,2025-07-20 00:00:00,XXXX7774,ACTIVE,839.54,MCH9319,0,0,0,0,0,0,0
MCH5354,Khatri-De0,5942,Book Store,PARTNERSHIP,Jalandar,Punjab,,WCZU4810286661084,ACTIVE,,MCH5354,0,1,0,0,1,0,0
MCH6329,Srinivas-Banerjee,,MEDICAL_STORE,INDIVIDUAL,Kolkata,West Bengal,2024-05-12 00:00:00,XXXX2718,ACTIVE,199.46,MCH-6329,0,0,1,0,0,0,0
MCH3206,Ahuja-Din,5311,Retail,sole_proprietor,Hyderabad,Telangana,2026-01-11 13:50:54,XXXX4117,ACTIVE,0.1244,mch3206,0,0,0,0,0,0,0
MCH5632,Tandon Ltd,5311,DEPT_STORE,sole_proprietor,Bangalore,Karnataka,2025-05-29 12:56:08,,ACTIVE,270.52,MCH 5632,0,0,0,1,0,0,0
MCH8355,"Virk, Sarna and Sangha",5812,Restaurants,INDIVIDUAL,Mumbai,Maharashtra,2023-10-09 00:00:00,0702210119,ACTIVE,0.3279,MCH8355,0,0,0,0,0,0,0
MCH3281,Ranganathan and Sons,5311,Retail,Partnership,kolkata,West Bengal,2024-03-01 00:00:00,XXXX9655,ACTIVE,-649.49,MCH3281,1,0,0,0,0,0,0
MCH2978,Deshpande LLC,7011,Hospitality,private_limited,Lucknow,Uttar Pradesh,2023-02-01 23:57:31,XXXX0228,ACTIVE,194.6,mch2978,0,0,0,0,0,0,0
3399,Rana-Talwar,9120,MEDICAL_STORE,PRIVATE-LIMITED,mumbai,Maharashtra,2024-03-30 09:48:22,6585786984,ACTIVE,575.9,3399,0,0,0,0,0,0,0
MCH7219,Dhawan-Saha,0110,HOTEL_LODGING,INDIVIDUAL,Dilli,Delhi,2026-06-01 00:00:00,HJFW5603026154965,INACTIVE,2354.94,MCH7219,0,0,0,0,0,0,0
MCH3757,Chokshi PLC,4814,TELECOM,Private Limited,Jaipur,Rajasthan,2025-10-23 10:04:00,KUIQ2748561079701,ACTIVE,2492.69,MCH3757,0,0,0,0,0,0,0
MCH1214,Padmanabhan Gr0up,4814,TELECOM,individual,Amritsar,Punjab,2025-08-24 00:00:00,,ACTIVE,-362.46,MCH1214,1,0,0,1,0,0,0
MCH2249,Bahri-Nagarajan,7011,HOTEL_LODGING,SOLE_PROPRIETOR,Ludhiana,Punjab,2024-11-17 00:00:00,0364290572,ACTIVE,590.8,MCH2249,0,0,0,0,0,0,0
MCH9098,Manda and Sons,5812,Restaurants,PARTNERSHIP,bengaluru,Karnataka,2024-03-03 16:14:27,XXXX2826,ACTIVE,0.87,MCH 9098,0,0,0,0,0,0,0
MCH7932,SETHI LTD,8140,Telecom,Private Limited,Bengaluru,Karnataka,2025-04-20 22:28:00,AUYT1495828220876,ACTIVE,4410.18,MCH7932,0,0,0,0,0,0,0
MCH1216,"Agarwal, Dave and Vala",7011,Hotels,SOLE-PROPRIETOR,chennai,Tamil Nadu,2024-10-18 00:00:00,,ACTIVE,2228.42,MCH1216,0,0,0,1,0,0,0
MCH3497,"Gokhale, Parmer and Contractor",,Transport,INDIVIDUAL,jalandhar,Punjab,2023-11-03 21:39:51,,ACTIVE,-403.24,mch3497,1,0,1,1,0,0,0
8517,"Bandi, Bir and Buch",5912,chemist,individual,Dilli,Delhi,2025-05-12 00:00:00,XXXX8958,ACTIVE,2544.34,8517,0,0,0,0,0,0,0
MCH3567,Kala Ltd,4814,TELECOM,Sole Proprietor,amritsar,Punjab,2023-05-15 00:00:00,0120134197,ACTIVE,1794.62,MCH3567,0,0,0,0,0,0,0
MCH6890,Pandit-Narasimhan,7011,Hotel,private_limited,Calcutta,West Bengal,2024-04-21 00:00:00,XXXX8046,INACTIVE,525.87,MCH6890,0,0,0,0,0,0,0
MCH6632,"Om, Mall and Sandhu",,Bus/Taxi,PARTNERSHIP,Lucknow,Uttar Pradesh,2023-07-28 00:00:00,XXXX3092,HOLD,996.13,MCH6632,0,0,1,0,0,0,0
MCH7269,La11-Raman,4814,TELECOM,PRIVATE_LIMITED,LKO,Uttar Pradesh,2023-10-25 09:50:57,4846136502,ACTIVE,1031.92,MCH7269,0,0,0,0,0,0,0
MCH4180,Dave-Oza,,BOOKS_STATIONERY,SOLE_PROPRIETOR,DELHI,Delhi,2024-01-08 00:00:00,,ACTIVE,394.99,MCH4180,0,0,1,1,0,0,0
MCH1492,"PANCHAL, BAIL AND NADKARNI",5912,Medical,sole_proprietor,Jaipur,Rajasthan,2024-07-05 00:00:00,,HOLD,6674.02,MCH1492,0,0,0,1,0,0,0
MCH5210,NATARAJAN LLC,4131,transprt,PARTNERSHIP,Lucknow,Uttar Pradesh,2023-08-25 00:00:00,,ACTIVE,2522.68,mch5210,0,0,0,1,0,0,0
MCH6115,Padmanabhan-Chahal,,Retail,Private Limited,Bombay,Maharashtra,2024-03-01 00:00:00,XXXX5769,INACTIVE,266.65,MCH6115,0,0,1,0,0,0,0
MCH5950,Dey-Raj,5999,Retail Other,SOLE-PROPRIETOR,amritsar,Punjab,2025-11-29 00:00:00,0371217445,ACTIVE,-3256.77,MCH5950,1,0,0,0,0,0,0
MCH3556,Andra-Nagar,5999,Misc Retail,Sole Proprietor,pune,Maharashtra,2025-05-04 18:43:19,,ACTIVE,1107.13,MCH3556,0,0,0,1,0,0,0
MCH4842,Pa11a LLC,5942,Stationery,INDIVIDUAL,Calcutta,West Bengal,2024-12-19 00:00:00,XXXX0707,ACTIVE,0.3127,MCH4842,0,0,0,0,0,0,0
MCH6831,"Kothari, De and Arora",5999,Retail Other,Individual,Kolkata,West Bengal,2025-11-17 16:43:00,FVLK6104664273261,SUSPENDED,,MCH6831,0,1,0,0,0,1,0
MCH2922,Chhabra-Jha,5999,Retail Other,sole_proprietor,Bombay,Maharashtra,2024-10-10 00:00:00,FAIS4263479017973,ACTIVE,-1096.49,MCH2922,1,0,0,0,0,0,0
MCH8509,"Majumdar, Deshpande and Solanki",5311,DEPT_STORE,PARTNERSHIP,BLR,Karnataka,2024-09-17 00:00:00,XXXX5135,INACTIVE,-1098.85,MCH8509,1,0,0,0,0,0,0
MCH3604,"Shetty, Bali and Sama",5411,groceries,Partnership,Ludhiana,Punjab,2023-01-04 01:07:44,IQHJ3383226507557,ACTIVE,0.394,mch3604,0,0,0,0,0,0,0
MCH9785,Nagarajan PLC,5699,CLOTHS,INDIVIDUAL,MUMBAI,Maharashtra,2025-08-06 00:00:00,,ACTIVE,2709.78,MCH9785,0,0,0,1,0,0,0
MCH1447,"Dara, Om and Chaudhry",5699,garments,PRIVATE_LIMITED,Bangalore,Karnataka,2023-04-29 00:00:00,NJHB3866390601882,INACTIVE,0.373,mch1447,0,0,0,0,0,0,0
MCH7659,"Pandya, Bakshi and Chaudhary",4131,Transport,private_limited,Madras,Tamil Nadu,2023-04-16 18:19:00,FNTE9764699509957,ACTIVE,1564.19,MCH7659,0,0,0,0,0,0,0
MCH1600,"warrior, anand and kata",5311,Department Store,INDIVIDUAL,chennai,Tamil Nadu,2025-10-07 00:00:00,DNAN6947992423478,ACTIVE,2937.03,MCH1600,0,0,0,0,0,0,0
MCH8561,Mahal-Talwar,9120,chemist,INDIVIDUAL,Poona,Maharashtra,2024-11-21 00:00:00,XXXX1106,ACTIVE,892.64,MCH8561,0,0,0,0,0,0,0
MCH4029,Kuruvilla and Sons,5411,Grocery Stores,PRIVATE-LIMITED,pune,Maharashtra,,DGMS6783095939908,ACTIVE,55.43,MCH4029,0,0,0,0,1,0,0
MCH1392,Johal-Gaba,5912,Medical,PRIVATE-LIMITED,pune,Maharashtra,2024-02-20 00:00:00,XXXX9354,INACTIVE,4352.7,MCH1392,0,0,0,0,0,0,0
MCH4985,HAYRE AND SONS,5942,Books,Partnership,Lucknow,Uttar Pradesh,2023-01-08 00:00:00,PXAE0911368692866,ACTIVE,1981.89,MCH4985,0,0,0,0,0,0,0
MCH8808,"Kothari, Bansal and Gupta",,Stationery,Individual,BLR,Karnataka,2025-09-19 01:30:00,9868014892,ACTIVE,0.38,MCH8808,0,0,1,0,0,0,0
MCH7137,Krishna-Palan,4814,Telecom,Partnership,ludhiana,Punjab,2025-09-29 00:00:00,GJTY8331565779502,ACTIVE,,MCH7137,0,1,0,0,0,0,0
MCH2813,"Sha, Bhatia and Vig",,DEPT_STORE,INDIVIDUAL,chennai,Tamil Nadu,2024-10-24 13:37:28,5399147177,ACTIVE,3821.16,mch2813,0,0,1,0,0,0,0
MCH1375,Golla and Sons,5912,Medical,PARTNERSHIP,Bengaluru,Karnataka,2023-01-08 13:43:00,,ACTIVE,503.66,MCH1375,0,0,0,1,0,0,0
MCH2074,D’Alia Inc,5699,Fashion,partnership,jaipur,Rajasthan,2025-10-22 19:54:55,VRCT7941741947399,ACTIVE,1616.2,MCH2074,0,0,0,0,0,0,0
MCH1256,Vala Inc,5912,MEDICAL_STORE,SOLE_PROPRIETOR,kolkata,West Bengal,2025-01-17 00:00:00,,BLOCKED,1415.24,MCH1256,0,0,0,1,0,0,1
8440,"Chacko, Natarajan and Menon",5999,Other,individual,Mumbai,Maharashtra,2025-01-19 00:00:00,,ACTIVE,775.41,8440,0,0,0,1,0,0,0
MCH3060,Deep-Tata,5311,DEPT_STORE,INDIVIDUAL,ASR,Punjab,2023-04-17 00:00:00,,ACTIVE,-2601.81,MCH3060,1,0,0,1,0,0,0
MCH4025,Hegde-Sule,5311,Retail,Individual,HYDERABAD,Telangana,,XXXX6804,INACTIVE,1108.29,MCH4025,0,0,0,0,1,0,0
MCH6970,CHOPRA-LOKE,5311,Department Store,PARTNERSHIP,JPR,Rajasthan,2025-02-13 00:00:00,,ACTIVE,564.18,MCH6970,0,0,0,1,0,0,0
MCH2850,Reddy-Kara,4131,Bus/Taxi,Private Limited,jaipur,Rajasthan,2024-04-22 00:00:00,XXXX7186,ACTIVE,-953.86,MCH 2850,1,0,0,0,0,0,0
MCH5117,"Parikh, Sengupta and Chander",7011,Hotel,PARTNERSHIP,Chennai,Tamil Nadu,2023-01-26 23:39:00,,SUSPENDED,266.62,mch5117,0,0,0,1,0,1,0
MCH6651,"Mahajan, Vig and Balakrishnan",5411,groceries,Partnership,delhi,Delhi,2023-02-17 00:00:00,ZZEW6214809734757,ACTIVE,1407.45,MCH-6651,0,0,0,0,0,0,0
MCH6206,"Johal, Verma and Sane",5812,eating place,PRIVATE-LIMITED,Jalandhar,Punjab,2024-04-26 14:53:55,,ACTIVE,-765.75,MCH6206,1,0,0,1,0,0,0
MCH9755,"Mane, Dey and Nagy",7011,Hospitality,individual,Lucknow,Uttar Pradesh,2023-05-09 00:00:00,,ACTIVE,2207.77,MCH9755,0,0,0,1,0,0,0
MCH3401,chana llc,5411,Grocery Stores,INDIVIDUAL,Chennai,Tamil Nadu,,XXXX4048,ACTIVE,3703.23,MCH3401,0,0,0,0,1,0,0
MCH7698,SACHDEV AND SONS,5812,Restaurant,Sole Proprietor,Amritsar,Punjab,2023-07-23 00:00:00,,ACTIVE,,MCH7698,0,1,0,1,0,0,0
MCH2085,Loke Inc,0110,HOTEL_LODGING,INDIVIDUAL,HYDERABAD,Telangana,2023-12-05 00:00:00,CQUN5447672400868,BLOCKED,,MCH2085,0,1,0,0,0,0,1
MCH1060,"Subramaniam, Rama and Contractor",4131,Transport,individual,HYDERABAD,Telangana,2024-05-02 09:00:14,FXHY9362967598468,ACTIVE,0.48,mch1060,0,0,0,0,0,0,0
MCH7876,"Deshpande, Nagar and Parsa",,TELECOM,Individual,JPR,Rajasthan,2024-08-22 00:00:00,,ACTIVE,502.95,MCH7876,0,0,1,1,0,0,0
MCH9966,"Kara, Chanda and Hayre",4131,Transportation,Individual,kolkata,West Bengal,2024-01-16 20:22:00,XXXX6108,ACTIVE,3566.37,MCH9966,0,0,0,0,0,0,0
MCH2710,"Ramanathan, Bandi and Edwin",5411,Grocery Stores,sole_proprietor,New Delhi,Delhi,2024-11-07 00:00:00,9267399474,ACTIVE,5021.08,MCH2710,0,0,0,0,0,0,0
MCH2723,Purohit-Dani,,Food,Individual,ASR,Punjab,2024-04-16 04:10:00,XXXX6527,ACTIVE,1384.67,MCH2723,0,0,1,0,0,0,0
MCH6084,Gera-Patla,,Bus/Taxi,SOLE_PROPRIETOR,Lucknow,Uttar Pradesh,2026-01-26 15:06:00,0059005491,ACTIVE,3360.46,mch6084,0,0,1,0,0,0,0
MCH1457,Shetty Group,5999,Other,INDIVIDUAL,Jalandar,Punjab,2025-07-11 00:00:00,7979475554,ACTIVE,1159.43,MCH1457,0,0,0,0,0,0,0
MCH7866,Bhattacharyya and Sons,5311,Department Stores,Partnership,DELHI,Delhi,2025-10-31 05:29:00,QKIU3712061004002,ACTIVE,2522.0,MCH7866,0,0,0,0,0,0,0
MCH9528,Kibe-Memon,5699,Apparel,SOLE-PROPRIETOR,New Delhi,Delhi,2025-12-07 00:00:00,XXXX9874,ACTIVE,5399.84,MCH9528,0,0,0,0,0,0,0
MCH3612,Vaidya-Arya,5311,Retail,Private Limited,Kolkata,West Bengal,2023-09-01 00:00:00,UOBK5661273202199,ACTIVE,695.7,MCH3612,0,0,0,0,0,0,0
MCH3971,Sura PLC,7011,HOTEL_LODGING,INDIVIDUAL,Dilli,Delhi,2024-04-17 13:25:57,,ACTIVE,748.82,MCH3971,0,0,0,1,0,0,0
MCH6025,Rege-Bali,4131,Transportation,Individual,Bengaluru,Karnataka,2025-04-21 00:00:00,XXXX0320,INACTIVE,2516.42,MCH6025,0,0,0,0,0,0,0
MCH6507,Kadakia PLC,5812,FOOD_SERVICES,PARTNERSHIP,chennai,Tamil Nadu,2023-01-05 00:00:00,XXXX3350,ACTIVE,740.55,MCH 6507,0,0,0,0,0,0,0
MCH8031,CHOKSHI LTD,7011,Hotels,individual,Hyd,Telangana,2025-07-26 00:00:00,3288481391,ACTIVE,2110.06,mch8031,0,0,0,0,0,0,0
MCH8431,Bala Group,4131,Transportation,INDIVIDUAL,LDH,Punjab,2025-05-02 00:00:00,XXXX7030,ACTIVE,964.23,MCH8431,0,0,0,0,0,0,0
MCH9718,Mammen and Sons,5411,kirana,SOLE_PROPRIETOR,Jalandar,Punjab,2023-06-20 00:00:00,3331553891,ACTIVE,678.94,MCH9718,0,0,0,0,0,0,0
MCH3058,Patla-Padmanabhan,5942,Books,individual,Pune,Maharashtra,2024-10-18 00:00:00,OBXD4944464643223,ACTIVE,974.77,MCH 3058,0,0,0,0,0,0,0
MCH8327,Men0n Ltd,,Miscellaneous,INDIVIDUAL,bengaluru,Karnataka,2023-06-18 18:05:34,,INACTIVE,1670.04,MCH-8327,0,0,1,1,0,0,0
MCH9038,"Dara, Pai and Saxena",,garments,Sole Proprietor,LDH,Punjab,2024-04-18 00:00:00,0739300438,ACTIVE,2740.86,MCH9038,0,0,1,0,0,0,0
MCH2412,Nadig Inc,5942,BOOKS_STATIONERY,Individual,Hyderabad,Telangana,2024-12-08 07:03:51,XXXX9581,ACTIVE,144.12,MCH2412,0,0,0,0,0,0,0
MCH2904,IYENGAR-COMAR,9990,Other,PRIVATE_LIMITED,delhi,Delhi,2026-01-05 00:00:00,XXXX7160,ACTIVE,1147.91,MCH2904,0,0,0,0,0,0,0
MCH5405,Balan-Sabharwal,5812,Food,INDIVIDUAL,Bengaluru,Karnataka,2023-04-07 06:56:55,,ACTIVE,2280.95,MCH5405,0,0,0,1,0,0,0
MCH1625,HandaLLC,5912,MEDICAL_STORE,PRIVATE_LIMITED,ludhiana,Punjab,2024-07-27 00:00:00,,INACTIVE,4123.17,MCH1625,0,0,0,1,0,0,0
MCH3926,Master-Sarin,5999,Misc Retail,INDIVIDUAL,Hyderabad,Telangana,2025-05-08 00:00:00,,ACTIVE,1913.5,MCH3926,0,0,0,1,0,0,0
MCH6979,Nadig Ltd,,chemist,sole_proprietor,Chennai,Tamil Nadu,2023-05-18 00:42:04,SYHI9438066539953,INACTIVE,640.32,MCH6979,0,0,1,0,0,0,0
MCH1842,Bedi-Vohra,5411,GROCERY_STORE,private_limited,Lucknow,Uttar Pradesh,,XXXX6666,ACTIVE,1241.96,MCH1842,0,0,0,0,1,0,0
MCH8130,"Kale, Kumer and Chand",,DEPT_STORE,Partnership,Ludhiana,Punjab,2026-02-05 04:03:44,GYEV9276514828192,ACTIVE,419.61,MCH8130,0,0,1,0,0,0,0
MCH1571,"Rao, Viswanathan and Joshi",4131,transprt,sole_proprietor,chennai,Tamil Nadu,2023-08-03 04:40:51,,ACTIVE,866.2,MCH1571,0,0,0,1,0,0,0
MCH9626,Gu1ati-Chhabra,4814,Telecom,partnership,Lucknow,Uttar Pradesh,2025-02-21 13:12:50,,ACTIVE,0.88,mch9626,0,0,0,1,0,0,0
MCH2099,"tara, date and thakur",4131,transprt,SOLE_PROPRIETOR,Madras,Tamil Nadu,2023-06-28 00:00:00,BFBY2666613604973,ACTIVE,1054.15,MCH2099,0,0,0,0,0,0,0
MCH1841,Kadakia-Rao,,Hospitality,sole_proprietor,kolkata,West Bengal,2025-01-07 00:00:00,7706295964,ACTIVE,532.17,MCH1841,0,0,1,0,0,0,0
MCH7901,BALA GROUP,5812,Food,Partnership,Jaipur,Rajasthan,2023-03-02 12:07:59,VXJE9106968913579,ACTIVE,,MCH7901,0,1,0,0,0,0,0
MCH8607,"Wali,ManeandThakur",5699,Clothing,individual,New Delhi,Delhi,2023-10-15 00:00:00,XXXX4911,ACTIVE,0.2981,MCH8607,0,0,0,0,0,0,0
MCH5570,"Sahni, Bala and Sharma",5999,Miscellaneous,individual,New Delhi,Delhi,2025-11-28 06:01:37,,BLOCKED,1506.33,MCH5570,0,0,0,1,0,0,1
MCH5328,Dhaliwal Inc,5812,eating place,PRIVATE-LIMITED,kolkata,West Bengal,2025-04-19 00:00:00,,ACTIVE,375.06,MCH5328,0,0,0,1,0,0,0
MCH2408,"Kumar, Din and Sule",5999,Misc Retail,SOLE_PROPRIETOR,bengaluru,Karnataka,,,ACTIVE,-2001.55,mch2408,1,0,0,1,1,0,0
MCH9448,"Sant, Manda and Khurana",,garments,partnership,Jalandhar,Punjab,2023-08-10 00:00:00,XXXX3103,INACTIVE,0.522,MCH-9448,0,0,1,0,0,0,0
MCH9463,Boase and Sons,5942,Books,PRIVATE_LIMITED,ASR,Punjab,2025-06-01 16:04:50,8867615299,ACTIVE,0.835,MCH9463,0,0,0,0,0,0,0
5882,"Barad, Kara and Gokhale",,phone service,Sole Proprietor,Chennai,Tamil Nadu,2024-09-25 00:00:00,8200004171,INACTIVE,626.5,5882,0,0,1,0,0,0,0
MCH5072,Shroff-Sangha,5999,Retail Other,PRIVATE-LIMITED,jaipur,Rajasthan,2024-12-08 00:00:00,XXXX4443,ACTIVE,3955.29,MCH5072,0,0,0,0,0,0,0
MCH2817,Keer and Sons,5999,Misc Retail,PRIVATE_LIMITED,Ludhiana,Punjab,2025-05-19 00:00:00,XXXX7166,INACTIVE,2074.28,MCH2817,0,0,0,0,0,0,0
MCH7403,"Naik, Badami and Raj",5311,Department Store,SOLE_PROPRIETOR,Poona,Maharashtra,,,ACTIVE,1191.42,MCH7403,0,0,0,1,1,0,0
MCH8984,Sharma Group,5812,Food,private_limited,ludhiana,Punjab,2023-06-21 00:00:00,,ACTIVE,590.58,MCH8984,0,0,0,1,0,0,0
MCH8915,Sur Ltd,5812,FOOD_SERVICES,INDIVIDUAL,Mumbay,Maharashtra,2025-08-04 21:08:00,2079428373,INACTIVE,665.18,MCH8915,0,0,0,0,0,0,0
MCH6109,Sampath Ltd,4814,Telecom,INDIVIDUAL,LDH,Punjab,2026-01-15 23:34:00,6737069990,ACTIVE,399.08,MCH6109,0,0,0,0,0,0,0
MCH9193,Shroff Inc,5411,Grocery Stores,Sole Proprietor,Jalandhar,Punjab,2023-02-10 00:00:00,,ACTIVE,-804.73,MCH 9193,1,0,0,1,0,0,0
MCH7548,Kalla LLC,,Grocery,INDIVIDUAL,Bangalore,Karnataka,2024-05-26 00:00:00,JVRD8475866858020,ACTIVE,3106.71,MCH7548,0,0,1,0,0,0,0
MCH7196,Kurian-Trivedi,4814,Telecom,partnership,Jaipur,Rajasthan,2023-06-09 00:00:00,,ACTIVE,1000.33,mch7196,0,0,0,1,0,0,0
5182,"kadakia, raman and badal",4131,Transport,SOLE-PROPRIETOR,ASR,Punjab,2023-07-15 00:00:00,5073008487,INACTIVE,0.932,5182,0,0,0,0,0,0,0
MCH4839,Sura-Mall,,Transportation,PRIVATE_LIMITED,Ludhiana,Punjab,2025-12-08 00:00:00,,ACTIVE,682.13,MCH4839,0,0,1,1,0,0,0
MCH4369,"Gupta,ManeandBhasin",5812,FOOD_SERVICES,Individual,HYDERABAD,Telangana,2025-03-03 00:00:00,,ACTIVE,950.76,MCH4369,0,0,0,1,0,0,0
MCH3333,Dada PLC,5999,Miscellaneous,PRIVATE_LIMITED,Mumbai,Maharashtra,2024-03-18 00:00:00,,ACTIVE,0.668,MCH3333,0,0,0,1,0,0,0
MCH9278,Pant PLC,5942,Stationery,Partnership,Bangalore,Karnataka,2024-06-25 23:31:00,MCZF8391507084286,ACTIVE,0.822,MCH9278,0,0,0,0,0,0,0
MCH6315,PRABHAKAR-SOMAN,5942,Books,partnership,Mumbai,Maharashtra,,XXXX3336,HOLD,341.33,MCH6315,0,0,0,0,1,0,0
MCH7305,Iyer-Nagi,5699,Apparel,INDIVIDUAL,Mumbai,Maharashtra,2023-08-23 00:00:00,,ACTIVE,1967.89,MCH7305,0,0,0,1,0,0,0
MCH6024,THAKKAR-KUNDA,5411,groceries,SOLE-PROPRIETOR,chennai,Tamil Nadu,2025-05-14 00:00:00,,ACTIVE,-1751.16,MCH6024,1,0,0,1,0,0,0
MCH7912,Sarma-Arya,5699,garments,private_limited,Lucknow,Uttar Pradesh,2025-01-01 00:00:00,ZNNS3870382152945,ACTIVE,1318.64,MCH7912,0,0,0,0,0,0,0
MCH6660,N0ri Gr0up,4814,Telecom,SOLE_PROPRIETOR,chennai,Tamil Nadu,2023-05-26 00:00:00,XXXX4499,ACTIVE,0.303,MCH6660,0,0,0,0,0,0,0
MCH8809,"Doshi, Ghose and Amble",5411,groceries,individual,mumbai,Maharashtra,,,ACTIVE,3965.67,MCH8809,0,0,0,1,1,0,0
MCH7600,Panchal Ltd,5912,chemist,INDIVIDUAL,Lucknow,Uttar Pradesh,2023-10-13 00:00:00,,ACTIVE,1148.2,MCH7600,0,0,0,1,0,0,0
5498,"Gera, Narayan and Sankaran",5311,Department Store,Partnership,Calcutta,West Bengal,2025-11-10 00:00:00,8296349363,ACTIVE,849.49,5498,0,0,0,0,0,0,0
MCH5923,"Banik, Yogi and Seth",4814,Mobile Recharge,INDIVIDUAL,Delhi,Delhi,,CKTY3945451387681,INACTIVE,378.2,mch5923,0,0,0,0,1,0,0
MCH6450,"Goel, Madan and Gola",9420,books,individual,chennai,Tamil Nadu,2025-10-15 00:00:00,,SUSPENDED,0.855,MCH6450,0,0,0,1,0,1,0
MCH6822,"Sankar, Deol and Goswami",4814,Telecom,SOLE-PROPRIETOR,jaipur,Rajasthan,2025-03-31 00:00:00,XXXX2270,INACTIVE,-1194.99,MCH6822,1,0,0,0,0,0,0
5995,Bassi Ltd,5812,eating place,private_limited,LKO,Uttar Pradesh,2024-02-01 00:00:00,XXXX5294,ACTIVE,2631.68,5995,0,0,0,0,0,0,0
MCH5879,"Sridhar, Sani and Ma11",4814,Mobile Recharge,INDIVIDUAL,Hyd,Telangana,2025-12-30 20:57:31,XXXX4907,ACTIVE,-3624.48,MCH5879,1,0,0,0,0,0,0
MCH4682,Chaudry LLC,4131,Transportation,INDIVIDUAL,Hyd,Telangana,2024-01-28 10:50:34,,ACTIVE,-1772.5,MCH4682,1,0,0,1,0,0,0
MCH1261,"Cheema, Savant and Bakshi",5311,Retail,sole_proprietor,Ludhiana,Punjab,2024-06-03 00:00:00,EXGQ1328686965867,INACTIVE,,MCH1261,0,1,0,0,0,0,0
MCH2964,Bala-Sarkar,4814,phone service,INDIVIDUAL,Jalandar,Punjab,2025-06-20 00:00:00,4343067882,ACTIVE,1298.45,MCH2964,0,0,0,0,0,0,0
MCH5362,"kunda, tiwari and nagi",5912,medical,PRIVATE_LIMITED,JPR,Rajasthan,2024-08-09 20:44:38,,INACTIVE,1922.99,MCH5362,0,0,0,1,0,0,0
MCH5285,"Yadav, Dhawan and Bahri",5311,Retail,individual,bengaluru,Karnataka,2025-03-08 00:00:00,XXXX3759,ACTIVE,0.22,MCH5285,0,0,0,0,0,0,0
3998,"krish, tak and peri",4814,TELECOM,PARTNERSHIP,ludhiana,Punjab,2023-08-16 00:00:00,,ACTIVE,1019.25,3998,0,0,0,1,0,0,0
MCH4926,Shankar Ltd,5812,Restaurant,individual,Hyderabad,Telangana,2024-12-28 03:14:33,6804229881,ACTIVE,,MCH4926,0,1,0,0,0,0,0
MCH9424,Sur-Bajaj,5311,Department Store,SOLE-PROPRIETOR,BLR,Karnataka,2025-04-18 00:00:00,XXXX3219,ACTIVE,1902.79,MCH9424,0,0,0,0,0,0,0
MCH7504,Balay PLC,7011,Hospitality,individual,chennai,Tamil Nadu,2025-10-24 10:34:44,1818420938,ACTIVE,1030.01,MCH 7504,0,0,0,0,0,0,0
MCH9769,"Kota, Dara and Sarin",,TRAVEL,PARTNERSHIP,Ludhiana,Punjab,2025-05-22 00:00:00,XXXX8418,ACTIVE,2120.25,MCH 9769,0,0,1,0,0,0,0
MCH2504,Mittal Ltd,5999,Retail Other,individual,Pune,Maharashtra,2024-12-29 00:00:00,XXXX5857,INACTIVE,1689.96,MCH2504,0,0,0,0,0,0,0
MCH8484,"Grover, Swamy and Johal",5912,MEDICAL_STORE,PRIVATE_LIMITED,Kolkata,West Bengal,2023-08-17 22:00:16,,SUSPENDED,1273.08,MCH8484,0,0,0,1,0,1,0
3023,Arora LLC,7011,Hospitality,individual,bengaluru,Karnataka,2025-02-03 00:00:00,,INACTIVE,1722.88,3023,0,0,0,1,0,0,0
MCH4106,Dey and Sons,5411,kirana,private_limited,Hyderabad,Telangana,2026-01-31 00:00:00,XXXX0072,ACTIVE,4216.77,MCH 4106,0,0,0,0,0,0,0
MCH6059,Bhargava PLC,7011,Hotels,Private Limited,Jaipur,Rajasthan,2025-07-16 00:00:00,XXXX7802,HOLD,333.57,MCH6059,0,0,0,0,0,0,0
MCH4801,Bhargava-Basak,5311,Retail,SOLE_PROPRIETOR,Lucknow,Uttar Pradesh,2025-11-18 06:19:46,XXXX3111,ACTIVE,2920.36,MCH4801,0,0,0,0,0,0,0
MCH3418,Parsa-Parikh,5912,chemist,PARTNERSHIP,Hyderabad,Telangana,2024-07-15 00:00:00,CWGO5653761986608,ACTIVE,8725.31,MCH 3418,0,0,0,0,0,0,0
MCH6448,Pal LLC,4814,Telecom,PARTNERSHIP,Mumbai,Maharashtra,2024-07-09 00:00:00,XXXX5021,ACTIVE,1680.84,MCH6448,0,0,0,0,0,0,0
MCH6450,"Goel, Madan and Gola",9420,Books,individual,chennai,Tamil Nadu,2025-10-15 00:00:00,,ACTIVE,0.855,MCH6450,0,0,0,1,0,0,0
MCH6052,nayak-wadhwa,5912,Pharmacy,PRIVATE-LIMITED,Jaipur,Rajasthan,2023-07-12 00:00:00,XXXX8602,ACTIVE,600.38,MCH-6052,0,0,0,0,0,0,0
6923,"kumar, hayre and grover",5942,BOOKS_STATIONERY,PARTNERSHIP,LKO,Uttar Pradesh,2024-03-12 00:00:00,RIOW5493044350343,INACTIVE,937.24,6923,0,0,0,0,0,0,0
MCH1075,Lala PLC,4814,phone service,INDIVIDUAL,pune,Maharashtra,2024-06-01 00:00:00,IPNE1576095102770,SUSPENDED,1162.41,MCH 1075,0,0,0,0,0,1,0
MCH7749,"dhaliwal, chaudhari and lad",4131,transprt,PRIVATE-LIMITED,LKO,Uttar Pradesh,2023-03-28 01:45:50,,ACTIVE,472.27,MCH7749,0,0,0,1,0,0,0
MCH7607,"vyas, ramakrishnan and narayanan",,BOOKS_STATIONERY,SOLE-PROPRIETOR,Amritsar,Punjab,2025-01-02 19:37:48,2925658717,ACTIVE,7039.03,MCH-7607,0,0,1,0,0,0,0
MCH7832,More-Cherian,3110,Retail,Sole Proprietor,Amritsar,Punjab,2024-12-21 00:00:00,,ACTIVE,1748.94,MCH7832,0,0,0,1,0,0,0
MCH4864,Date Ltd,4110,Grocery,private_limited,BLR,Karnataka,2023-12-06 01:02:00,XXXX6587,ACTIVE,4042.64,MCH4864,0,0,0,0,0,0,0
1843,Edwin and Sons,5999,Miscellaneous,Sole Proprietor,Dilli,Delhi,2024-09-19 00:00:00,,ACTIVE,,1843,0,1,0,1,0,0,0
MCH2559,"Sastry, Dhar and Kibe",7011,Hotel,Partnership,pune,Maharashtra,2023-08-05 00:00:00,0777710681,ACTIVE,1827.84,MCH2559,0,0,0,0,0,0,0
MCH5927,"Hayer, Palla and Ganesh",5699,garments,private_limited,Lucknow,Uttar Pradesh,2024-06-16 00:00:00,,ACTIVE,3764.09,MCH5927,0,0,0,1,0,0,0
MCH6105,upadhyay plc,7011,Hotels,Sole Proprietor,Calcutta,West Bengal,2024-02-07 00:26:26,,ACTIVE,527.81,MCH-6105,0,0,0,1,0,0,0
MCH8782,SWAMY-KHURANA,5699,garments,SOLE_PROPRIETOR,ASR,Punjab,2025-04-29 00:00:00,,ACTIVE,1314.55,MCH8782,0,0,0,1,0,0,0
MCH7661,Mutti Group,5912,MEDICAL_STORE,SOLE-PROPRIETOR,Ludhiana,Punjab,2023-12-19 19:07:43,,ACTIVE,1349.43,MCH7661,0,0,0,1,0,0,0
MCH1772,Grover Group,3110,DEPT_STORE,partnership,Calcutta,West Bengal,2023-03-18 13:57:00,0665098924,ACTIVE,1962.32,MCH1772,0,0,0,0,0,0,0
MCH5793,Hayre and Sons,4131,Bus/Taxi,INDIVIDUAL,amritsar,Punjab,2023-10-23 00:00:00,XXXX4734,ACTIVE,2411.65,MCH-5793,0,0,0,0,0,0,0
MCH8019,Chaudhry-Naidu,5942,Book Store,Private Limited,jaipur,Rajasthan,,,ACTIVE,888.78,MCH8019,0,0,0,1,1,0,0
MCH6707,Chandra Group,4814,Mobile Recharge,PRIVATE-LIMITED,LDH,Punjab,2024-02-10 21:32:02,,ACTIVE,648.63,mch6707,0,0,0,1,0,0,0
MCH4743,Ahluwalia-Bansal,,chemist,PRIVATE-LIMITED,ludhiana,Punjab,2023-08-23 00:00:00,KIYE1462195754397,INACTIVE,486.29,MCH4743,0,0,1,0,0,0,0
MCH4277,"Lad, Krish and Lad",4131,Transport,Private Limited,Hyderabad,Telangana,2024-06-04 00:00:00,,ACTIVE,472.96,MCH4277,0,0,0,1,0,0,0
MCH6765,Handa PLC,5912,Pharmacy,Individual,kolkata,West Bengal,2023-10-30 00:00:00,,ACTIVE,-2771.02,MCH6765,1,0,0,1,0,0,0
MCH4867,"Nath, Taneja and Dey",5812,eating place,partnership,Bangalore,Karnataka,2024-08-05 00:00:00,7096325090,ACTIVE,726.56,MCH4867,0,0,0,0,0,0,0
MCH6819,"ARYA, BASSI AND KAUR",,Retail Other,Partnership,amritsar,Punjab,2025-11-19 00:00:00,,ACTIVE,2433.05,MCH6819,0,0,1,1,0,0,0
MCH4282,PINGLE LTD,5311,Retail,SOLE_PROPRIETOR,ASR,Punjab,2023-05-26 08:14:58,,ACTIVE,0.816,MCH4282,0,0,0,1,0,0,0
5737,"Chaudhary, Raghavan and Brahmbhatt",5912,Pharmacies,INDIVIDUAL,Amritsar,Punjab,2026-02-25 00:00:00,,ACTIVE,1419.52,5737,0,0,0,1,0,0,0
MCH6519,Mane-Madan,5699,Clothing,Partnership,ludhiana,Punjab,2024-12-25 00:00:00,,ACTIVE,978.4,MCH6519,0,0,0,1,0,0,0
MCH2902,"Narang, Varghese and Sur",4131,transprt,individual,Amritsar,Punjab,2023-04-11 16:20:00,,ACTIVE,0.1675,MCH2902,0,0,0,1,0,0,0
MCH6692,"Mohan, Ravi and Sinha",7011,HOTEL_LODGING,partnership,Jalandhar,Punjab,2023-05-10 00:00:00,UFCM4399349836488,ACTIVE,641.51,MCH6692,0,0,0,0,0,0,0
MCH8374,"KOHLI, CHAKRABORTY AND WALI",5942,Books,SOLE_PROPRIETOR,lucknow,Uttar Pradesh,2025-02-16 16:31:03,,ACTIVE,838.62,MCH 8374,0,0,0,1,0,0,0
MCH2217,"Rai, Bala and Shenoy",5411,Grocery Stores,INDIVIDUAL,Mumbay,Maharashtra,2023-08-15 00:00:00,2506258510,ACTIVE,728.77,MCH2217,0,0,0,0,0,0,0
MCH4739,Karpe-Doshi,5411,Grocery Stores,INDIVIDUAL,Lucknow,Uttar Pradesh,2023-10-20 00:00:00,DQQT0527144866471,ACTIVE,-1100.69,MCH4739,1,0,0,0,0,0,0
MCH1345,Bhat Inc,5311,Department Stores,private_limited,Hyd,Telangana,2025-01-28 00:00:00,XXXX9759,ACTIVE,1702.79,MCH 1345,0,0,0,0,0,0,0
MCH2493,"Tella, Lata and Tripathi",8140,TELECOM,INDIVIDUAL,Jaipur,Rajasthan,2023-10-28 00:00:00,ROFA2679305641354,ACTIVE,-4200.08,MCH2493,1,0,0,0,0,0,0
MCH2471,Das Group,5942,BOOKS_STATIONERY,INDIVIDUAL,Jalandhar,Punjab,2024-05-30 00:00:00,SVRE3169162150744,ACTIVE,3177.16,mch2471,0,0,0,0,0,0,0
MCH8854,Kohli-Aurora,4131,Bus/Taxi,PRIVATE-LIMITED,Madras,Tamil Nadu,2023-12-04 00:00:00,XXXX8113,ACTIVE,-429.48,MCH 8854,1,0,0,0,0,0,0
MCH5056,subramaniam plc,5411,GROCERY_STORE,partnership,BLR,Karnataka,,WHRV5412713701234,BLOCKED,473.92,MCH5056,0,0,0,0,1,0,1
MCH3259,Deep and Sons,5912,Pharmacies,partnership,DELHI,Delhi,,7747336061,ACTIVE,308.57,MCH3259,0,0,0,0,1,0,0
MCH8225,Bedi-Date,,Other,PRIVATE-LIMITED,Poona,Maharashtra,2024-02-28 00:00:00,6820537783,ACTIVE,2289.3,MCH 8225,0,0,1,0,0,0,0
MCH2118,Jani-Subramaniam,5942,Stationery,Partnership,Ludhiana,Punjab,2024-05-30 00:00:00,TOPO3167206929855,ACTIVE,1546.09,MCH2118,0,0,0,0,0,0,0
6738,"Jain, Kothari and Subramanian",8140,Telecom,individual,Delhi,Delhi,2025-12-06 23:26:23,MCPW5267667383117,INACTIVE,1846.61,6738,0,0,0,0,0,0,0
MCH7699,chakraborty llc,7011,Hospitality,Sole Proprietor,BLR,Karnataka,2023-01-29 00:00:00,,ACTIVE,145.86,MCH7699,0,0,0,1,0,0,0
MCH8299,Garde PLC,5812,Food,PARTNERSHIP,jaipur,Rajasthan,2023-01-06 00:00:00,,ACTIVE,1496.13,MCH8299,0,0,0,1,0,0,0
MCH8401,Pandey PLC,,Hospitality,partnership,chennai,Tamil Nadu,2025-09-09 00:00:00,0328253862,INACTIVE,0.625,MCH8401,0,0,1,0,0,0,0
MCH4102,Pandya-Kapoor,,Book Store,sole_proprietor,ASR,Punjab,2025-06-03 00:00:00,SZIE5520167745590,ACTIVE,1618.63,MCH 4102,0,0,1,0,0,0,0
MCH8730,"Bhasin, Mall and Sarraf",5999,Misc Retail,PRIVATE-LIMITED,Jalandhar,Punjab,2025-02-13 00:00:00,XXXX3406,ACTIVE,937.7,MCH8730,0,0,0,0,0,0,0
MCH3353,bhardwaj and sons,,chemist,PARTNERSHIP,bengaluru,Karnataka,2023-02-23 13:02:00,,SUSPENDED,4012.28,MCH3353,0,0,1,1,0,1,0
MCH8755,Guha-Dara,5999,Miscellaneous,SOLE-PROPRIETOR,Amritsar,Punjab,2023-08-07 00:00:00,,ACTIVE,3411.15,mch8755,0,0,0,1,0,0,0
MCH1375,"sahota, johal and shanker",5411,groceries,individual,Jalandhar,Punjab,2025-03-02 00:00:00,PHOZ2706415438619,SUSPENDED,1836.94,MCH1375,0,0,0,0,0,1,0
MCH2655,"Brahmbhatt, Desai and Sangha",4814,Telecom,Sole Proprietor,amritsar,Punjab,2026-01-04 00:00:00,4532869649,ACTIVE,0.3102,MCH2655,0,0,0,0,0,0,0
MCH5127,Sankar Group,7011,Hospitality,PARTNERSHIP,New Delhi,Delhi,2024-09-06 00:00:00,3303273399,ACTIVE,2034.47,MCH5127,0,0,0,0,0,0,0
MCH2676,Desai Ltd,4814,TELECOM,PRIVATE-LIMITED,ludhiana,Punjab,2025-05-10 00:00:00,,ACTIVE,399.5,MCH2676,0,0,0,1,0,0,0
MCH9304,Char Ltd,4814,Mobile Recharge,INDIVIDUAL,BLR,Karnataka,2024-01-05 00:00:00,,ACTIVE,531.14,mch9304,0,0,0,1,0,0,0
9888,"Majumdar, Sama and Narayanan",,Mobile Recharge,SOLE_PROPRIETOR,Kolkata,West Bengal,2025-08-13 00:00:00,XXXX3073,INACTIVE,444.72,9888,0,0,1,0,0,0,0
MCH8051,"saxena, kamdar and kannan",5942,Book Store,partnership,New Delhi,Delhi,2024-10-17 00:00:00,,ACTIVE,598.72,MCH8051,0,0,0,1,0,0,0
MCH6016,Batta-Roy,5942,Book Store,PRIVATE_LIMITED,jalandhar,Punjab,2023-07-02 00:00:00,,ACTIVE,3694.66,MCH6016,0,0,0,1,0,0,0
MCH5231,Varghese-Rattan,,Grocery,partnership,Delhi,Delhi,2026-02-05 00:00:00,,ACTIVE,692.04,MCH5231,0,0,1,1,0,0,0
MCH8453,Manne LLC,5699,garments,PRIVATE-LIMITED,amritsar,Punjab,,,ACTIVE,0.397,MCH8453,0,0,0,1,1,0,0
MCH3674,Wason and Sons,5812,Restaurant,individual,delhi,Delhi,2025-07-19 21:11:25,6823891084,ACTIVE,-582.77,MCH3674,1,0,0,0,0,0,0
MCH3662,Dalal-Arora,,Telecom,SOLE-PROPRIETOR,kolkata,West Bengal,2024-01-09 00:00:00,,ACTIVE,4799.31,mch3662,0,0,1,1,0,0,0
MCH7021,"dewan, banerjee and purohit",7011,Hotels,SOLE_PROPRIETOR,Bangalore,Karnataka,2024-07-01 00:00:00,XXXX8572,ACTIVE,969.81,MCH7021,0,0,0,0,0,0,0
MCH7490,datta ltd,5912,Pharmacy,Sole Proprietor,Calcutta,West Bengal,2023-11-12 16:38:03,,ACTIVE,1590.69,MCH7490,0,0,0,1,0,0,0
MCH7430,Pingle-Lata,5311,Department Store,INDIVIDUAL,Lucknow,Uttar Pradesh,2024-09-07 13:29:37,XXXX3604,ACTIVE,2426.91,MCH7430,0,0,0,0,0,0,0
MCH4477,Edwin Group,9120,chemist,PARTNERSHIP,Poona,Maharashtra,2025-12-19 00:00:00,,ACTIVE,1145.96,MCH4477,0,0,0,1,0,0,0
MCH8724,"Ganesh, Sarin and Gera",5411,GROCERY_STORE,Partnership,New Delhi,Delhi,2024-11-20 00:00:00,8119568584,ACTIVE,639.73,MCH8724,0,0,0,0,0,0,0
MCH1772,"Thakur, Talwar and Chahal",5912,Pharmacies,Partnership,pune,Maharashtra,2025-11-19 01:49:18,XXXX1519,ACTIVE,645.09,MCH-1772,0,0,0,0,0,0,0
MCH1420,"Nath, Setty and Pai",7011,Hotel,Partnership,Kolkata,West Bengal,2023-04-08 00:00:00,,INACTIVE,0.1986,MCH1420,0,0,0,1,0,0,0
MCH3070,"Patel, Sandal and Sinha",8140,TELECOM,Individual,Hyderabad,Telangana,2025-09-18 00:00:00,XXXX6846,ACTIVE,1706.27,MCH3070,0,0,0,0,0,0,0
MCH3776,"Kapadia, Sathe and Shenoy",5311,DEPT_STORE,Partnership,Delhi,Delhi,,2896927884,ACTIVE,1854.99,MCH3776,0,0,0,0,1,0,0
MCH4233,Parmar and Sons,5912,MEDICAL_STORE,Sole Proprietor,BLR,Karnataka,2024-07-30 22:30:00,4132683121,INACTIVE,3068.07,MCH4233,0,0,0,0,0,0,0
MCH3523,"Khare, Radhakrishnan and Gala",5812,Food,INDIVIDUAL,JPR,Rajasthan,2025-04-12 00:00:00,,ACTIVE,-577.79,MCH3523,1,0,0,1,0,0,0
MCH5712,Goda-Kashyap,9420,Books,private_limited,Amritsar,Punjab,2025-01-12 00:00:00,ILKC7960163227117,ACTIVE,,MCH5712,0,1,0,0,0,0,0
MCH3070,Agate-Chopra,5411,GROCERY_STORE,sole_proprietor,Bombay,Maharashtra,2025-04-29 00:00:00,4174323514,ACTIVE,0.1355,MCH 3070,0,0,0,0,0,0,0
MCH6061,nazareth plc,4131,transport,sole_proprietor,Poona,Maharashtra,2025-02-02 12:44:57,,SUSPENDED,1189.87,MCH6061,0,0,0,1,0,1,0
MCH4233,Padmanabhan and Sons,9990,Misc Retail,SOLE-PROPRIETOR,Ludhiana,Punjab,2025-02-04 00:00:00,4395615588,ACTIVE,1697.48,MCH4233,0,0,0,0,0,0,0
MCH8197,Virk-Venkataraman,5912,chemist,SOLE-PROPRIETOR,Kolkata,West Bengal,2024-03-01 00:00:00,,ACTIVE,964.03,MCH8197,0,0,0,1,0,0,0
MCH3085,"SARKAR, MEMON AND MAND",,Bus/Taxi,individual,Poona,Maharashtra,2025-07-16 00:00:00,,ACTIVE,-1826.45,MCH3085,1,0,1,1,0,0,0
8756,Warrior Inc,6990,Fashion,private_limited,Jalandar,Punjab,2023-04-10 00:00:00,9910438985,ACTIVE,1476.03,8756,0,0,0,0,0,0,0
MCH1863,Sachar-Gokhale,5942,Book Store,private_limited,Hyderabad,Telangana,2024-03-24 16:08:37,XXXX8775,ACTIVE,760.42,MCH-1863,0,0,0,0,0,0,0
MCH9494,"Wable, Warrior and Parmer",,TELECOM,Individual,pune,Maharashtra,2024-05-27 00:00:00,,ACTIVE,455.01,MCH9494,0,0,1,1,0,0,0
MCH4729,deshpande inc,0110,HOTEL_LODGING,SOLE-PROPRIETOR,mumbai,Maharashtra,,XXXX6726,INACTIVE,1506.61,MCH4729,0,0,0,0,1,0,0
MCH1836,"Nazareth, Bahl and Manda",5411,GROCERY_STORE,PRIVATE-LIMITED,HYDERABAD,Telangana,2023-11-15 00:00:00,IUQT6934618863943,ACTIVE,,MCH 1836,0,1,0,0,0,0,0
MCH9918,"Jha, Kumer and Srivastava",6990,CLOTHS,sole_proprietor,bengaluru,Karnataka,2024-01-16 02:34:09,UOAA2292690080709,INACTIVE,902.09,MCH9918,0,0,0,0,0,0,0
7336,Krishnan and Sons,8120,eating place,PARTNERSHIP,Jalandhar,Punjab,2024-09-03 00:09:50,2456383296,ACTIVE,1122.92,7336,0,0,0,0,0,0,0
MCH9307,"Bajwa, Dhawan and Guha",,eating place,SOLE-PROPRIETOR,Jalandar,Punjab,2024-07-03 00:00:00,,ACTIVE,468.19,MCH9307,0,0,1,1,0,0,0
MCH8233,Patel Ltd,5411,groceries,PARTNERSHIP,Jalandar,Punjab,2024-12-28 17:57:00,,ACTIVE,1942.94,MCH-8233,0,0,0,1,0,0,0
MCH6671,Chandran-Dada,6990,Clothing,PARTNERSHIP,amritsar,Punjab,2023-04-12 00:00:00,6648722960,ACTIVE,2579.5,MCH6671,0,0,0,0,0,0,0
MCH9620,prakash group,5411,kirana,Partnership,ludhiana,Punjab,2023-02-02 08:54:57,,ACTIVE,2975.01,MCH9620,0,0,0,1,0,0,0
MCH2769,sehgal plc,4814,TELECOM,PRIVATE-LIMITED,ASR,Punjab,2023-09-19 00:00:00,3613137952,ACTIVE,0.131,MCH2769,0,0,0,0,0,0,0
MCH3618,"Narang, Atwal and Merchant",,Medical,SOLE_PROPRIETOR,Mumbai,Maharashtra,2023-07-25 00:00:00,LZII0053942814377,ACTIVE,1728.22,MCH3618,0,0,1,0,0,0,0
MCH9149,Bandi Inc,5999,Other,Partnership,JPR,Rajasthan,2025-03-15 00:00:00,,ACTIVE,2169.18,MCH9149,0,0,0,1,0,0,0
MCH2165,Venkataraman-Seshadri,5912,MEDICAL_STORE,Sole Proprietor,Pune,Maharashtra,2024-06-26 00:00:00,,ACTIVE,137.68,MCH2165,0,0,0,1,0,0,0
MCH1832,Mistry-Chaudhary,5999,Other,INDIVIDUAL,Hyd,Telangana,2024-12-11 00:06:45,,INACTIVE,448.33,MCH1832,0,0,0,1,0,0,0
MCH1640,Trivedi-Agrawal,5411,kirana,PRIVATE_LIMITED,Jalandhar,Punjab,2025-01-25 11:29:34,WQQD1666405545072,ACTIVE,2316.65,MCH1640,0,0,0,0,0,0,0
MCH7314,Mahajan-B0rde,5999,Retail Other,partnership,lucknow,Uttar Pradesh,2023-01-05 09:53:50,3772469001,ACTIVE,0.1003,MCH7314,0,0,0,0,0,0,0
MCH4688,Hora PLC,,chemist,INDIVIDUAL,ludhiana,Punjab,2024-05-18 00:00:00,XXXX6054,SUSPENDED,0.1146,MCH-4688,0,0,1,0,0,1,0
MCH8612,KURIAN-GODA,5812,eating place,sole_proprietor,Bombay,Maharashtra,2023-07-18 06:11:37,XXXX5561,ACTIVE,1133.93,MCH-8612,0,0,0,0,0,0,0
MCH7400,Chaudhari Ltd,,Other,individual,Dilli,Delhi,2025-07-01 00:00:00,,SUSPENDED,1040.56,MCH7400,0,0,1,1,0,1,0
4118,Upadhyay LLC,4131,Transportation,Private Limited,Calcutta,West Bengal,2024-03-16 00:00:00,,ACTIVE,,4118,0,1,0,1,0,0,0
MCH1197,"Gaba, Wadhwa and Sahni",5411,Grocery Stores,Private Limited,mumbai,Maharashtra,2024-08-01 00:00:00,8143796682,ACTIVE,488.96,MCH1197,0,0,0,0,0,0,0
MCH1718,Wason-Vaidya,5311,Retail,PRIVATE_LIMITED,Jalandhar,Punjab,2025-04-04 17:19:00,,ACTIVE,705.66,MCH1718,0,0,0,1,0,0,0
MCH9800,Dasgupta-Sathe,7011,Hotel,partnership,ludhiana,Punjab,2024-06-13 13:22:14,4290574632,ACTIVE,,MCH9800,0,1,0,0,0,0,0
MCH2198,"Arya, Dalal and Keer",8120,Restaurant,PRIVATE-LIMITED,jaipur,Rajasthan,2023-09-08 16:05:16,,ACTIVE,2776.31,MCH2198,0,0,0,1,0,0,0
MCH3395,"Boase, Dutt and Sami",5912,Pharmacy,PARTNERSHIP,jaipur,Rajasthan,2024-07-22 00:00:00,,INACTIVE,0.619,mch3395,0,0,0,1,0,0,0
MCH3547,RAMANATHAN-DADA,5812,Food,PRIVATE_LIMITED,Dilli,Delhi,2025-02-03 00:00:00,,ACTIVE,5262.6,MCH3547,0,0,0,1,0,0,0
MCH7837,Wali Group,,Miscellaneous,Individual,kolkata,West Bengal,2023-06-03 00:00:00,,ACTIVE,803.03,MCH7837,0,0,1,1,0,0,0
MCH3890,Tata-Bal,,chemist,INDIVIDUAL,Poona,Maharashtra,2026-02-22 00:00:00,,ACTIVE,0.668,MCH3890,0,0,1,1,0,0,0
MCH7218,Varghese-Arya,7011,Hospitality,Private Limited,LKO,Uttar Pradesh,2025-12-25 00:00:00,VAFX9362941506530,ACTIVE,2725.82,mch7218,0,0,0,0,0,0,0
MCH2943,Kh0s1a LLC,5812,Restaurant,Private Limited,Mumbay,Maharashtra,2024-03-29 00:00:00,XXXX8006,ACTIVE,2741.64,MCH2943,0,0,0,0,0,0,0
MCH2083,Patla-Basak,5912,MEDICAL_STORE,individual,Calcutta,West Bengal,2024-10-08 01:26:00,,SUSPENDED,556.93,MCH2083,0,0,0,1,0,1,0
MCH3361,Sabharwal-Shah,,transprt,Partnership,Jalandhar,Punjab,2024-01-06 00:00:00,KQNB2621280715561,INACTIVE,887.23,mch3361,0,0,1,0,0,0,0
MCH1195,Cherian-Rana,4131,Transport,SOLE_PROPRIETOR,Jalandhar,Punjab,2025-09-09 00:00:00,,ACTIVE,364.17,MCH 1195,0,0,0,1,0,0,0
MCH6131,"Dhar, Dada and Bakshi",,CLOTHS,Partnership,Bangalore,Karnataka,2024-03-10 19:58:24,4600930161,ACTIVE,0.1921,mch6131,0,0,1,0,0,0,0
MCH9996,Kala-Nadkarni,5699,Apparel,PRIVATE-LIMITED,Dilli,Delhi,2023-01-03 00:00:00,XXXX7769,ACTIVE,628.11,MCH 9996,0,0,0,0,0,0,0
MCH1164,Goda PLC,4131,Transport,partnership,Ludhiana,Punjab,2025-10-27 00:00:00,,ACTIVE,0.953,MCH1164,0,0,0,1,0,0,0
MCH2384,"ATWAL, SAWHNEY AND MAGAR",5999,Misc Retail,Sole Proprietor,lucknow,Uttar Pradesh,2023-01-20 23:37:00,,ACTIVE,0.638,MCH2384,0,0,0,1,0,0,0
MCH5186,"Iyer, Sarma and Issac",5311,Department Store,PRIVATE-LIMITED,jaipur,Rajasthan,2023-03-27 20:46:00,WHOY9873117052427,INACTIVE,830.18,MCH5186,0,0,0,0,0,0,0
MCH1956,Sodhi PLC,5912,Pharmacy,INDIVIDUAL,amritsar,Punjab,2025-09-28 15:41:51,TLKU2109519549509,INACTIVE,1459.74,MCH1956,0,0,0,0,0,0,0
MCH8136,Bora Inc,7011,Hotel,sole_proprietor,amritsar,Punjab,2025-10-27 00:00:00,XXXX8920,INACTIVE,0.635,mch8136,0,0,0,0,0,0,0
MCH5366,Bali Ltd,5311,Department Store,PRIVATE_LIMITED,lucknow,Uttar Pradesh,2024-02-25 00:00:00,XXXX6307,INACTIVE,1551.58,MCH5366,0,0,0,0,0,0,0
MCH2870,"Loyal, Buch and Ghose",5812,Restaurants,Sole Proprietor,Delhi,Delhi,2025-05-27 02:11:43,,ACTIVE,2213.61,MCH2870,0,0,0,1,0,0,0
MCH5443,LOYAL-NARASIMHAN,7011,Hotels,individual,Kolkata,West Bengal,2023-09-12 04:07:04,VCRF1570737200411,ACTIVE,1593.65,MCH5443,0,0,0,0,0,0,0
MCH1929,"Bahri,DaraandSaran",5942,Book Store,Private Limited,JPR,Rajasthan,2025-12-26 09:06:43,XXXX4676,ACTIVE,-2563.73,MCH1929,1,0,0,0,0,0,0
MCH7620,"Vaidya, Deshmukh and Cherian",5942,Book Store,Individual,pune,Maharashtra,2024-10-20 02:51:25,SIIG8824885521026,HOLD,1771.87,MCH7620,0,0,0,0,0,0,0
MCH7851,"Warrior, Hora and Dayal",4814,phone service,INDIVIDUAL,Jalandar,Punjab,2024-02-07 00:00:00,6337984791,ACTIVE,,MCH7851,0,1,0,0,0,0,0
MCH8407,Dey Group,4131,Transport,INDIVIDUAL,Lucknow,Uttar Pradesh,2024-07-10 00:00:00,,ACTIVE,2726.27,MCH8407,0,0,0,1,0,0,0
MCH4104,Sawhney-Suri,4814,TELECOM,INDIVIDUAL,Hyd,Telangana,2023-12-15 00:00:00,8776394591,INACTIVE,0.295,MCH4104,0,0,0,0,0,0,0
MCH3907,"Andra, Chakrabarti and Khalsa",5311,Department Store,SOLE_PROPRIETOR,mumbai,Maharashtra,,OAMS4252276899430,ACTIVE,1320.29,MCH3907,0,0,0,0,1,0,0
MCH5549,Bahri Ltd,5812,FOOD_SERVICES,PARTNERSHIP,Madras,Tamil Nadu,2023-10-06 00:00:00,XXXX0036,ACTIVE,1045.04,MCH5549,0,0,0,0,0,0,0
MCH5092,Dubey-Gade,4814,Telecom,PARTNERSHIP,kolkata,West Bengal,2023-07-01 00:00:00,,ACTIVE,730.73,MCH5092,0,0,0,1,0,0,0
MCH9492,Sahni-Ravel,3110,DEPT_STORE,Individual,Lucknow,Uttar Pradesh,2024-03-01 00:00:00,1939900223,ACTIVE,3080.63,MCH9492,0,0,0,0,0,0,0
MCH4630,MODI AND SONS,6990,garments,sole_proprietor,jalandhar,Punjab,2023-03-01 00:00:00,,ACTIVE,333.91,MCH4630,0,0,0,1,0,0,0
4481,Nagi Inc,5699,CLOTHS,PARTNERSHIP,Poona,Maharashtra,2023-11-28 12:44:00,,ACTIVE,2759.79,4481,0,0,0,1,0,0,0
MCH6783,"Deep, Pall and Suri",5912,Medical,INDIVIDUAL,LKO,Uttar Pradesh,2025-11-28 13:45:00,,ACTIVE,0.1131,MCH6783,0,0,0,1,0,0,0
MCH7896,Samra LLC,7011,Hospitality,Private Limited,Calcutta,West Bengal,2023-10-16 00:00:00,SGTY6881761008390,HOLD,2276.65,MCH7896,0,0,0,0,0,0,0
MCH8600,"KALITA, BAINS AND GANDHI",5812,Restaurants,SOLE-PROPRIETOR,DELHI,Delhi,2024-07-06 00:00:00,RRYJ6587686551997,ACTIVE,0.855,MCH8600,0,0,0,0,0,0,0
MCH9207,"JANI, MITTAL AND NARASIMHAN",5411,Grocery,Partnership,Bengaluru,Karnataka,2025-01-15 11:22:00,XJLY4559421802745,INACTIVE,1049.45,mch9207,0,0,0,0,0,0,0
MCH8725,Gala Group,7011,Hotels,PRIVATE-LIMITED,JPR,Rajasthan,2024-08-14 22:49:00,PIMP1040686768002,ACTIVE,0.7512,MCH 8725,0,0,0,0,0,0,0
MCH2623,"Oak, Nadig and Doshi",5411,kirana,sole_proprietor,jalandhar,Punjab,2025-03-18 11:32:41,SGLM9352062021997,ACTIVE,1380.47,MCH2623,0,0,0,0,0,0,0
3280,"Vohra, Bora and Vasa",4110,GROCERY_STORE,PRIVATE_LIMITED,pune,Maharashtra,2023-10-16 16:01:00,,SUSPENDED,412.76,3280,0,0,0,1,0,1,0
MCH6216,Agarwal Group,5812,FOOD_SERVICES,PRIVATE-LIMITED,Amritsar,Punjab,2024-03-28 00:00:00,XXXX1409,ACTIVE,0.121,MCH6216,0,0,0,0,0,0,0
MCH4809,Viswanathan PLC,7011,HOTEL_LODGING,INDIVIDUAL,kolkata,West Bengal,2023-07-12 14:32:20,,ACTIVE,1713.6,MCH4809,0,0,0,1,0,0,0
MCH3327,Balay Ltd,5912,Medical,PARTNERSHIP,ASR,Punjab,2024-06-10 00:00:00,4132109142,ACTIVE,799.92,MCH3327,0,0,0,0,0,0,0
MCH1984,"Lala, Wagle and Bal",5699,Fashion,PARTNERSHIP,Madras,Tamil Nadu,2025-01-08 00:00:00,,ACTIVE,5244.88,MCH-1984,0,0,0,1,0,0,0
MCH5944,Jayaraman-Bhattacharyya,4131,Bus/Taxi,PRIVATE-LIMITED,Hyd,Telangana,2023-04-09 00:00:00,BTLX3994335719192,ACTIVE,545.7,MCH 5944,0,0,0,0,0,0,0
MCH3824,Chand-Sarna,5812,FOOD_SERVICES,sole_proprietor,Calcutta,West Bengal,2025-08-24 00:00:00,,ACTIVE,733.85,MCH3824,0,0,0,1,0,0,0
MCH8598,Chanda-Parekh,,Books,PARTNERSHIP,ludhiana,Punjab,,5300981765,ACTIVE,1205.19,MCH8598,0,0,1,0,1,0,0
MCH2846,"SHA, RAMANATHAN AND KOTA",5411,Grocery,Individual,jaipur,Rajasthan,2025-09-30 00:00:00,2763596998,INACTIVE,2995.95,MCH2846,0,0,0,0,0,0,0
MCH2576,"Shan,SemandPau",5311,Department Stores,PARTNERSHIP,HYDERABAD,Telangana,2023-12-03 00:00:00,3390811191,ACTIVE,472.21,MCH2576,0,0,0,0,0,0,0
MCH3841,"SANDHU, KHOSLA AND GUHA",5999,Miscellaneous,Partnership,Bangalore,Karnataka,2024-09-16 00:00:00,7616513593,INACTIVE,2207.18,MCH3841,0,0,0,0,0,0,0
MCH3085,mander-mital,7011,Hotel,PRIVATE-LIMITED,chennai,Tamil Nadu,2024-08-20 01:44:53,,ACTIVE,3842.0,MCH3085,0,0,0,1,0,0,0
MCH1952,Madan Inc,5942,Books,Partnership,Chennai,Tamil Nadu,2024-06-28 00:00:00,7688662215,INACTIVE,1643.17,MCH1952,0,0,0,0,0,0,0
MCH4574,Cherian and Sons,5311,Department Store,INDIVIDUAL,Lucknow,Uttar Pradesh,2024-08-31 00:00:00,XXXX0148,ACTIVE,789.16,MCH4574,0,0,0,0,0,0,0
MCH5841,Nori Group,5912,Medical,sole_proprietor,mumbai,Maharashtra,2023-01-11 06:18:00,,ACTIVE,466.44,MCH5841,0,0,0,1,0,0,0
MCH4530,"BHANDARI, RAMAKRISHNAN AND SRINIVASAN",5812,FOOD_SERVICES,PARTNERSHIP,Pune,Maharashtra,2023-10-12 00:00:00,8219848716,ACTIVE,669.95,MCH 4530,0,0,0,0,0,0,0
MCH5204,Sibal-Kanda,,BOOKS_STATIONERY,Private Limited,Ludhiana,Punjab,2025-06-20 00:00:00,3994262713,ACTIVE,-692.13,MCH-5204,1,0,1,0,0,0,0
MCH5401,"Sama, Ar0ra and Mem0n",,BOOKS_STATIONERY,private_limited,kolkata,West Bengal,2023-07-23 00:00:00,,ACTIVE,-571.93,MCH5401,1,0,1,1,0,0,0
MCH1213,Ray LLC,5912,pharmacies,PARTNERSHIP,pune,Maharashtra,2024-01-07 18:33:52,1805958295,ACTIVE,0.1556,MCH1213,0,0,0,0,0,0,0
MCH6206,"Sanghvi, Dugar and Rajagopal",4814,phone service,individual,Chennai,Tamil Nadu,2025-03-31 00:00:00,5473942096,ACTIVE,683.76,MCH6206,0,0,0,0,0,0,0
MCH4043,Sodhi Group,5942,BOOKS_STATIONERY,Partnership,ludhiana,Punjab,,QEIP6568462838668,INACTIVE,-524.55,MCH4043,1,0,0,0,1,0,0
MCH5608,raman-behl,8120,Food,individual,ASR,Punjab,2023-10-05 00:00:00,,ACTIVE,251.88,MCH5608,0,0,0,1,0,0,0
MCH1159,Sabharwal-Gole,4814,Telecom,PARTNERSHIP,Hyd,Telangana,,XXXX4659,INACTIVE,790.13,MCH1159,0,0,0,0,1,0,0
MCH6388,pillai-subramaniam,5699,Clothing,SOLE_PROPRIETOR,Jalandar,Punjab,2023-04-28 10:55:00,XXXX3833,INACTIVE,2418.46,MCH6388,0,0,0,0,0,0,0
MCH8876,Apte and Sons,5812,Food,PARTNERSHIP,Kolkata,West Bengal,2024-02-03 09:35:16,,ACTIVE,0.262,MCH8876,0,0,0,1,0,0,0
MCH3755,Hayer and Sons,5812,FOOD_SERVICES,PRIVATE_LIMITED,Poona,Maharashtra,2025-08-02 17:59:03,1710186455,ACTIVE,1098.64,MCH3755,0,0,0,0,0,0,0
MCH8598,"Raghavan, Nadig and Karpe",5812,FOOD_SERVICES,Sole Proprietor,pune,Maharashtra,2024-06-16 14:32:56,XXXX2019,ACTIVE,1385.16,MCH-8598,0,0,0,0,0,0,0
MCH4077,Din LLC,4131,transprt,SOLE-PROPRIETOR,Jaipur,Rajasthan,2024-09-21 00:00:00,,ACTIVE,640.73,MCH 4077,0,0,0,1,0,0,0
MCH4926,Shankar Ltd,5812,restaurant,individual,Hyderabad,Telangana,2024-12-28 03:14:33,6804229881,ACTIVE,,MCH4926,0,1,0,0,0,0,0
MCH2719,"RANGANATHAN, MALL AND AGGARWAL",8120,FOOD_SERVICES,Partnership,lucknow,Uttar Pradesh,2024-05-24 21:02:58,,ACTIVE,2283.24,MCH 2719,0,0,0,1,0,0,0
MCH1004,Pillai-Mohan,4131,TRAVEL,SOLE-PROPRIETOR,LKO,Uttar Pradesh,2023-08-04 00:00:00,3448414449,ACTIVE,342.7,MCH 1004,0,0,0,0,0,0,0
MCH1275,Kata Group,7011,HOTEL_LODGING,PARTNERSHIP,Lucknow,Uttar Pradesh,2025-09-11 07:33:00,XXXX0284,ACTIVE,252.53,MCH1275,0,0,0,0,0,0,0
MCH6165,"Luthra, Bala and Khurana",,Hospitality,individual,Lucknow,Uttar Pradesh,2025-01-29 00:00:00,XXXX9557,ACTIVE,1785.07,MCH6165,0,0,1,0,0,0,0
MCH7432,Agate PLC,5812,Restaurant,INDIVIDUAL,Madras,Tamil Nadu,2024-06-11 00:00:00,OKRJ7586561022456,ACTIVE,88.41,MCH7432,0,0,0,0,0,0,0
MCH9377,"Badal, Mitter and Mitter",5912,Medical,Sole Proprietor,LKO,Uttar Pradesh,2024-08-22 00:00:00,USJW2353874844902,ACTIVE,,MCH9377,0,1,0,0,0,0,0
MCH8132,VENKATARAMAN-YADAV,5942,Books,PARTNERSHIP,Kolkata,West Bengal,2023-10-30 00:00:00,7864776232,INACTIVE,2105.69,MCH8132,0,0,0,0,0,0,0
MCH6039,Padmanabhan-Bora,4814,TELECOM,SOLE-PROPRIETOR,lucknow,Uttar Pradesh,,,ACTIVE,6727.69,MCH6039,0,0,0,1,1,0,0
MCH5249,Tak Inc,7011,HOTEL_LODGING,PRIVATE-LIMITED,Lucknow,Uttar Pradesh,2025-03-10 00:00:00,,ACTIVE,-1525.16,MCH5249,1,0,0,1,0,0,0
MCH7876,Yadav-Bansal,5942,Stationery,individual,lucknow,Uttar Pradesh,2024-09-22 00:00:00,,ACTIVE,-549.03,MCH7876,1,0,0,1,0,0,0
MCH2592,"mander, goel and soni",,Transport,INDIVIDUAL,Bombay,Maharashtra,2023-04-25 00:01:00,,ACTIVE,1371.19,MCH-2592,0,0,1,1,0,0,0
MCH1725,"Narayanan, Thaker and Sandhu",5999,Retail Other,Partnership,JPR,Rajasthan,2025-02-15 04:37:51,XXXX2721,ACTIVE,385.5,MCH1725,0,0,0,0,0,0,0
MCH6566,"Kala, Talwar and Keer",5311,Department Stores,PRIVATE_LIMITED,chennai,Tamil Nadu,2024-02-15 00:00:00,2935227590,ACTIVE,-2110.86,MCH6566,1,0,0,0,0,0,0
MCH7331,Kala-Loyal,5311,Retail,SOLE_PROPRIETOR,HYDERABAD,Telangana,2024-05-20 00:00:00,6553174901,ACTIVE,,MCH7331,0,1,0,0,0,0,0
MCH6165,"chandran, dey and dalal",,Apparel,Private Limited,delhi,Delhi,2025-08-29 16:50:00,CFEB4939576870397,ACTIVE,1513.56,mch6165,0,0,1,0,0,0,0
MCH8537,Sunder LLC,4131,TRAVEL,PRIVATE-LIMITED,chennai,Tamil Nadu,2025-09-16 00:00:00,FNGX1491502830694,ACTIVE,1072.34,MCH8537,0,0,0,0,0,0,0
MCH6218,chad-bhakta,5411,Grocery,SOLE-PROPRIETOR,Madras,Tamil Nadu,2023-12-23 00:00:00,TDSR2442651102267,ACTIVE,0.218,MCH6218,0,0,0,0,0,0,0
MCH9543,Khanna-Som,5942,Book Store,SOLE_PROPRIETOR,bengaluru,Karnataka,2023-11-13 04:04:51,XXXX7044,ACTIVE,1143.19,MCH9543,0,0,0,0,0,0,0
MCH7050,CHAND AND SONS,5912,Pharmacy,PRIVATE-LIMITED,bengaluru,Karnataka,2025-02-04 15:33:07,XXXX7630,ACTIVE,781.34,mch7050,0,0,0,0,0,0,0
MCH6061,"Nadkarni, Tella and Padmanabhan",4131,Bus/Taxi,individual,Chennai,Tamil Nadu,2024-11-22 00:00:00,9827765407,ACTIVE,,MCH6061,0,1,0,0,0,0,0
MCH5701,"Lad, Thakkar and Nazareth",4131,Bus/Taxi,Private Limited,Calcutta,West Bengal,,XXXX7572,ACTIVE,1254.73,MCH5701,0,0,0,0,1,0,0
MCH4287,"Kuruvilla, Chanda and Sood",4131,Transport,INDIVIDUAL,Jalandhar,Punjab,2025-04-01 00:00:00,,ACTIVE,1244.04,MCH4287,0,0,0,1,0,0,0
MCH2525,NARAYAN-MALLICK,5912,MEDICAL_STORE,Sole Proprietor,amritsar,Punjab,2025-03-17 22:22:00,,ACTIVE,1084.48,MCH 2525,0,0,0,1,0,0,0
MCH5842,"Dutt, Trivedi and Dhingra",5942,Stationery,partnership,amritsar,Punjab,2024-01-21 11:32:28,XXXX5651,ACTIVE,182.55,MCH5842,0,0,0,0,0,0,0
MCH5213,Keer-Yadav,7011,HOTEL_LODGING,PRIVATE-LIMITED,jalandhar,Punjab,2023-09-04 17:38:00,NHOQ3812159504524,ACTIVE,2157.19,MCH5213,0,0,0,0,0,0,0
MCH9332,Gupta Inc,5912,Pharmacy,PRIVATE-LIMITED,pune,Maharashtra,2023-09-24 00:00:00,,ACTIVE,1393.93,MCH9332,0,0,0,1,0,0,0
MCH6651,"CHOUDHRY, SARMA AND SESHADRI",7011,Hotel,Sole Proprietor,delhi,Delhi,2024-10-05 13:55:27,SMUJ2866206053187,ACTIVE,0.2606,MCH6651,0,0,0,0,0,0,0
MCH7521,Boase PLC,1310,Bus/Taxi,Sole Proprietor,Calcutta,West Bengal,2026-01-27 00:00:00,WKCL3458708850629,ACTIVE,0.88,MCH7521,0,0,0,0,0,0,0
MCH6240,"Dutta, Aggarwal and Devan",5812,eating place,Sole Proprietor,ASR,Punjab,2025-09-04 19:02:29,,ACTIVE,905.07,MCH6240,0,0,0,1,0,0,0
MCH7096,Saxena-Kara,5942,Books,partnership,Jaipur,Rajasthan,2025-01-25 02:10:00,,ACTIVE,1167.73,MCH7096,0,0,0,1,0,0,0
MCH2851,Minhas Group,5311,Department Stores,SOLE-PROPRIETOR,HYDERABAD,Telangana,2023-01-25 00:00:00,XXXX8636,ACTIVE,1535.83,MCH2851,0,0,0,0,0,0,0
9546,"Mohan, Tak and Dhingra",5999,Retail Other,sole_proprietor,Amritsar,Punjab,2024-11-20 10:50:24,XXXX5350,ACTIVE,1645.26,9546,0,0,0,0,0,0,0
MCH3612,Lal Inc,4814,Mobile Recharge,INDIVIDUAL,Poona,Maharashtra,2025-01-07 06:10:00,XXXX1339,ACTIVE,354.59,mch3612,0,0,0,0,0,0,0
MCH7095,SONI-DUBEY,5812,Restaurants,INDIVIDUAL,Mumbai,Maharashtra,2025-01-05 00:00:00,,ACTIVE,589.1,MCH 7095,0,0,0,1,0,0,0
8889,"Mahal, Edwin and Dasgupta",5699,garments,Sole Proprietor,Poona,Maharashtra,2023-03-26 00:00:00,,SUSPENDED,-1329.62,8889,1,0,0,1,0,1,0
MCH4847,Dhillon-Pillay,7011,Hotels,PRIVATE-LIMITED,Lucknow,Uttar Pradesh,2023-12-10 00:00:00,5738051147,ACTIVE,2178.15,MCH4847,0,0,0,0,0,0,0
MCH3237,Gaba Inc,5999,miscellaneous,SOLE-PROPRIETOR,Delhi,Delhi,2023-03-06 15:03:00,YPVB7296650386869,SUSPENDED,,MCH3237,0,1,0,0,0,1,0
MCH4319,"CHAUDHRY, RAJAN AND LAD",5812,eating place,Private Limited,jaipur,Rajasthan,2025-07-13 00:00:00,,SUSPENDED,1128.44,MCH4319,0,0,0,1,0,1,0
2137,Saran and Sons,6990,CLOTHS,Private Limited,DELHI,Delhi,2023-11-10 00:00:00,,ACTIVE,2376.86,2137,0,0,0,1,0,0,0
MCH1109,Sinha-Bumb,4131,Bus/Taxi,Private Limited,Amritsar,Punjab,2023-02-11 07:38:00,,ACTIVE,-1745.05,MCH1109,1,0,0,1,0,0,0
6939,"Memon, Gole and Pingle",8120,Restaurants,PRIVATE-LIMITED,Lucknow,Uttar Pradesh,2023-09-13 00:00:00,VYGQ0383354923460,INACTIVE,1508.63,6939,0,0,0,0,0,0,0
MCH6219,"Morar, Walla and Behl",5912,MEDICAL_STORE,partnership,Delhi,Delhi,2024-06-24 00:00:00,,ACTIVE,4347.57,MCH6219,0,0,0,1,0,0,0
MCH9624,Brar-Chad,5311,DEPT_STORE,INDIVIDUAL,Amritsar,Punjab,2025-02-04 00:00:00,XXXX6058,SUSPENDED,2595.66,MCH9624,0,0,0,0,0,1,0
MCH6299,Pathak-Mukherjee,5999,Other,Individual,Dilli,Delhi,2025-02-02 00:00:00,,ACTIVE,256.83,MCH6299,0,0,0,1,0,0,0
MCH6852,Swamy-Srinivas,4814,TELECOM,PRIVATE-LIMITED,Madras,Tamil Nadu,,SOKG3294393943682,ACTIVE,-449.44,MCH6852,1,0,0,0,1,0,0
MCH7614,WaliLtd,5699,garments,individual,Mumbai,Maharashtra,2023-07-03 00:00:00,BEBD9243619313229,ACTIVE,0.969,MCH7614,0,0,0,0,0,0,0
MCH2757,Chhabra-Dugar,5699,Clothing,sole_proprietor,Kolkata,West Bengal,2025-11-16 00:00:00,XXXX2280,ACTIVE,1214.2,MCH2757,0,0,0,0,0,0,0
MCH4667,Kapur-Gara,5812,Food,PRIVATE_LIMITED,delhi,Delhi,2025-10-30 17:47:05,9822186565,ACTIVE,1043.72,MCH-4667,0,0,0,0,0,0,0
MCH1014,"Raghavan, Barad and Bahl",5812,Food,PARTNERSHIP,Pune,Maharashtra,2024-03-23 00:00:00,PDTL9868386773357,ACTIVE,,MCH1014,0,1,0,0,0,0,0
MCH8715,"Raju,LokeandVora",5999,Retail Other,PARTNERSHIP,HYDERABAD,Telangana,2025-09-14 00:00:00,,ACTIVE,1332.26,MCH-8715,0,0,0,1,0,0,0
MCH9964,Dua Inc,4131,Transportation,SOLE-PROPRIETOR,Mumbay,Maharashtra,2023-02-06 00:00:00,,INACTIVE,794.67,MCH-9964,0,0,0,1,0,0,0
MCH9790,Ganesh-La1,5999,Other,SOLE_PROPRIETOR,New Delhi,Delhi,2024-03-11 00:00:00,XCKU8726264646953,ACTIVE,914.14,MCH9790,0,0,0,0,0,0,0
MCH5892,Mangat-Dutta,,stationery,SOLE-PROPRIETOR,jaipur,Rajasthan,2023-10-08 00:00:00,3873887194,INACTIVE,2243.17,mch5892,0,0,1,0,0,0,0
MCH1774,"chawla, luthra and kapur",4814,phone service,SOLE_PROPRIETOR,Amritsar,Punjab,2024-08-09 00:00:00,MJXY1754643071882,ACTIVE,691.84,MCH1774,0,0,0,0,0,0,0
MCH5447,Chhabra-Bajaj,,GROCERY_STORE,SOLE_PROPRIETOR,Hyderabad,Telangana,2025-04-08 02:41:21,3031826064,ACTIVE,363.53,MCH5447,0,0,1,0,0,0,0
MCH4928,"NARANG, BEDI AND SACHAR",5699,CLOTHS,PRIVATE_LIMITED,Jalandar,Punjab,2025-09-25 00:00:00,,ACTIVE,3146.1,MCH-4928,0,0,0,1,0,0,0
MCH4398,"BOSE, DHAR AND OZA",5812,Restaurant,INDIVIDUAL,jalandhar,Punjab,2024-03-06 00:00:00,VPBZ3389716321736,ACTIVE,580.38,MCH4398,0,0,0,0,0,0,0
MCH2997,Mohanty Ltd,7011,HOTEL_LODGING,INDIVIDUAL,Bengaluru,Karnataka,2024-10-16 00:00:00,AVZS8243524193975,ACTIVE,2948.35,MCH2997,0,0,0,0,0,0,0
MCH7098,Patla PLC,4131,Bus/Taxi,Individual,Jaipur,Rajasthan,2024-11-14 15:07:19,,ACTIVE,0.926,mch7098,0,0,0,1,0,0,0
MCH2435,"BADAL, CHADA AND NARANG",5699,Fashion,PRIVATE_LIMITED,ludhiana,Punjab,,0219895854,ACTIVE,2576.23,MCH2435,0,0,0,0,1,0,0
MCH6284,Grewal-Kulkarni,,Hospitality,private_limited,Chennai,Tamil Nadu,2025-02-07 00:00:00,,ACTIVE,1068.79,MCH6284,0,0,1,1,0,0,0
MCH7360,RAJAN-SAHNI,,phone service,Partnership,Kolkata,West Bengal,2023-11-05 00:00:00,HKWU3873449938871,INACTIVE,1218.43,mch7360,0,0,1,0,0,0,0
MCH7790,Barman-Roy,5942,Book Store,SOLE_PROPRIETOR,chennai,Tamil Nadu,2025-05-28 00:00:00,3171421828,ACTIVE,1525.46,MCH7790,0,0,0,0,0,0,0
MCH1899,Subramaniam-Bedi,,BOOKS_STATIONERY,PRIVATE-LIMITED,Ludhiana,Punjab,2025-09-27 00:00:00,XXXX4698,ACTIVE,,MCH1899,0,1,1,0,0,0,0
MCH7258,"om, swaminathan and ray",5699,Apparel,private_limited,jaipur,Rajasthan,2024-07-16 08:10:14,ARZZ7929473227025,INACTIVE,472.89,MCH7258,0,0,0,0,0,0,0
9180,RamaswamyPLC,6990,CLOTHS,INDIVIDUAL,Pune,Maharashtra,2025-08-08 00:00:00,,ACTIVE,-1761.26,9180,1,0,0,1,0,0,0
MCH3659,TANDON PLC,5411,kirana,INDIVIDUAL,LKO,Uttar Pradesh,2024-01-30 00:00:00,,SUSPENDED,1421.27,MCH3659,0,0,0,1,0,1,0
MCH6756,Mangal PLC,5812,Restaurants,INDIVIDUAL,kolkata,West Bengal,2024-12-21 00:00:00,XXXX7752,ACTIVE,689.85,MCH6756,0,0,0,0,0,0,0
MCH4066,Swaminathan and Sons,5311,DEPT_STORE,PARTNERSHIP,HYDERABAD,Telangana,2025-05-24 14:56:00,,ACTIVE,972.63,mch4066,0,0,0,1,0,0,0
MCH5972,Parmar-Ramanathan,4814,phone service,SOLE-PROPRIETOR,Mumbai,Maharashtra,,,INACTIVE,3048.92,MCH5972,0,0,0,1,1,0,0
MCH5683,subramanian group,3110,DEPT_STORE,PRIVATE_LIMITED,LKO,Uttar Pradesh,2024-10-24 15:26:50,XUFZ9750077803623,ACTIVE,774.44,MCH5683,0,0,0,0,0,0,0
3199,deshmukh-karnik,5311,Department Stores,PARTNERSHIP,Jaipur,Rajasthan,2023-08-10 00:00:00,GHWA0359999214011,ACTIVE,2251.19,3199,0,0,0,0,0,0,0
8369,"Vyas, Dutt and Ganesan",5912,Pharmacies,individual,Kolkata,West Bengal,2023-09-15 22:56:57,0639952317,ACTIVE,410.34,8369,0,0,0,0,0,0,0
MCH5135,kapoor ltd,5699,Apparel,PARTNERSHIP,chennai,Tamil Nadu,2024-02-25 00:00:00,XXXX2733,ACTIVE,1221.22,MCH5135,0,0,0,0,0,0,0
MCH1894,Setty-Doshi,5812,Restaurant,Partnership,BLR,Karnataka,2025-08-11 00:00:00,1742153273,ACTIVE,2961.06,MCH1894,0,0,0,0,0,0,0
MCH2757,Cherian-Parmer,9420,Book Store,SOLE_PROPRIETOR,Chennai,Tamil Nadu,2023-05-02 00:00:00,9249178567,ACTIVE,1801.26,MCH2757,0,0,0,0,0,0,0
MCH9744,Walia Inc,5942,stationery,Sole Proprietor,BLR,Karnataka,2024-06-24 00:00:00,XXXX8765,SUSPENDED,574.28,MCH9744,0,0,0,0,0,1,0
MCH4325,choudhry llc,7011,Hotels,PRIVATE-LIMITED,jaipur,Rajasthan,2023-07-06 00:00:00,,INACTIVE,,MCH4325,0,1,0,1,0,0,0
MCH9997,"Kalita, Dass and Balay",5999,Misc Retail,individual,ludhiana,Punjab,2023-12-07 00:00:00,XXXX2557,ACTIVE,2233.91,MCH 9997,0,0,0,0,0,0,0
MCH3037,Gokhale PLC,5411,Grocery,PARTNERSHIP,Calcutta,West Bengal,2024-12-13 00:00:00,XXXX1304,HOLD,1146.48,MCH3037,0,0,0,0,0,0,0
MCH1353,Chada and Sons,4131,Bus/Taxi,Partnership,JPR,Rajasthan,2023-11-25 07:19:00,,ACTIVE,0.2641,MCH1353,0,0,0,1,0,0,0
MCH6896,Padmanabhan-Purohit,4814,TELECOM,PRIVATE-LIMITED,Calcutta,West Bengal,2025-10-09 00:00:00,9931095643,ACTIVE,1862.46,MCH6896,0,0,0,0,0,0,0
MCH1106,"narang, wali and aurora",5411,kirana,Sole Proprietor,Jalandhar,Punjab,2023-04-10 00:00:00,XKBE4857491773438,ACTIVE,1853.84,MCH-1106,0,0,0,0,0,0,0
MCH2623,ChokshiLtd,1310,Bus/Taxi,Partnership,Madras,Tamil Nadu,2023-05-17 00:00:00,,ACTIVE,,MCH2623,0,1,0,1,0,0,0
MCH7953,Deep Group,5411,Grocery Stores,SOLE_PROPRIETOR,mumbai,Maharashtra,2025-08-07 00:00:00,4208218333,ACTIVE,1668.75,MCH7953,0,0,0,0,0,0,0
MCH4248,"Bahl, Prashad and Reddy",5311,Department Stores,SOLE-PROPRIETOR,Lucknow,Uttar Pradesh,2025-06-30 00:00:00,,ACTIVE,4921.5,mch4248,0,0,0,1,0,0,0
MCH3613,LAD-CHACKO,4814,Mobile Recharge,PRIVATE_LIMITED,jaipur,Rajasthan,2025-02-04 00:00:00,XXXX9897,ACTIVE,466.16,mch3613,0,0,0,0,0,0,0
MCH2981,"PAREKH, ANAND AND NAGI",4131,TRAVEL,INDIVIDUAL,Amritsar,Punjab,,4706473579,ACTIVE,2350.58,MCH 2981,0,0,0,0,1,0,0
MCH6188,"Batta, Choudhary and Bhalla",4131,transprt,PRIVATE-LIMITED,kolkata,West Bengal,2026-01-09 00:00:00,3109651401,ACTIVE,0.163,MCH6188,0,0,0,0,0,0,0
MCH5110,"anne, nayak and chada",5311,DEPT_STORE,PRIVATE_LIMITED,amritsar,Punjab,2023-04-26 00:00:00,6381447674,ACTIVE,0.478,MCH5110,0,0,0,0,0,0,0
MCH3598,Kapur-Sahni,4814,phone service,Private Limited,Bangalore,Karnataka,2024-12-07 15:58:25,0759983753,ACTIVE,7252.05,MCH3598,0,0,0,0,0,0,0
MCH3255,"Shah, Kala and Sarraf",7011,Hotels,PRIVATE-LIMITED,Jalandhar,Punjab,2024-09-06 00:00:00,XXXX8773,ACTIVE,0.807,MCH3255,0,0,0,0,0,0,0
MCH3684,Chahal-Reddy,,GROCERY_STORE,partnership,Delhi,Delhi,,,ACTIVE,629.48,MCH3684,0,0,1,1,1,0,0
MCH9858,"Memon, Mohanty and Ghosh",4131,Transport,Sole Proprietor,Mumbai,Maharashtra,2025-12-11 20:43:32,WBRG3053362542372,ACTIVE,0.911,MCH-9858,0,0,0,0,0,0,0
MCH4023,"Dhaliwal, Dugar and Vasa",5942,Stationery,PARTNERSHIP,Chennai,Tamil Nadu,2023-01-02 00:00:00,7015726404,ACTIVE,-2123.31,MCH4023,1,0,0,0,0,0,0
MCH5017,"Datta, Sinha and Pat1a",7011,Hospitality,Sole Proprietor,Kolkata,West Bengal,2024-11-25 00:00:00,6167636642,ACTIVE,0.617,MCH5017,0,0,0,0,0,0,0
MCH9109,"Som, Mittal and Wable",6990,Clothing,PARTNERSHIP,ASR,Punjab,2024-08-11 00:00:00,XXXX6670,ACTIVE,0.553,MCH9109,0,0,0,0,0,0,0
MCH2063,Bhavsar Gr0up,4131,transprt,PRIVATE-LIMITED,Madras,Tamil Nadu,2025-10-10 15:34:00,,ACTIVE,2405.73,MCH 2063,0,0,0,1,0,0,0
MCH7802,Venkatesh LLC,5912,Medical,Partnership,lucknow,Uttar Pradesh,2024-04-12 13:06:25,5184855438,ACTIVE,1493.43,MCH7802,0,0,0,0,0,0,0
MCH4022,Varughese-Taneja,5699,Apparel,Individual,Bangalore,Karnataka,2025-12-12 06:48:08,SVSY3016666927119,SUSPENDED,724.48,MCH-4022,0,0,0,0,0,1,0
MCH3662,"Mand, Walia and Bhalla",5411,Grocery,PRIVATE-LIMITED,chennai,Tamil Nadu,2023-04-08 17:49:00,KFML5342009384721,ACTIVE,677.63,MCH3662,0,0,0,0,0,0,0
MCH6163,Mani Ltd,5942,Book Store,PARTNERSHIP,HYDERABAD,Telangana,2025-10-30 00:00:00,RJUA0543412555773,ACTIVE,2298.3,MCH-6163,0,0,0,0,0,0,0
MCH1438,"Memon, Chaudhuri and Choudhry",5812,Restaurants,Sole Proprietor,Amritsar,Punjab,2024-05-17 00:00:00,,ACTIVE,0.2393,MCH1438,0,0,0,1,0,0,0
MCH3328,Jha-Chaha1,5311,Retail,INDIVIDUAL,kolkata,West Bengal,2023-04-13 00:00:00,VIVF5640000542857,ACTIVE,,MCH3328,0,1,0,0,0,0,0
MCH7794,Kalita PLC,5912,MEDICAL_STORE,PARTNERSHIP,DELHI,Delhi,2025-01-05 18:59:00,GLZI3360162189324,ACTIVE,622.63,MCH7794,0,0,0,0,0,0,0
MCH4947,M0han-Sah0ta,4131,Transport,INDIVIDUAL,Mumbay,Maharashtra,2025-04-22 00:00:00,QAWO0072726316755,ACTIVE,1906.18,MCH4947,0,0,0,0,0,0,0
MCH1990,Mitra PLC,7011,Hospitality,Partnership,Amritsar,Punjab,2024-12-04 00:00:00,5026245001,ACTIVE,1251.23,MCH1990,0,0,0,0,0,0,0
MCH2748,"Banerjee, Wason and Dyal",5812,Restaurant,private_limited,Pune,Maharashtra,2023-11-16 23:24:41,XXXX5034,ACTIVE,1037.44,MCH-2748,0,0,0,0,0,0,0
MCH7651,Sur Inc,5912,Medical,Sole Proprietor,jalandhar,Punjab,2025-07-24 13:48:53,VAPP7301302357942,ACTIVE,1138.07,MCH7651,0,0,0,0,0,0,0
MCH3093,"DUBE, VENKATESH AND JHA",5999,Retail Other,PRIVATE-LIMITED,Kolkata,West Bengal,2024-10-22 10:22:00,PHHT2563139884519,ACTIVE,0.1107,MCH3093,0,0,0,0,0,0,0
MCH1494,Joshi-Bala,3110,Retail,SOLE-PROPRIETOR,MUMBAI,Maharashtra,2023-12-07 00:00:00,QLRF2864130155210,ACTIVE,997.33,mch1494,0,0,0,0,0,0,0
MCH2548,ANNE LLC,5812,Restaurant,Partnership,kolkata,West Bengal,2024-03-28 00:00:00,,ACTIVE,2367.01,mch2548,0,0,0,1,0,0,0
MCH7306,Devi-Narang,4131,Transportation,Individual,New Delhi,Delhi,2024-10-20 05:44:44,XXXX6412,ACTIVE,539.76,MCH7306,0,0,0,0,0,0,0
MCH3983,"Magar, Tara and Gera",5912,Medical,SOLE-PROPRIETOR,Amritsar,Punjab,2024-12-15 02:44:24,XXXX1963,ACTIVE,0.511,MCH3983,0,0,0,0,0,0,0
MCH4587,Karnik and Sons,5311,Retail,Partnership,jaipur,Rajasthan,2025-07-02 00:00:00,,ACTIVE,2493.1,MCH4587,0,0,0,1,0,0,0
3555,Chaudhari-Dutta,5311,DEPT_STORE,PARTNERSHIP,Calcutta,West Bengal,2023-03-31 00:00:00,FYRB6292482908836,ACTIVE,712.21,3555,0,0,0,0,0,0,0
MCH7127,"Thakur, Hayre and Kalla",5912,MEDICAL_STORE,Individual,chennai,Tamil Nadu,2023-07-15 00:00:00,,ACTIVE,1116.33,MCH7127,0,0,0,1,0,0,0
MCH8994,Shukla-Manne,,Telecom,PARTNERSHIP,Calcutta,West Bengal,2025-11-22 15:26:14,AOKV6829664383303,ACTIVE,2951.22,mch8994,0,0,1,0,0,0,0
MCH3240,"roy, dash and bobal",5411,GROCERY_STORE,Partnership,Pune,Maharashtra,2023-11-13 00:00:00,CMDO7903517998811,ACTIVE,1077.02,mch3240,0,0,0,0,0,0,0
MCH1417,"sekhon, parsa and bandi",4814,TELECOM,Sole Proprietor,Mumbay,Maharashtra,2026-01-26 00:00:00,,ACTIVE,1501.66,MCH1417,0,0,0,1,0,0,0
MCH4322,Patla PLC,4814,TELECOM,PRIVATE-LIMITED,pune,Maharashtra,2025-10-17 00:00:00,XXXX9948,ACTIVE,0.274,MCH4322,0,0,0,0,0,0,0
MCH1130,"K0thari, Singh and Sura",5311,Department Stores,sole_proprietor,LDH,Punjab,2025-09-20 00:31:00,,ACTIVE,3514.91,mch1130,0,0,0,1,0,0,0
MCH5559,Muni-Raval,5411,groceries,Private Limited,Jalandhar,Punjab,2026-01-21 00:00:00,,ACTIVE,723.26,MCH5559,0,0,0,1,0,0,0
MCH5695,Divan Inc,5699,CLOTHS,individual,HYDERABAD,Telangana,2025-08-20 19:03:23,6474425874,ACTIVE,,mch5695,0,1,0,0,0,0,0
MCH4475,"Ray, Kulkarni and Suresh",5311,DEPT_STORE,PRIVATE_LIMITED,Ludhiana,Punjab,2024-03-03 00:00:00,XXXX5127,ACTIVE,3417.23,MCH 4475,0,0,0,0,0,0,0
MCH8410,Kade LLC,5411,Grocery Stores,PARTNERSHIP,LKO,Uttar Pradesh,2024-11-08 00:00:00,5959501337,ACTIVE,893.08,MCH8410,0,0,0,0,0,0,0
MCH5478,"Prashad, Tripathi and Bala",4814,TELECOM,Private Limited,JPR,Rajasthan,2024-06-14 00:00:00,XXXX3083,ACTIVE,3789.33,MCH5478,0,0,0,0,0,0,0
MCH1616,"Suresh, Borra and Ganesh",4814,Telecom,Individual,Chennai,Tamil Nadu,2023-11-10 00:00:00,,ACTIVE,0.2818,MCH1616,0,0,0,1,0,0,0
MCH5237,Deep-Raja,5999,Misc Retail,individual,Bombay,Maharashtra,2025-02-13 16:43:39,XXXX0515,ACTIVE,986.24,MCH5237,0,0,0,0,0,0,0
MCH1263,Krishnan-Venkataraman,,Telecom,PARTNERSHIP,kolkata,West Bengal,,,ACTIVE,565.9,MCH1263,0,0,1,1,1,0,0
MCH4956,Kant-Setty,5411,Grocery,Sole Proprietor,JPR,Rajasthan,2025-01-22 00:00:00,DOXB7877644685999,ACTIVE,6450.59,MCH4956,0,0,0,0,0,0,0
MCH3966,NATH-DIXIT,5411,kirana,partnership,Pune,Maharashtra,2023-08-21 00:00:00,XXXX2614,ACTIVE,1005.47,MCH3966,0,0,0,0,0,0,0
MCH6331,Wagle-Sinha,5912,MEDICAL_STORE,SOLE_PROPRIETOR,Bengaluru,Karnataka,2024-05-10 06:43:00,IOKV1240109633121,ACTIVE,2605.3,MCH6331,0,0,0,0,0,0,0
MCH7185,agarwal plc,7011,Hotels,INDIVIDUAL,Pune,Maharashtra,2025-08-26 00:00:00,,ACTIVE,1255.08,MCH 7185,0,0,0,1,0,0,0
MCH9884,Sidhu Group,7011,HOTEL_LODGING,partnership,Chennai,Tamil Nadu,2023-10-27 00:00:00,PILQ9149941231060,ACTIVE,1570.58,MCH9884,0,0,0,0,0,0,0
MCH7321,"Krishna, Saraf and Pant",,Miscellaneous,PARTNERSHIP,kolkata,West Bengal,2024-02-28 10:01:00,,ACTIVE,954.48,MCH7321,0,0,1,1,0,0,0
MCH6383,Shere-Mander,,Bus/Taxi,private_limited,New Delhi,Delhi,2024-05-20 00:00:00,,BLOCKED,1196.32,MCH6383,0,0,1,1,0,0,1
MCH8673,Goswami and Sons,5812,Restaurants,PRIVATE_LIMITED,New Delhi,Delhi,2026-02-25 00:00:00,1774013903,ACTIVE,979.86,mch8673,0,0,0,0,0,0,0
MCH6919,Mander Ltd,5999,Other,Partnership,jalandhar,Punjab,2024-05-02 02:08:00,6597659461,ACTIVE,2549.85,MCH6919,0,0,0,0,0,0,0
MCH4092,"Badami, Prabhakar and Grover",5942,BOOKS_STATIONERY,INDIVIDUAL,chennai,Tamil Nadu,2024-10-30 07:51:00,KNKS3499549207785,HOLD,5822.31,MCH4092,0,0,0,0,0,0,0
MCH3389,Korpal-Hegde,,MEDICAL_STORE,individual,LDH,Punjab,2023-11-04 00:37:00,,ACTIVE,-877.98,MCH3389,1,0,1,1,0,0,0
MCH7323,Koshy-Comar,3110,DEPT_STORE,SOLE_PROPRIETOR,chennai,Tamil Nadu,2026-02-15 00:00:00,,ACTIVE,0.973,MCH7323,0,0,0,1,0,0,0
MCH8037,Hans LLC,,Hotels,sole_proprietor,kolkata,West Bengal,2024-08-09 00:00:00,CEOR0731906884915,ACTIVE,2212.52,MCH8037,0,0,1,0,0,0,0
MCH6837,Oommen-Thaker,,books_stationery,INDIVIDUAL,jalandhar,Punjab,2025-10-11 16:08:00,6324216769,INACTIVE,1750.4,MCH6837,0,0,1,0,0,0,0
MCH2236,Yohannan-Chada,3110,dept_store,Private Limited,kolkata,West Bengal,2023-01-24 08:58:43,3926948531,INACTIVE,5340.64,MCH2236,0,0,0,0,0,0,0
MCH8212,Taneja Ltd,5311,Department Store,Private Limited,Madras,Tamil Nadu,2023-03-07 00:00:00,,INACTIVE,2159.07,MCH8212,0,0,0,1,0,0,0
MCH4912,Devi Group,,Grocery,SOLE-PROPRIETOR,Calcutta,West Bengal,2025-07-07 01:25:23,DTHN1330740328006,ACTIVE,1738.86,mch4912,0,0,1,0,0,0,0
MCH6291,"Bal, Divan and Natt",7011,Hospitality,private_limited,amritsar,Punjab,2023-01-18 00:00:00,9816350407,ACTIVE,0.908,MCH 6291,0,0,0,0,0,0,0
MCH2580,Rajag0pa1an-S0man,5812,eating place,PRIVATE_LIMITED,JPR,Rajasthan,2023-07-17 00:00:00,XXXX4205,ACTIVE,7864.69,mch2580,0,0,0,0,0,0,0
MCH8306,Magar-Gaba,4131,Transport,PRIVATE-LIMITED,Delhi,Delhi,2025-11-22 00:00:00,,INACTIVE,840.15,MCH8306,0,0,0,1,0,0,0
MCH9973,"Parsa, Loyal and Pai",4814,phone service,Partnership,LKO,Uttar Pradesh,2024-04-19 00:00:00,VRDN2962805644016,ACTIVE,1836.29,MCH-9973,0,0,0,0,0,0,0
MCH6583,"Iyengar, Puri and Tiwari",5311,Department Store,PARTNERSHIP,jalandhar,Punjab,2025-07-20 00:00:00,OTYU4679169024065,INACTIVE,4193.64,MCH 6583,0,0,0,0,0,0,0
MCH1567,Samra PLC,5699,Clothing,Individual,Mumbai,Maharashtra,2023-07-23 05:44:28,XXXX0316,INACTIVE,1417.9,MCH1567,0,0,0,0,0,0,0
MCH8125,Dar PLC,5311,DEPT_STORE,Partnership,Ludhiana,Punjab,2025-09-16 00:00:00,VZMM0683609991755,INACTIVE,176.19,MCH-8125,0,0,0,0,0,0,0
MCH6600,raju inc,7011,HOTEL_LODGING,Individual,Bangalore,Karnataka,2025-04-18 00:00:00,IHUG8298515768880,ACTIVE,484.58,MCH6600,0,0,0,0,0,0,0
MCH9319,LadInc,6990,garments,sole_proprietor,Jalandhar,Punjab,2025-07-20 00:00:00,XXXX7774,INACTIVE,839.54,MCH9319,0,0,0,0,0,0,0
MCH5626,"Borah, Bedi and Khalsa",7011,Hotel,SOLE-PROPRIETOR,HYDERABAD,Telangana,2026-02-25 00:00:00,,HOLD,1422.38,MCH5626,0,0,0,1,0,0,0
MCH8570,Reddy Ltd,5942,BOOKS_STATIONERY,PARTNERSHIP,HYDERABAD,Telangana,2023-03-28 00:00:00,4219980172,ACTIVE,528.1,MCH8570,0,0,0,0,0,0,0
9693,"Babu, Murty and Rao",5942,Stationery,sole_proprietor,Pune,Maharashtra,2023-07-25 19:48:00,SBLA0467817458024,ACTIVE,1260.07,9693,0,0,0,0,0,0,0
MCH8744,Prashad LLC,9420,Book Store,INDIVIDUAL,Jalandar,Punjab,2025-03-31 16:57:30,WWJH8069949347893,ACTIVE,3282.54,MCH 8744,0,0,0,0,0,0,0
MCH6033,"Sama, Basak and Majumdar",5999,Other,PRIVATE-LIMITED,Hyderabad,Telangana,2025-03-05 00:00:00,0665928024,ACTIVE,0.365,MCH6033,0,0,0,0,0,0,0
MCH6989,Raju LLC,5699,Clothing,INDIVIDUAL,JPR,Rajasthan,2023-11-03 00:00:00,4351608402,INACTIVE,1427.8,MCH6989,0,0,0,0,0,0,0
MCH7470,Venkatesh Ltd,,garments,sole_proprietor,lucknow,Uttar Pradesh,2025-04-29 13:49:33,DLXM0557851330372,ACTIVE,0.787,MCH7470,0,0,1,0,0,0,0
MCH7400,"Kunda, Ramachandran and Khurana",5942,Books,private_limited,Pune,Maharashtra,2024-11-02 00:00:00,,INACTIVE,9167.75,MCH7400,0,0,0,1,0,0,0
MCH6449,Chakraborty-Hans,5812,FOOD_SERVICES,SOLE-PROPRIETOR,Hyderabad,Telangana,2024-03-01 00:00:00,XXXX5646,ACTIVE,1506.6,mch6449,0,0,0,0,0,0,0
MCH2081,Swaminathan and Sons,7011,Hotels,Individual,Jalandar,Punjab,2026-02-24 00:00:00,,ACTIVE,0.515,MCH2081,0,0,0,1,0,0,0
MCH7256,Arora-Raman,4131,transprt,SOLE_PROPRIETOR,lucknow,Uttar Pradesh,2026-02-14 00:00:00,,ACTIVE,449.65,MCH7256,0,0,0,1,0,0,0
MCH5112,Agarwa1 Ltd,5311,Retail,PRIVATE-LIMITED,Chennai,Tamil Nadu,2026-02-18 00:00:00,,ACTIVE,782.67,MCH5112,0,0,0,1,0,0,0
MCH3163,Dada-Kalita,5912,chemist,PARTNERSHIP,Hyd,Telangana,2026-01-16 00:00:00,,ACTIVE,963.91,MCH3163,0,0,0,1,0,0,0
MCH2589,Dhawan-Thaker,5311,Department Store,sole_proprietor,Hyderabad,Telangana,2025-12-01 00:00:00,XXXX8775,INACTIVE,-611.95,mch2589,1,0,0,0,0,0,0
MCH5959,nigam group,5942,Book Store,private_limited,Bombay,Maharashtra,2025-06-14 00:00:00,TOMC3445782175803,INACTIVE,0.2495,mch5959,0,0,0,0,0,0,0
MCH6061,nazareth plc,4131,Transport,sole_proprietor,Poona,Maharashtra,2025-02-02 12:44:57,,ACTIVE,1189.87,MCH6061,0,0,0,1,0,0,0
MCH4556,Parmar and S0ns,,Hospitality,Private Limited,Jaipur,Rajasthan,2024-05-16 07:05:47,CXEA6616163600300,ACTIVE,-933.34,MCH 4556,1,0,1,0,0,0,0
MCH2899,Sampath-Mannan,8120,eating place,INDIVIDUAL,Bangalore,Karnataka,2023-05-27 00:00:00,,ACTIVE,-379.53,MCH2899,1,0,0,1,0,0,0
MCH1465,"Shah, Solanki and Rajagopalan",5699,garments,INDIVIDUAL,LKO,Uttar Pradesh,2024-10-04 00:00:00,XXXX9396,SUSPENDED,725.72,MCH1465,0,0,0,0,0,1,0
MCH6377,"Sharma, Bedi and Pandya",5812,Food,partnership,Hyd,Telangana,2023-10-03 00:00:00,,SUSPENDED,531.47,MCH6377,0,0,0,1,0,1,0
MCH7618,MUTTI-MOHAN,5942,Books,INDIVIDUAL,Hyd,Telangana,2023-03-14 00:00:00,XXXX5035,ACTIVE,0.664,MCH7618,0,0,0,0,0,0,0
MCH9824,Memon-Mistry,4814,phone service,partnership,ludhiana,Punjab,2024-08-16 02:30:46,,HOLD,837.47,MCH9824,0,0,0,1,0,0,0
MCH1828,Goel PLC,5699,Clothing,PRIVATE_LIMITED,Chennai,Tamil Nadu,2025-10-15 00:00:00,XXXX2989,ACTIVE,4227.93,MCH1828,0,0,0,0,0,0,0
MCH7748,chhabra group,5812,FOOD_SERVICES,Individual,Poona,Maharashtra,2025-12-26 00:00:00,0225226630,ACTIVE,1602.16,mch7748,0,0,0,0,0,0,0
MCH8058,SEM-KAPOOR,,Retail,PARTNERSHIP,kolkata,West Bengal,2024-05-06 00:00:00,XXXX0797,ACTIVE,8700.14,MCH8058,0,0,1,0,0,0,0
1199,Chad-Grewal,5812,eating place,SOLE_PROPRIETOR,Hyd,Telangana,2024-11-22 00:00:00,8520358001,ACTIVE,187.18,1199,0,0,0,0,0,0,0
MCH5767,pandya inc,4814,TELECOM,individual,jaipur,Rajasthan,2024-01-09 00:00:00,6172553008,ACTIVE,793.79,mch5767,0,0,0,0,0,0,0
MCH8058,"Tripathi, Bhagat and Kala",5999,Other,PRIVATE_LIMITED,HYDERABAD,Telangana,2024-07-28 00:00:00,,ACTIVE,259.88,MCH8058,0,0,0,1,0,0,0
MCH3535,"Mammen, Patla and Kala",4131,TRAVEL,SOLE_PROPRIETOR,jaipur,Rajasthan,2025-08-08 00:00:00,,ACTIVE,1091.98,MCH 3535,0,0,0,1,0,0,0
MCH2910,"Mall, Sankaran and Mittal",4131,Bus/Taxi,Private Limited,Delhi,Delhi,2025-09-28 00:00:00,XXXX0107,ACTIVE,3631.28,MCH 2910,0,0,0,0,0,0,0
MCH6263,"Bahri, Bajaj and Mander",5942,Books,individual,Madras,Tamil Nadu,2025-09-10 00:00:00,,INACTIVE,667.85,MCH6263,0,0,0,1,0,0,0
MCH1270,Tiwari and Sons,5311,Department Store,PRIVATE_LIMITED,HYDERABAD,Telangana,2023-06-02 14:56:50,,ACTIVE,1107.02,MCH1270,0,0,0,1,0,0,0
5559,"GANGULY, BAKSHI AND CHOPRA",,Clothing,Individual,jalandhar,Punjab,2023-11-14 13:22:00,,INACTIVE,,5559,0,1,1,1,0,0,0
MCH1913,"Sandal, Srinivas and Lata",5912,Pharmacy,Partnership,LKO,Uttar Pradesh,2023-06-09 00:00:00,3453698993,ACTIVE,468.17,MCH1913,0,0,0,0,0,0,0
MCH3765,Mohanty LLC,5311,Department Store,Partnership,Hyderabad,Telangana,2023-06-20 05:11:20,0770998127,ACTIVE,1911.75,MCH3765,0,0,0,0,0,0,0
MCH7639,Guha and Sons,,CLOTHS,Private Limited,Jalandhar,Punjab,2024-04-10 00:29:00,CBVL9950272702158,ACTIVE,2082.39,MCH 7639,0,0,1,0,0,0,0
MCH6737,Kohli Inc,5942,BOOKS_STATIONERY,PARTNERSHIP,ludhiana,Punjab,2023-07-06 00:00:00,7394942754,ACTIVE,675.29,MCH 6737,0,0,0,0,0,0,0
9749,"Vasa, Jha and Babu",0110,Hospitality,Sole Proprietor,chennai,Tamil Nadu,2025-04-08 00:00:00,KYLU7872860441516,ACTIVE,276.87,9749,0,0,0,0,0,0,0
MCH3803,"Tara, Wali and Sachdev",5942,Book Store,INDIVIDUAL,lucknow,Uttar Pradesh,2025-10-14 23:06:00,,ACTIVE,2461.72,MCH3803,0,0,0,1,0,0,0
1645,Savant-Singha1,5942,Books,Sole Proprietor,Madras,Tamil Nadu,2024-04-19 00:00:00,GUUE6743967074534,ACTIVE,0.337,1645,0,0,0,0,0,0,0
MCH6441,Bhatia and Sons,7011,Hotel,partnership,lucknow,Uttar Pradesh,2025-12-20 07:37:00,,ACTIVE,995.16,MCH6441,0,0,0,1,0,0,0
MCH2650,Choudhary Ltd,5942,Stationery,INDIVIDUAL,New Delhi,Delhi,2024-09-22 00:00:00,,INACTIVE,1197.2,MCH2650,0,0,0,1,0,0,0
MCH9883,"K0rpa1, Bera and Sachdeva",4814,phone service,PARTNERSHIP,BLR,Karnataka,2025-07-08 00:00:00,,ACTIVE,1595.57,MCH9883,0,0,0,1,0,0,0
MCH8663,Khalsa Group,,Book Store,PARTNERSHIP,jalandhar,Punjab,2023-04-05 00:00:00,CZSI5545012134696,INACTIVE,0.338,MCH-8663,0,0,1,0,0,0,0
MCH1786,"Ganguly, Mammen and Babu",5411,groceries,SOLE_PROPRIETOR,pune,Maharashtra,2025-05-22 00:00:00,YNDF5378176701295,ACTIVE,0.1212,mch1786,0,0,0,0,0,0,0
6164,"Bir, Patil and Chahal",,Pharmacy,SOLE-PROPRIETOR,Mumbay,Maharashtra,2023-03-01 18:39:00,4503250362,ACTIVE,0.1451,6164,0,0,1,0,0,0,0
3997,Bhatia Inc,4814,phone service,PARTNERSHIP,Calcutta,West Bengal,2025-01-19 14:57:11,XXXX8184,INACTIVE,-702.23,3997,1,0,0,0,0,0,0
MCH6860,buch plc,5699,Apparel,PRIVATE_LIMITED,Calcutta,West Bengal,2025-01-09 00:00:00,,ACTIVE,0.364,mch6860,0,0,0,1,0,0,0
8900,Nadkarni-Khare,5812,Food,INDIVIDUAL,lucknow,Uttar Pradesh,2025-06-11 00:00:00,ORVR2313413068698,INACTIVE,0.1349,8900,0,0,0,0,0,0,0
MCH2981,"RASTOGI, VARMA AND SARRAF",5999,Misc Retail,Partnership,lucknow,Uttar Pradesh,2023-10-07 00:00:00,XXXX3025,ACTIVE,1266.61,MCH 2981,0,0,0,0,0,0,0
MCH9554,Kale Ltd,4814,Telecom,partnership,kolkata,West Bengal,2025-12-07 00:00:00,,HOLD,0.696,mch9554,0,0,0,1,0,0,0
MCH4383,"Sabharwal, Patla and Nagy",5812,Food,INDIVIDUAL,Jaipur,Rajasthan,2024-12-13 00:00:00,,ACTIVE,4027.8,MCH-4383,0,0,0,1,0,0,0
MCH2800,Raja-Naik,5311,Department Store,PRIVATE_LIMITED,Bangalore,Karnataka,2024-04-18 00:00:00,9493307388,INACTIVE,1096.85,MCH2800,0,0,0,0,0,0,0
5921,Saraf-Saraf,7011,Hotel,INDIVIDUAL,JPR,Rajasthan,2025-05-31 15:14:51,XXXX9547,INACTIVE,352.95,5921,0,0,0,0,0,0,0
MCH3384,GILL-BAKSHI,5999,Misc Retail,partnership,kolkata,West Bengal,2023-06-27 00:00:00,8993037640,ACTIVE,1223.35,MCH-3384,0,0,0,0,0,0,0
MCH6960,DAS-DHAWAN,,FOOD_SERVICES,Partnership,Jaipur,Rajasthan,2023-01-22 00:00:00,,ACTIVE,0.1832,MCH6960,0,0,1,1,0,0,0
MCH3325,Varty-Vig,5912,Pharmacy,PARTNERSHIP,kolkata,West Bengal,2023-10-29 00:00:00,XXXX1753,ACTIVE,0.4212,MCH3325,0,0,0,0,0,0,0
MCH2575,Rast0gi-Verma,5912,Pharmacy,Individual,pune,Maharashtra,2025-04-09 16:48:12,XXXX2986,ACTIVE,549.08,MCH 2575,0,0,0,0,0,0,0
MCH3348,"Chauhan, Chowdhury and Dhillon",5942,Stationery,INDIVIDUAL,Amritsar,Punjab,2023-12-16 00:00:00,MCSB8481417353125,ACTIVE,-3038.21,MCH 3348,1,0,0,0,0,0,0
MCH8842,"Bala, Pillai and Kala",5999,Other,PARTNERSHIP,amritsar,Punjab,2023-04-23 00:00:00,XXXX1658,SUSPENDED,,MCH8842,0,1,0,0,0,1,0
MCH1473,Lata-Khurana,,MEDICAL_STORE,PARTNERSHIP,HYDERABAD,Telangana,,,INACTIVE,326.76,MCH1473,0,0,1,1,1,0,0
MCH9995,ben-krish,,Retail,sole_proprietor,Pune,Maharashtra,2025-09-11 20:22:00,FLBG6350605755281,ACTIVE,2919.94,MCH9995,0,0,1,0,0,0,0
MCH9398,"Soman, Murthy and Mangat",5411,Grocery,PARTNERSHIP,Bengaluru,Karnataka,2026-02-21 00:00:00,,ACTIVE,5429.9,MCH9398,0,0,0,1,0,0,0
MCH8505,Kamdar-Ghosh,5942,Book Store,private_limited,jaipur,Rajasthan,2023-08-02 00:00:00,XXXX4333,ACTIVE,517.98,MCH8505,0,0,0,0,0,0,0
MCH3780,HEGDE GROUP,5311,dept_store,PRIVATE_LIMITED,lucknow,Uttar Pradesh,2026-02-27 20:38:00,XXXX3079,SUSPENDED,315.62,MCH3780,0,0,0,0,0,1,0
MCH5762,Hayre and Sons,5942,BOOKS_STATIONERY,SOLE_PROPRIETOR,Calcutta,West Bengal,2024-01-05 06:19:29,XXXX2767,ACTIVE,823.98,MCH5762,0,0,0,0,0,0,0
MCH6200,"Sen, Walla and Bath",5999,Retail Other,Private Limited,delhi,Delhi,2024-01-29 20:38:00,,ACTIVE,,MCH 6200,0,1,0,1,0,0,0
MCH7108,Krishnan Group,5411,Grocery Stores,SOLE_PROPRIETOR,DELHI,Delhi,2023-05-14 00:00:00,,ACTIVE,567.27,MCH-7108,0,0,0,1,0,0,0
MCH6035,radhakrishnan-chad,5812,eating place,PARTNERSHIP,New Delhi,Delhi,2026-01-25 00:00:00,,ACTIVE,706.81,MCH 6035,0,0,0,1,0,0,0
MCH4693,Dhingra-Bava,7011,Hotels,PRIVATE_LIMITED,Mumbai,Maharashtra,2024-12-28 01:09:00,,ACTIVE,3445.16,MCH4693,0,0,0,1,0,0,0
MCH9456,"Rajagopalan, Luthra and Singh",,Retail Other,Individual,Dilli,Delhi,2025-09-22 04:16:00,XXXX4617,ACTIVE,,MCH 9456,0,1,1,0,0,0,0
MCH8928,Deo PLC,4131,Transport,PARTNERSHIP,Chennai,Tamil Nadu,2024-10-18 05:30:00,XXXX5889,ACTIVE,1547.93,MCH8928,0,0,0,0,0,0,0
MCH2205,Mannan and Sons,5999,Miscellaneous,sole_proprietor,Ludhiana,Punjab,2023-07-23 00:00:00,XXXX7174,INACTIVE,490.97,MCH2205,0,0,0,0,0,0,0
MCH4033,Kota PLC,5699,Fashion,INDIVIDUAL,ludhiana,Punjab,2025-02-23 00:33:29,5691989399,ACTIVE,-1305.4,MCH4033,1,0,0,0,0,0,0
MCH3154,Bhardwaj Ltd,4131,Transport,individual,Bombay,Maharashtra,2024-10-28 07:15:31,XXXX9089,INACTIVE,633.37,MCH3154,0,0,0,0,0,0,0
MCH3548,"Bhakta, Dhaliwal and Comar",4814,phone service,INDIVIDUAL,JPR,Rajasthan,,VZDR7391504338268,ACTIVE,1931.09,MCH3548,0,0,0,0,1,0,0
MCH6354,"Gulati, Khosla and Peri",5812,Restaurants,PARTNERSHIP,Lucknow,Uttar Pradesh,2025-08-14 00:00:00,,ACTIVE,122.8,MCH6354,0,0,0,1,0,0,0
MCH3611,"ratti, sunder and kapoor",4131,TRAVEL,PRIVATE-LIMITED,BLR,Karnataka,,XXXX2260,ACTIVE,787.19,MCH-3611,0,0,0,0,1,0,0
MCH3886,Gandhi Inc,5812,eating place,Sole Proprietor,kolkata,West Bengal,2025-12-18 00:00:00,XXXX0009,ACTIVE,-3831.0,MCH3886,1,0,0,0,0,0,0
MCH8272,Bava and Sons,,DEPT_STORE,sole_proprietor,Bangalore,Karnataka,2024-08-08 15:02:00,1994793915,ACTIVE,-946.17,MCH8272,1,0,1,0,0,0,0
MCH4382,"Bahl, Ratta and Mann",5912,MEDICAL_STORE,INDIVIDUAL,Mumbai,Maharashtra,2023-07-18 20:54:40,,ACTIVE,0.1094,MCH4382,0,0,0,1,0,0,0
MCH2357,SHAN LTD,9990,Retail Other,Individual,Jalandhar,Punjab,2025-06-16 00:00:00,XXXX8144,ACTIVE,945.26,MCH-2357,0,0,0,0,0,0,0
MCH1148,Deep-Manda,4131,Bus/Taxi,INDIVIDUAL,ASR,Punjab,2025-06-15 00:35:23,,ACTIVE,0.3461,MCH1148,0,0,0,1,0,0,0
MCH4026,NAGY LTD,5812,Restaurant,PRIVATE_LIMITED,Calcutta,West Bengal,,,ACTIVE,0.1027,MCH4026,0,0,0,1,1,0,0
MCH1522,Mody Inc,5912,Pharmacy,sole_proprietor,jaipur,Rajasthan,2024-08-04 00:00:00,,ACTIVE,631.57,MCH1522,0,0,0,1,0,0,0
MCH6144,Ravi-Dhingra,5912,chemist,PRIVATE-LIMITED,Hyderabad,Telangana,2023-04-28 00:00:00,,ACTIVE,0.2686,MCH6144,0,0,0,1,0,0,0
MCH6062,Kata PLC,5699,Clothing,SOLE_PROPRIETOR,MUMBAI,Maharashtra,2025-09-10 00:00:00,3065314778,ACTIVE,0.9045,MCH6062,0,0,0,0,0,0,0
MCH6084,"Jaggi, Ganguly and Mall",6990,CLOTHS,PRIVATE_LIMITED,ludhiana,Punjab,2023-08-30 00:27:10,,ACTIVE,1089.53,MCH6084,0,0,0,1,0,0,0
MCH8929,Suri-Toor,,Miscellaneous,individual,Hyderabad,Telangana,,,ACTIVE,0.447,MCH8929,0,0,1,1,1,0,0
MCH9506,"SAVANT, BAINS AND BALI",5912,Medical,partnership,Poona,Maharashtra,2025-01-12 00:00:00,XXXX0299,ACTIVE,353.01,mch9506,0,0,0,0,0,0,0
MCH7605,Beh1-D’A1ia,5311,Retail,PARTNERSHIP,Chennai,Tamil Nadu,2023-03-05 00:00:00,,ACTIVE,6345.68,MCH7605,0,0,0,1,0,0,0
MCH6594,Varkey-Bhatti,5411,GROCERY_STORE,partnership,Poona,Maharashtra,2025-01-24 23:13:22,7425361686,ACTIVE,0.1271,MCH 6594,0,0,0,0,0,0,0
MCH1154,"oommen, tata and randhawa",,Hotel,PARTNERSHIP,Kolkata,West Bengal,2025-04-18 00:00:00,RBFJ6015227406897,ACTIVE,655.3,MCH1154,0,0,1,0,0,0,0
MCH6013,Date Ltd,5699,Apparel,INDIVIDUAL,MUMBAI,Maharashtra,2025-11-12 09:48:09,9831248184,INACTIVE,138.89,MCH6013,0,0,0,0,0,0,0
MCH3122,Lala-Chaudhari,4814,phone service,SOLE-PROPRIETOR,LDH,Punjab,2024-09-12 00:00:00,XXXX8953,ACTIVE,380.73,MCH3122,0,0,0,0,0,0,0
MCH8297,Natarajan-Gill,4814,Mobile Recharge,INDIVIDUAL,LKO,Uttar Pradesh,2024-05-14 00:00:00,BYTE1111357515501,ACTIVE,558.71,mch8297,0,0,0,0,0,0,0
MCH3388,"Chaudhary, Patel and Bhatti",7011,Hotel,partnership,Dilli,Delhi,2026-02-10 03:56:14,,INACTIVE,2198.14,MCH-3388,0,0,0,1,0,0,0
6155,Kari-Basu,5699,CLOTHS,sole_proprietor,HYDERABAD,Telangana,2023-06-20 00:00:00,,ACTIVE,-705.71,6155,1,0,0,1,0,0,0
MCH6033,"Sama, Basak and Majumdar",5999,other,PRIVATE-LIMITED,Hyderabad,Telangana,2025-03-05 00:00:00,0665928024,ACTIVE,0.365,MCH6033,0,0,0,0,0,0,0
2382,Parsa-Mandal,4814,Telecom,INDIVIDUAL,jalandhar,Punjab,2026-01-30 05:50:43,,SUSPENDED,16892.62,2382,0,0,0,1,0,1,0
MCH9975,Nadkarni-Sane,5999,Misc Retail,SOLE-PROPRIETOR,New Delhi,Delhi,2025-08-02 00:00:00,XXXX7415,ACTIVE,4465.19,MCH 9975,0,0,0,0,0,0,0
MCH5316,Madan Ltd,5311,Department Stores,INDIVIDUAL,Kolkata,West Bengal,2023-05-11 17:42:55,,ACTIVE,706.61,MCH5316,0,0,0,1,0,0,0
MCH5881,"Bandi, Krishnamurthy and Saran",5411,Grocery Stores,PARTNERSHIP,Amritsar,Punjab,2025-12-13 00:00:00,XXXX6576,ACTIVE,345.76,MCH5881,0,0,0,0,0,0,0
MCH3594,Khalsa Inc,5999,Misc Retail,Partnership,Chennai,Tamil Nadu,,7162144056,ACTIVE,0.381,mch3594,0,0,0,0,1,0,0
4583,Krish-Dar,5812,Food,SOLE_PROPRIETOR,Mumbai,Maharashtra,2025-11-23 00:00:00,5472564311,ACTIVE,4726.0,4583,0,0,0,0,0,0,0
MCH6165,Sibal-Bora,7011,HOTEL_LODGING,SOLE_PROPRIETOR,JPR,Rajasthan,2024-06-17 04:49:02,XXXX5672,ACTIVE,-820.87,MCH6165,1,0,0,0,0,0,0
MCH3292,Murthy PLC,5942,Stationery,INDIVIDUAL,Chennai,Tamil Nadu,2023-06-21 00:00:00,XXXX2688,INACTIVE,2151.78,MCH3292,0,0,0,0,0,0,0
MCH4417,Nair-Bhavsar,9420,Books,Private Limited,jalandhar,Punjab,2024-10-26 00:00:00,XXXX2826,ACTIVE,291.65,MCH4417,0,0,0,0,0,0,0
MCH5375,"Zacharia, Krishnamurthy and Talwar",5699,CLOTHS,individual,pune,Maharashtra,2023-02-04 11:37:21,6686840480,ACTIVE,-872.85,MCH5375,1,0,0,0,0,0,0
MCH8896,Yadav-Padmanabhan,4131,Transportation,private_limited,Hyderabad,Telangana,2024-02-05 00:00:00,XXXX8367,ACTIVE,1243.9,MCH8896,0,0,0,0,0,0,0
MCH7835,"DUGAR, DHAWAN AND DE",7011,Hospitality,Private Limited,Lucknow,Uttar Pradesh,2023-12-26 12:25:00,,BLOCKED,1744.59,MCH 7835,0,0,0,1,0,0,1
MCH8334,"Rai,BandiandJayaraman",,Transport,PARTNERSHIP,kolkata,West Bengal,2024-08-17 14:07:20,MJDT6229880746794,ACTIVE,3117.64,MCH8334,0,0,1,0,0,0,0
MCH3758,Dube Ltd,5999,Misc Retail,Sole Proprietor,delhi,Delhi,2023-09-10 22:18:52,7052831071,ACTIVE,1607.42,MCH3758,0,0,0,0,0,0,0
MCH9406,Randhawa and Sons,,Restaurants,Individual,Lucknow,Uttar Pradesh,2025-08-11 00:00:00,XXXX6795,ACTIVE,2159.94,MCH9406,0,0,1,0,0,0,0
MCH8412,Sachdeva-Mutti,5311,Department Store,private_limited,Bengaluru,Karnataka,2023-03-01 00:00:00,,ACTIVE,2327.41,mch8412,0,0,0,1,0,0,0
MCH7582,Gola Ltd,4131,transprt,individual,Kolkata,West Bengal,2024-07-31 16:49:00,,ACTIVE,1056.25,MCH7582,0,0,0,1,0,0,0
MCH4815,"KARAN, BHATTACHARYYA AND SARAN",5912,Pharmacy,PRIVATE-LIMITED,kolkata,West Bengal,2025-04-10 08:18:32,4505912973,ACTIVE,1152.86,MCH4815,0,0,0,0,0,0,0
MCH4875,"Sangha, Sodhi and Banik",5999,Retail Other,SOLE-PROPRIETOR,Calcutta,West Bengal,2023-03-12 09:59:00,,INACTIVE,303.18,MCH4875,0,0,0,1,0,0,0
MCH3184,"Sane, Dhawan and Prabhakar",4814,Telecom,INDIVIDUAL,MUMBAI,Maharashtra,2023-12-09 00:00:00,,ACTIVE,1192.54,MCH3184,0,0,0,1,0,0,0
MCH4930,Dasgupta-Dua,,Food,partnership,Jaipur,Rajasthan,2025-06-25 14:06:00,,ACTIVE,-1023.36,MCH4930,1,0,1,1,0,0,0
MCH7078,"Vasa, Gade and Viswanathan",5699,fashion,INDIVIDUAL,mumbai,Maharashtra,2025-08-17 00:00:00,XXXX5209,ACTIVE,660.73,MCH7078,0,0,0,0,0,0,0
MCH9226,Bhatnagar-Magar,5812,FOOD_SERVICES,partnership,Chennai,Tamil Nadu,2024-11-27 00:00:00,CSVM1025081118272,SUSPENDED,500.21,MCH9226,0,0,0,0,0,1,0
MCH3593,"Kara,BrarandApte",4814,phone service,private_limited,MUMBAI,Maharashtra,2023-12-04 15:44:19,,ACTIVE,474.6,MCH3593,0,0,0,1,0,0,0
MCH8980,SIBAL AND SONS,5999,Other,SOLE-PROPRIETOR,Calcutta,West Bengal,,NSXF9069953614841,ACTIVE,-972.53,MCH8980,1,0,0,0,1,0,0
MCH2605,Gera-Karpe,5699,Fashion,INDIVIDUAL,Bombay,Maharashtra,2026-02-25 00:00:00,ZUZI7142150561628,ACTIVE,0.1371,MCH2605,0,0,0,0,0,0,0
MCH8832,Gour Ltd,5942,Book Store,INDIVIDUAL,Pune,Maharashtra,2024-10-19 08:26:23,9524602047,ACTIVE,,MCH8832,0,1,0,0,0,0,0
MCH4577,"Acharya, Apte and Bajwa",,Miscellaneous,SOLE-PROPRIETOR,Chennai,Tamil Nadu,2025-09-14 00:00:00,XXXX2492,ACTIVE,461.44,MCH4577,0,0,1,0,0,0,0
MCH1035,Minhas-Khatri,8120,Restaurants,SOLE-PROPRIETOR,Mumbay,Maharashtra,2024-01-24 00:00:00,LDCT0604920639781,ACTIVE,5777.68,MCH1035,0,0,0,0,0,0,0
MCH1458,Chatterjee-Saran,,Department Stores,SOLE_PROPRIETOR,Jalandar,Punjab,2025-05-09 00:00:00,XXXX1187,INACTIVE,658.54,MCH1458,0,0,1,0,0,0,0
MCH3075,Setty Ltd,5411,Grocery Stores,Private Limited,Mumbay,Maharashtra,,,ACTIVE,1370.51,MCH-3075,0,0,0,1,1,0,0
MCH2108,Sankar-Desai,5912,chemist,SOLE-PROPRIETOR,ludhiana,Punjab,2023-10-30 00:00:00,9695114754,SUSPENDED,1535.43,MCH2108,0,0,0,0,0,1,0
MCH6726,Boase-Chatterjee,7011,Hotels,Individual,Chennai,Tamil Nadu,2024-04-10 07:16:24,,SUSPENDED,1583.09,MCH6726,0,0,0,1,0,1,0
6966,"Wali, Mand and Prabhakar",5942,BOOKS_STATIONERY,PARTNERSHIP,Amritsar,Punjab,2023-10-16 00:00:00,,ACTIVE,2789.87,6966,0,0,0,1,0,0,0
MCH5370,Lala LLC,5311,DEPT_STORE,individual,Dilli,Delhi,2025-05-07 03:36:09,,ACTIVE,1448.94,MCH5370,0,0,0,1,0,0,0
MCH7199,MANDA AND SONS,5942,Books,SOLE_PROPRIETOR,DELHI,Delhi,2026-02-10 11:11:00,,ACTIVE,1077.86,MCH 7199,0,0,0,1,0,0,0
MCH2528,Cherian Ltd,5999,Miscellaneous,PRIVATE_LIMITED,Jalandhar,Punjab,2024-03-08 00:00:00,,ACTIVE,830.85,MCH2528,0,0,0,1,0,0,0
MCH9160,Som Ltd,8140,Mobile Recharge,PARTNERSHIP,Ludhiana,Punjab,2025-01-29 00:00:00,9756179537,ACTIVE,722.22,MCH9160,0,0,0,0,0,0,0
MCH5776,Varma-Bahri,5699,garments,INDIVIDUAL,MUMBAI,Maharashtra,2025-10-04 00:00:00,0509545143,INACTIVE,807.85,MCH-5776,0,0,0,0,0,0,0
MCH1854,"Sule, Prashad and Balay",,Hotels,partnership,Amritsar,Punjab,2023-09-21 00:00:00,XXXX8005,ACTIVE,5318.31,MCH1854,0,0,1,0,0,0,0
1936,"Batra, Ramanathan and Din",5912,pharmacies,SOLE-PROPRIETOR,Hyderabad,Telangana,2024-07-16 00:00:00,XXXX3173,ACTIVE,143.98,1936,0,0,0,0,0,0,0
MCH4261,Swaminathan Ltd,,HOTEL_LODGING,Private Limited,Lucknow,Uttar Pradesh,2025-06-08 20:07:40,XXXX1395,ACTIVE,965.51,MCH4261,0,0,1,0,0,0,0
MCH4486,"Bumb, Kibe and Saraf",4814,Mobile Recharge,private_limited,Madras,Tamil Nadu,2026-02-14 00:00:00,XXXX9655,ACTIVE,2112.84,mch4486,0,0,0,0,0,0,0
MCH3078,"gandhi, rout and sankaran",7011,Hotel,SOLE-PROPRIETOR,Bengaluru,Karnataka,2023-07-10 04:10:18,,ACTIVE,752.09,MCH3078,0,0,0,1,0,0,0
MCH1234,Comar-Kari,4131,transprt,SOLE_PROPRIETOR,jalandhar,Punjab,,IUGP6821222732474,ACTIVE,1120.89,MCH1234,0,0,0,0,1,0,0
MCH8470,Munshi-Reddy,,transprt,SOLE_PROPRIETOR,pune,Maharashtra,2025-12-29 00:00:00,,ACTIVE,0.1203,mch8470,0,0,1,1,0,0,0
MCH9228,Ram Inc,5999,Other,individual,HYDERABAD,Telangana,2025-10-19 16:20:00,XXXX4276,ACTIVE,1661.79,MCH9228,0,0,0,0,0,0,0
MCH4675,"MINHAS, NARAYAN AND BANDI",,Books,Sole Proprietor,Jalandhar,Punjab,2023-06-15 10:04:37,,ACTIVE,,MCH4675,0,1,1,1,0,0,0
MCH8603,mane ltd,5812,restaurant,SOLE_PROPRIETOR,ludhiana,Punjab,2023-04-01 16:26:07,9861979521,ACTIVE,258.46,mch8603,0,0,0,0,0,0,0
MCH8245,"Dhillon, Saran and Kalita",7011,HOTEL_LODGING,PARTNERSHIP,Ludhiana,Punjab,2025-09-06 00:00:00,,ACTIVE,0.2778,MCH8245,0,0,0,1,0,0,0
MCH9780,"Kibe, Setty and Kaul",5942,Book Store,PRIVATE-LIMITED,mumbai,Maharashtra,2024-07-14 00:00:00,EUVJ9352599503304,ACTIVE,3251.18,MCH9780,0,0,0,0,0,0,0
MCH1020,Garg-Kale,4131,transprt,sole_proprietor,ASR,Punjab,2023-09-05 00:00:00,,ACTIVE,1015.68,MCH1020,0,0,0,1,0,0,0
MCH1990,Sawhney-Parekh,4814,Mobile Recharge,PRIVATE-LIMITED,JPR,Rajasthan,2026-01-26 00:00:00,,ACTIVE,507.78,MCH1990,0,0,0,1,0,0,0
MCH9814,Sekhon-Luthra,5411,GROCERY_STORE,individual,HYDERABAD,Telangana,2023-06-12 00:00:00,,ACTIVE,2338.35,mch9814,0,0,0,1,0,0,0
MCH8177,Soman Inc,5812,Food,PRIVATE-LIMITED,Calcutta,West Bengal,2024-03-04 04:33:00,XXXX3095,ACTIVE,2423.6,mch8177,0,0,0,0,0,0,0
MCH8726,Rast0gi-Saini,5999,Misc Retail,Partnership,ludhiana,Punjab,,5579571324,ACTIVE,4900.29,MCH8726,0,0,0,0,1,0,0
MCH1378,Patil-Deshmukh,5311,DEPT_STORE,Private Limited,Madras,Tamil Nadu,2023-10-09 00:00:00,HYZE0588457086111,ACTIVE,387.99,MCH1378,0,0,0,0,0,0,0
MCH5154,Bhargava-Dey,5912,chemist,Partnership,Jalandar,Punjab,2025-03-22 00:00:00,XPFJ2723277827453,ACTIVE,861.82,MCH5154,0,0,0,0,0,0,0
MCH4482,Sawhney-Raman,7011,HOTEL_LODGING,PRIVATE-LIMITED,Ludhiana,Punjab,,8584867343,ACTIVE,246.88,MCH4482,0,0,0,0,1,0,0
MCH4363,BhagatInc,5912,Pharmacy,private_limited,Jalandar,Punjab,2023-07-22 00:00:00,2625500394,ACTIVE,1657.41,MCH-4363,0,0,0,0,0,0,0
MCH1422,Merchant and Sons,5912,Pharmacy,Individual,HYDERABAD,Telangana,2023-04-25 00:00:00,,ACTIVE,4074.0,MCH1422,0,0,0,1,0,0,0
MCH9251,"Venkatesh, Randhawa and Lal",4131,transprt,SOLE_PROPRIETOR,lucknow,Uttar Pradesh,2026-01-02 09:37:10,6838955230,ACTIVE,621.25,MCH9251,0,0,0,0,0,0,0
MCH5829,BATTA LTD,5812,Food,SOLE_PROPRIETOR,jalandhar,Punjab,2024-07-11 00:00:00,SFSR8195478520780,SUSPENDED,690.13,MCH5829,0,0,0,0,0,1,0
MCH6920,"Bhagat, Nadkarni and Dyal",3110,Department Stores,individual,Calcutta,West Bengal,2026-01-01 00:00:00,JTIZ3629800274600,ACTIVE,410.54,MCH6920,0,0,0,0,0,0,0
MCH2078,Chada-Dubey,5311,Department Stores,individual,Bengaluru,Karnataka,2025-03-14 00:00:00,,ACTIVE,1915.85,MCH2078,0,0,0,1,0,0,0
MCH7870,Vyas Inc,,TELECOM,INDIVIDUAL,amritsar,Punjab,2023-08-26 09:30:35,,ACTIVE,926.49,MCH 7870,0,0,1,1,0,0,0
MCH8410,"Bhargava, Srinivasan and Desai",4131,Transportation,private_limited,LKO,Uttar Pradesh,2024-01-20 00:00:00,XCHH9247596987516,ACTIVE,1024.56,MCH8410,0,0,0,0,0,0,0
MCH7546,Koshy LLC,5912,Pharmacies,INDIVIDUAL,New Delhi,Delhi,2024-11-17 00:00:00,XXXX1749,ACTIVE,0.356,MCH7546,0,0,0,0,0,0,0
MCH1904,Sandal Inc,4814,Telecom,INDIVIDUAL,Jalandhar,Punjab,2024-03-23 06:08:07,EZBT7024632751925,ACTIVE,1398.65,MCH1904,0,0,0,0,0,0,0
MCH7495,"Biswas, Mane and Hari",5311,DEPT_STORE,PRIVATE_LIMITED,DELHI,Delhi,,,ACTIVE,993.25,MCH7495,0,0,0,1,1,0,0
MCH4126,"WALI, MAHAL AND PRABHU",4131,Transportation,individual,HYDERABAD,Telangana,2023-12-09 15:51:00,RAIS4512083077234,ACTIVE,0.1593,MCH 4126,0,0,0,0,0,0,0
MCH7222,Verma and Sons,4814,TELECOM,individual,Dilli,Delhi,2023-07-11 00:00:00,,INACTIVE,-4154.85,MCH7222,1,0,0,1,0,0,0
MCH2327,"Ganguly, Grover and Mutti",5999,Retail Other,Sole Proprietor,jaipur,Rajasthan,2025-01-24 00:00:00,XXXX8996,SUSPENDED,12565.25,mch2327,0,0,0,0,0,1,0
MCH1977,Mukherjee-Menon,5311,Department Store,Partnership,Hyderabad,Telangana,2025-04-29 03:02:42,XXXX1090,ACTIVE,4221.17,MCH1977,0,0,0,0,0,0,0
MCH5799,Nagar Inc,7011,Hotel,private_limited,Jalandhar,Punjab,2026-02-16 00:00:00,RWJB2008792112548,ACTIVE,209.08,MCH5799,0,0,0,0,0,0,0
MCH4943,Sawhney-Dugar,7011,Hospitality,Sole Proprietor,chennai,Tamil Nadu,2023-07-16 00:00:00,,INACTIVE,470.52,MCH4943,0,0,0,1,0,0,0
MCH9471,Sarma Ltd,5699,Fashion,PARTNERSHIP,Hyderabad,Telangana,2023-10-26 00:00:00,XXXX5808,ACTIVE,2136.82,MCH9471,0,0,0,0,0,0,0
MCH7978,K0rpa1-Bassi,4814,Telecom,PRIVATE-LIMITED,jalandhar,Punjab,2025-10-26 14:25:48,,ACTIVE,4486.97,MCH7978,0,0,0,1,0,0,0
MCH9009,"Singhal, Patil and Brar",5311,Retail,private_limited,Jalandar,Punjab,2026-02-20 19:57:40,7365281036,INACTIVE,1016.03,MCH 9009,0,0,0,0,0,0,0
MCH1947,"Batra, Kar and Sodhi",5699,garments,PARTNERSHIP,BLR,Karnataka,2025-08-24 19:46:43,QPJE6965990436721,ACTIVE,3015.23,MCH 1947,0,0,0,0,0,0,0
MCH9429,"Sachar, Borra and Raj",4814,TELECOM,Private Limited,Bengaluru,Karnataka,,,ACTIVE,1031.66,MCH 9429,0,0,0,1,1,0,0
MCH3742,"Mall, Sarma and Merchant",5999,Miscellaneous,Partnership,jalandhar,Punjab,2025-06-19 08:34:00,,ACTIVE,330.87,mch3742,0,0,0,1,0,0,0
MCH6061,Basu and Sons,7011,Hospitality,Private Limited,amritsar,Punjab,2023-01-29 00:00:00,XXXX6131,ACTIVE,-2357.91,MCH6061,1,0,0,0,0,0,0
4133,"NAYAK, PRABHU AND SOM",4131,Transport,INDIVIDUAL,Mumbay,Maharashtra,2023-12-20 07:08:02,,ACTIVE,570.23,4133,0,0,0,1,0,0,0
MCH4581,"Tailor, Ganesh and Menon",5812,Restaurants,Partnership,Bombay,Maharashtra,2025-02-11 00:00:00,,INACTIVE,0.1137,MCH4581,0,0,0,1,0,0,0
MCH9296,Bhakta-Sen,5699,garments,private_limited,DELHI,Delhi,2024-12-29 00:00:00,CFXN3327085441809,ACTIVE,453.57,mch9296,0,0,0,0,0,0,0
MCH6818,"Bava, Badami and Sodhi",5311,Department Stores,PARTNERSHIP,Mumbai,Maharashtra,2023-03-16 00:00:00,JOTB5244966377910,ACTIVE,-3479.78,MCH6818,1,0,0,0,0,0,0
MCH3420,"Mani, Kota and Deol",4131,TRAVEL,Individual,JPR,Rajasthan,2024-01-18 11:43:00,,INACTIVE,453.43,mch3420,0,0,0,1,0,0,0
MCH2451,"HALDER, KANNAN AND DIXIT",7011,Hotel,Private Limited,kolkata,West Bengal,2025-11-20 00:00:00,NIXX7228219214941,INACTIVE,610.7,MCH-2451,0,0,0,0,0,0,0
MCH5892,Mangat-Dutta,,Stationery,SOLE-PROPRIETOR,jaipur,Rajasthan,2023-10-08 00:00:00,3873887194,ACTIVE,2243.17,mch5892,0,0,1,0,0,0,0
MCH4419,Sankaran Inc,5912,MEDICAL_STORE,PARTNERSHIP,Madras,Tamil Nadu,2023-08-04 00:00:00,,ACTIVE,291.65,MCH4419,0,0,0,1,0,0,0
MCH8753,"Bhandari, Trivedi and Bora",4131,TRAVEL,PARTNERSHIP,Hyderabad,Telangana,2024-12-27 13:54:54,,INACTIVE,718.79,MCH-8753,0,0,0,1,0,0,0
MCH3048,Kala Group,7011,Hotels,PRIVATE_LIMITED,jaipur,Rajasthan,2023-11-11 00:00:00,,ACTIVE,613.58,MCH-3048,0,0,0,1,0,0,0
MCH2533,Khatri-Devi,,Grocery,Sole Proprietor,jaipur,Rajasthan,2024-11-23 15:52:39,3534229147,ACTIVE,3147.37,MCH2533,0,0,1,0,0,0,0
MCH4080,Shenoy-Kashyap,4814,Mobile Recharge,Private Limited,jaipur,Rajasthan,2025-10-04 03:56:06,YPYY3780350945436,ACTIVE,2043.03,MCH4080,0,0,0,0,0,0,0
MCH6770,CHAUDHARI-DEWAN,5942,Books,Sole Proprietor,JPR,Rajasthan,,,ACTIVE,1139.41,MCH6770,0,0,0,1,1,0,0
MCH5547,Chander-Menon,,Pharmacy,partnership,Poona,Maharashtra,2024-03-02 00:00:00,,SUSPENDED,1421.71,mch5547,0,0,1,1,0,1,0
MCH5553,Sarna and Sons,8120,Restaurants,PRIVATE_LIMITED,Mumbay,Maharashtra,2023-06-07 02:21:12,XXXX7273,INACTIVE,-871.71,mch5553,1,0,0,0,0,0,0
MCH3837,Bhat Group,5311,Department Store,individual,delhi,Delhi,2026-01-17 00:00:00,XXXX7816,ACTIVE,-2613.11,MCH 3837,1,0,0,0,0,0,0
MCH4008,"deep, rajagopal and tandon",,phone service,PRIVATE_LIMITED,Hyd,Telangana,2024-06-02 00:03:04,,ACTIVE,0.1196,MCH 4008,0,0,1,1,0,0,0
MCH6764,rama-vora,4131,transprt,PARTNERSHIP,Hyderabad,Telangana,2025-08-22 07:58:18,XXXX1624,ACTIVE,892.82,MCH6764,0,0,0,0,0,0,0
MCH7681,Kala PLC,4814,TELECOM,private_limited,Hyd,Telangana,2023-04-12 14:59:00,,ACTIVE,2015.68,MCH7681,0,0,0,1,0,0,0
MCH2213,"Dash,SoniandPalla",7011,Hotel,INDIVIDUAL,kolkata,West Bengal,2023-04-30 00:00:00,,ACTIVE,4392.08,MCH 2213,0,0,0,1,0,0,0
MCH6637,Sagar Group,3110,Retail,SOLE-PROPRIETOR,JPR,Rajasthan,2023-08-16 00:00:00,,ACTIVE,-2926.37,mch6637,1,0,0,1,0,0,0
MCH9388,"mahajan, dixit and memon",7011,Hospitality,PARTNERSHIP,Calcutta,West Bengal,2024-11-21 00:00:00,,ACTIVE,1507.31,MCH9388,0,0,0,1,0,0,0
MCH5077,"Chauhan, Thakur and Chacko",5411,groceries,Individual,JPR,Rajasthan,2023-11-12 01:16:55,9740262322,INACTIVE,250.88,mch5077,0,0,0,0,0,0,0
MCH8364,KataPLC,5912,chemist,INDIVIDUAL,Bombay,Maharashtra,2023-11-21 12:44:00,,ACTIVE,753.31,MCH8364,0,0,0,1,0,0,0
MCH5438,"Krishna, Vohra and Ghose",5912,chemist,sole_proprietor,Madras,Tamil Nadu,2023-12-11 12:58:00,XXXX0401,ACTIVE,1326.9,MCH5438,0,0,0,0,0,0,0
MCH4427,Deshpande LLC,5812,Food,private_limited,Mumbai,Maharashtra,2023-02-05 00:00:00,0253333340,ACTIVE,1587.13,MCH4427,0,0,0,0,0,0,0
MCH4462,"Koshy, Badal and Nayar",5699,Clothing,INDIVIDUAL,Hyd,Telangana,2025-01-17 00:00:00,XXXX9292,ACTIVE,0.937,MCH4462,0,0,0,0,0,0,0
MCH3845,Hora-Bath,4131,transprt,INDIVIDUAL,bengaluru,Karnataka,2024-08-16 14:46:25,8760940800,ACTIVE,2098.39,MCH3845,0,0,0,0,0,0,0
MCH8109,"Nadkarni, Sawhney and Singh",5912,chemist,PARTNERSHIP,delhi,Delhi,2024-04-28 00:00:00,0836014923,ACTIVE,0.5729,mch8109,0,0,0,0,0,0,0
MCH3487,Mutti Inc,6990,garments,sole_proprietor,Calcutta,West Bengal,2023-07-24 00:00:00,,ACTIVE,-1198.59,MCH3487,1,0,0,1,0,0,0
MCH1384,Naidu-Bhatti,8120,Restaurants,INDIVIDUAL,Ludhiana,Punjab,2024-04-03 00:00:00,,ACTIVE,3910.34,MCH1384,0,0,0,1,0,0,0
MCH8066,Sane-Shukla,5411,GROCERY_STORE,partnership,amritsar,Punjab,2023-03-08 00:00:00,0222417187,ACTIVE,-665.07,MCH8066,1,0,0,0,0,0,0
MCH1226,Nadkarni Ltd,5912,MEDICAL_STORE,sole_proprietor,ludhiana,Punjab,,,ACTIVE,602.21,MCH 1226,0,0,0,1,1,0,0
MCH6386,Mahajan Inc,5311,Retail,individual,ASR,Punjab,2025-03-02 00:00:00,,ACTIVE,,MCH6386,0,1,0,1,0,0,0
MCH8380,Gola-Bal,8140,phone service,individual,HYDERABAD,Telangana,2025-10-14 05:29:06,XXXX2229,ACTIVE,-3345.73,mch8380,1,0,0,0,0,0,0
MCH6408,Gade and Sons,5942,Books,SOLE_PROPRIETOR,chennai,Tamil Nadu,2024-06-11 00:00:00,,ACTIVE,4374.58,MCH6408,0,0,0,1,0,0,0
MCH1055,Dhingra-Kapoor,5311,Retail,partnership,BLR,Karnataka,2024-12-30 03:08:34,6794786904,ACTIVE,-770.74,MCH 1055,1,0,0,0,0,0,0
MCH3788,"Divan, Kadakia and Kuruvilla",5311,Retail,Private Limited,Chennai,Tamil Nadu,2025-06-27 00:00:00,,ACTIVE,10161.82,MCH3788,0,0,0,1,0,0,0
MCH8512,Luthra-Bhasin,4131,Transportation,sole_proprietor,lucknow,Uttar Pradesh,2025-07-22 00:00:00,,ACTIVE,2579.73,MCH8512,0,0,0,1,0,0,0
MCH6635,Sehgal Inc,5812,eating place,Private Limited,Bengaluru,Karnataka,,,ACTIVE,1810.23,MCH6635,0,0,0,1,1,0,0
MCH4355,Sur-Pandit,5699,garments,partnership,lucknow,Uttar Pradesh,2023-04-18 00:00:00,0234156737,ACTIVE,,MCH4355,0,1,0,0,0,0,0
MCH3266,"Lalla, Baral and Pau",5311,Department Store,private_limited,Chennai,Tamil Nadu,2025-09-17 12:56:00,ZAAY3109374136824,ACTIVE,1627.34,mch3266,0,0,0,0,0,0,0
MCH9745,"Datta, Kibe and Barad",,Pharmacy,SOLE_PROPRIETOR,ludhiana,Punjab,2023-05-03 00:00:00,UQJV3362810389691,INACTIVE,0.1003,MCH9745,0,0,1,0,0,0,0
MCH7780,Jain PLC,5912,MEDICAL_STORE,SOLE_PROPRIETOR,Lucknow,Uttar Pradesh,2025-07-19 13:23:49,,INACTIVE,,MCH7780,0,1,0,1,0,0,0
MCH9051,"Gara, Keer and Padmanabhan",4814,Telecom,SOLE-PROPRIETOR,bengaluru,Karnataka,2023-07-16 00:00:00,XXXX6304,ACTIVE,1715.14,MCH-9051,0,0,0,0,0,0,0
MCH4681,"Raja, Ramanathan and Koshy",,Book Store,Sole Proprietor,Bombay,Maharashtra,2023-09-13 00:00:00,,ACTIVE,554.63,MCH4681,0,0,1,1,0,0,0
MCH3296,Sampath-Chopra,5999,Miscellaneous,INDIVIDUAL,Bangalore,Karnataka,2025-11-18 00:00:00,XXXX2813,ACTIVE,1074.2,MCH3296,0,0,0,0,0,0,0
MCH4194,Srinivasan-Lala,1310,Transportation,individual,LDH,Punjab,2025-08-15 00:00:00,,ACTIVE,2059.54,MCH4194,0,0,0,1,0,0,0
MCH4708,Loke-Ganesan,5999,Miscellaneous,sole_proprietor,Jalandar,Punjab,2024-02-22 19:47:00,,ACTIVE,1266.56,MCH 4708,0,0,0,1,0,0,0
MCH7027,"Vyas, Ghose and Narasimhan",5311,Department Store,SOLE_PROPRIETOR,Hyderabad,Telangana,2023-05-04 00:00:00,GJGE7959201596190,ACTIVE,0.86,MCH7027,0,0,0,0,0,0,0
MCH7033,Mani and Sons,5699,Apparel,Partnership,mumbai,Maharashtra,2023-07-06 00:00:00,,ACTIVE,2767.54,MCH-7033,0,0,0,1,0,0,0
MCH7731,DalalPLC,7011,Hospitality,Individual,chennai,Tamil Nadu,2024-05-25 00:00:00,,ACTIVE,2899.19,MCH7731,0,0,0,1,0,0,0
MCH5944,Arya Inc,5699,CLOTHS,PARTNERSHIP,jaipur,Rajasthan,2025-03-31 04:07:17,,ACTIVE,394.63,MCH5944,0,0,0,1,0,0,0
MCH4459,Agate-Majumdar,4131,transprt,SOLE-PROPRIETOR,Madras,Tamil Nadu,2025-07-29 00:00:00,XXXX8386,ACTIVE,210.85,mch4459,0,0,0,0,0,0,0
MCH6672,"Mittal, Bajwa and Guha",5812,Restaurants,INDIVIDUAL,DELHI,Delhi,2023-08-09 00:00:00,XXXX4811,ACTIVE,3663.66,MCH6672,0,0,0,0,0,0,0
MCH1321,Borah-Dhaliwal,7011,Hospitality,SOLE_PROPRIETOR,amritsar,Punjab,2025-12-06 00:00:00,XXXX0908,ACTIVE,7973.89,MCH1321,0,0,0,0,0,0,0
MCH3030,"Sengupta, Bhagat and Kota",5942,Stationery,Private Limited,chennai,Tamil Nadu,2025-07-09 00:00:00,,ACTIVE,194.19,MCH3030,0,0,0,1,0,0,0
MCH2654,saxena-sarkar,4814,TELECOM,Sole Proprietor,Pune,Maharashtra,2026-01-10 00:00:00,,ACTIVE,3080.46,MCH-2654,0,0,0,1,0,0,0
MCH5880,"Varty, Ratta and Venkataraman",5699,Fashion,Sole Proprietor,ASR,Punjab,2023-06-11 00:00:00,0620802937,ACTIVE,1913.84,MCH5880,0,0,0,0,0,0,0
MCH2249,"Rout, Thaker and Pal",,Department Stores,partnership,Mumbay,Maharashtra,2023-06-15 00:00:00,XXXX2277,ACTIVE,1367.02,MCH2249,0,0,1,0,0,0,0
MCH3987,"Dubey, Aggarwa1 and Mangat",5942,BOOKS_STATIONERY,INDIVIDUAL,HYDERABAD,Telangana,2024-04-20 00:00:00,OTRE9764440633575,ACTIVE,474.5,MCH3987,0,0,0,0,0,0,0
MCH7318,Keer-Rao,,TELECOM,Partnership,Pune,Maharashtra,2023-11-27 00:00:00,RIME5549722708025,ACTIVE,502.45,MCH7318,0,0,1,0,0,0,0
MCH8729,"Chowdhury, Krishnamurthy and Parekh",9420,Stationery,Private Limited,kolkata,West Bengal,2024-02-07 00:00:00,7331970917,ACTIVE,870.42,MCH8729,0,0,0,0,0,0,0
MCH3737,Raval-Kurian,5812,Restaurants,Individual,Bombay,Maharashtra,2026-01-23 00:00:00,,ACTIVE,-352.99,MCH3737,1,0,0,1,0,0,0
MCH7885,Atwal-Jha,4131,Bus/Taxi,Private Limited,jalandhar,Punjab,2023-08-15 00:00:00,XXXX1162,HOLD,,mch7885,0,1,0,0,0,0,0
MCH1227,"Nazareth, Zacharia and Swaminathan",5812,Food,PRIVATE_LIMITED,ludhiana,Punjab,2023-03-21 16:36:39,MUJQ0020831226650,ACTIVE,870.36,MCH1227,0,0,0,0,0,0,0
5984,acharya-badal,5999,Other,Sole Proprietor,kolkata,West Bengal,2023-01-03 00:00:00,,ACTIVE,0.515,5984,0,0,0,1,0,0,0
MCH6639,Sandal Group,5812,eating place,sole_proprietor,Amritsar,Punjab,2024-05-29 07:36:20,7230745501,ACTIVE,3334.16,MCH 6639,0,0,0,0,0,0,0
MCH3917,CHOWDHURY-PANDIT,,Fashion,PRIVATE_LIMITED,Hyd,Telangana,2023-02-04 00:00:00,XXXX2174,ACTIVE,-445.99,MCH 3917,1,0,1,0,0,0,0
MCH9306,Zachariah-Anne,5942,Stationery,PARTNERSHIP,Mumbai,Maharashtra,2026-10-02 00:00:00,JLTB4031924458479,ACTIVE,1250.09,MCH9306,0,0,0,0,0,0,0
MCH3414,Sahota Ltd,4814,Telecom,PRIVATE-LIMITED,Amritsar,Punjab,2025-12-29 00:00:00,4026065439,ACTIVE,1607.54,MCH3414,0,0,0,0,0,0,0
MCH3837,"Balakrishnan, Mane and Ranganathan",5812,FOOD_SERVICES,partnership,delhi,Delhi,2025-03-22 23:37:10,XXXX2369,ACTIVE,866.44,MCH3837,0,0,0,0,0,0,0
MCH2120,"Yohannan, Patla and Parmer",7011,HOTEL_LODGING,Partnership,Delhi,Delhi,2024-01-01 00:00:00,XXXX7380,ACTIVE,-3366.53,MCH2120,1,0,0,0,0,0,0
MCH9104,Goel PLC,5311,Department Stores,Private Limited,Bangalore,Karnataka,2025-06-30 21:37:07,,ACTIVE,2640.29,MCH-9104,0,0,0,1,0,0,0
MCH3313,Comar-Sidhu,5311,DEPT_STORE,SOLE-PROPRIETOR,lucknow,Uttar Pradesh,2023-07-30 00:00:00,GKCY1460435380907,INACTIVE,408.55,MCH3313,0,0,0,0,0,0,0
MCH8335,Bhatti-Keer,,Retail,Sole Proprietor,HYDERABAD,Telangana,2024-03-06 00:00:00,,INACTIVE,1335.83,MCH8335,0,0,1,1,0,0,0
MCH2332,Toor Inc,7011,Hospitality,INDIVIDUAL,ludhiana,Punjab,2023-04-20 08:12:00,PKCI7470482397105,ACTIVE,-3555.73,MCH2332,1,0,0,0,0,0,0
MCH1592,AgateInc,5311,Retail,PRIVATE-LIMITED,HYDERABAD,Telangana,2025-01-30 02:00:41,GLPT6683638156046,SUSPENDED,1072.45,MCH 1592,0,0,0,0,0,1,0
MCH7503,Dixit-Lala,7011,Hotels,Individual,Bombay,Maharashtra,2024-10-06 00:00:00,6328103560,ACTIVE,-2699.2,MCH-7503,1,0,0,0,0,0,0
MCH3805,Issac-Munshi,5999,Misc Retail,Private Limited,bengaluru,Karnataka,2023-02-19 00:00:00,2364539164,ACTIVE,0.7651,MCH3805,0,0,0,0,0,0,0
8562,Radhakrishnan-Apte,5812,Food,PRIVATE-LIMITED,chennai,Tamil Nadu,2023-12-04 06:47:00,,ACTIVE,0.1647,8562,0,0,0,1,0,0,0
4099,"Dewan, Rastogi and Jayaraman",,Retail,INDIVIDUAL,LDH,Punjab,2025-08-06 12:15:48,,ACTIVE,0.1926,4099,0,0,1,1,0,0,0
MCH5696,Mittal Group,4110,Grocery,PRIVATE-LIMITED,Chennai,Tamil Nadu,2024-05-18 00:00:00,,ACTIVE,2595.13,MCH5696,0,0,0,1,0,0,0
MCH5573,Vora-Natarajan,4814,phone service,individual,New Delhi,Delhi,,,INACTIVE,2579.11,MCH5573,0,0,0,1,1,0,0
MCH2886,"Kurian, Dash and Walla",7011,Hotel,PRIVATE_LIMITED,bengaluru,Karnataka,2023-05-25 01:14:00,XXXX6301,SUSPENDED,8233.35,MCH2886,0,0,0,0,0,1,0
MCH1793,Jaggi PLC,7011,Hotel,SOLE_PROPRIETOR,Delhi,Delhi,2024-08-21 00:47:16,,ACTIVE,2705.89,MCH-1793,0,0,0,1,0,0,0
MCH2135,"Singh, Talwar and Sur",4110,groceries,PRIVATE_LIMITED,jalandhar,Punjab,2025-01-15 00:00:00,,SUSPENDED,704.34,MCH2135,0,0,0,1,0,1,0
MCH8705,"Sankar, Srinivas and Kanda",4814,Telecom,PRIVATE-LIMITED,Delhi,Delhi,2024-02-05 00:00:00,7251156491,ACTIVE,-207.41,MCH 8705,1,0,0,0,0,0,0
MCH7943,Chaudhary-Rana,9120,Pharmacies,individual,Calcutta,West Bengal,2024-12-27 00:00:00,IEWV4741965388466,ACTIVE,3927.63,MCH7943,0,0,0,0,0,0,0
MCH5917,"TARA, BHASIN AND SINGH",5912,Pharmacies,SOLE-PROPRIETOR,Pune,Maharashtra,2023-08-26 00:00:00,6037353463,SUSPENDED,443.4,MCH 5917,0,0,0,0,0,1,0
MCH4578,Khare-Warrior,5912,Pharmacies,PRIVATE-LIMITED,amritsar,Punjab,2023-01-11 00:00:00,4489355946,ACTIVE,504.9,MCH-4578,0,0,0,0,0,0,0
MCH1474,"sami, sur and tank",4131,Transportation,private_limited,Pune,Maharashtra,,XXXX6224,ACTIVE,1645.61,MCH1474,0,0,0,0,1,0,0
4893,jani-verma,4131,transprt,partnership,Jalandar,Punjab,2023-08-11 22:02:04,,ACTIVE,1601.52,4893,0,0,0,1,0,0,0
MCH3292,Ravi-Keer,,Retail,private_limited,Jalandhar,Punjab,2023-11-21 00:00:00,,ACTIVE,9611.45,mch3292,0,0,1,1,0,0,0
MCH9591,BALI GROUP,5999,Miscellaneous,sole_proprietor,ludhiana,Punjab,2026-01-14 00:00:00,,ACTIVE,3007.14,MCH9591,0,0,0,1,0,0,0
MCH4972,Seshadri-Dalal,5311,Department Stores,PARTNERSHIP,Poona,Maharashtra,2025-10-03 00:00:00,8465114405,ACTIVE,-1064.98,MCH4972,1,0,0,0,0,0,0
MCH1789,Loke-Chanda,5942,BOOKS_STATIONERY,Partnership,jaipur,Rajasthan,2023-02-25 00:00:00,,ACTIVE,15713.68,MCH1789,0,0,0,1,0,0,0
MCH2115,Modi-Kari,5912,chemist,SOLE-PROPRIETOR,delhi,Delhi,2023-10-04 10:56:00,XXXX4594,ACTIVE,1597.33,MCH 2115,0,0,0,0,0,0,0
MCH5258,Kibe-Ramanathan,,Book Store,partnership,Dilli,Delhi,2024-08-15 00:00:00,IIKD1145736850427,ACTIVE,3143.33,MCH5258,0,0,1,0,0,0,0
MCH4805,JOSHI PLC,5999,Other,sole_proprietor,Hyd,Telangana,2023-08-26 00:00:00,,ACTIVE,4206.25,MCH4805,0,0,0,1,0,0,0
MCH2861,Hayer Inc,5311,Department Stores,PRIVATE_LIMITED,pune,Maharashtra,2024-11-09 19:09:35,XXXX6916,ACTIVE,0.676,MCH2861,0,0,0,0,0,0,0
MCH8999,"BORDE, REDDY AND MITAL",4131,transprt,Sole Proprietor,jalandhar,Punjab,2024-06-30 00:00:00,JAYY6619396625712,ACTIVE,-561.7,MCH-8999,1,0,0,0,0,0,0
MCH3279,"Zachariah, Gill and Palla",5812,Restaurants,Individual,Pune,Maharashtra,2025-12-25 00:00:00,,ACTIVE,,MCH3279,0,1,0,1,0,0,0
MCH1293,"Kohli, Rajan and Nair",5699,garments,SOLE_PROPRIETOR,Jaipur,Rajasthan,2023-09-04 06:47:00,XXXX7079,ACTIVE,915.17,MCH1293,0,0,0,0,0,0,0
MCH1454,"Bali, Kurian and Garde",5812,Restaurant,PARTNERSHIP,lucknow,Uttar Pradesh,2023-07-29 14:13:18,,ACTIVE,1592.02,MCH1454,0,0,0,1,0,0,0
MCH8912,Nagar PLC,5942,Stationery,Private Limited,Bombay,Maharashtra,2024-02-17 00:00:00,,ACTIVE,196.56,MCH8912,0,0,0,1,0,0,0
MCH9848,B0rde Inc,,Retail,Private Limited,Hyderabad,Telangana,2024-02-03 00:00:00,0308046800,ACTIVE,1173.29,mch9848,0,0,1,0,0,0,0
MCH1296,Gaba-Rama,5912,MEDICAL_STORE,Individual,Delhi,Delhi,2023-01-16 00:00:00,6728414996,ACTIVE,2547.8,MCH1296,0,0,0,0,0,0,0
MCH9920,Oommen-Mitra,5411,kirana,Private Limited,jaipur,Rajasthan,2024-01-17 00:00:00,7684049085,ACTIVE,767.57,MCH 9920,0,0,0,0,0,0,0
MCH3438,Sodhi-Khosla,5311,Department Stores,private_limited,amritsar,Punjab,,XXXX2260,ACTIVE,,MCH3438,0,1,0,0,1,0,0
MCH8379,"B0rah, Kaur and Gera",5912,Pharmacy,INDIVIDUAL,Jaipur,Rajasthan,,,ACTIVE,351.15,MCH8379,0,0,0,1,1,0,0
MCH8126,"SAXENA, MITRA AND CHADA",5912,chemist,INDIVIDUAL,Lucknow,Uttar Pradesh,2025-03-12 00:00:00,XXXX5937,SUSPENDED,844.44,MCH8126,0,0,0,0,0,1,0
MCH8990,Konda-Comar,4131,Transport,Private Limited,bengaluru,Karnataka,2023-05-12 14:14:04,,ACTIVE,273.69,MCH8990,0,0,0,1,0,0,0
MCH1592,Cherian-Bhavsar,7011,HOTEL_LODGING,sole_proprietor,mumbai,Maharashtra,2024-12-06 00:00:00,7646312300,ACTIVE,2941.81,MCH1592,0,0,0,0,0,0,0
MCH9952,Vig-Doctor,,TRAVEL,PRIVATE_LIMITED,lucknow,Uttar Pradesh,2024-10-27 00:00:00,XXXX8487,ACTIVE,856.86,mch9952,0,0,1,0,0,0,0
MCH6818,Kaur Ltd,,Department Stores,Individual,ludhiana,Punjab,2024-02-23 00:00:00,,ACTIVE,333.34,MCH6818,0,0,1,1,0,0,0
MCH4936,Batra-Patla,4814,phone service,INDIVIDUAL,Bombay,Maharashtra,2023-05-02 00:00:00,9027629602,ACTIVE,2064.79,MCH4936,0,0,0,0,0,0,0
MCH6904,Master-Bhat,3110,Department Store,PARTNERSHIP,MUMBAI,Maharashtra,2023-05-08 00:00:00,,ACTIVE,252.96,mch6904,0,0,0,1,0,0,0
MCH2691,PATHAK AND SONS,,Hotel,PRIVATE_LIMITED,lucknow,Uttar Pradesh,2024-09-06 00:00:00,,ACTIVE,5340.32,MCH2691,0,0,1,1,0,0,0
MCH5457,Deol PLC,5942,Book Store,SOLE_PROPRIETOR,Jaipur,Rajasthan,2024-12-30 13:09:01,XXXX0292,ACTIVE,1085.1,MCH5457,0,0,0,0,0,0,0
MCH2187,Balan and Sons,5999,Retail Other,SOLE-PROPRIETOR,Bangalore,Karnataka,2024-10-22 00:00:00,,ACTIVE,0.134,MCH-2187,0,0,0,1,0,0,0
MCH7157,Bir Inc,,Mobile Recharge,PRIVATE-LIMITED,lucknow,Uttar Pradesh,2023-04-16 00:00:00,,ACTIVE,906.12,MCH7157,0,0,1,1,0,0,0
MCH2265,"Bail, Gopal and Khare",,Pharmacies,partnership,LKO,Uttar Pradesh,2024-04-08 00:00:00,VZCP3787385327453,INACTIVE,-785.4,MCH2265,1,0,1,0,0,0,0
MCH6939,Sampath Ltd,5999,Misc Retail,SOLE-PROPRIETOR,LKO,Uttar Pradesh,2025-07-01 11:23:00,XXXX8052,ACTIVE,2962.51,MCH-6939,0,0,0,0,0,0,0
MCH9287,Sathe Group,4814,Mobile Recharge,Private Limited,JPR,Rajasthan,2023-04-16 13:53:00,,INACTIVE,-2266.77,MCH9287,1,0,0,1,0,0,0
MCH3539,"Korpal, Nair and Chana",5699,Apparel,SOLE-PROPRIETOR,mumbai,Maharashtra,2024-05-29 00:00:00,QRQK3185986773369,INACTIVE,2681.05,MCH3539,0,0,0,0,0,0,0
MCH9543,"G0ur, Raju and Dara",4131,TRAVEL,INDIVIDUAL,amritsar,Punjab,2024-02-10 00:00:00,,ACTIVE,-458.0,MCH9543,1,0,0,1,0,0,0
MCH5704,RAVEL-TALWAR,4131,Transportation,SOLE_PROPRIETOR,Madras,Tamil Nadu,2025-09-25 08:00:41,7574908365,INACTIVE,-4204.94,MCH5704,1,0,0,0,0,0,0
MCH4844,Trivedi-De01,7011,Hotel,INDIVIDUAL,bengaluru,Karnataka,2024-06-23 06:58:47,,ACTIVE,798.53,MCH4844,0,0,0,1,0,0,0
MCH7895,Pau PLC,,Retail Other,individual,amritsar,Punjab,2023-06-08 09:45:00,,ACTIVE,0.583,MCH7895,0,0,1,1,0,0,0
MCH8159,Yogi Group,5699,Fashion,INDIVIDUAL,Kolkata,West Bengal,,,SUSPENDED,8386.41,MCH-8159,0,0,0,1,1,1,0
4109,"Lal, Handa and Mammen",5942,BOOKS_STATIONERY,INDIVIDUAL,kolkata,West Bengal,2024-07-01 21:55:00,,ACTIVE,1181.07,4109,0,0,0,1,0,0,0
MCH2201,"DATE, MUNI AND DASGUPTA",5999,Miscellaneous,individual,kolkata,West Bengal,2023-07-12 00:00:00,EYWQ3550445400883,ACTIVE,238.32,MCH 2201,0,0,0,0,0,0,0
MCH3682,"Dash, Kashyap and Goda",5311,Department Stores,private_limited,Amritsar,Punjab,2025-12-01 18:10:00,UMOT0203540180050,INACTIVE,0.1702,MCH3682,0,0,0,0,0,0,0
7866,Mangal and Sons,8140,phone service,Sole Proprietor,Amritsar,Punjab,2024-10-21 00:00:00,XXXX2681,ACTIVE,8914.37,7866,0,0,0,0,0,0,0
MCH7933,BaradInc,5812,Food,individual,ASR,Punjab,2025-07-26 00:00:00,,INACTIVE,0.1177,MCH7933,0,0,0,1,0,0,0
MCH5176,"Samra,SampathandChaudhuri",4131,TRAVEL,INDIVIDUAL,Jalandhar,Punjab,2025-03-18 00:00:00,,ACTIVE,0.905,MCH5176,0,0,0,1,0,0,0
MCH7105,"Banerjee, Kurian and Bhatt",5699,CLOTHS,SOLE-PROPRIETOR,ASR,Punjab,2025-03-24 02:31:11,EDVM3800952600806,ACTIVE,265.52,MCH7105,0,0,0,0,0,0,0
MCH5389,sem llc,4131,Bus/Taxi,PARTNERSHIP,JPR,Rajasthan,2024-06-16 06:06:18,XXXX3272,ACTIVE,342.38,MCH5389,0,0,0,0,0,0,0
MCH9956,Khatri Inc,7011,Hotel,Sole Proprietor,Poona,Maharashtra,2023-05-19 18:45:01,5037831406,SUSPENDED,-2099.08,MCH9956,1,0,0,0,0,1,0
MCH1439,Chawla Ltd,,bus/taxi,INDIVIDUAL,chennai,Tamil Nadu,2023-05-10 00:00:00,OYZO1535504454366,ACTIVE,6190.53,MCH-1439,0,0,1,0,0,0,0
MCH6405,Jaggi Ltd,5411,groceries,PARTNERSHIP,DELHI,Delhi,2024-01-26 06:23:00,XXXX6470,ACTIVE,0.4074,MCH6405,0,0,0,0,0,0,0
MCH4308,Natt Group,5912,Medical,PARTNERSHIP,DELHI,Delhi,2023-01-16 00:00:00,3010499558,ACTIVE,2114.37,MCH4308,0,0,0,0,0,0,0
MCH1876,"Deol, Sandal and Nagi",5999,Miscellaneous,partnership,bengaluru,Karnataka,2024-04-29 00:00:00,KRVT6824787386581,ACTIVE,603.93,MCH1876,0,0,0,0,0,0,0
MCH1862,Puri Inc,4131,Transportation,individual,Mumbay,Maharashtra,2024-11-15 12:30:15,6516098644,ACTIVE,1444.68,MCH1862,0,0,0,0,0,0,0
MCH6979,Tiwari and Sons,5999,Retail Other,Sole Proprietor,Mumbai,Maharashtra,,XXXX1209,ACTIVE,0.2312,MCH6979,0,0,0,0,1,0,0
MCH8661,Kapoor and Sons,,transprt,Partnership,MUMBAI,Maharashtra,,,ACTIVE,1762.47,MCH8661,0,0,1,1,1,0,0
MCH9145,CHAD-KARPE,6990,Fashion,partnership,JPR,Rajasthan,2024-11-08 19:13:00,XQWX8871352480351,ACTIVE,359.12,MCH9145,0,0,0,0,0,0,0
MCH6948,"Kala,LokeandSinghal",4814,phone service,INDIVIDUAL,Bangalore,Karnataka,2025-07-16 00:00:00,,ACTIVE,-752.55,MCH6948,1,0,0,1,0,0,0
MCH9063,"Bhatt, Sabharwal and Devi",5699,Clothing,Sole Proprietor,Calcutta,West Bengal,2023-09-10 00:00:00,XXXX6663,INACTIVE,,MCH 9063,0,1,0,0,0,0,0
MCH3354,"Barad, Ahluwalia and Mahal",5942,BOOKS_STATIONERY,partnership,lucknow,Uttar Pradesh,2026-02-06 09:23:45,XXXX7924,ACTIVE,906.14,MCH3354,0,0,0,0,0,0,0
MCH3440,"Sahni, Thakur and Kale",5411,GROCERY_STORE,partnership,Hyderabad,Telangana,2024-10-14 11:53:00,SWXL8005196412661,ACTIVE,0.797,MCH-3440,0,0,0,0,0,0,0
MCH6197,VIRK-VERMA,4131,Bus/Taxi,Partnership,Hyderabad,Telangana,,,ACTIVE,661.04,MCH6197,0,0,0,1,1,0,0
MCH5553,Salvi-Contractor,5411,groceries,INDIVIDUAL,Calcutta,West Bengal,2024-03-21 00:00:00,,ACTIVE,3894.89,MCH5553,0,0,0,1,0,0,0
MCH9941,Bava and Sons,9990,Other,private_limited,Hyd,Telangana,2024-12-02 03:24:00,8632655432,ACTIVE,-2534.64,MCH9941,1,0,0,0,0,0,0
MCH1309,"Jhaveri, Dasgupta and Kata",5699,garments,INDIVIDUAL,MUMBAI,Maharashtra,2023-09-20 00:00:00,XXXX1715,ACTIVE,929.23,MCH1309,0,0,0,0,0,0,0
MCH6206,"chander, bawa and setty",7011,Hospitality,Sole Proprietor,lucknow,Uttar Pradesh,2025-12-08 05:06:00,,ACTIVE,1545.95,MCH6206,0,0,0,1,0,0,0
MCH5425,"Bora, Kibe and Yadav",4814,TELECOM,INDIVIDUAL,Dilli,Delhi,,3599725292,SUSPENDED,810.1,MCH5425,0,0,0,0,1,1,0
MCH7379,"Doctor, Dyal and Vaidya",9120,Medical,Partnership,Jalandhar,Punjab,2023-03-07 00:00:00,XXXX4037,ACTIVE,198.46,MCH7379,0,0,0,0,0,0,0
MCH9447,Singh and Sons,7011,HOTEL_LODGING,PRIVATE_LIMITED,chennai,Tamil Nadu,2023-01-10 00:00:00,XXXX0990,ACTIVE,1158.32,MCH9447,0,0,0,0,0,0,0
MCH5787,Bassi Inc,7011,HOTEL_LODGING,SOLE_PROPRIETOR,Bombay,Maharashtra,2025-06-24 00:00:00,XXXX0298,ACTIVE,555.97,MCH5787,0,0,0,0,0,0,0
MCH6903,sanghvi-suresh,9120,Medical,Sole Proprietor,Pune,Maharashtra,2024-12-01 00:00:00,XXXX6921,ACTIVE,3930.65,MCH6903,0,0,0,0,0,0,0
MCH9521,"soni, bal and thaman",5699,Clothing,Partnership,Ludhiana,Punjab,2023-05-04 07:18:00,,INACTIVE,0.155,MCH9521,0,0,0,1,0,0,0
MCH8255,Sastry Group,5912,Pharmacy,PARTNERSHIP,Ludhiana,Punjab,2023-08-13 22:30:59,,ACTIVE,1386.59,MCH-8255,0,0,0,1,0,0,0
MCH7967,Datta LLC,4814,Mobile Recharge,INDIVIDUAL,Amritsar,Punjab,2025-09-04 00:00:00,,ACTIVE,,MCH-7967,0,1,0,1,0,0,0
MCH7146,"Brar, Chadha and Choudhary",5311,DEPT_STORE,partnership,Hyderabad,Telangana,2024-05-09 00:00:00,,ACTIVE,573.35,MCH7146,0,0,0,1,0,0,0
MCH8409,"Dua, Naidu and Agate",4131,TRAVEL,individual,Mumbay,Maharashtra,2024-09-05 14:57:07,,ACTIVE,1474.83,MCH8409,0,0,0,1,0,0,0
MCH2495,"sibal, shankar and malhotra",5699,Apparel,INDIVIDUAL,BLR,Karnataka,2025-07-20 20:24:00,,ACTIVE,0.529,mch2495,0,0,0,1,0,0,0
MCH8283,Nadkarni LLC,4131,TRAVEL,PRIVATE-LIMITED,Kolkata,West Bengal,2023-10-26 00:00:00,XXXX9874,ACTIVE,731.97,MCH8283,0,0,0,0,0,0,0
MCH6155,"Mukhopadhyay, Doshi and Gopal",5411,Grocery Stores,SOLE-PROPRIETOR,Jalandhar,Punjab,2025-10-03 00:00:00,XXXX5418,ACTIVE,-830.87,MCH6155,1,0,0,0,0,0,0
MCH3051,Hora-Mahajan,6990,garments,Private Limited,Jaipur,Rajasthan,2023-03-04 00:00:00,,ACTIVE,3699.21,MCH3051,0,0,0,1,0,0,0
MCH2463,Yogi-Dhar,4131,Transport,PRIVATE_LIMITED,Mumbay,Maharashtra,2023-10-20 20:24:00,2758552991,ACTIVE,4463.41,MCH2463,0,0,0,0,0,0,0
MCH8619,Salvi-Nazareth,4110,Grocery,SOLE_PROPRIETOR,New Delhi,Delhi,2024-07-25 00:00:00,,ACTIVE,860.21,MCH8619,0,0,0,1,0,0,0
MCH2494,Sane Ltd,5699,Clothing,partnership,amritsar,Punjab,,8156434201,ACTIVE,0.582,MCH2494,0,0,0,0,1,0,0
MCH4963,AtwalLtd,5912,Pharmacy,Sole Proprietor,HYDERABAD,Telangana,2024-09-17 15:34:47,,ACTIVE,,MCH 4963,0,1,0,1,0,0,0
MCH2693,Tandon-Kaur,5311,Retail,INDIVIDUAL,Chennai,Tamil Nadu,2025-06-04 00:00:00,3068123352,ACTIVE,1966.59,MCH2693,0,0,0,0,0,0,0
MCH8885,"Dhawan,DevanandChokshi",5699,Fashion,Individual,Delhi,Delhi,2025-09-12 04:35:13,,ACTIVE,,MCH8885,0,1,0,1,0,0,0
MCH8974,"Shukla, Gaba and Sani",5912,Pharmacy,SOLE_PROPRIETOR,New Delhi,Delhi,2026-02-15 00:00:00,EPWM9547022186249,ACTIVE,438.78,MCH 8974,0,0,0,0,0,0,0
MCH9992,Rajagopalan PLC,7011,HOTEL_LODGING,Sole Proprietor,Bengaluru,Karnataka,2024-02-07 00:00:00,5652803993,ACTIVE,577.93,MCH9992,0,0,0,0,0,0,0
MCH8450,narayanan llc,5912,Medical,SOLE-PROPRIETOR,LDH,Punjab,,XXXX4013,ACTIVE,-1022.45,mch8450,1,0,0,0,1,0,0
MCH5642,Ganguly-Kalla,5912,Pharmacy,PRIVATE-LIMITED,Jalandar,Punjab,2025-11-19 00:00:00,9623880565,ACTIVE,-870.56,MCH5642,1,0,0,0,0,0,0
MCH6207,"Ganesan, Bajwa and Reddy",5912,Pharmacy,PARTNERSHIP,JPR,Rajasthan,2023-03-21 00:00:00,1318873894,ACTIVE,391.96,MCH6207,0,0,0,0,0,0,0
8855,"Rau, Dua and Nadkarni",5411,groceries,PRIVATE-LIMITED,Ludhiana,Punjab,2025-06-06 02:15:00,5829674472,ACTIVE,2893.79,8855,0,0,0,0,0,0,0
MCH3700,Nath-Chakrabarti,8120,FOOD_SERVICES,partnership,chennai,Tamil Nadu,2025-03-25 03:11:06,,ACTIVE,0.1733,mch3700,0,0,0,1,0,0,0
MCH7324,Grover-Murty,5942,Stationery,Partnership,Jalandar,Punjab,2025-02-12 00:00:00,,SUSPENDED,1077.62,MCH7324,0,0,0,1,0,1,0
MCH4552,"Palla, Mutti and Jayaraman",4131,Transportation,Sole Proprietor,jaipur,Rajasthan,2025-07-21 01:20:00,ZNQK3499547364876,ACTIVE,912.53,MCH4552,0,0,0,0,0,0,0
MCH7589,"Mangat, Din and Chatterjee",7011,Hotel,PARTNERSHIP,Bombay,Maharashtra,2024-01-17 00:00:00,XXXX6278,ACTIVE,1692.13,MCH7589,0,0,0,0,0,0,0
MCH6918,Sant Ltd,4131,Transportation,private_limited,Chennai,Tamil Nadu,2023-01-15 00:00:00,,ACTIVE,0.472,mch6918,0,0,0,1,0,0,0
MCH6228,"Kar, Agarwal and Karpe",5812,eating place,private_limited,Bengaluru,Karnataka,2024-08-05 00:00:00,,ACTIVE,1145.75,MCH6228,0,0,0,1,0,0,0
MCH9688,choudhry llc,5942,Books,Sole Proprietor,Bengaluru,Karnataka,2023-10-18 00:00:00,,ACTIVE,825.43,MCH-9688,0,0,0,1,0,0,0
MCH1811,Varkey Inc,3110,Department Store,sole_proprietor,BLR,Karnataka,2026-02-25 00:00:00,,ACTIVE,0.592,MCH1811,0,0,0,1,0,0,0
MCH3501,Chandran-Tripathi,5999,Miscellaneous,PRIVATE_LIMITED,MUMBAI,Maharashtra,,1873775978,ACTIVE,1658.21,MCH3501,0,0,0,0,1,0,0
MCH2218,"Upadhyay, Sharma and Kothari",7011,HOTEL_LODGING,partnership,LKO,Uttar Pradesh,2024-04-23 18:51:00,VZAG9844318169851,ACTIVE,-341.57,MCH2218,1,0,0,0,0,0,0
MCH3587,Sagar-Raval,7011,HOTEL_LODGING,partnership,Jalandar,Punjab,2024-07-31 00:00:00,,ACTIVE,1064.25,MCH3587,0,0,0,1,0,0,0
MCH5269,"Lala, Raval and Sahni",5942,BOOKS_STATIONERY,PARTNERSHIP,jalandhar,Punjab,2024-10-21 00:00:00,1738664466,ACTIVE,873.0,MCH5269,0,0,0,0,0,0,0
MCH8750,"Bawa, Chatterjee and Sathe",7011,HOTEL_LODGING,individual,Ludhiana,Punjab,2025-11-30 21:13:53,2442042302,ACTIVE,3120.06,MCH8750,0,0,0,0,0,0,0
MCH6425,Pall-Kanda,5942,BOOKS_STATIONERY,SOLE-PROPRIETOR,New Delhi,Delhi,,,ACTIVE,-1143.39,MCH6425,1,0,0,1,1,0,0
MCH8325,"Kaul, Bumb and Bal",5411,Grocery,Sole Proprietor,ASR,Punjab,2025-03-19 00:00:00,,INACTIVE,183.98,mch8325,0,0,0,1,0,0,0
MCH5780,"Kumar, Bedi and Borah",5942,Stationery,INDIVIDUAL,Bangalore,Karnataka,2025-01-12 18:36:00,,INACTIVE,845.88,mch5780,0,0,0,1,0,0,0
MCH2384,Dugar-Sathe,,Telecom,partnership,ludhiana,Punjab,2023-01-10 00:00:00,9586840707,ACTIVE,7203.05,MCH2384,0,0,1,0,0,0,0
MCH7332,"Mutti, Reddy and Guha",5311,Department Stores,PRIVATE-LIMITED,Kolkata,West Bengal,2025-05-04 00:00:00,XXXX9186,ACTIVE,1708.81,MCH7332,0,0,0,0,0,0,0
MCH6332,Shuk1a-Hayre,5311,Department Store,sole_proprietor,LKO,Uttar Pradesh,2026-01-12 17:50:00,,ACTIVE,788.91,MCH6332,0,0,0,1,0,0,0
MCH1002,"Apte, Saha and Edwin",5812,Food,private_limited,Bangalore,Karnataka,2026-01-07 09:01:00,XXXX8596,ACTIVE,1671.2,mch1002,0,0,0,0,0,0,0
MCH7430,"Seshadri, Kakar and Sarin",5699,garments,SOLE_PROPRIETOR,ASR,Punjab,2024-08-07 00:00:00,BQCW3653569640830,ACTIVE,2698.18,MCH-7430,0,0,0,0,0,0,0
MCH8451,setty inc,4814,TELECOM,PRIVATE_LIMITED,Ludhiana,Punjab,2023-06-05 00:00:00,,ACTIVE,196.48,MCH8451,0,0,0,1,0,0,0
MCH9383,"Sekhon,PadmanabhanandRege",5942,BOOKS_STATIONERY,Individual,Madras,Tamil Nadu,2026-01-24 02:02:00,4786143604,SUSPENDED,0.2841,MCH9383,0,0,0,0,0,1,0
3875,natt ltd,5812,Food,PRIVATE-LIMITED,jalandhar,Punjab,2025-04-07 00:00:00,,ACTIVE,4372.03,3875,0,0,0,1,0,0,0
MCH9956,"Sanghvi, Ghose and Din",5311,Department Stores,PRIVATE-LIMITED,delhi,Delhi,2025-11-29 16:15:00,,ACTIVE,2309.81,MCH9956,0,0,0,1,0,0,0
MCH3654,Ganesan Ltd,5812,Restaurants,sole_proprietor,jalandhar,Punjab,2024-02-11 00:00:00,XXXX6762,ACTIVE,286.1,MCH-3654,0,0,0,0,0,0,0
MCH1073,"Dasgupta,RayandDara",,MEDICAL_STORE,partnership,Lucknow,Uttar Pradesh,2024-09-22 00:00:00,XXXX7293,SUSPENDED,1002.63,MCH 1073,0,0,1,0,0,1,0
MCH4469,mane and sons,4131,Transportation,Partnership,Hyderabad,Telangana,2025-05-18 16:24:00,ZELA9978143221753,ACTIVE,1447.11,MCH4469,0,0,0,0,0,0,0
MCH7630,"RAMA, KALITA AND JHA",4131,transprt,Individual,mumbai,Maharashtra,2025-10-01 00:00:00,2315692507,ACTIVE,0.2393,MCH7630,0,0,0,0,0,0,0
MCH8761,Pal LLC,5999,Miscellaneous,PRIVATE_LIMITED,LDH,Punjab,,,ACTIVE,759.79,MCH8761,0,0,0,1,1,0,0
MCH8672,"Ganguly, Sarin and Merchant",5311,Retail,INDIVIDUAL,Jalandhar,Punjab,2025-06-09 00:00:00,3398230728,INACTIVE,1816.05,mch8672,0,0,0,0,0,0,0
MCH6302,Gour-Rattan,4131,transprt,Individual,HYDERABAD,Telangana,2024-09-29 00:00:00,HNZM4152862016158,ACTIVE,966.01,mch6302,0,0,0,0,0,0,0
MCH1081,Mistry Group,5812,FOOD_SERVICES,private_limited,Mumbay,Maharashtra,2025-05-27 00:00:00,XXXX5682,ACTIVE,2299.04,MCH1081,0,0,0,0,0,0,0
MCH8941,Iyer LLC,,Retail Other,Sole Proprietor,Ludhiana,Punjab,2023-01-24 23:45:00,EATG9868970979253,ACTIVE,2580.56,MCH8941,0,0,1,0,0,0,0
MCH7837,Wali Group,,miscellaneous,Individual,kolkata,West Bengal,2023-06-03 00:00:00,,INACTIVE,803.03,MCH7837,0,0,1,1,0,0,0
MCH7843,Rastogi-Das,5812,Restaurant,partnership,amritsar,Punjab,2025-04-03 00:00:00,XXXX7401,ACTIVE,-1274.89,MCH7843,1,0,0,0,0,0,0
MCH1234,"Shah, Pathak and Bera",,Hospitality,PARTNERSHIP,JPR,Rajasthan,2025-10-06 00:00:00,,ACTIVE,354.58,MCH1234,0,0,1,1,0,0,0
MCH3311,"Agarwal, Bhandari and Varma",5699,Apparel,INDIVIDUAL,Lucknow,Uttar Pradesh,2023-10-16 00:00:00,6820052693,ACTIVE,1187.8,MCH3311,0,0,0,0,0,0,0
MCH5354,Datta-Vala,5812,Restaurant,partnership,ludhiana,Punjab,2023-02-16 01:25:53,XXXX9615,ACTIVE,0.2213,MCH5354,0,0,0,0,0,0,0
MCH7063,"Garg, Bawa and Hans",4814,Telecom,PRIVATE-LIMITED,LKO,Uttar Pradesh,2025-12-28 00:00:00,,ACTIVE,2717.9,MCH7063,0,0,0,1,0,0,0
MCH6325,"Sathe, Seth and Varghese",5311,Department Stores,PARTNERSHIP,DELHI,Delhi,2025-04-03 00:00:00,,INACTIVE,422.65,MCH6325,0,0,0,1,0,0,0
MCH6299,Pathak-Mukherjee,5999,other,Individual,Dilli,Delhi,2025-02-02 00:00:00,,SUSPENDED,256.83,MCH6299,0,0,0,1,0,1,0
MCH8863,Sastry PLC,8140,TELECOM,INDIVIDUAL,Pune,Maharashtra,2024-08-03 00:00:00,,ACTIVE,,MCH8863,0,1,0,1,0,0,0
MCH5080,"Shere, Jha and Sarma",5912,Medical,SOLE_PROPRIETOR,Calcutta,West Bengal,2025-02-22 20:56:00,,ACTIVE,2711.51,MCH5080,0,0,0,1,0,0,0
MCH6102,andra-sachar,5699,CLOTHS,SOLE_PROPRIETOR,Jaipur,Rajasthan,2023-12-12 00:00:00,,ACTIVE,926.97,MCH6102,0,0,0,1,0,0,0
MCH5630,Srinivas-Doshi,7011,Hotels,SOLE_PROPRIETOR,Amritsar,Punjab,2023-04-28 00:00:00,BCPS7283289501457,INACTIVE,2338.55,MCH 5630,0,0,0,0,0,0,0
MCH2765,Buch LLC,4814,TELECOM,individual,Jaipur,Rajasthan,2024-12-27 22:16:28,,ACTIVE,132.32,MCH2765,0,0,0,1,0,0,0
MCH3533,Tiwari-Gulati,7011,HOTEL_LODGING,Private Limited,Mumbai,Maharashtra,2025-10-07 00:00:00,SWEX6777199199579,ACTIVE,709.41,MCH3533,0,0,0,0,0,0,0
MCH1191,raval ltd,4814,phone service,individual,Kolkata,West Bengal,2023-01-19 00:18:56,,INACTIVE,1670.52,MCH-1191,0,0,0,1,0,0,0
MCH1007,"Sunder, Wason and Pau",5812,eating place,partnership,jaipur,Rajasthan,2023-11-19 00:00:00,,ACTIVE,164.45,MCH1007,0,0,0,1,0,0,0
MCH7841,Manda Group,5942,Book Store,SOLE-PROPRIETOR,Poona,Maharashtra,2024-10-01 00:00:00,8517196401,ACTIVE,14164.49,MCH7841,0,0,0,0,0,0,0
MCH6672,nagarajan inc,5812,FOOD_SERVICES,Partnership,lucknow,Uttar Pradesh,2024-10-11 00:00:00,,ACTIVE,9245.49,MCH 6672,0,0,0,1,0,0,0
MCH6999,Solanki PLC,7011,Hotel,Partnership,Madras,Tamil Nadu,2024-02-26 00:00:00,,ACTIVE,926.71,MCH6999,0,0,0,1,0,0,0
7525,Char-Narayanan,5942,Book Store,individual,Lucknow,Uttar Pradesh,2025-03-31 00:00:00,,ACTIVE,424.34,7525,0,0,0,1,0,0,0
MCH9963,Mahajan and S0ns,5942,Book Store,PARTNERSHIP,JPR,Rajasthan,2025-01-19 07:33:36,7503956758,ACTIVE,7342.46,MCH-9963,0,0,0,0,0,0,0
MCH2250,"Sachdev, Ma1h0tra and Saraf",4131,Transportation,individual,LDH,Punjab,2023-12-17 00:00:00,XXXX4502,INACTIVE,4090.25,MCH2250,0,0,0,0,0,0,0
MCH2886,"Kurian, Dash and Walla",7011,hotel,PRIVATE_LIMITED,bengaluru,Karnataka,2023-05-25 01:14:00,XXXX6301,INACTIVE,8233.35,MCH2886,0,0,0,0,0,0,0
MCH7922,Dara LLC,,FOOD_SERVICES,Partnership,Bombay,Maharashtra,2024-05-13 00:00:00,4216494567,ACTIVE,1260.96,mch7922,0,0,1,0,0,0,0
8346,Sane-Ben,5999,Misc Retail,Private Limited,kolkata,West Bengal,2024-04-03 00:00:00,IXCA8152224460445,ACTIVE,2955.96,8346,0,0,0,0,0,0,0
MCH8460,Luthra PLC,,DEPT_STORE,PRIVATE-LIMITED,JPR,Rajasthan,2023-03-10 19:52:37,XXXX0930,ACTIVE,2927.81,MCH8460,0,0,1,0,0,0,0
MCH2926,Sule-Thaker,5942,Stationery,partnership,bengaluru,Karnataka,2024-12-16 18:18:00,XXXX3557,ACTIVE,1590.53,MCH2926,0,0,0,0,0,0,0
9839,Natarajan-Keer,5812,eating place,INDIVIDUAL,DELHI,Delhi,2025-03-03 12:00:05,XXXX6434,ACTIVE,2189.15,9839,0,0,0,0,0,0,0
MCH3292,Sehgal-Kapur,5912,Medical,PRIVATE_LIMITED,Jalandhar,Punjab,2025-06-03 00:00:00,,ACTIVE,751.44,MCH-3292,0,0,0,1,0,0,0
MCH1711,"Sastry, Kota and Merchant",5411,kirana,Sole Proprietor,ludhiana,Punjab,2023-12-17 08:04:00,NEUM7554192097058,ACTIVE,1991.22,MCH1711,0,0,0,0,0,0,0
MCH7479,"Wadhwa, Bhatia and Gade",5311,Retail,PARTNERSHIP,Chennai,Tamil Nadu,2024-09-14 17:36:50,8868630340,ACTIVE,0.998,MCH7479,0,0,0,0,0,0,0
MCH7802,"Kapur, Sarna and Chandra",,BOOKS_STATIONERY,Individual,LDH,Punjab,2023-06-30 21:33:28,,INACTIVE,9218.28,MCH7802,0,0,1,1,0,0,0
MCH5483,Khare Inc,5311,Retail,SOLE-PROPRIETOR,Jalandhar,Punjab,2025-04-28 14:52:17,5460112584,ACTIVE,827.39,MCH 5483,0,0,0,0,0,0,0
MCH7476,Sundaram Ltd,5411,Grocery,SOLE_PROPRIETOR,LDH,Punjab,2025-07-09 15:30:17,MKAI7735339239141,ACTIVE,1389.53,MCH7476,0,0,0,0,0,0,0
3875,Kade and Sons,4814,Mobile Recharge,Private Limited,Pune,Maharashtra,2024-01-12 14:12:35,,ACTIVE,3073.34,3875,0,0,0,1,0,0,0
MCH3690,Aurora Inc,4131,TRAVEL,PARTNERSHIP,BLR,Karnataka,2025-04-26 00:00:00,XXXX3060,ACTIVE,915.55,MCH-3690,0,0,0,0,0,0,0
MCH8530,Chopra-Khanna,5311,Department Stores,Partnership,Hyderabad,Telangana,,,ACTIVE,442.28,MCH8530,0,0,0,1,1,0,0
MCH4577,"Atwal, Sura and Bhatti",5812,Restaurant,PARTNERSHIP,Hyd,Telangana,2026-01-03 18:58:00,PWDW0230553443063,ACTIVE,316.9,MCH4577,0,0,0,0,0,0,0
MCH1134,"Sani, Uppal and Pillai",,Pharmacies,Partnership,Kolkata,West Bengal,2025-04-11 00:00:00,,ACTIVE,6246.52,MCH1134,0,0,1,1,0,0,0
MCH1704,"Shukla, Hari and Chopra",4131,transprt,SOLE_PROPRIETOR,Lucknow,Uttar Pradesh,2023-04-08 00:00:00,,INACTIVE,2965.45,MCH1704,0,0,0,1,0,0,0
MCH3551,"Chaudry, Toor and Lala",4814,phone service,SOLE_PROPRIETOR,bengaluru,Karnataka,2023-12-15 17:19:51,,ACTIVE,941.64,MCH3551,0,0,0,1,0,0,0
MCH6118,"radhakrishnan, lala and devi",5311,DEPT_STORE,sole_proprietor,Dilli,Delhi,2024-01-06 00:00:00,6215610983,ACTIVE,0.11547,MCH6118,0,0,0,0,0,0,0
9180,RamaswamyPLC,6990,cloths,INDIVIDUAL,Pune,Maharashtra,2025-08-08 00:00:00,,SUSPENDED,-1761.26,9180,1,0,0,1,0,1,0
MCH3984,"wadhwa, sunder and bobal",7011,HOTEL_LODGING,PRIVATE_LIMITED,Chennai,Tamil Nadu,2023-08-10 16:06:00,QUQR5120846966545,ACTIVE,1305.55,MCH-3984,0,0,0,0,0,0,0
MCH1124,Andra Inc,0110,Hospitality,PARTNERSHIP,Lucknow,Uttar Pradesh,2023-07-08 00:00:00,,ACTIVE,0.5664,MCH1124,0,0,0,1,0,0,0
MCH3723,wagle-dugar,5411,Grocery,INDIVIDUAL,bengaluru,Karnataka,2023-05-31 00:00:00,0970612973,ACTIVE,1906.51,MCH3723,0,0,0,0,0,0,0
MCH8903,Keer-Sagar,4110,kirana,Partnership,lucknow,Uttar Pradesh,2024-09-16 00:00:00,,ACTIVE,841.61,MCH8903,0,0,0,1,0,0,0
MCH3581,"Chadha, Sankaran and Pau",5699,Clothing,Partnership,Kolkata,West Bengal,2024-05-07 00:00:00,,ACTIVE,,MCH3581,0,1,0,1,0,0,0
MCH8215,"Brar, Ramesh and Kaul",5411,Grocery Stores,PARTNERSHIP,Chennai,Tamil Nadu,2023-05-23 00:00:00,DOZI8655958280664,INACTIVE,1544.34,MCH8215,0,0,0,0,0,0,0
MCH6481,Kalita Inc,4131,transprt,PRIVATE-LIMITED,Mumbai,Maharashtra,2024-11-29 00:00:00,BFCN8370004846639,ACTIVE,1389.63,MCH6481,0,0,0,0,0,0,0
MCH1263,Memon-Choudhary,5912,chemist,Private Limited,Hyd,Telangana,2025-11-27 22:51:46,,ACTIVE,1888.17,MCH1263,0,0,0,1,0,0,0
MCH7078,"Vasa, Gade and Viswanathan",5699,Fashion,INDIVIDUAL,mumbai,Maharashtra,2025-08-17 00:00:00,XXXX5209,ACTIVE,660.73,MCH7078,0,0,0,0,0,0,0
MCH9718,"Trivedi, Yohannan and Garde",5411,Grocery,SOLE_PROPRIETOR,pune,Maharashtra,2025-06-14 14:04:26,6798429963,ACTIVE,1881.34,MCH 9718,0,0,0,0,0,0,0
MCH2946,Divan Inc,4814,Telecom,PRIVATE_LIMITED,jaipur,Rajasthan,2024-09-22 00:00:00,XXXX7575,ACTIVE,1246.97,MCH2946,0,0,0,0,0,0,0
MCH6782,Basu PLC,5812,FOOD_SERVICES,Private Limited,delhi,Delhi,2025-08-30 00:00:00,,ACTIVE,-406.96,MCH6782,1,0,0,1,0,0,0
MCH4168,"Jani, Khalsa and Minhas",5912,chemist,INDIVIDUAL,JPR,Rajasthan,2023-05-28 00:00:00,,INACTIVE,-358.74,MCH4168,1,0,0,1,0,0,0
MCH4808,padmanabhan-pathak,6990,Fashion,Sole Proprietor,Lucknow,Uttar Pradesh,2024-05-07 18:56:00,HSVX5052815662312,INACTIVE,-262.16,MCH4808,1,0,0,0,0,0,0
MCH2851,Kalla-Jain,7011,HOTEL_LODGING,INDIVIDUAL,Mumbay,Maharashtra,2025-11-29 00:00:00,XXXX3740,ACTIVE,0.3022,MCH2851,0,0,0,0,0,0,0
MCH9029,Hayre and Sons,5311,Retail,INDIVIDUAL,amritsar,Punjab,2025-11-19 00:00:00,,ACTIVE,,mch9029,0,1,0,1,0,0,0
MCH2529,Sheth-Pal,9420,BOOKS_STATIONERY,Individual,Lucknow,Uttar Pradesh,2023-08-23 00:00:00,2709901385,ACTIVE,1398.37,MCH2529,0,0,0,0,0,0,0
MCH5523,Behl Inc,5699,CLOTHS,Individual,lucknow,Uttar Pradesh,2025-06-15 00:02:44,GIRV9312114208892,ACTIVE,2946.06,MCH5523,0,0,0,0,0,0,0
MCH2264,"Sule, Sarma and Sur",5311,Retail,individual,New Delhi,Delhi,2025-10-21 00:00:00,HGHS4575612385959,SUSPENDED,0.4017,mch2264,0,0,0,0,0,1,0
MCH3592,"Sem, Chandran and Dara",5999,Other,SOLE-PROPRIETOR,Dilli,Delhi,2023-11-15 09:32:00,8281028913,INACTIVE,-1166.62,MCH 3592,1,0,0,0,0,0,0
MCH6121,"more, sandhu and dugar",,CLOTHS,Private Limited,Jalandhar,Punjab,2023-07-26 00:00:00,8169816022,ACTIVE,-836.27,MCH6121,1,0,1,0,0,0,0
MCH2917,Gole-Rau,5812,Food,sole_proprietor,Madras,Tamil Nadu,2025-10-10 00:00:00,XXXX0356,INACTIVE,-1917.48,MCH2917,1,0,0,0,0,0,0
MCH9566,Batra-Kaul,5311,Department Stores,PRIVATE_LIMITED,DELHI,Delhi,2025-11-28 00:00:00,LYAO0984012362521,ACTIVE,1260.75,MCH9566,0,0,0,0,0,0,0
MCH8902,Sabharwal Ltd,5411,kirana,SOLE-PROPRIETOR,amritsar,Punjab,2024-12-27 00:00:00,8958186574,ACTIVE,-270.57,MCH8902,1,0,0,0,0,0,0
7635,Karpe Inc,4814,TELECOM,Partnership,mumbai,Maharashtra,2023-05-11 12:34:38,4808643996,SUSPENDED,6027.41,7635,0,0,0,0,0,1,0
MCH2665,"Goswami, Savant and Kar",5311,Department Store,sole_proprietor,Hyd,Telangana,2024-03-23 00:00:00,XXXX6615,ACTIVE,1516.75,MCH2665,0,0,0,0,0,0,0
MCH9349,Mahajan-Ghosh,5812,eating place,INDIVIDUAL,chennai,Tamil Nadu,2023-02-21 00:00:00,,INACTIVE,0.3266,MCH9349,0,0,0,1,0,0,0
MCH4964,SARKAR-GODA,5311,DEPT_STORE,PRIVATE_LIMITED,Poona,Maharashtra,2025-07-14 00:00:00,,SUSPENDED,0.1517,MCH4964,0,0,0,1,0,1,0
MCH1769,"Sekhon, Goswami and Rajan",4814,Telecom,sole_proprietor,lucknow,Uttar Pradesh,2025-06-28 07:25:18,DYOJ7653218721893,ACTIVE,1009.67,MCH1769,0,0,0,0,0,0,0
9867,Loyal and Sons,5699,Apparel,PARTNERSHIP,Pune,Maharashtra,2023-05-16 14:57:33,,ACTIVE,1984.39,9867,0,0,0,1,0,0,0
MCH9910,"Karan, Ram and Sengupta",5311,DEPT_STORE,INDIVIDUAL,DELHI,Delhi,2025-10-14 00:00:00,IIRT4821012999661,ACTIVE,191.17,MCH9910,0,0,0,0,0,0,0
MCH3796,Mani-Saha,,Food,individual,chennai,Tamil Nadu,2023-08-06 00:00:00,GQAE5409560780073,ACTIVE,860.72,MCH3796,0,0,1,0,0,0,0
MCH2346,Palla-Mannan,5699,garments,PARTNERSHIP,chennai,Tamil Nadu,2025-04-29 00:00:00,XXXX3607,ACTIVE,468.76,MCH2346,0,0,0,0,0,0,0
MCH1016,"Reddy, Amble and Parmar",4814,Telecom,PARTNERSHIP,Madras,Tamil Nadu,2023-03-10 00:00:00,,ACTIVE,517.37,MCH1016,0,0,0,1,0,0,0
MCH9725,Shan LLC,5699,Clothing,Individual,Lucknow,Uttar Pradesh,2024-12-20 00:00:00,4923079593,ACTIVE,2250.85,MCH 9725,0,0,0,0,0,0,0
MCH8203,lad-suresh,,Other,PARTNERSHIP,Ludhiana,Punjab,2024-10-16 00:00:00,YJQR4818378164787,ACTIVE,0.937,MCH8203,0,0,1,0,0,0,0
MCH2478,"Bala, Sane and Som",5699,CLOTHS,Sole Proprietor,Hyderabad,Telangana,2023-02-15 00:00:00,QRPZ8741280654685,ACTIVE,911.53,MCH-2478,0,0,0,0,0,0,0
MCH3722,Upadhyay-Issac,9990,Other,private_limited,ASR,Punjab,2024-01-13 00:00:00,8162918072,SUSPENDED,2279.6,MCH3722,0,0,0,0,0,1,0
MCH2085,Chacko-Zachariah,4131,Transport,SOLE_PROPRIETOR,LKO,Uttar Pradesh,,,ACTIVE,472.37,MCH2085,0,0,0,1,1,0,0
MCH9921,"Datta, Chatterjee and Khalsa",4131,Transport,PRIVATE-LIMITED,Bengaluru,Karnataka,2024-02-22 00:00:00,XXXX9256,ACTIVE,2964.42,MCH9921,0,0,0,0,0,0,0
MCH1494,Dave LLC,5999,Misc Retail,PRIVATE_LIMITED,Hyd,Telangana,2023-08-23 00:00:00,,ACTIVE,14736.17,MCH1494,0,0,0,1,0,0,0
MCH8794,"Mandal, Dalal and Sane",1310,transprt,partnership,Pune,Maharashtra,2025-02-27 00:00:00,,INACTIVE,10132.54,MCH 8794,0,0,0,1,0,0,0
MCH1005,SAGAR AND SONS,9120,MEDICAL_STORE,PARTNERSHIP,Ludhiana,Punjab,2024-06-02 00:00:00,IPTY9767700049775,ACTIVE,967.53,MCH 1005,0,0,0,0,0,0,0
MCH8820,"Sarkar, Arya and Chand",4131,Bus/Taxi,Private Limited,LDH,Punjab,2024-12-07 00:00:00,XXXX8518,ACTIVE,3994.88,MCH8820,0,0,0,0,0,0,0
MCH1442,Wadhwa-Walla,7011,Hotel,Private Limited,pune,Maharashtra,2025-12-13 00:00:00,,ACTIVE,1483.74,MCH1442,0,0,0,1,0,0,0
MCH8660,"Ben, Guha and Sabharwa1",5812,FOOD_SERVICES,SOLE_PROPRIETOR,lucknow,Uttar Pradesh,2025-07-22 00:00:00,XXXX9591,ACTIVE,,MCH 8660,0,1,0,0,0,0,0
MCH8091,"Kata, Mangat and Tiwari",5812,Restaurants,partnership,amritsar,Punjab,2023-09-18 00:00:00,XDJG1975759254930,INACTIVE,723.01,MCH8091,0,0,0,0,0,0,0
MCH9107,Apte-Pathak,5699,CLOTHS,PRIVATE_LIMITED,Jalandar,Punjab,2023-05-25 21:09:31,,ACTIVE,4111.02,MCH9107,0,0,0,1,0,0,0
MCH4062,Rana Group,9990,Retail Other,INDIVIDUAL,Mumbay,Maharashtra,2023-09-20 00:00:00,XXXX3317,INACTIVE,1544.23,MCH4062,0,0,0,0,0,0,0
MCH7880,Ben-Khare,4131,Transportation,Individual,chennai,Tamil Nadu,2024-01-20 00:00:00,,ACTIVE,3857.41,MCH7880,0,0,0,1,0,0,0
MCH2791,"Rastogi, Mannan and Sabharwal",,chemist,Sole Proprietor,delhi,Delhi,2025-08-21 00:00:00,,ACTIVE,,MCH2791,0,1,1,1,0,0,0
MCH2988,"Mangal, Gokhale and Malhotra",5812,FOOD_SERVICES,SOLE-PROPRIETOR,Mumbay,Maharashtra,2023-10-10 10:11:05,,ACTIVE,3595.96,mch2988,0,0,0,1,0,0,0
MCH8724,"GOLE, ROY AND KHURANA",5411,Grocery Stores,Sole Proprietor,Bangalore,Karnataka,2024-03-31 00:00:00,XXXX8526,ACTIVE,926.44,MCH 8724,0,0,0,0,0,0,0
MCH7288,Sandhu Inc,8120,Restaurant,partnership,Bangalore,Karnataka,2025-02-16 00:00:00,,ACTIVE,1887.15,mch7288,0,0,0,1,0,0,0
MCH1277,Deol-Nayak,4131,transprt,INDIVIDUAL,Bengaluru,Karnataka,,,ACTIVE,0.1188,MCH1277,0,0,0,1,1,0,0
MCH7969,"Karan,BalandKhurana",4131,TRAVEL,INDIVIDUAL,Lucknow,Uttar Pradesh,2025-04-16 00:00:00,,ACTIVE,836.32,MCH7969,0,0,0,1,0,0,0
4765,Baral Inc,1310,transprt,PRIVATE_LIMITED,Ludhiana,Punjab,,,INACTIVE,2514.87,4765,0,0,0,1,1,0,0
MCH2475,Bains-Sahota,4110,kirana,Individual,Bangalore,Karnataka,2023-08-16 00:00:00,XXXX6630,ACTIVE,-619.32,MCH 2475,1,0,0,0,0,0,0
MCH6429,Doshi Group,5699,Apparel,Sole Proprietor,Amritsar,Punjab,2025-10-15 00:00:00,YIYE8202990184325,ACTIVE,369.26,MCH6429,0,0,0,0,0,0,0
MCH9439,Dhingra Inc,5411,GROCERY_STORE,individual,Mumbay,Maharashtra,2023-06-06 00:00:00,,INACTIVE,619.52,MCH9439,0,0,0,1,0,0,0
MCH7751,"Vig, Iyer and Andra",5311,Retail,Partnership,pune,Maharashtra,2024-06-28 00:00:00,6513543497,SUSPENDED,590.58,mch7751,0,0,0,0,0,1,0
MCH8509,"Majumdar, Deshpande and Solanki",5311,dept_store,PARTNERSHIP,BLR,Karnataka,2024-09-17 00:00:00,XXXX5135,INACTIVE,-1098.85,MCH8509,1,0,0,0,0,0,0
MCH4605,BARAD PLC,5942,Stationery,sole_proprietor,Pune,Maharashtra,2025-06-02 22:03:20,XXXX1001,ACTIVE,5165.18,mch4605,0,0,0,0,0,0,0
MCH2212,Parmar Group,,Bus/Taxi,PRIVATE_LIMITED,jalandhar,Punjab,2025-02-01 07:40:00,,ACTIVE,4432.56,MCH 2212,0,0,1,1,0,0,0
MCH6016,Goda Inc,,Books,Sole Proprietor,Calcutta,West Bengal,2025-07-21 22:39:16,FWRQ5490581831729,ACTIVE,1254.1,MCH-6016,0,0,1,0,0,0,0
MCH1530,"suresh, kadakia and iyer",5912,Medical,PRIVATE_LIMITED,Jalandhar,Punjab,2024-08-23 14:54:00,,ACTIVE,158.58,MCH1530,0,0,0,1,0,0,0
MCH4511,"Walla, Kala and Devi",4131,Transport,SOLE_PROPRIETOR,HYDERABAD,Telangana,2025-03-12 00:00:00,8103217288,ACTIVE,1448.32,MCH 4511,0,0,0,0,0,0,0
MCH2313,gulati llc,5999,Retail Other,PRIVATE-LIMITED,kolkata,West Bengal,2024-06-09 00:00:00,PWIA0473863869043,INACTIVE,-3231.31,MCH2313,1,0,0,0,0,0,0
MCH7394,Brahmbhatt PLC,5812,FOOD_SERVICES,private_limited,DELHI,Delhi,2024-07-29 00:00:00,IKKI3369443713209,ACTIVE,3620.77,MCH7394,0,0,0,0,0,0,0
MCH8724,Sethi-Reddy,5411,kirana,private_limited,Hyderabad,Telangana,2025-04-09 00:00:00,3785181664,INACTIVE,425.41,MCH8724,0,0,0,0,0,0,0
MCH7653,Mishra LLC,5699,Fashion,Individual,jalandhar,Punjab,2025-04-30 00:00:00,CZKM6825233537936,ACTIVE,7064.16,MCH 7653,0,0,0,0,0,0,0
MCH6017,"Loyal, Sidhu and Balay",4814,Telecom,sole_proprietor,Amritsar,Punjab,2025-08-01 01:30:00,,INACTIVE,985.33,MCH6017,0,0,0,1,0,0,0
MCH8950,Handa Inc,4131,TRAVEL,Partnership,mumbai,Maharashtra,2024-07-31 11:02:32,XXXX9807,ACTIVE,3860.38,MCH8950,0,0,0,0,0,0,0
MCH5137,Bath-Keer,4814,Telecom,PRIVATE_LIMITED,bengaluru,Karnataka,2024-06-11 00:00:00,XXXX5840,SUSPENDED,0.634,MCH5137,0,0,0,0,0,1,0
MCH2019,WALLA-RANGANATHAN,5999,Misc Retail,partnership,bengaluru,Karnataka,2024-05-22 00:00:00,,ACTIVE,1915.39,MCH-2019,0,0,0,1,0,0,0
MCH4104,Sawhney-Suri,4814,telecom,INDIVIDUAL,Hyd,Telangana,2023-12-15 00:00:00,8776394591,INACTIVE,0.295,MCH4104,0,0,0,0,0,0,0
MCH1221,"SASTRY, KAPOOR AND VARUGHESE",5812,eating place,partnership,jalandhar,Punjab,2025-04-26 00:00:00,,INACTIVE,0.343,MCH-1221,0,0,0,1,0,0,0
MCH6200,"Sen, Walla and Bath",5999,retail other,Private Limited,delhi,Delhi,2024-01-29 20:38:00,,INACTIVE,,MCH 6200,0,1,0,1,0,0,0
MCH6161,Sura-Wadhwa,,Telecom,Individual,bengaluru,Karnataka,2025-04-22 00:00:00,QWHT6526941757258,ACTIVE,490.18,MCH6161,0,0,1,0,0,0,0
MCH8509,merchant-kalita,5411,Grocery,private_limited,HYDERABAD,Telangana,2025-02-11 00:00:00,5703041030,ACTIVE,329.11,MCH-8509,0,0,0,0,0,0,0
MCH4530,"Mangal, Sehgal and Vohra",5942,BOOKS_STATIONERY,SOLE_PROPRIETOR,Dilli,Delhi,,,ACTIVE,0.4172,MCH4530,0,0,0,1,1,0,0
MCH4906,Gaba LLC,5812,FOOD_SERVICES,PRIVATE_LIMITED,Jaipur,Rajasthan,2024-01-31 00:00:00,,ACTIVE,1902.8,MCH 4906,0,0,0,1,0,0,0
MCH2022,Nagi-Gala,5999,Misc Retail,individual,chennai,Tamil Nadu,2024-04-08 00:00:00,,ACTIVE,3182.35,MCH-2022,0,0,0,1,0,0,0
MCH5768,brar inc,5812,FOOD_SERVICES,Sole Proprietor,Hyderabad,Telangana,2023-04-04 00:00:00,PTPO3474925086916,ACTIVE,1354.3,MCH5768,0,0,0,0,0,0,0
MCH9100,Dey-Bandi,5999,Misc Retail,SOLE_PROPRIETOR,MUMBAI,Maharashtra,2023-01-23 11:38:30,XLOL4843036264872,ACTIVE,707.08,mch9100,0,0,0,0,0,0,0
MCH7563,Anne and Sons,7011,Hotels,private_limited,Amritsar,Punjab,2023-05-16 00:00:00,XXXX7430,ACTIVE,300.06,MCH7563,0,0,0,0,0,0,0
MCH4503,Sunder PLC,7011,Hotels,Partnership,Mumbai,Maharashtra,2024-01-03 00:00:00,MTQA2966873504692,ACTIVE,540.93,MCH4503,0,0,0,0,0,0,0
MCH4077,verma-dugar,5812,FOOD_SERVICES,PRIVATE-LIMITED,Kolkata,West Bengal,2023-07-31 00:00:00,7415298015,ACTIVE,1359.17,MCH4077,0,0,0,0,0,0,0
MCH7316,TAK LTD,,Stationery,Sole Proprietor,jaipur,Rajasthan,2024-05-26 00:00:00,AICM4314076152252,ACTIVE,688.43,mch7316,0,0,1,0,0,0,0
1936,"Batra, Ramanathan and Din",5912,Pharmacies,SOLE-PROPRIETOR,Hyderabad,Telangana,2024-07-16 00:00:00,XXXX3173,ACTIVE,143.98,1936,0,0,0,0,0,0,0
MCH7030,Shan Ltd,5311,DEPT_STORE,INDIVIDUAL,ludhiana,Punjab,,,SUSPENDED,466.83,mch7030,0,0,0,1,1,1,0
MCH2698,Purohit-Issac,,Other,INDIVIDUAL,Ludhiana,Punjab,2023-04-15 00:00:00,1149607185,INACTIVE,798.99,MCH2698,0,0,1,0,0,0,0
MCH1813,Balan-Deo,5311,Department Stores,Partnership,Poona,Maharashtra,2024-08-28 00:00:00,UAJB1335544875863,ACTIVE,-610.94,mch1813,1,0,0,0,0,0,0
MCH9560,Kaul PLC,5942,Book Store,INDIVIDUAL,BLR,Karnataka,2024-10-24 00:00:00,XWSA3966243533864,INACTIVE,735.59,MCH9560,0,0,0,0,0,0,0
MCH9859,Mukherjee-Agate,9990,Other,Sole Proprietor,Jalandar,Punjab,,,ACTIVE,0.158,MCH9859,0,0,0,1,1,0,0
MCH3712,Narain-Vaidya,7011,Hotels,INDIVIDUAL,HYDERABAD,Telangana,2025-07-05 00:23:00,PUJI3728932216325,ACTIVE,0.333,MCH3712,0,0,0,0,0,0,0
MCH1894,CHANDRA-KAPUR,3110,Department Store,PARTNERSHIP,jalandhar,Punjab,2023-02-22 00:00:00,,ACTIVE,3951.56,MCH 1894,0,0,0,1,0,0,0
MCH9242,"Kadakia, Yadav and Seshadri",0110,Hotel,PARTNERSHIP,Hyd,Telangana,2023-03-10 00:00:00,XXXX4049,SUSPENDED,1024.36,MCH9242,0,0,0,0,0,1,0
MCH1651,Kumar Inc,5942,BOOKS_STATIONERY,sole_proprietor,MUMBAI,Maharashtra,2024-09-03 00:00:00,XXXX7749,ACTIVE,1249.76,MCH1651,0,0,0,0,0,0,0
MCH7133,DinInc,5411,kirana,private_limited,pune,Maharashtra,2023-05-05 02:26:09,,INACTIVE,,MCH7133,0,1,0,1,0,0,0
MCH6404,Tailor Group,5999,Other,PRIVATE_LIMITED,Jaipur,Rajasthan,2026-02-04 15:32:58,,SUSPENDED,792.4,MCH6404,0,0,0,1,0,1,0
MCH5884,Raman and Sons,4131,Bus/Taxi,INDIVIDUAL,Chennai,Tamil Nadu,,1966210053,ACTIVE,743.19,MCH 5884,0,0,0,0,1,0,0
MCH7288,"LALLA, SANT AND MUTTI",5411,GROCERY_STORE,PRIVATE-LIMITED,Dilli,Delhi,2025-10-18 00:00:00,XXXX5071,ACTIVE,,MCH7288,0,1,0,0,0,0,0
MCH4904,"Vohra, Lanka and Bumb",4814,Mobile Recharge,partnership,Chennai,Tamil Nadu,2023-09-25 03:37:00,XXXX8030,ACTIVE,1946.13,MCH4904,0,0,0,0,0,0,0
4236,"Sinha, Shukla and Lad",5699,Apparel,Sole Proprietor,DELHI,Delhi,2025-07-08 12:08:37,OZWZ6142696689139,ACTIVE,0.844,4236,0,0,0,0,0,0,0
MCH9261,Gupta-Manne,8120,eating place,INDIVIDUAL,jaipur,Rajasthan,2025-07-10 09:04:41,,ACTIVE,0.2734,MCH9261,0,0,0,1,0,0,0
MCH8643,"Kota, Aurora and Dugal",5699,CLOTHS,sole_proprietor,DELHI,Delhi,2024-04-15 14:41:15,GITM5447907663864,ACTIVE,1011.23,MCH8643,0,0,0,0,0,0,0
MCH8286,"Chadha, Chaudhari and Edwin",5912,MEDICAL_STORE,PRIVATE_LIMITED,HYDERABAD,Telangana,2023-08-09 00:00:00,XXXX2952,ACTIVE,1828.46,mch8286,0,0,0,0,0,0,0
MCH3398,Chaudhary Ltd,5699,Apparel,SOLE_PROPRIETOR,Chennai,Tamil Nadu,2023-11-18 08:31:43,5865246306,INACTIVE,1864.25,MCH3398,0,0,0,0,0,0,0
MCH5648,Morar and Sons,7011,Hospitality,individual,Pune,Maharashtra,2023-08-06 00:00:00,DHOL8937164342491,ACTIVE,-972.68,MCH5648,1,0,0,0,0,0,0
MCH7644,Mital PLC,7011,Hospitality,SOLE_PROPRIETOR,Chennai,Tamil Nadu,2024-03-07 00:00:00,,ACTIVE,602.59,mch7644,0,0,0,1,0,0,0
MCH7430,Arya Group,5699,Clothing,individual,kolkata,West Bengal,,,ACTIVE,1727.74,MCH7430,0,0,0,1,1,0,0
5267,"Chandra, Som and Grewal",4131,Transportation,individual,Hyderabad,Telangana,2025-11-30 22:52:00,2585843766,ACTIVE,999.83,5267,0,0,0,0,0,0,0
MCH5288,"THAMAN, MUNI AND OM",5999,miscellaneous,SOLE-PROPRIETOR,Pune,Maharashtra,2023-07-08 00:00:00,7391241084,ACTIVE,1015.84,MCH5288,0,0,0,0,0,0,0
MCH7075,D’Alia Group,7011,HOTEL_LODGING,PARTNERSHIP,Madras,Tamil Nadu,2024-05-03 20:19:30,1415999033,INACTIVE,1262.21,MCH7075,0,0,0,0,0,0,0
MCH4322,Khanna-Sarma,5311,DEPT_STORE,sole_proprietor,Jalandar,Punjab,2025-05-02 00:00:00,,ACTIVE,575.07,MCH4322,0,0,0,1,0,0,0
MCH8423,Balasubramanian and Sons,5411,GROCERY_STORE,PRIVATE-LIMITED,Bombay,Maharashtra,2025-01-26 00:00:00,5080169849,ACTIVE,1838.16,mch8423,0,0,0,0,0,0,0
MCH7229,"Salvi, Kale and Sunder",4814,Mobile Recharge,Private Limited,pune,Maharashtra,2025-12-23 00:00:00,,ACTIVE,606.62,MCH7229,0,0,0,1,0,0,0
MCH4127,Subramaniam-Jhaveri,4131,bus/taxi,Sole Proprietor,JPR,Rajasthan,2024-05-22 00:00:00,XXXX1628,SUSPENDED,5333.88,MCH 4127,0,0,0,0,0,1,0
MCH8721,Bera-Chhabra,4131,TRAVEL,Sole Proprietor,LKO,Uttar Pradesh,2024-09-08 00:00:00,,ACTIVE,2543.82,MCH8721,0,0,0,1,0,0,0
MCH8211,parekh-atwal,4110,GROCERY_STORE,PRIVATE-LIMITED,jaipur,Rajasthan,2025-05-22 00:00:00,9728363988,ACTIVE,,MCH8211,0,1,0,0,0,0,0
MCH8095,Saxena LLC,5699,CLOTHS,private_limited,JPR,Rajasthan,2024-08-16 00:00:00,7415423811,ACTIVE,304.22,MCH8095,0,0,0,0,0,0,0
MCH3656,"Sani, Rajagopalan and Sachar",5411,Grocery Stores,INDIVIDUAL,chennai,Tamil Nadu,2024-11-26 00:00:00,EFFS9159320721097,ACTIVE,901.19,MCH3656,0,0,0,0,0,0,0
MCH3324,Char-Gera,6990,garments,PARTNERSHIP,pune,Maharashtra,2026-02-20 00:00:00,DLMI3626046968894,SUSPENDED,2076.73,MCH3324,0,0,0,0,0,1,0
MCH3927,Basak-Shukla,4814,Mobile Recharge,Private Limited,Jalandar,Punjab,2023-03-18 00:00:00,KBJY1537538735375,INACTIVE,980.64,MCH3927,0,0,0,0,0,0,0
MCH2459,Gala and Sons,4131,Transport,SOLE-PROPRIETOR,jaipur,Rajasthan,2025-04-16 00:00:00,OKFD4897091413997,ACTIVE,789.05,MCH2459,0,0,0,0,0,0,0
MCH9804,Bhasin-Peri,5311,DEPT_STORE,SOLE_PROPRIETOR,Chennai,Tamil Nadu,2023-12-21 00:24:00,,SUSPENDED,962.52,MCH9804,0,0,0,1,0,1,0
MCH9632,KADE-SHERE,5311,Department Stores,Sole Proprietor,New Delhi,Delhi,2025-11-28 00:00:00,,ACTIVE,895.55,MCH9632,0,0,0,1,0,0,0
MCH5896,Kale Group,9420,Book Store,INDIVIDUAL,HYDERABAD,Telangana,2023-07-21 00:00:00,3922466271,ACTIVE,533.74,MCH5896,0,0,0,0,0,0,0
MCH9583,"Borra, Mutti and Chaudhary",5812,Restaurants,Private Limited,LDH,Punjab,2023-05-13 01:02:41,3322589465,ACTIVE,1408.6,MCH9583,0,0,0,0,0,0,0
MCH6548,"Kaur, Puri and Agate",4814,TELECOM,Partnership,Hyd,Telangana,2023-09-24 18:14:00,0487365346,ACTIVE,1154.74,MCH6548,0,0,0,0,0,0,0
MCH4776,Bobal-Dutta,5411,Grocery Stores,INDIVIDUAL,Hyd,Telangana,2026-02-26 11:47:00,1427903652,ACTIVE,831.82,MCH4776,0,0,0,0,0,0,0
MCH2137,DyalInc,4131,Transportation,PARTNERSHIP,Amritsar,Punjab,2023-03-01 00:00:00,,ACTIVE,2285.47,MCH2137,0,0,0,1,0,0,0
MCH2726,"Shukla, Trivedi and Balan",5411,Grocery Stores,PRIVATE-LIMITED,Amritsar,Punjab,2023-04-04 00:00:00,DPXX2201328447445,ACTIVE,7491.26,mch2726,0,0,0,0,0,0,0
MCH6284,Ta1war Ltd,7011,Hotels,partnership,amritsar,Punjab,2025-11-27 00:00:00,6681997576,ACTIVE,-678.88,MCH6284,1,0,0,0,0,0,0
MCH7698,Bhatnagar Inc,5999,Misc Retail,individual,lucknow,Uttar Pradesh,2023-08-24 00:13:02,8131154936,ACTIVE,1276.92,MCH7698,0,0,0,0,0,0,0
MCH2628,Muni PLC,,DEPT_STORE,INDIVIDUAL,Pune,Maharashtra,2024-07-13 00:00:00,1524505804,ACTIVE,-1382.04,MCH2628,1,0,1,0,0,0,0
MCH5518,Mannan Inc,5999,Other,PARTNERSHIP,Hyd,Telangana,2024-03-28 22:25:18,,ACTIVE,1107.87,mch5518,0,0,0,1,0,0,0
MCH3804,"Pingle, Choudhry and Sastry",5942,Stationery,SOLE_PROPRIETOR,Delhi,Delhi,2025-10-13 00:00:00,,ACTIVE,729.5,MCH3804,0,0,0,1,0,0,0
MCH8896,"Luthra, Kata and Bansal",5812,FOOD_SERVICES,Private Limited,Jaipur,Rajasthan,2025-09-18 00:00:00,,ACTIVE,,MCH8896,0,1,0,1,0,0,0
MCH8421,"KANNAN, NATH AND KALA",4131,transprt,private_limited,ASR,Punjab,2024-01-31 00:00:00,,SUSPENDED,612.51,MCH 8421,0,0,0,1,0,1,0
MCH8427,"Hegde, Bajaj and Sura",5699,Clothing,PARTNERSHIP,Jalandar,Punjab,2024-10-07 00:00:00,,ACTIVE,557.6,MCH-8427,0,0,0,1,0,0,0
MCH9165,"Iyengar, Raja and Bhasin",5411,Grocery,private_limited,LKO,Uttar Pradesh,2024-03-01 00:00:00,XXXX0194,ACTIVE,1898.13,MCH-9165,0,0,0,0,0,0,0
MCH6545,"Chanda, Mittal and Venkatesh",5912,chemist,Individual,kolkata,West Bengal,,0281511993,ACTIVE,909.37,MCH-6545,0,0,0,0,1,0,0
MCH6870,Basak Group,4814,phone service,SOLE_PROPRIETOR,Poona,Maharashtra,2025-04-03 00:00:00,5001363774,ACTIVE,2497.95,MCH6870,0,0,0,0,0,0,0
MCH3955,"Dutta, Boase and Jha",5812,food_services,PARTNERSHIP,Jaipur,Rajasthan,,7839475828,ACTIVE,935.24,MCH3955,0,0,0,0,1,0,0
7206,srivastava and sons,5411,kirana,Private Limited,lucknow,Uttar Pradesh,2025-08-18 00:00:00,1550287427,ACTIVE,1434.41,7206,0,0,0,0,0,0,0
MCH5734,BALAN INC,5311,Department Store,Private Limited,jalandhar,Punjab,2025-05-20 00:00:00,,ACTIVE,2000.53,MCH5734,0,0,0,1,0,0,0
MCH2384,Sarkar-Aur0ra,5912,chemist,Sole Proprietor,Jaipur,Rajasthan,2025-01-22 04:54:23,,ACTIVE,4909.55,MCH-2384,0,0,0,1,0,0,0
MCH4227,Panchal PLC,5999,Other,SOLE_PROPRIETOR,kolkata,West Bengal,2025-01-09 00:00:00,,ACTIVE,1533.36,mch4227,0,0,0,1,0,0,0
MCH3301,REDDY AND SONS,5942,Books,PARTNERSHIP,JPR,Rajasthan,2023-06-25 03:39:00,5060880178,ACTIVE,2571.65,MCH-3301,0,0,0,0,0,0,0
MCH5269,Swaminathan-Barman,,Book Store,SOLE_PROPRIETOR,Pune,Maharashtra,2024-04-05 00:00:00,ZNGO2188869689395,ACTIVE,0.526,MCH5269,0,0,1,0,0,0,0
MCH6314,Tella-Sachdeva,1310,Transportation,sole_proprietor,Lucknow,Uttar Pradesh,2023-01-22 00:00:00,,ACTIVE,2661.98,MCH6314,0,0,0,1,0,0,0
MCH6481,"Virk, Shan and Chopra",5812,FOOD_SERVICES,Individual,Pune,Maharashtra,2024-08-07 14:41:31,3425983900,ACTIVE,2726.92,MCH6481,0,0,0,0,0,0,0
MCH1294,Rajagopalan Group,5912,Medical,INDIVIDUAL,Amritsar,Punjab,2024-08-29 05:38:00,XXXX1888,ACTIVE,539.82,MCH1294,0,0,0,0,0,0,0
MCH8297,Rai and Sons,5942,Book Store,PARTNERSHIP,chennai,Tamil Nadu,2024-07-20 05:48:00,EMJO2764357164899,ACTIVE,618.85,MCH8297,0,0,0,0,0,0,0
MCH1383,dubey group,,Grocery,Individual,Hyderabad,Telangana,2023-09-03 16:33:00,JDGO5125225131187,ACTIVE,,mch1383,0,1,1,0,0,0,0
MCH3214,Dubey Inc,4131,transprt,INDIVIDUAL,Bangalore,Karnataka,2024-07-24 00:45:00,1238686450,ACTIVE,0.2052,MCH3214,0,0,0,0,0,0,0
MCH3641,"khurana, barman and suresh",5699,Fashion,INDIVIDUAL,delhi,Delhi,2025-08-06 08:41:00,XXXX0826,ACTIVE,2224.44,MCH3641,0,0,0,0,0,0,0
MCH6273,"Dubey, Narula and Jhaveri",5311,Department Store,PRIVATE_LIMITED,pune,Maharashtra,2025-05-06 00:00:00,,ACTIVE,754.63,MCH6273,0,0,0,1,0,0,0
8400,Banerjee Inc,5812,Restaurants,Sole Proprietor,Lucknow,Uttar Pradesh,,,ACTIVE,,8400,0,1,0,1,1,0,0
MCH5793,Pathak Group,4131,Bus/Taxi,Individual,Mumbai,Maharashtra,2025-04-27 00:00:00,5675595225,ACTIVE,1570.7,MCH5793,0,0,0,0,0,0,0
MCH5745,"Bahri, Dutta and Narang",4131,transprt,Individual,bengaluru,Karnataka,2024-03-27 07:33:00,GWGG2673614762721,ACTIVE,955.1,MCH-5745,0,0,0,0,0,0,0
MCH4246,Rama-Dasgupta,5311,Retail,individual,amritsar,Punjab,2025-01-05 00:00:00,,ACTIVE,2336.28,MCH4246,0,0,0,1,0,0,0
MCH6806,Badal-Bhasin,5411,GROCERY_STORE,INDIVIDUAL,HYDERABAD,Telangana,2025-12-05 00:00:00,,ACTIVE,23208.4,MCH6806,0,0,0,1,0,0,0
MCH6818,"Halder, Tata and Chand",7011,Hotels,Sole Proprietor,kolkata,West Bengal,2025-04-20 00:00:00,,ACTIVE,0.233,MCH6818,0,0,0,1,0,0,0
MCH5378,Chaudhari Inc,7011,Hospitality,individual,bengaluru,Karnataka,2023-12-12 00:00:00,XXXX0207,ACTIVE,,mch5378,0,1,0,0,0,0,0
MCH4904,"Verma, Tak and Morar",4814,phone service,Partnership,Mumbai,Maharashtra,,,ACTIVE,457.36,MCH4904,0,0,0,1,1,0,0
MCH3561,Kumar LLC,5812,Food,Partnership,Madras,Tamil Nadu,2025-10-18 00:00:00,9204267445,ACTIVE,0.715,MCH3561,0,0,0,0,0,0,0
MCH2945,Agarwa1-Cherian,,Mobile Recharge,Sole Proprietor,Jalandar,Punjab,2025-10-06 00:00:00,XXXX2889,INACTIVE,1759.15,MCH 2945,0,0,1,0,0,0,0
MCH8656,Singh PLC,,Book Store,individual,Bangalore,Karnataka,2024-09-06 00:00:00,RQTA6882310547982,ACTIVE,9885.11,MCH8656,0,0,1,0,0,0,0
MCH3442,Choudhry-Ravi,5699,Clothing,partnership,Bombay,Maharashtra,2025-09-09 00:00:00,XXXX0565,ACTIVE,0.3189,MCH3442,0,0,0,0,0,0,0
MCH4733,Sankar Inc,5411,GROCERY_STORE,SOLE_PROPRIETOR,Jaipur,Rajasthan,2023-01-25 00:00:00,XXXX7201,ACTIVE,1176.53,MCH4733,0,0,0,0,0,0,0
MCH5303,walla inc,5311,Department Stores,PRIVATE_LIMITED,Madras,Tamil Nadu,,,ACTIVE,0.1019,MCH5303,0,0,0,1,1,0,0
MCH8536,Boase PLC,,TELECOM,PARTNERSHIP,Bombay,Maharashtra,2024-10-23 00:00:00,,ACTIVE,3149.45,MCH8536,0,0,1,1,0,0,0
MCH5410,Ganesh LLC,7011,Hotel,Partnership,Delhi,Delhi,2023-01-13 16:09:00,,ACTIVE,1114.19,MCH5410,0,0,0,1,0,0,0
MCH1138,"Shan,BuchandTank",5942,BOOKS_STATIONERY,Sole Proprietor,Bangalore,Karnataka,2024-07-03 21:25:00,XXXX0724,ACTIVE,1369.64,MCH1138,0,0,0,0,0,0,0
MCH1652,Tripathi-Vasa,5311,DEPT_STORE,PRIVATE-LIMITED,amritsar,Punjab,2025-08-03 00:00:00,7462856821,INACTIVE,1419.63,MCH1652,0,0,0,0,0,0,0
4604,"Som, Kalla and Dada",5699,CLOTHS,Sole Proprietor,chennai,Tamil Nadu,2024-07-02 15:25:30,,ACTIVE,1478.97,4604,0,0,0,1,0,0,0
MCH9380,CHAKRABARTI GROUP,5812,FOOD_SERVICES,private_limited,Ludhiana,Punjab,2023-11-23 00:00:00,ECMM7078142170981,ACTIVE,0.199,mch9380,0,0,0,0,0,0,0
MCH1015,Mannan-Subramaniam,7011,Hotels,INDIVIDUAL,Hyd,Telangana,2024-05-19 00:00:00,,ACTIVE,-1116.83,MCH-1015,1,0,0,1,0,0,0
MCH8053,CHHABRA INC,4814,TELECOM,individual,Hyderabad,Telangana,2023-03-29 01:53:59,XXXX7777,ACTIVE,1235.44,mch8053,0,0,0,0,0,0,0
MCH8033,"Kala, Mahal and Dash",5311,department store,INDIVIDUAL,HYDERABAD,Telangana,2025-12-02 00:00:00,XXXX2251,SUSPENDED,1390.13,MCH8033,0,0,0,0,0,1,0
MCH7260,Kunda Inc,7011,Hospitality,Private Limited,jalandhar,Punjab,2024-06-20 00:00:00,,ACTIVE,391.11,mch7260,0,0,0,1,0,0,0
MCH8713,"Shere, Loke and Butala",8140,phone service,PRIVATE-LIMITED,Delhi,Delhi,,,INACTIVE,-1029.16,MCH8713,1,0,0,1,1,0,0
MCH6001,Murthy-Batra,7011,Hotels,sole_proprietor,Jalandar,Punjab,2024-08-31 00:00:00,DRAQ5734718978671,ACTIVE,1116.47,MCH6001,0,0,0,0,0,0,0
MCH1792,Palan-Naidu,5699,CLOTHS,PARTNERSHIP,bengaluru,Karnataka,2023-01-28 00:00:00,JXLM1363091809821,ACTIVE,443.5,MCH1792,0,0,0,0,0,0,0
MCH8129,"Devan, Ramesh and 0ak",5311,Department Stores,individual,kolkata,West Bengal,2025-03-22 13:11:16,XXXX5824,ACTIVE,0.294,MCH8129,0,0,0,0,0,0,0
MCH1775,Karnik Inc,5411,GROCERY_STORE,private_limited,lucknow,Uttar Pradesh,2023-04-13 08:51:51,MCRQ9864671908344,ACTIVE,0.313,MCH1775,0,0,0,0,0,0,0
MCH6593,"Thakur, V0hra and Kar",5411,kirana,private_limited,Hyderabad,Telangana,2025-05-26 00:00:00,,ACTIVE,0.5861,MCH6593,0,0,0,1,0,0,0
MCH5556,Pau-Kale,5912,MEDICAL_STORE,PRIVATE-LIMITED,mumbai,Maharashtra,2023-10-31 04:23:01,FLTM9160494360696,ACTIVE,513.95,MCH5556,0,0,0,0,0,0,0
MCH2024,"Ram, Manda and Chopra",4131,Transportation,Sole Proprietor,pune,Maharashtra,2025-07-24 00:00:00,,ACTIVE,-1122.98,MCH 2024,1,0,0,1,0,0,0
MCH8932,"Venkatesh, Nayak and Ravel",,Other,PRIVATE-LIMITED,Lucknow,Uttar Pradesh,2023-01-01 00:00:00,STLO0893921270298,ACTIVE,1585.03,MCH 8932,0,0,1,0,0,0,0
MCH4419,Gill-Ratta,9120,MEDICAL_STORE,SOLE-PROPRIETOR,JPR,Rajasthan,2024-09-15 14:40:00,ETZF4377515836271,ACTIVE,1442.51,MCH 4419,0,0,0,0,0,0,0
MCH5856,"WASON, SAVANT AND BAHL",,Miscellaneous,Individual,Mumbai,Maharashtra,2026-02-11 00:00:00,,ACTIVE,944.06,MCH-5856,0,0,1,1,0,0,0
MCH1060,Goda and Sons,5311,DEPT_STORE,Sole Proprietor,Madras,Tamil Nadu,2023-05-18 00:00:00,2862334269,INACTIVE,2371.8,MCH1060,0,0,0,0,0,0,0
MCH4433,"PATIL, SUBRAMANIAN AND MADAN",7011,Hospitality,partnership,Calcutta,West Bengal,2023-01-23 00:00:00,KNSD2742017347383,ACTIVE,830.16,mch4433,0,0,0,0,0,0,0
MCH9401,Ravi LLC,7011,Hotels,Sole Proprietor,Pune,Maharashtra,2025-11-14 00:00:00,1215375647,ACTIVE,1824.72,MCH9401,0,0,0,0,0,0,0
MCH8098,"Babu, Gupta and Bir",5812,Restaurants,PARTNERSHIP,LKO,Uttar Pradesh,,FYXA2708849715447,ACTIVE,320.71,MCH8098,0,0,0,0,1,0,0
MCH7564,"Mahal, Thaman and Dani",,BOOKS_STATIONERY,Sole Proprietor,Jalandhar,Punjab,2023-12-23 00:00:00,7935535958,ACTIVE,503.13,MCH7564,0,0,1,0,0,0,0
MCH7063,"THAKER, GROVER AND MOHANTY",,Misc Retail,individual,New Delhi,Delhi,2024-01-19 00:00:00,,INACTIVE,,MCH7063,0,1,1,1,0,0,0
MCH3040,"Dhar, Kunda and Desai",5411,GROCERY_STORE,partnership,jaipur,Rajasthan,2025-03-05 00:00:00,,ACTIVE,0.267,mch3040,0,0,0,1,0,0,0
1237,Agarwal-Kibe,7011,Hospitality,PARTNERSHIP,Mumbay,Maharashtra,2023-03-30 00:00:00,CKEI2680343648784,ACTIVE,750.84,1237,0,0,0,0,0,0,0
MCH2014,Bali-Mani,7011,Hotels,individual,Pune,Maharashtra,2023-08-01 09:32:25,ARLE1914445816062,ACTIVE,8107.98,MCH2014,0,0,0,0,0,0,0
MCH5251,Sehgal-Yadav,5411,groceries,Sole Proprietor,Bengaluru,Karnataka,2024-11-18 00:00:00,XUHW6533831586352,ACTIVE,625.43,MCH5251,0,0,0,0,0,0,0
MCH8967,Kade-Sama,5699,CLOTHS,PARTNERSHIP,delhi,Delhi,2023-02-18 00:00:00,,ACTIVE,,MCH8967,0,1,0,1,0,0,0
MCH2350,Tata-Palla,5699,CLOTHS,private_limited,Jaipur,Rajasthan,2025-01-29 00:00:00,,ACTIVE,1391.95,MCH2350,0,0,0,1,0,0,0
MCH3093,"B0ba1, Madan and Narain",,Miscellaneous,INDIVIDUAL,Jalandhar,Punjab,2025-06-12 00:00:00,6552427779,INACTIVE,2015.86,MCH3093,0,0,1,0,0,0,0
MCH8331,Yogi Inc,5999,Retail Other,Sole Proprietor,BLR,Karnataka,2025-05-07 00:00:00,,INACTIVE,1372.86,MCH8331,0,0,0,1,0,0,0
MCH2236,Yohannan-Chada,3110,DEPT_STORE,Private Limited,kolkata,West Bengal,2023-01-24 08:58:43,3926948531,INACTIVE,5340.64,MCH2236,0,0,0,0,0,0,0
MCH3005,"Saxena, Narain and Mander",5699,Apparel,private_limited,kolkata,West Bengal,2024-03-25 00:00:00,RIGO9314848159457,INACTIVE,1149.79,MCH3005,0,0,0,0,0,0,0
5957,Bose PLC,5942,BOOKS_STATIONERY,partnership,jaipur,Rajasthan,2023-09-22 00:00:00,,INACTIVE,1309.17,5957,0,0,0,1,0,0,0
MCH1320,Babu-Khatri,5699,fashion,INDIVIDUAL,Kolkata,West Bengal,2023-11-24 10:52:12,XXXX8923,SUSPENDED,,MCH1320,0,1,0,0,0,1,0
MCH9984,"Dash, Radhakrishnan and Singh",4131,Transport,SOLE_PROPRIETOR,ASR,Punjab,2025-11-01 00:00:00,4065235597,ACTIVE,956.87,MCH9984,0,0,0,0,0,0,0
MCH5293,PINGLE PLC,5999,Miscellaneous,Individual,DELHI,Delhi,2023-09-03 16:02:00,XXXX2228,ACTIVE,1088.29,MCH5293,0,0,0,0,0,0,0
MCH2133,Bose-Saraf,5999,Misc Retail,SOLE-PROPRIETOR,MUMBAI,Maharashtra,2024-09-19 00:00:00,6035698626,ACTIVE,-434.11,MCH2133,1,0,0,0,0,0,0
MCH3470,CHOPRA-GARDE,4814,Telecom,Individual,Bangalore,Karnataka,2025-02-03 00:00:00,,ACTIVE,509.62,MCH3470,0,0,0,1,0,0,0
MCH1420,Aggarwal-Garde,4131,Bus/Taxi,SOLE_PROPRIETOR,mumbai,Maharashtra,2024-03-18 00:00:00,XXXX4337,ACTIVE,830.85,MCH1420,0,0,0,0,0,0,0
MCH1340,Pingle-Lad,5999,Misc Retail,INDIVIDUAL,chennai,Tamil Nadu,2023-09-02 00:00:00,,ACTIVE,,MCH1340,0,1,0,1,0,0,0
MCH5671,Bava-Arya,5699,Fashion,Private Limited,HYDERABAD,Telangana,2023-11-18 22:06:00,SNRX5730951285773,ACTIVE,2123.47,MCH 5671,0,0,0,0,0,0,0
MCH2681,Upadhyay-Bava,7011,Hospitality,INDIVIDUAL,pune,Maharashtra,2024-02-16 00:00:00,YHMW6591611383032,ACTIVE,230.72,MCH2681,0,0,0,0,0,0,0
MCH6745,Chaudry PLC,7011,Hospitality,individual,Lucknow,Uttar Pradesh,2023-05-16 00:00:00,,INACTIVE,2605.91,MCH6745,0,0,0,1,0,0,0
MCH1647,NARULA LLC,5699,Fashion,Individual,Ludhiana,Punjab,2024-05-10 18:51:00,5628842369,BLOCKED,1898.14,mch1647,0,0,0,0,0,0,1
MCH4578,"Pancha1, Ch0pra and Ma11",5942,Book Store,Private Limited,chennai,Tamil Nadu,2023-07-22 00:00:00,IFCV0550743259811,INACTIVE,2039.12,MCH4578,0,0,0,0,0,0,0
MCH3341,Ramesh Inc,5912,Pharmacy,individual,Mumbay,Maharashtra,2024-11-15 02:33:00,,ACTIVE,1745.15,MCH3341,0,0,0,1,0,0,0
MCH1333,Sastry PLC,4814,phone service,Individual,Amritsar,Punjab,2025-09-18 18:25:49,DIOZ5944277163234,INACTIVE,1548.51,MCH1333,0,0,0,0,0,0,0
1174,Mander-Kari,5411,groceries,PARTNERSHIP,Jalandar,Punjab,2023-05-01 00:00:00,,ACTIVE,1013.97,1174,0,0,0,1,0,0,0
MCH8784,"Iyengar, Savant and Sehgal",4131,transprt,Private Limited,Bombay,Maharashtra,2024-01-12 00:00:00,,ACTIVE,0.575,MCH8784,0,0,0,1,0,0,0
MCH6017,Hayer Group,5812,Restaurants,private_limited,Mumbai,Maharashtra,2024-11-24 00:00:00,,ACTIVE,-944.21,MCH6017,1,0,0,1,0,0,0
MCH9763,Bhatnagar-Ramesh,5699,CLOTHS,INDIVIDUAL,Bengaluru,Karnataka,2023-03-24 10:13:00,FAWR8699456284349,ACTIVE,2954.71,mch9763,0,0,0,0,0,0,0
MCH4909,"Sharaf, Lalla and Rattan",,Books,Sole Proprietor,Calcutta,West Bengal,2025-02-16 20:04:00,5725440715,BLOCKED,650.04,mch4909,0,0,1,0,0,0,1
MCH6982,Manda and Sons,4814,Mobile Recharge,Partnership,delhi,Delhi,2024-01-30 20:46:00,UKBI1493589511002,INACTIVE,-474.53,MCH6982,1,0,0,0,0,0,0
MCH4221,"Rastogi, Goda and Naidu",5999,Retail Other,individual,Jalandhar,Punjab,,,ACTIVE,745.75,MCH4221,0,0,0,1,1,0,0
MCH1934,"Deol,DugarandParmer",5942,Stationery,Private Limited,Madras,Tamil Nadu,2025-06-26 13:50:54,,ACTIVE,2520.96,MCH1934,0,0,0,1,0,0,0
MCH7600,"Karnik, Thakur and Palla",5912,Medical,SOLE_PROPRIETOR,HYDERABAD,Telangana,2023-04-24 05:46:43,,ACTIVE,1154.91,MCH7600,0,0,0,1,0,0,0
MCH9745,Chaudhuri PLC,,CLOTHS,sole_proprietor,pune,Maharashtra,2025-05-26 00:00:00,LAJQ5592021482333,INACTIVE,475.31,MCH9745,0,0,1,0,0,0,0
MCH4421,natarajan-borah,5999,Miscellaneous,Sole Proprietor,MUMBAI,Maharashtra,2024-11-21 00:00:00,,ACTIVE,1261.07,MCH4421,0,0,0,1,0,0,0
MCH3490,Sachdev-Din,5411,kirana,INDIVIDUAL,DELHI,Delhi,2023-02-21 00:00:00,VNMY8994386086089,BLOCKED,570.0,MCH3490,0,0,0,0,0,0,1
MCH8264,"Hayer, Pant and Suresh",4131,Bus/Taxi,Private Limited,JPR,Rajasthan,2025-01-03 00:00:00,WKHI8476650778332,ACTIVE,2906.17,MCH8264,0,0,0,0,0,0,0
7567,badal-tripathi,5699,garments,PARTNERSHIP,DELHI,Delhi,2023-01-23 14:11:00,,ACTIVE,581.85,7567,0,0,0,1,0,0,0
MCH6419,"Bhalla, Dubey and Salvi",,Medical,SOLE_PROPRIETOR,Jaipur,Rajasthan,2024-01-15 01:23:00,,ACTIVE,3881.01,MCH6419,0,0,1,1,0,0,0
MCH6143,"MURTHY, KALA AND MANGAT",5812,eating place,individual,Hyd,Telangana,2023-03-26 16:00:36,3144502115,ACTIVE,-618.37,mch6143,1,0,0,0,0,0,0
MCH7681,"Aggarwal, Raj and Mand",5311,Retail,INDIVIDUAL,Amritsar,Punjab,2023-07-26 00:00:00,6309524938,ACTIVE,0.148,MCH7681,0,0,0,0,0,0,0
MCH4141,Sarkar and Sons,4814,Mobile Recharge,PARTNERSHIP,Bangalore,Karnataka,2023-06-10 00:00:00,,ACTIVE,1485.34,MCH4141,0,0,0,1,0,0,0
MCH8571,"Sahni, Arya and Guha",4131,Bus/Taxi,PRIVATE-LIMITED,kolkata,West Bengal,,XXXX6085,ACTIVE,1192.48,MCH8571,0,0,0,0,1,0,0
MCH6697,"Chanda, Chakraborty and Mand",4814,Telecom,individual,pune,Maharashtra,2025-09-29 15:02:00,4744924569,ACTIVE,706.35,MCH6697,0,0,0,0,0,0,0
MCH1881,"Bawa, Ganesan and Oak",5912,Medical,partnership,Chennai,Tamil Nadu,2023-12-14 00:00:00,,HOLD,-1349.05,MCH1881,1,0,0,1,0,0,0
MCH7586,RandhawaInc,5812,eating place,PARTNERSHIP,chennai,Tamil Nadu,2025-06-21 00:00:00,,INACTIVE,629.75,MCH7586,0,0,0,1,0,0,0
MCH8374,nadig-batra,5699,Fashion,partnership,ASR,Punjab,2024-02-21 17:20:06,VELJ0567478440820,ACTIVE,831.77,MCH-8374,0,0,0,0,0,0,0
MCH1553,basu-varma,5942,Book Store,SOLE_PROPRIETOR,Calcutta,West Bengal,,,ACTIVE,0.163,MCH-1553,0,0,0,1,1,0,0
MCH7957,Keer-Khalsa,,Retail,SOLE-PROPRIETOR,amritsar,Punjab,2025-11-21 00:00:00,,ACTIVE,1690.94,MCH7957,0,0,1,1,0,0,0
MCH2250,Borra and Sons,9420,Books,Individual,HYDERABAD,Telangana,2024-07-18 18:37:00,XXXX4935,ACTIVE,,MCH2250,0,1,0,0,0,0,0
MCH7023,Mannan-Mallick,5999,Misc Retail,INDIVIDUAL,Hyderabad,Telangana,,BQNS1502974429250,ACTIVE,1891.27,MCH 7023,0,0,0,0,1,0,0
MCH5546,B0rde Inc,5311,Retail,Individual,ludhiana,Punjab,2024-09-27 00:00:00,JPIE0555435223526,ACTIVE,1430.97,MCH5546,0,0,0,0,0,0,0
MCH5494,raja ltd,5942,Stationery,PARTNERSHIP,ludhiana,Punjab,2025-07-19 00:00:00,XXXX2189,ACTIVE,209.91,MCH5494,0,0,0,0,0,0,0
MCH9714,Issac-Pall,5912,Pharmacies,Private Limited,Madras,Tamil Nadu,2024-07-06 12:33:24,,INACTIVE,925.43,MCH9714,0,0,0,1,0,0,0
MCH2532,Chad Inc,5999,Retail Other,partnership,JPR,Rajasthan,2023-01-11 00:00:00,SDKV0929160095786,INACTIVE,351.38,MCH2532,0,0,0,0,0,0,0
MCH6776,"Khanna, Kadakia and Hans",5942,BOOKS_STATIONERY,partnership,Jalandar,Punjab,2024-12-16 14:27:00,,ACTIVE,7527.28,MCH6776,0,0,0,1,0,0,0
MCH9208,Lala-Tiwari,5942,BOOKS_STATIONERY,PARTNERSHIP,ASR,Punjab,2023-05-17 00:00:00,,INACTIVE,338.09,MCH9208,0,0,0,1,0,0,0
MCH3930,Kashyap-Rastogi,5699,Apparel,INDIVIDUAL,LKO,Uttar Pradesh,,XXXX4709,ACTIVE,510.04,mch3930,0,0,0,0,1,0,0
MCH7618,"Thaman, Parikh and Dubey",7011,HOTEL_LODGING,private_limited,delhi,Delhi,2025-11-22 00:00:00,SGHB3691205385794,ACTIVE,244.24,MCH7618,0,0,0,0,0,0,0
MCH7621,"Sankaran, Sur and Panchal",8120,Restaurants,INDIVIDUAL,Jaipur,Rajasthan,2023-01-03 00:00:00,XXXX7790,ACTIVE,1992.6,MCH7621,0,0,0,0,0,0,0
MCH4589,"Sathe, Bumb and Shankar",5699,garments,SOLE_PROPRIETOR,Amritsar,Punjab,2024-10-27 01:28:39,XXXX1983,ACTIVE,76.99,MCH4589,0,0,0,0,0,0,0
MCH2191,"CHOUDHRY, RAI AND CHOKSHI",,Book Store,PRIVATE_LIMITED,chennai,Tamil Nadu,2025-04-14 00:00:00,,ACTIVE,3020.11,MCH2191,0,0,1,1,0,0,0
MCH8955,"Gade, Venkatesh and Bedi",,Miscellaneous,SOLE-PROPRIETOR,BLR,Karnataka,2023-05-13 13:02:00,LWFG7573237346886,ACTIVE,455.69,mch8955,0,0,1,0,0,0,0
MCH3591,"Panchal, Balasubramanian and Dey",5942,Stationery,private_limited,kolkata,West Bengal,2025-03-15 00:00:00,9832386733,ACTIVE,2193.61,MCH3591,0,0,0,0,0,0,0
MCH8221,Kala-Bajaj,5942,Book Store,SOLE_PROPRIETOR,bengaluru,Karnataka,,5133526509,INACTIVE,1133.63,MCH8221,0,0,0,0,1,0,0
MCH2552,"Saran, Dyal and Wable",4814,phone service,PARTNERSHIP,HYDERABAD,Telangana,2023-10-19 00:00:00,XXXX2290,ACTIVE,1588.96,MCH2552,0,0,0,0,0,0,0
MCH7784,dave-babu,5912,Medical,PARTNERSHIP,ludhiana,Punjab,2023-03-16 00:00:00,XXXX3111,ACTIVE,0.643,mch7784,0,0,0,0,0,0,0
MCH1853,Narayanan-Chander,1310,Transport,sole_proprietor,ASR,Punjab,2023-10-10 00:20:00,GGYD8312524893538,ACTIVE,13872.38,MCH 1853,0,0,0,0,0,0,0
MCH9201,Ramachandran PLC,4814,phone service,PRIVATE-LIMITED,JPR,Rajasthan,2024-10-02 18:21:00,,ACTIVE,1064.13,MCH9201,0,0,0,1,0,0,0
MCH3439,"PALAN, BORA AND PURI",5411,kirana,PRIVATE_LIMITED,Ludhiana,Punjab,2024-03-05 00:36:00,AHWJ3061043363701,ACTIVE,1840.58,MCH3439,0,0,0,0,0,0,0
MCH8163,"Sama, Pant and Tara",,BOOKS_STATIONERY,PRIVATE_LIMITED,lucknow,Uttar Pradesh,2025-06-13 00:00:00,,ACTIVE,-1638.28,MCH8163,1,0,1,1,0,0,0
MCH4090,DubeGroup,5311,Department Store,Individual,Jaipur,Rajasthan,2024-06-12 00:00:00,NPEH3410333318653,ACTIVE,5497.54,MCH4090,0,0,0,0,0,0,0
MCH6751,Jhaveri-Rege,5942,Book Store,private_limited,Jalandhar,Punjab,2023-07-30 00:00:00,,ACTIVE,1649.91,MCH6751,0,0,0,1,0,0,0
MCH2770,Nagi PLC,5999,Retail Other,INDIVIDUAL,jaipur,Rajasthan,2024-05-06 13:56:02,,BLOCKED,-4171.07,MCH2770,1,0,0,1,0,0,1
2274,kade-wadhwa,5699,Clothing,PARTNERSHIP,Delhi,Delhi,,,ACTIVE,,2274,0,1,0,1,1,0,0
MCH4275,RAVAL-BORA,5812,Restaurant,SOLE_PROPRIETOR,JPR,Rajasthan,2024-04-18 04:43:05,3945076989,ACTIVE,0.1335,MCH4275,0,0,0,0,0,0,0
MCH5458,"Korpal, Venkatesh and Choudhary",7011,Hotel,individual,JPR,Rajasthan,2024-03-17 02:49:02,,ACTIVE,,MCH5458,0,1,0,1,0,0,0
MCH5997,"Kothari,BasuandKothari",5912,Medical,Sole Proprietor,Delhi,Delhi,2025-09-07 16:46:16,4059468429,INACTIVE,2459.46,MCH5997,0,0,0,0,0,0,0
MCH2675,Venkataraman-Rastogi,5942,Book Store,PRIVATE_LIMITED,ASR,Punjab,2025-06-23 00:00:00,YXGI4135701284971,ACTIVE,877.85,MCH2675,0,0,0,0,0,0,0
MCH5239,Saha Inc,5999,Retail Other,INDIVIDUAL,LKO,Uttar Pradesh,2025-09-29 00:00:00,,ACTIVE,0.6907,MCH5239,0,0,0,1,0,0,0
MCH3907,"oza, sachdev and sarkar",8120,FOOD_SERVICES,PRIVATE_LIMITED,jalandhar,Punjab,,XXXX6224,ACTIVE,2184.56,MCH3907,0,0,0,0,1,0,0
MCH6009,"Nagar, Chowdhury and Raghavan",,Stationery,Private Limited,Pune,Maharashtra,,XXXX6864,ACTIVE,1266.03,MCH6009,0,0,1,0,1,0,0
MCH8861,Prashad and Sons,5999,Retail Other,Individual,Chennai,Tamil Nadu,,XXXX5366,ACTIVE,,MCH8861,0,1,0,0,1,0,0
MCH2383,Dewan-Misra,4814,Mobile Recharge,SOLE-PROPRIETOR,LDH,Punjab,2023-05-09 17:41:00,,ACTIVE,923.06,mch2383,0,0,0,1,0,0,0
MCH5141,Sinha Ltd,,Apparel,SOLE-PROPRIETOR,JPR,Rajasthan,2025-07-27 00:03:05,XXXX0376,INACTIVE,764.85,MCH5141,0,0,1,0,0,0,0
MCH5037,"SEKHON, DHILLON AND BATH",5812,Restaurant,Partnership,DELHI,Delhi,2024-10-01 00:00:00,8639611595,SUSPENDED,,MCH5037,0,1,0,0,0,1,0
MCH7074,Lalla-Iyengar,,Pharmacies,individual,jalandhar,Punjab,2026-10-01 00:00:00,9351816139,ACTIVE,732.21,MCH7074,0,0,1,0,0,0,0
MCH6137,"Sidhu, Ahuja and Kumar",5812,Food,Partnership,bengaluru,Karnataka,,0510702134,ACTIVE,1574.67,MCH 6137,0,0,0,0,1,0,0
MCH2115,Kohli-Doshi,4131,TRAVEL,sole_proprietor,Chennai,Tamil Nadu,2024-05-24 11:16:59,XXXX7245,ACTIVE,8526.65,MCH2115,0,0,0,0,0,0,0
MCH8177,"Ghose, Om and Dada",5912,chemist,INDIVIDUAL,Jaipur,Rajasthan,2023-01-25 03:52:09,VAWO9622110634974,ACTIVE,578.46,MCH8177,0,0,0,0,0,0,0
2946,Nagy-Jani,4131,Bus/Taxi,SOLE-PROPRIETOR,Mumbai,Maharashtra,,1929586448,ACTIVE,0.316,2946,0,0,0,0,1,0,0
MCH1973,Sastry Ltd,6990,CLOTHS,SOLE-PROPRIETOR,Madras,Tamil Nadu,2024-12-23 00:00:00,,ACTIVE,1479.74,MCH-1973,0,0,0,1,0,0,0
MCH7544,NARAYAN-OOMMEN,4814,TELECOM,INDIVIDUAL,Jalandar,Punjab,2023-06-29 00:00:00,RSLP3867431498538,INACTIVE,1478.06,MCH 7544,0,0,0,0,0,0,0
MCH8393,Salvi LLC,7011,Hotels,partnership,jalandhar,Punjab,2024-10-18 00:00:00,XXXX4953,ACTIVE,1230.0,MCH8393,0,0,0,0,0,0,0
MCH9393,"Sehgal, Chawla and Korpal",5812,Restaurant,INDIVIDUAL,amritsar,Punjab,2025-09-03 17:19:00,XXXX8440,ACTIVE,896.96,MCH9393,0,0,0,0,0,0,0
MCH2205,Parmer-Lad,3110,Department Store,INDIVIDUAL,delhi,Delhi,2023-07-01 18:11:38,QDLE8658067283923,ACTIVE,0.986,mch2205,0,0,0,0,0,0,0
MCH3908,Kanda LLC,5999,Retail Other,sole_proprietor,Pune,Maharashtra,2024-05-07 00:00:00,2653904246,ACTIVE,-7690.26,MCH3908,1,0,0,0,0,0,0
MCH4560,Shankar Ltd,4814,Telecom,individual,BLR,Karnataka,2025-06-12 14:36:00,,ACTIVE,1403.88,mch4560,0,0,0,1,0,0,0
MCH7311,Jhaveri-Hans,7011,HOTEL_LODGING,Sole Proprietor,mumbai,Maharashtra,2025-12-05 00:00:00,RZUE2319491323812,ACTIVE,0.1009,MCH7311,0,0,0,0,0,0,0
5472,Dua Group,5942,BOOKS_STATIONERY,Private Limited,Ludhiana,Punjab,2024-09-23 00:00:00,2328427852,ACTIVE,0.778,5472,0,0,0,0,0,0,0
MCH8851,"Kanda, Kohli and Thaman",5812,Restaurant,SOLE_PROPRIETOR,jalandhar,Punjab,,,BLOCKED,5573.07,MCH8851,0,0,0,1,1,0,1
MCH9681,Bawa PLC,5699,Clothing,PRIVATE-LIMITED,Pune,Maharashtra,2024-01-09 03:45:47,,ACTIVE,1913.04,MCH9681,0,0,0,1,0,0,0
MCH8641,Rai and Sons,4131,TRAVEL,INDIVIDUAL,LDH,Punjab,2024-01-10 00:00:00,,ACTIVE,,MCH8641,0,1,0,1,0,0,0
MCH6468,Golla-Murty,4131,Transportation,Partnership,HYDERABAD,Telangana,2024-06-20 00:00:00,,ACTIVE,,MCH6468,0,1,0,1,0,0,0
MCH8995,MAHAJAN GROUP,5999,Retail Other,Partnership,Jalandar,Punjab,2023-09-12 00:00:00,XXXX2606,ACTIVE,0.2967,MCH8995,0,0,0,0,0,0,0
MCH1827,Saha Ltd,5999,Other,PARTNERSHIP,pune,Maharashtra,2026-01-12 00:00:00,GFSK2439344528128,ACTIVE,790.89,MCH1827,0,0,0,0,0,0,0
MCH1529,"Sangha,BanerjeeandSengupta",7011,Hospitality,private_limited,Ludhiana,Punjab,2023-02-06 00:00:00,,INACTIVE,1257.59,MCH1529,0,0,0,1,0,0,0
MCH8923,Raja-Sur,4131,TRAVEL,INDIVIDUAL,Hyderabad,Telangana,2023-05-29 00:00:00,,ACTIVE,1033.58,MCH-8923,0,0,0,1,0,0,0
MCH8464,"Kapadia, Sarin and Bhargava",5411,Grocery,Sole Proprietor,Ludhiana,Punjab,2024-07-19 17:44:00,,ACTIVE,1536.1,MCH-8464,0,0,0,1,0,0,0
MCH8749,"Tara, Parmer and Walla",4131,TRAVEL,Private Limited,kolkata,West Bengal,2025-06-19 00:00:00,BWRP8229942592433,INACTIVE,584.1,MCH 8749,0,0,0,0,0,0,0
MCH4298,Jain Group,4814,Mobile Recharge,PRIVATE_LIMITED,New Delhi,Delhi,2024-06-01 00:00:00,6571920723,INACTIVE,316.99,MCH4298,0,0,0,0,0,0,0
8552,"Manne, Manda and Toor",4131,TRAVEL,SOLE_PROPRIETOR,pune,Maharashtra,2023-08-19 00:00:00,,ACTIVE,,8552,0,1,0,1,0,0,0
MCH5227,Gala PLC,7011,Hotel,PARTNERSHIP,kolkata,West Bengal,2026-01-21 00:00:00,,ACTIVE,,MCH5227,0,1,0,1,0,0,0
MCH3323,Dey PLC,4814,Telecom,SOLE-PROPRIETOR,JPR,Rajasthan,2024-12-24 05:37:48,XXXX2284,INACTIVE,559.08,mch3323,0,0,0,0,0,0,0
MCH9199,Goda-Patel,4814,phone service,PARTNERSHIP,Lucknow,Uttar Pradesh,2024-12-23 00:00:00,3404405124,ACTIVE,992.24,MCH9199,0,0,0,0,0,0,0
MCH4745,Divan-Rao,3110,DEPT_STORE,SOLE-PROPRIETOR,Jalandhar,Punjab,2023-05-12 00:00:00,9446528330,ACTIVE,778.92,MCH4745,0,0,0,0,0,0,0
MCH4463,"KANT, VARMA AND MADAN",4110,kirana,individual,ASR,Punjab,2023-01-26 00:00:00,XXXX8058,INACTIVE,703.89,MCH4463,0,0,0,0,0,0,0
MCH8296,D’Alia-Kannan,,Misc Retail,PARTNERSHIP,MUMBAI,Maharashtra,2023-07-29 00:00:00,,ACTIVE,659.86,MCH8296,0,0,1,1,0,0,0
MCH2585,ROY LLC,,Grocery,sole_proprietor,JPR,Rajasthan,2025-10-13 00:00:00,2320667701,ACTIVE,2233.97,MCH2585,0,0,1,0,0,0,0
MCH6427,Bose Inc,5999,Misc Retail,PRIVATE-LIMITED,ludhiana,Punjab,2025-02-07 00:00:00,UHFS8061607261976,INACTIVE,1949.7,MCH 6427,0,0,0,0,0,0,0
MCH7176,"SACHAR, WALI AND SAHA",4131,TRAVEL,individual,kolkata,West Bengal,2026-02-13 00:00:00,7683191787,ACTIVE,980.72,MCH-7176,0,0,0,0,0,0,0
MCH7679,Sodhi-Dugal,5411,GROCERY_STORE,INDIVIDUAL,Jalandar,Punjab,2023-01-23 00:00:00,8562313994,ACTIVE,975.38,MCH7679,0,0,0,0,0,0,0
MCH6829,"Natarajan, Thaker and Aggarwal",9120,MEDICAL_STORE,SOLE_PROPRIETOR,MUMBAI,Maharashtra,2024-01-24 00:00:00,,ACTIVE,1746.05,MCH6829,0,0,0,1,0,0,0
4180,"Iyer, Saha and Kumar",7011,Hotels,PARTNERSHIP,LKO,Uttar Pradesh,2025-04-16 00:00:00,2796320001,ACTIVE,3864.5,4180,0,0,0,0,0,0,0
MCH4080,Jhaveri-Andra,5311,Department Store,sole_proprietor,jalandhar,Punjab,2024-06-18 00:00:00,,ACTIVE,4912.37,MCH-4080,0,0,0,1,0,0,0
MCH8537,Sunder LLC,4131,travel,PRIVATE-LIMITED,chennai,Tamil Nadu,2025-09-16 00:00:00,FNGX1491502830694,INACTIVE,1072.34,MCH8537,0,0,0,0,0,0,0
MCH2639,Sunder-Keer,5411,Grocery Stores,partnership,Jaipur,Rajasthan,2025-04-19 00:00:00,,ACTIVE,-853.1,MCH2639,1,0,0,1,0,0,0
MCH9697,Walla Ltd,,Telecom,INDIVIDUAL,Bangalore,Karnataka,2025-07-21 00:00:00,,ACTIVE,1081.86,MCH 9697,0,0,1,1,0,0,0
MCH6643,"BALA, PALLA AND SRINIVAS",5942,Stationery,Private Limited,Jalandar,Punjab,2023-06-13 10:35:36,3868687292,ACTIVE,1698.35,MCH6643,0,0,0,0,0,0,0
6208,Tak-Parmar,4814,Telecom,PRIVATE-LIMITED,LKO,Uttar Pradesh,2024-03-16 00:00:00,XXXX8227,BLOCKED,,6208,0,1,0,0,0,0,1
MCH8639,"SODHI, KALA AND RAMASWAMY",4110,kirana,PARTNERSHIP,pune,Maharashtra,2023-09-18 00:00:00,,ACTIVE,0.1544,MCH8639,0,0,0,1,0,0,0
MCH6574,"Thaman, Gupta and Barad",4814,phone service,PRIVATE_LIMITED,pune,Maharashtra,2024-03-03 13:31:25,2887690427,ACTIVE,1371.71,MCH6574,0,0,0,0,0,0,0
MCH4980,Batra LLC,5411,kirana,INDIVIDUAL,Pune,Maharashtra,,XXXX6176,ACTIVE,2806.42,MCH4980,0,0,0,0,1,0,0
MCH8046,Muni LLC,,Pharmacy,partnership,MUMBAI,Maharashtra,2024-12-11 00:00:00,GNMM4947998232253,ACTIVE,401.9,MCH8046,0,0,1,0,0,0,0
MCH5190,"Saini,RanaandAggarwal",5411,Grocery,SOLE_PROPRIETOR,Mumbai,Maharashtra,,4016367368,ACTIVE,1844.01,MCH5190,0,0,0,0,1,0,0
MCH2577,Dua Inc,5812,Restaurants,SOLE-PROPRIETOR,BLR,Karnataka,2023-11-23 00:00:00,,ACTIVE,23536.65,MCH2577,0,0,0,1,0,0,0
MCH6034,Sane Inc,5912,MEDICAL_STORE,PRIVATE_LIMITED,jaipur,Rajasthan,2025-10-18 00:00:00,5791425986,ACTIVE,1353.34,MCH6034,0,0,0,0,0,0,0
MCH4083,"Loyal, Dara and Sharaf",4814,phone service,INDIVIDUAL,Chennai,Tamil Nadu,2024-02-15 01:01:36,,ACTIVE,1752.1,MCH 4083,0,0,0,1,0,0,0
MCH8390,"Thakkar, Babu and Nagi",1310,transprt,Private Limited,Hyd,Telangana,2024-03-25 00:00:00,XXXX7354,ACTIVE,2159.57,MCH 8390,0,0,0,0,0,0,0
MCH9016,Upadhyay-Sethi,4814,TELECOM,Partnership,Mumbay,Maharashtra,2025-07-27 08:59:26,XXXX7823,ACTIVE,764.46,mch9016,0,0,0,0,0,0,0
MCH6780,"Bhatia, Dalal and Kapur",5999,Retail Other,PRIVATE_LIMITED,jalandhar,Punjab,2025-05-24 00:31:32,,ACTIVE,-10952.74,MCH 6780,1,0,0,1,0,0,0
MCH3201,BAHL AND SONS,5942,Book Store,sole_proprietor,ASR,Punjab,2024-05-27 00:00:00,4264935431,ACTIVE,576.96,mch3201,0,0,0,0,0,0,0
MCH9352,Chaudhary-Munshi,,Hospitality,Sole Proprietor,HYDERABAD,Telangana,2025-12-27 00:00:00,1982708228,INACTIVE,295.19,MCH9352,0,0,1,0,0,0,0
MCH6091,Ratti-Kalita,5942,Stationery,Sole Proprietor,Ludhiana,Punjab,2023-09-06 00:00:00,XXXX4886,ACTIVE,458.92,MCH6091,0,0,0,0,0,0,0
MCH3491,"Chawla, Tella and Madan",,Mobile Recharge,Sole Proprietor,LKO,Uttar Pradesh,2025-05-23 00:00:00,,ACTIVE,1044.7,MCH-3491,0,0,1,1,0,0,0
MCH3426,"Morar, Dar and Raja",5311,DEPT_STORE,INDIVIDUAL,Jalandar,Punjab,2023-10-25 00:00:00,XXXX0393,INACTIVE,0.1252,MCH3426,0,0,0,0,0,0,0
MCH2395,Sathe-Dixit,4131,Bus/Taxi,PRIVATE-LIMITED,chennai,Tamil Nadu,2023-12-24 00:00:00,,ACTIVE,941.52,MCH-2395,0,0,0,1,0,0,0
MCH8330,trivedi-shan,,Food,Partnership,Hyderabad,Telangana,2024-11-05 18:16:00,2548494928,ACTIVE,4115.86,MCH-8330,0,0,1,0,0,0,0
MCH7978,"Ganesan, Kohli and Savant",5999,Misc Retail,INDIVIDUAL,jaipur,Rajasthan,2023-02-15 00:00:00,XXXX8648,ACTIVE,2414.03,MCH7978,0,0,0,0,0,0,0
MCH8826,Mallick-Dasgupta,5311,DEPT_STORE,PRIVATE-LIMITED,Jalandhar,Punjab,2023-02-09 07:13:10,2382228031,ACTIVE,1719.24,MCH 8826,0,0,0,0,0,0,0
MCH3593,"Kara,BrarandApte",4814,phone service,private_limited,MUMBAI,Maharashtra,2023-12-04 15:44:19,,SUSPENDED,474.6,MCH3593,0,0,0,1,0,1,0
MCH9888,"Contractor, Mohanty and Devi",5912,Pharmacy,SOLE-PROPRIETOR,Madras,Tamil Nadu,2025-09-23 23:00:00,XXXX3253,ACTIVE,1367.96,MCH9888,0,0,0,0,0,0,0
MCH5154,Chauhan Inc,,phone service,PARTNERSHIP,Jalandhar,Punjab,2023-02-18 00:00:00,,ACTIVE,1206.43,mch5154,0,0,1,1,0,0,0
MCH3371,Bath PLC,,phone service,Private Limited,Chennai,Tamil Nadu,2024-06-16 00:00:00,XXXX9871,ACTIVE,1557.07,MCH3371,0,0,1,0,0,0,0
MCH1909,murthy and sons,5942,Books,Sole Proprietor,Poona,Maharashtra,2023-11-25 00:00:00,6570869272,ACTIVE,823.0,MCH1909,0,0,0,0,0,0,0
MCH6152,Dasgupta-Das,5942,BOOKS_STATIONERY,Private Limited,JPR,Rajasthan,2024-10-26 00:00:00,XXXX8744,ACTIVE,344.11,MCH 6152,0,0,0,0,0,0,0
MCH4375,"Mani, Pillai and Soman",5311,Department Stores,SOLE-PROPRIETOR,Lucknow,Uttar Pradesh,2024-08-03 02:25:00,,ACTIVE,1050.41,MCH4375,0,0,0,1,0,0,0
MCH7380,"Gour, Jani and Mital",5999,Misc Retail,INDIVIDUAL,Chennai,Tamil Nadu,2024-11-06 00:00:00,,INACTIVE,688.41,MCH7380,0,0,0,1,0,0,0
MCH4305,Padmanabhan-Thaker,4131,Transportation,INDIVIDUAL,Ludhiana,Punjab,2024-10-17 00:00:00,,ACTIVE,572.69,MCH 4305,0,0,0,1,0,0,0
MCH7198,Rama and Sons,5912,Pharmacies,PARTNERSHIP,jaipur,Rajasthan,2023-02-15 00:00:00,6060043689,ACTIVE,1594.96,MCH7198,0,0,0,0,0,0,0
MCH1298,"Raghavan,ReddyandSangha",5942,Stationery,SOLE_PROPRIETOR,Hyderabad,Telangana,2025-04-28 00:00:00,XXXX0353,ACTIVE,364.92,MCH1298,0,0,0,0,0,0,0
MCH9510,Warri0r-Thakkar,4131,transprt,Sole Proprietor,Bangalore,Karnataka,2024-09-15 00:00:00,,ACTIVE,0.1261,MCH9510,0,0,0,1,0,0,0
MCH8799,"Dada, Ramaswamy and Dugal",5942,Books,PRIVATE_LIMITED,Hyd,Telangana,2023-09-04 00:00:00,STYQ1453146869201,SUSPENDED,2080.34,mch8799,0,0,0,0,0,1,0
MCH3453,"Sangha, Minhas and Patil",7011,Hospitality,PRIVATE_LIMITED,jaipur,Rajasthan,2023-11-15 00:00:00,5047749653,ACTIVE,-1768.03,MCH3453,1,0,0,0,0,0,0
MCH6333,"kumer, butala and sawhney",5699,garments,Individual,Chennai,Tamil Nadu,2024-09-08 02:04:48,HRFV9386173143650,ACTIVE,831.77,MCH6333,0,0,0,0,0,0,0
MCH1255,La1a and S0ns,4814,Telecom,Partnership,Kolkata,West Bengal,2023-07-19 00:00:00,8344362943,INACTIVE,772.22,mch1255,0,0,0,0,0,0,0
MCH8379,Deep Group,5942,Books,Private Limited,Kolkata,West Bengal,2026-01-29 00:00:00,XXXX9737,SUSPENDED,0.469,mch8379,0,0,0,0,0,1,0
MCH3147,Acharya-Uppal,4131,travel,individual,Madras,Tamil Nadu,2024-02-10 02:28:00,1420771239,ACTIVE,0.343,MCH3147,0,0,0,0,0,0,0
MCH4236,Arora PLC,5942,Stationery,partnership,amritsar,Punjab,2024-09-20 00:00:00,,ACTIVE,1427.88,MCH4236,0,0,0,1,0,0,0
MCH1675,"sarma, saxena and chandran",,department stores,Private Limited,jaipur,Rajasthan,2023-09-06 00:00:00,,SUSPENDED,1777.8,MCH1675,0,0,1,1,0,1,0
6498,Peri-Saran,,Misc Retail,PRIVATE-LIMITED,Calcutta,West Bengal,2025-01-08 22:53:50,XXXX0646,ACTIVE,7077.96,6498,0,0,1,0,0,0,0
MCH9849,Jayaraman Inc,5942,BOOKS_STATIONERY,Individual,kolkata,West Bengal,2026-02-11 02:12:30,8602198402,ACTIVE,1659.94,MCH9849,0,0,0,0,0,0,0
8659,sha ltd,7011,Hotels,partnership,Mumbay,Maharashtra,2024-10-23 00:00:00,6929887204,ACTIVE,,8659,0,1,0,0,0,0,0
MCH5707,De01 Gr0up,5411,kirana,Partnership,Hyderabad,Telangana,2023-09-19 00:00:00,NRWL7844875974966,ACTIVE,666.58,MCH5707,0,0,0,0,0,0,0
MCH8553,"Sane, Chaudhari and Rai",4814,phone service,Private Limited,lucknow,Uttar Pradesh,2025-01-05 00:00:00,,INACTIVE,375.66,MCH8553,0,0,0,1,0,0,0
MCH9390,"Minhas,PauandNarayanan",1310,TRAVEL,Individual,ludhiana,Punjab,,,ACTIVE,2246.12,MCH9390,0,0,0,1,1,0,0
MCH9945,"Pant, Hayre and Pathak",4814,Telecom,PRIVATE-LIMITED,jalandhar,Punjab,2025-07-14 00:56:49,XXXX5088,ACTIVE,789.57,MCH9945,0,0,0,0,0,0,0
MCH9412,NAYAK-GUHA,4131,Transport,Individual,Amritsar,Punjab,,XXXX5639,ACTIVE,2887.33,MCH9412,0,0,0,0,1,0,0
MCH1106,"Agrawal, Ganguly and Kalla",5411,Grocery Stores,Private Limited,Delhi,Delhi,2024-08-25 00:00:00,ZKGK4764088745020,ACTIVE,1100.28,MCH1106,0,0,0,0,0,0,0
MCH6940,Koshy Inc,4131,Transport,Private Limited,Chennai,Tamil Nadu,2024-06-25 00:00:00,,ACTIVE,5556.5,MCH6940,0,0,0,1,0,0,0
MCH9834,"Gill, Varghese and Ganesh",5912,MEDICAL_STORE,Private Limited,kolkata,West Bengal,2023-03-26 00:00:00,,ACTIVE,0.1416,mch9834,0,0,0,1,0,0,0
MCH8235,Konda-Pillai,5942,Stationery,PRIVATE_LIMITED,Madras,Tamil Nadu,2025-08-29 19:03:00,XXXX2371,ACTIVE,-921.33,MCH8235,1,0,0,0,0,0,0
MCH9684,Bhasin Inc,5912,Pharmacies,private_limited,DELHI,Delhi,2025-01-20 00:00:00,XXXX1695,INACTIVE,2227.2,MCH9684,0,0,0,0,0,0,0
MCH4122,"Lata, Magar and Savant",5999,Retail Other,Partnership,BLR,Karnataka,2025-12-03 23:29:42,7547242898,ACTIVE,3699.77,MCH4122,0,0,0,0,0,0,0
MCH1772,Grover Group,3110,dept_store,partnership,Calcutta,West Bengal,2023-03-18 13:57:00,0665098924,ACTIVE,1962.32,MCH1772,0,0,0,0,0,0,0
MCH3267,"Dara, Rama and Ben",4814,phone service,PARTNERSHIP,ludhiana,Punjab,2024-11-02 02:35:26,,ACTIVE,471.18,MCH3267,0,0,0,1,0,0,0
MCH6084,"Jaggi, Ganguly and Mall",6990,cloths,PRIVATE_LIMITED,ludhiana,Punjab,2023-08-30 00:27:10,,INACTIVE,1089.53,MCH6084,0,0,0,1,0,0,0
MCH7430,"gill, mutti and nagy",4814,Mobile Recharge,sole_proprietor,delhi,Delhi,2024-05-08 00:00:00,,ACTIVE,298.83,MCH7430,0,0,0,1,0,0,0
MCH8949,"Srinivasan,SaxenaandKant",5942,Books,PRIVATE_LIMITED,Bangalore,Karnataka,,XXXX6857,INACTIVE,1726.82,mch8949,0,0,0,0,1,0,0
MCH3822,Anne and Sons,5411,Grocery,private_limited,Amritsar,Punjab,2026-01-21 20:10:57,,ACTIVE,2115.91,MCH-3822,0,0,0,1,0,0,0
MCH7687,Devan Inc,5699,Fashion,individual,Lucknow,Uttar Pradesh,2024-11-25 18:59:00,,ACTIVE,2148.82,MCH 7687,0,0,0,1,0,0,0
MCH8377,"Agate, Suresh and Bahri",5311,Department Stores,Individual,HYDERABAD,Telangana,2024-02-05 00:00:00,XXXX2261,ACTIVE,1519.49,MCH8377,0,0,0,0,0,0,0
1039,Palan-Mody,4814,phone service,individual,Hyd,Telangana,2023-07-14 00:00:00,,ACTIVE,-545.34,1039,1,0,0,1,0,0,0
4233,Shankar and Sons,5411,Grocery Stores,SOLE-PROPRIETOR,jalandhar,Punjab,2023-12-10 00:00:00,4534914137,INACTIVE,2257.76,4233,0,0,0,0,0,0,0
MCH9444,NarainandSons,5812,Food,PRIVATE_LIMITED,Hyderabad,Telangana,2023-08-09 00:00:00,XXXX4479,BLOCKED,1056.16,MCH9444,0,0,0,0,0,0,1
5119,Raghavan-Shere,5812,Food,SOLE_PROPRIETOR,chennai,Tamil Nadu,2025-09-14 00:00:00,,ACTIVE,0.1149,5119,0,0,0,1,0,0,0
MCH4097,Nori PLC,5912,Medical,PRIVATE_LIMITED,pune,Maharashtra,,,ACTIVE,930.77,MCH4097,0,0,0,1,1,0,0
MCH8693,"Chawla, Goyal and Pau",7011,Hotels,Individual,Mumbai,Maharashtra,2024-01-22 00:00:00,,ACTIVE,0.818,MCH8693,0,0,0,1,0,0,0
MCH1207,"pillai, oak and barman",5812,Food,Individual,DELHI,Delhi,2024-11-04 00:00:00,,ACTIVE,1280.08,MCH-1207,0,0,0,1,0,0,0
MCH9049,Babu-Bali,5812,eating place,INDIVIDUAL,bengaluru,Karnataka,2023-07-02 10:16:00,4401897773,ACTIVE,2337.3,MCH9049,0,0,0,0,0,0,0
MCH6708,Wali LLC,7011,Hotel,sole_proprietor,amritsar,Punjab,2023-04-09 00:00:00,1946521583,ACTIVE,469.66,MCH6708,0,0,0,0,0,0,0
MCH3206,Ray Inc,7011,Hotels,INDIVIDUAL,kolkata,West Bengal,2024-08-27 09:49:12,QOEA8761018728907,ACTIVE,490.27,MCH 3206,0,0,0,0,0,0,0
MCH3845,Barad-Hayre,5999,Retail Other,private_limited,HYDERABAD,Telangana,,7981739720,INACTIVE,-1429.41,MCH3845,1,0,0,0,1,0,0
MCH6892,Chacko-Gaba,5912,Pharmacies,SOLE-PROPRIETOR,Bengaluru,Karnataka,2025-05-07 00:00:00,XXXX0824,ACTIVE,684.73,MCH6892,0,0,0,0,0,0,0
1260,KOTHARI-NADKARNI,6990,Clothing,Private Limited,lucknow,Uttar Pradesh,2026-01-15 00:00:00,6850024093,ACTIVE,2375.4,1260,0,0,0,0,0,0,0
MCH3736,"Chanda, Bandi and Pandya",4814,Telecom,partnership,Hyderabad,Telangana,2023-04-25 00:48:36,,ACTIVE,812.06,MCH3736,0,0,0,1,0,0,0
MCH1641,bali llc,5999,Other,sole_proprietor,delhi,Delhi,,,ACTIVE,-3239.36,MCH1641,1,0,0,1,1,0,0
MCH9955,Bumb Ltd,,chemist,Individual,Bangalore,Karnataka,2024-02-20 00:00:00,,INACTIVE,5375.4,MCH9955,0,0,1,1,0,0,0
MCH2838,BOSE-BIR,4814,Telecom,SOLE_PROPRIETOR,chennai,Tamil Nadu,2024-07-25 00:00:00,,ACTIVE,3409.39,MCH-2838,0,0,0,1,0,0,0
MCH2981,Sami-Sura,5942,Stationery,individual,Kolkata,West Bengal,2023-01-27 00:00:00,,ACTIVE,512.85,MCH2981,0,0,0,1,0,0,0
MCH7215,"Kau1, Pur0hit and Ar0ra",5311,Retail,private_limited,Hyderabad,Telangana,2023-10-07 00:00:00,8944621322,ACTIVE,2403.84,MCH7215,0,0,0,0,0,0,0
MCH3299,"Varghese, Tripathi and Ganesh",5999,Retail Other,SOLE_PROPRIETOR,Bengaluru,Karnataka,2023-07-12 00:00:00,,INACTIVE,2177.34,MCH3299,0,0,0,1,0,0,0
MCH8845,Varkey-Jha,,other,partnership,kolkata,West Bengal,2024-03-01 05:26:00,,ACTIVE,5630.04,MCH8845,0,0,1,1,0,0,0
MCH1255,"Bose, Memon and Luthra",5942,Book Store,partnership,pune,Maharashtra,2023-05-27 08:30:18,XXXX6249,ACTIVE,1129.38,MCH1255,0,0,0,0,0,0,0
MCH7339,"PUROHIT, DHINGRA AND BARMAN",5411,Grocery Stores,Individual,chennai,Tamil Nadu,2023-08-16 22:55:00,IUQD2113343232449,ACTIVE,2247.46,MCH7339,0,0,0,0,0,0,0
MCH2552,"MUKHERJEE, IYENGAR AND DEO",5942,Stationery,partnership,Pune,Maharashtra,2025-03-15 00:00:00,ZRKN1235329280179,ACTIVE,3414.98,MCH2552,0,0,0,0,0,0,0
MCH1667,Prashad-Samra,5812,Restaurant,private_limited,Dilli,Delhi,2025-10-20 03:57:00,XXXX1144,ACTIVE,7788.38,MCH-1667,0,0,0,0,0,0,0
MCH5970,Babu and Sons,5699,Clothing,Private Limited,amritsar,Punjab,2025-01-14 00:00:00,,INACTIVE,2060.67,MCH5970,0,0,0,1,0,0,0
MCH9396,"Solanki, Kara and Saha",7011,HOTEL_LODGING,Sole Proprietor,Bangalore,Karnataka,2024-07-08 07:13:36,XXXX6974,ACTIVE,1428.59,mch9396,0,0,0,0,0,0,0
MCH3683,Mander Group,5411,Grocery Stores,Individual,Mumbai,Maharashtra,2023-10-09 00:00:00,3019047562,ACTIVE,4247.99,MCH3683,0,0,0,0,0,0,0
MCH8592,Rajagopal-Nagarajan,5912,chemist,INDIVIDUAL,Hyderabad,Telangana,2023-11-20 00:23:03,,ACTIVE,1002.86,MCH8592,0,0,0,1,0,0,0
MCH8281,Kakar and S0ns,4814,phone service,individual,Hyd,Telangana,2023-12-01 00:00:00,,ACTIVE,0.968,MCH8281,0,0,0,1,0,0,0
MCH9790,YOHANNAN-NARANG,7011,Hotels,private_limited,Lucknow,Uttar Pradesh,2023-01-17 00:00:00,UQCA1861995078274,ACTIVE,1704.7,MCH-9790,0,0,0,0,0,0,0
MCH4367,"wason, chanda and panchal",5411,kirana,Sole Proprietor,LKO,Uttar Pradesh,2023-09-29 00:00:00,QEDA5086052954128,ACTIVE,0.1778,MCH4367,0,0,0,0,0,0,0
MCH3679,Kumer LLC,4814,Telecom,PRIVATE-LIMITED,Hyd,Telangana,2025-12-15 00:00:00,1741377762,ACTIVE,587.47,MCH3679,0,0,0,0,0,0,0
MCH7568,Kumer-Gandhi,7011,Hotels,SOLE_PROPRIETOR,Mumbai,Maharashtra,2025-05-23 00:00:00,,ACTIVE,0.1278,MCH 7568,0,0,0,1,0,0,0
MCH4699,Setty Inc,7011,HOTEL_LODGING,PRIVATE-LIMITED,pune,Maharashtra,2025-06-04 00:00:00,XXXX2833,ACTIVE,632.27,MCH-4699,0,0,0,0,0,0,0
MCH4769,BARAL-PERI,5699,Apparel,INDIVIDUAL,Jaipur,Rajasthan,2024-01-14 00:00:00,,ACTIVE,-1758.52,MCH4769,1,0,0,1,0,0,0
MCH6743,"mistry, acharya and rau",,Misc Retail,PRIVATE-LIMITED,Kolkata,West Bengal,2025-07-25 00:00:00,XXXX9521,ACTIVE,-1997.32,MCH-6743,1,0,1,0,0,0,0
MCH1856,"Sem, Dhawan and Bakshi",,groceries,SOLE_PROPRIETOR,Bangalore,Karnataka,2023-07-27 00:00:00,9292167540,SUSPENDED,2232.22,MCH1856,0,0,1,0,0,1,0
MCH4050,"Sur, N0ri and G011a",5699,Apparel,SOLE_PROPRIETOR,Mumbai,Maharashtra,2024-07-04 00:00:00,PQHJ7829698736069,ACTIVE,577.94,MCH 4050,0,0,0,0,0,0,0
MCH5237,"Dave, Sani and Swaminathan",,Pharmacy,partnership,Delhi,Delhi,2026-02-09 00:00:00,5721792105,HOLD,1955.24,MCH 5237,0,0,1,0,0,0,0
MCH7087,Prashad LLC,5311,Department Store,PARTNERSHIP,chennai,Tamil Nadu,2023-05-29 00:00:00,,ACTIVE,0.955,MCH7087,0,0,0,1,0,0,0
MCH4510,Bora Ltd,4814,Mobile Recharge,INDIVIDUAL,chennai,Tamil Nadu,2024-04-16 11:39:00,XXXX0375,ACTIVE,1583.66,MCH4510,0,0,0,0,0,0,0
MCH8880,Bava Group,,HOTEL_LODGING,SOLE-PROPRIETOR,BLR,Karnataka,2025-01-12 16:40:00,,INACTIVE,0.3216,MCH-8880,0,0,1,1,0,0,0
MCH4716,Ahuja-Konda,5411,groceries,Private Limited,HYDERABAD,Telangana,2025-05-05 09:10:35,UWUR7932224500135,ACTIVE,1206.68,MCH4716,0,0,0,0,0,0,0
MCH4841,"Soman, Chhabra and Rau",5812,Food,Individual,Hyderabad,Telangana,2025-04-06 00:00:00,7481277314,ACTIVE,611.25,MCH4841,0,0,0,0,0,0,0
MCH5381,Jaggi and Sons,5311,Department Store,PRIVATE_LIMITED,DELHI,Delhi,2025-06-11 00:00:00,,ACTIVE,550.97,MCH-5381,0,0,0,1,0,0,0
MCH2120,Vohra-Kashyap,4814,TELECOM,Individual,jaipur,Rajasthan,2023-02-23 03:10:46,5716928716,ACTIVE,2514.21,MCH2120,0,0,0,0,0,0,0
MCH2183,Savant LLC,4131,TRAVEL,SOLE-PROPRIETOR,Dilli,Delhi,,XXXX8842,ACTIVE,-202.62,MCH2183,1,0,0,0,1,0,0
MCH6722,bhagat llc,5999,Misc Retail,Sole Proprietor,Bombay,Maharashtra,2023-05-13 00:00:00,,ACTIVE,211.13,MCH6722,0,0,0,1,0,0,0
MCH4876,"Dugar, Prasad and Pal",5812,Food,partnership,chennai,Tamil Nadu,2023-09-09 00:00:00,XXXX5946,ACTIVE,1346.64,MCH4876,0,0,0,0,0,0,0
MCH5902,"Iyer, Pal and Kaur",5311,Department Store,private_limited,pune,Maharashtra,2024-08-14 00:00:00,,ACTIVE,441.19,MCH5902,0,0,0,1,0,0,0
MCH4113,"Anand,ChoudharyandContractor",5912,Pharmacy,INDIVIDUAL,chennai,Tamil Nadu,2023-09-07 00:00:00,6952372771,ACTIVE,-418.15,MCH4113,1,0,0,0,0,0,0
MCH3357,"Batta, Kannan and Srinivas",4814,TELECOM,partnership,Delhi,Delhi,2023-10-27 00:00:00,,ACTIVE,2454.25,MCH3357,0,0,0,1,0,0,0
MCH4278,Thakkar-Gupta,3110,Department Stores,private_limited,ASR,Punjab,2025-05-31 00:00:00,,INACTIVE,703.48,mch4278,0,0,0,1,0,0,0
MCH4184,SACHDEVA-KARA,5812,FOOD_SERVICES,PARTNERSHIP,Jaipur,Rajasthan,2025-02-02 04:25:00,,ACTIVE,704.96,MCH4184,0,0,0,1,0,0,0
MCH3846,Nagi-Chacko,5411,kirana,private_limited,Hyd,Telangana,2024-08-21 00:00:00,EAUK5999855393021,ACTIVE,1055.18,MCH 3846,0,0,0,0,0,0,0
MCH7877,Bajwa Ltd,9420,BOOKS_STATIONERY,partnership,chennai,Tamil Nadu,,2144271582,ACTIVE,565.69,MCH7877,0,0,0,0,1,0,0
MCH6840,saini group,4110,Grocery,PRIVATE-LIMITED,bengaluru,Karnataka,2024-09-15 00:00:00,4326022170,ACTIVE,-731.68,MCH6840,1,0,0,0,0,0,0
MCH6197,"Koshy, Shah and Ratta",4131,transprt,Partnership,bengaluru,Karnataka,2024-03-20 00:00:00,AGMV2642641861544,ACTIVE,1491.79,MCH6197,0,0,0,0,0,0,0
MCH9418,Dixit-Ranganathan,5912,MEDICAL_STORE,partnership,Dilli,Delhi,2024-02-24 00:00:00,,ACTIVE,1164.23,MCH9418,0,0,0,1,0,0,0
MCH7398,Bhavsar and Sons,5311,DEPT_STORE,SOLE_PROPRIETOR,chennai,Tamil Nadu,2025-04-24 00:00:00,,ACTIVE,6060.9,MCH7398,0,0,0,1,0,0,0
MCH5892,"Dara, Goswami and Purohit",5812,Restaurants,INDIVIDUAL,Bangalore,Karnataka,2025-02-21 11:15:43,,ACTIVE,0.1175,MCH 5892,0,0,0,1,0,0,0
9546,"Mohan, Tak and Dhingra",5999,retail other,sole_proprietor,Amritsar,Punjab,2024-11-20 10:50:24,XXXX5350,ACTIVE,1645.26,9546,0,0,0,0,0,0,0
MCH6122,Som-Seth,4131,transprt,Individual,Amritsar,Punjab,2023-09-15 17:43:52,,ACTIVE,1086.57,MCH6122,0,0,0,1,0,0,0
MCH6986,Shetty Group,4814,TELECOM,PRIVATE_LIMITED,Bengaluru,Karnataka,2024-09-13 00:00:00,,ACTIVE,547.81,MCH6986,0,0,0,1,0,0,0
MCH2750,Rao-Narayanan,5942,Books,individual,LDH,Punjab,2024-05-13 00:00:00,,ACTIVE,-3052.68,MCH2750,1,0,0,1,0,0,0
MCH4688,venkatesh group,5942,Stationery,sole_proprietor,DELHI,Delhi,2024-08-24 14:22:22,TBOZ2931559768114,SUSPENDED,2933.52,MCH-4688,0,0,0,0,0,1,0
MCH7197,Raval-Chadha,5812,Food,individual,Bombay,Maharashtra,2023-09-25 00:19:22,,ACTIVE,218.4,MCH-7197,0,0,0,1,0,0,0
MCH6440,Taneja-Mahajan,5311,DEPT_STORE,individual,Jalandhar,Punjab,2025-04-17 00:00:00,2419488462,ACTIVE,6682.66,MCH6440,0,0,0,0,0,0,0
MCH6152,Mukhopadhyay PLC,5942,Stationery,INDIVIDUAL,JPR,Rajasthan,2025-12-20 00:00:00,OXKW4550087815999,ACTIVE,1642.16,MCH6152,0,0,0,0,0,0,0
MCH1227,"Madan, More and Pal",5411,GROCERY_STORE,Sole Proprietor,Hyd,Telangana,2025-12-08 00:01:00,3802553962,ACTIVE,1078.83,MCH1227,0,0,0,0,0,0,0
MCH7974,Kari Inc,6990,CLOTHS,INDIVIDUAL,Delhi,Delhi,2023-05-19 00:00:00,QWIC4307587311546,ACTIVE,4305.95,MCH 7974,0,0,0,0,0,0,0
MCH4770,Mahal-Sood,5411,GROCERY_STORE,Sole Proprietor,jaipur,Rajasthan,2024-12-17 00:00:00,5162215595,INACTIVE,489.82,MCH4770,0,0,0,0,0,0,0
MCH7062,"Karpe, Sekhon and Memon",5999,Miscellaneous,partnership,Madras,Tamil Nadu,2024-07-18 00:00:00,ERAF1958847105569,INACTIVE,0.2267,MCH7062,0,0,0,0,0,0,0
MCH9949,Lanka Ltd,4131,TRAVEL,SOLE_PROPRIETOR,ludhiana,Punjab,2024-10-08 00:24:00,,ACTIVE,4386.14,MCH9949,0,0,0,1,0,0,0
MCH5569,"Thaman, Kar and Dass",5999,Misc Retail,SOLE-PROPRIETOR,Mumbai,Maharashtra,2026-01-27 00:00:00,3302815921,INACTIVE,3592.34,MCH5569,0,0,0,0,0,0,0
MCH5603,Saha-Sahota,,Restaurants,PARTNERSHIP,mumbai,Maharashtra,2025-09-12 13:03:44,XXXX8202,ACTIVE,1242.85,MCH5603,0,0,1,0,0,0,0
MCH2284,Nayak Group,5699,Apparel,PRIVATE-LIMITED,mumbai,Maharashtra,2025-10-01 04:44:36,XXXX8146,SUSPENDED,998.2,MCH2284,0,0,0,0,0,1,0
MCH2727,"viswanathan, kamdar and raman",4814,TELECOM,PARTNERSHIP,Jaipur,Rajasthan,2026-01-22 00:00:00,,ACTIVE,2886.2,MCH2727,0,0,0,1,0,0,0
MCH9255,"Hegde, Dass and Sehgal",5699,garments,Private Limited,amritsar,Punjab,2023-07-19 10:19:06,,ACTIVE,1054.61,MCH9255,0,0,0,1,0,0,0
MCH2752,Palla LLC,4131,TRAVEL,sole_proprietor,lucknow,Uttar Pradesh,2023-01-13 21:44:09,XXXX1787,ACTIVE,69.28,mch2752,0,0,0,0,0,0,0
MCH1216,Mani Ltd,5999,Misc Retail,sole_proprietor,amritsar,Punjab,2025-04-05 19:50:02,WWHE9096090604868,ACTIVE,0.228,MCH1216,0,0,0,0,0,0,0
MCH2550,"Basu, Madan and Chaudry",5999,Miscellaneous,PRIVATE_LIMITED,pune,Maharashtra,2024-10-23 11:38:00,,ACTIVE,1412.55,MCH2550,0,0,0,1,0,0,0
MCH7627,Lata-Ray,4131,Transport,INDIVIDUAL,mumbai,Maharashtra,2025-05-17 00:00:00,3611125475,ACTIVE,1169.55,MCH 7627,0,0,0,0,0,0,0
MCH5992,"Anne, Gole and Bhatnagar",5912,chemist,PRIVATE_LIMITED,Ludhiana,Punjab,2025-12-31 00:00:00,QOVD2358529671548,ACTIVE,1637.97,MCH5992,0,0,0,0,0,0,0
MCH1747,Ray Inc,5812,eating place,SOLE-PROPRIETOR,Poona,Maharashtra,2023-11-04 00:00:00,YGJM1546623351510,ACTIVE,115.81,mch1747,0,0,0,0,0,0,0
MCH9223,D’Alia-Hans,5699,garments,PARTNERSHIP,Madras,Tamil Nadu,2024-12-09 02:24:19,IGRU6773049024506,ACTIVE,0.376,MCH9223,0,0,0,0,0,0,0
MCH4678,"Yogi, Goel and Chaudry",5912,chemist,SOLE_PROPRIETOR,Amritsar,Punjab,2025-10-11 23:31:36,8030844375,ACTIVE,1363.28,MCH4678,0,0,0,0,0,0,0
MCH6170,Gh0se-Mann,5999,Miscellaneous,private_limited,LKO,Uttar Pradesh,2023-09-05 00:00:00,5980501724,ACTIVE,1120.12,MCH6170,0,0,0,0,0,0,0
MCH4639,Chaudhry-Bath,9120,Medical,PARTNERSHIP,jalandhar,Punjab,2023-05-11 10:36:23,XXXX7667,ACTIVE,295.45,MCH4639,0,0,0,0,0,0,0
MCH1792,"Suresh, Chada and Mahal",5311,DEPT_STORE,Sole Proprietor,Calcutta,West Bengal,2025-03-24 00:00:00,XXXX6459,ACTIVE,,MCH-1792,0,1,0,0,0,0,0
MCH8952,"varghese, korpal and dora",5912,Medical,Sole Proprietor,Madras,Tamil Nadu,2024-08-10 00:00:00,,ACTIVE,987.96,MCH-8952,0,0,0,1,0,0,0
MCH3888,"Gandhi, Cherian and Chhabra",4814,phone service,Partnership,Hyderabad,Telangana,2025-02-27 00:00:00,8744798624,ACTIVE,-1400.8,MCH-3888,1,0,0,0,0,0,0
MCH5488,Chaudry-Garde,5411,kirana,individual,Kolkata,West Bengal,2023-03-31 00:00:00,,ACTIVE,0.405,MCH5488,0,0,0,1,0,0,0
MCH6184,Peri-R0ut,4131,Bus/Taxi,SOLE-PROPRIETOR,MUMBAI,Maharashtra,,XXXX1239,ACTIVE,1637.73,MCH6184,0,0,0,0,1,0,0
MCH2535,Pall-Dugar,5942,Books,Private Limited,mumbai,Maharashtra,2024-08-29 00:00:00,4792112625,ACTIVE,978.69,MCH2535,0,0,0,0,0,0,0
MCH5766,Varkey-Datta,8140,Telecom,Private Limited,Mumbai,Maharashtra,2024-02-18 00:00:00,,ACTIVE,-1162.56,MCH 5766,1,0,0,1,0,0,0
MCH5019,Parikh Group,4814,TELECOM,PARTNERSHIP,Hyd,Telangana,2023-05-07 05:57:41,,ACTIVE,1075.9,mch5019,0,0,0,1,0,0,0
MCH9718,Raval and Sons,5812,eating place,individual,Bengaluru,Karnataka,2026-01-04 00:00:00,6381850074,ACTIVE,3311.57,MCH9718,0,0,0,0,0,0,0
MCH5845,Buch PLC,5311,Retail,SOLE_PROPRIETOR,ludhiana,Punjab,2025-09-25 00:00:00,8892986940,ACTIVE,1603.87,MCH5845,0,0,0,0,0,0,0
MCH1195,Parekh-Patla,9420,BOOKS_STATIONERY,PARTNERSHIP,ludhiana,Punjab,2023-06-27 00:00:00,,ACTIVE,741.86,mch1195,0,0,0,1,0,0,0
MCH9216,AMBLE-THAMAN,,chemist,partnership,Ludhiana,Punjab,2025-02-10 00:00:00,TRSX1584484080188,ACTIVE,2329.15,MCH9216,0,0,1,0,0,0,0
MCH4451,Bansal-Tak,7011,Hospitality,Individual,amritsar,Punjab,,,ACTIVE,,MCH-4451,0,1,0,1,1,0,0
MCH1153,"Oommen, Sastry and Varty",5311,Department Store,PRIVATE-LIMITED,ASR,Punjab,2024-06-17 00:00:00,XXXX3616,ACTIVE,873.51,MCH1153,0,0,0,0,0,0,0
MCH1661,kothari-dara,5912,MEDICAL_STORE,partnership,HYDERABAD,Telangana,2026-01-16 22:10:04,XXXX7371,ACTIVE,,MCH1661,0,1,0,0,0,0,0
MCH6866,Gill-Shere,,BOOKS_STATIONERY,Individual,Calcutta,West Bengal,2025-01-03 00:00:00,XXXX3682,ACTIVE,0.4194,MCH-6866,0,0,1,0,0,0,0
MCH6392,Golla-Pau,,Other,private_limited,Dilli,Delhi,2025-01-04 07:52:24,TXWK8189724291317,ACTIVE,471.06,mch6392,0,0,1,0,0,0,0
MCH8766,Shanker Ltd,5912,MEDICAL_STORE,Sole Proprietor,Chennai,Tamil Nadu,2025-07-02 00:00:00,LBCS6149751072464,ACTIVE,0.801,MCH 8766,0,0,0,0,0,0,0
MCH7724,Kapoor-Parmar,5311,Retail,INDIVIDUAL,Hyd,Telangana,2025-11-30 00:00:00,ULOQ5236477246986,ACTIVE,431.71,MCH7724,0,0,0,0,0,0,0
MCH9519,Shere-Banik,5699,CLOTHS,sole_proprietor,lucknow,Uttar Pradesh,2025-04-07 00:00:00,,ACTIVE,889.4,MCH9519,0,0,0,1,0,0,0
MCH8427,Sankaran-Rai,9420,Books,sole_proprietor,Hyd,Telangana,2023-10-17 00:00:00,ZQGR3907039607264,ACTIVE,0.302,MCH8427,0,0,0,0,0,0,0
MCH5442,Sarkar-Prabhu,5311,Department Stores,Private Limited,LDH,Punjab,2023-12-19 20:53:00,,ACTIVE,0.3121,MCH5442,0,0,0,1,0,0,0
MCH6306,"RAMESH, VISWANATHAN AND KALITA",4131,Transport,PRIVATE-LIMITED,chennai,Tamil Nadu,2026-05-01 00:00:00,XXXX8991,ACTIVE,302.6,mch6306,0,0,0,0,0,0,0
MCH7661,Pal-Atwal,7011,HOTEL_LODGING,partnership,Kolkata,West Bengal,2024-06-20 00:00:00,LQAC5434478012412,ACTIVE,1304.11,MCH7661,0,0,0,0,0,0,0
MCH7371,"Ghose, Handa and Golla",5912,MEDICAL_STORE,individual,Chennai,Tamil Nadu,2025-04-08 00:00:00,DGYJ0066359514769,ACTIVE,456.21,MCH-7371,0,0,0,0,0,0,0
MCH3753,"Raj, Gole and Bansal",5411,Grocery Stores,Private Limited,jalandhar,Punjab,2024-12-02 00:00:00,XXXX3925,ACTIVE,2699.51,MCH3753,0,0,0,0,0,0,0
MCH1336,"Zachariah, Bhattacharyya and Hegde",5699,Apparel,SOLE_PROPRIETOR,BLR,Karnataka,2024-08-30 12:55:19,DKKL1392349779906,ACTIVE,0.919,mch1336,0,0,0,0,0,0,0
MCH1714,Sampath LLC,5699,Fashion,partnership,LKO,Uttar Pradesh,2026-02-17 00:00:00,6074080748,ACTIVE,585.92,MCH1714,0,0,0,0,0,0,0
MCH2214,Varkey-Seshadri,4131,Transport,PARTNERSHIP,New Delhi,Delhi,2024-12-18 00:00:00,9016212995,ACTIVE,-649.44,MCH2214,1,0,0,0,0,0,0
MCH7094,"D’Alia, Talwar and Mukherjee",5942,Books,individual,ASR,Punjab,2023-02-02 00:00:00,,ACTIVE,577.91,MCH7094,0,0,0,1,0,0,0
MCH5442,"ray, bajaj and shetty",5411,Grocery Stores,Individual,Pune,Maharashtra,2024-11-01 11:03:00,9826997670,ACTIVE,448.9,MCH5442,0,0,0,0,0,0,0
MCH5915,"Solanki, Banik and Badal",4131,Transport,INDIVIDUAL,Jalandhar,Punjab,2024-10-22 00:00:00,XXXX8472,ACTIVE,1488.9,mch5915,0,0,0,0,0,0,0
MCH6183,"Goel, Swaminathan and Padmanabhan",5411,Grocery,PRIVATE_LIMITED,ASR,Punjab,2025-06-03 00:00:00,4104440790,ACTIVE,0.817,MCH6183,0,0,0,0,0,0,0
MCH1625,HandaLLC,5912,medical_store,PRIVATE_LIMITED,ludhiana,Punjab,2024-07-27 00:00:00,,INACTIVE,4123.17,MCH1625,0,0,0,1,0,0,0
8817,SawhneyLtd,7011,HOTEL_LODGING,Individual,Poona,Maharashtra,,,INACTIVE,495.07,8817,0,0,0,1,1,0,0
MCH2423,"lad, kibe and bora",7011,HOTEL_LODGING,INDIVIDUAL,Pune,Maharashtra,2023-10-25 07:48:35,,INACTIVE,2425.0,MCH2423,0,0,0,1,0,0,0
MCH2435,"Devi, Baral and Chander",5942,Book Store,SOLE_PROPRIETOR,MUMBAI,Maharashtra,,5760758509,ACTIVE,717.95,MCH-2435,0,0,0,0,1,0,0
MCH1653,Mitra Inc,0110,HOTEL_LODGING,SOLE_PROPRIETOR,Chennai,Tamil Nadu,,XXXX9573,ACTIVE,1669.53,MCH1653,0,0,0,0,1,0,0
MCH3608,"Raj, Sarin and Sibal",4814,Telecom,Partnership,JPR,Rajasthan,2024-12-08 00:00:00,XXXX8045,INACTIVE,1956.65,MCH3608,0,0,0,0,0,0,0
MCH4184,Dua-Agate,,HOTEL_LODGING,PARTNERSHIP,Calcutta,West Bengal,2023-03-24 00:00:00,4629473198,INACTIVE,1198.31,MCH4184,0,0,1,0,0,0,0
MCH4802,Jain Inc,5411,GROCERY_STORE,Individual,Mumbay,Maharashtra,,WAKX1731194726020,HOLD,1158.19,MCH4802,0,0,0,0,1,0,0
1740,"Dhaliwal, Boase and Walla",7011,Hospitality,PARTNERSHIP,Poona,Maharashtra,2025-02-09 00:00:00,LCLK0132407508023,ACTIVE,0.903,1740,0,0,0,0,0,0,0
MCH1169,Dey-Gupta,5812,eating place,INDIVIDUAL,BLR,Karnataka,2023-03-17 00:00:00,0295503532,ACTIVE,1427.7,MCH1169,0,0,0,0,0,0,0
MCH5288,"THAMAN, MUNI AND OM",5999,Miscellaneous,SOLE-PROPRIETOR,Pune,Maharashtra,2023-07-08 00:00:00,7391241084,ACTIVE,1015.84,MCH5288,0,0,0,0,0,0,0
MCH6542,Saraf-Dhingra,5311,Retail,SOLE-PROPRIETOR,MUMBAI,Maharashtra,2023-12-16 00:00:00,UBFA1146451633512,ACTIVE,321.72,MCH6542,0,0,0,0,0,0,0
MCH7044,"Anne, Som and Ganesan",0110,Hotels,INDIVIDUAL,jalandhar,Punjab,2025-08-08 00:00:00,XCXH2265403585911,ACTIVE,,MCH-7044,0,1,0,0,0,0,0
MCH7062,"upadhyay, sethi and tella",5812,Restaurant,Partnership,Amritsar,Punjab,2024-03-06 00:00:00,,ACTIVE,84.66,MCH7062,0,0,0,1,0,0,0
MCH1260,OOMMEN-JHA,5411,GROCERY_STORE,INDIVIDUAL,Delhi,Delhi,,XXXX3006,ACTIVE,1093.23,MCH 1260,0,0,0,0,1,0,0
MCH3659,REGE-RAJA,5942,Stationery,INDIVIDUAL,Amritsar,Punjab,2024-12-27 00:00:00,XXXX6878,ACTIVE,-2311.5,MCH3659,1,0,0,0,0,0,0
3176,Gera Inc,8140,phone service,private_limited,Lucknow,Uttar Pradesh,2024-03-10 00:00:00,RGRY9601657474373,ACTIVE,1047.58,3176,0,0,0,0,0,0,0
MCH6116,KEER-SHUKLA,4131,Transport,individual,Delhi,Delhi,2025-02-18 00:00:00,5115475557,ACTIVE,0.3651,MCH-6116,0,0,0,0,0,0,0
MCH4934,Gill LLC,5812,Restaurant,Private Limited,LDH,Punjab,2024-07-29 00:00:00,7355149958,ACTIVE,,MCH-4934,0,1,0,0,0,0,0
MCH7864,"Joshi, Warrior and Guha",,garments,sole_proprietor,jalandhar,Punjab,2023-10-18 00:00:00,,ACTIVE,785.07,MCH-7864,0,0,1,1,0,0,0
MCH7842,J0ha1 Ltd,5812,Restaurants,private_limited,Kolkata,West Bengal,2025-06-02 00:00:00,XXXX0929,INACTIVE,0.1856,MCH-7842,0,0,0,0,0,0,0
4485,NazarethInc,5999,Retail Other,INDIVIDUAL,Poona,Maharashtra,2023-11-07 18:34:59,6008302979,HOLD,1928.18,4485,0,0,0,0,0,0,0
MCH8023,CHAR-GALA,5699,garments,Individual,Chennai,Tamil Nadu,2024-04-04 00:00:00,PWFC1818550515264,ACTIVE,837.35,MCH8023,0,0,0,0,0,0,0
MCH9068,Rege-Rao,,Hotels,PRIVATE-LIMITED,New Delhi,Delhi,2023-03-09 00:00:00,XKVL5640811556536,ACTIVE,,MCH9068,0,1,1,0,0,0,0
MCH8385,Thaker-Hegde,5812,eating place,PARTNERSHIP,amritsar,Punjab,2024-05-14 00:00:00,,ACTIVE,2913.48,MCH8385,0,0,0,1,0,0,0
MCH7413,Uppal-Chaudhry,,DEPT_STORE,private_limited,Bengaluru,Karnataka,2024-09-13 00:00:00,3706152456,ACTIVE,3645.54,MCH7413,0,0,1,0,0,0,0
MCH5386,"Hari, Handa and Madan",4814,Mobile Recharge,private_limited,bengaluru,Karnataka,2023-09-27 00:00:00,,ACTIVE,682.57,MCH5386,0,0,0,1,0,0,0
MCH3699,borra and sons,5942,Stationery,Private Limited,Poona,Maharashtra,2025-12-17 22:31:06,,INACTIVE,790.7,MCH3699,0,0,0,1,0,0,0
MCH3856,"Sankaran, Anne and Buch",5812,Food,individual,Kolkata,West Bengal,2025-05-06 17:56:20,XXXX0835,ACTIVE,0.454,MCH3856,0,0,0,0,0,0,0
MCH4487,Subramanian-Kannan,4814,phone service,PRIVATE_LIMITED,jaipur,Rajasthan,2023-03-31 00:00:00,GTMT5663658393677,ACTIVE,0.259,MCH4487,0,0,0,0,0,0,0
MCH4983,"Magar, Ratta and Choudhary",5411,Grocery,PARTNERSHIP,Ludhiana,Punjab,2023-07-05 00:00:00,ZMSE7382357273196,ACTIVE,617.98,MCH 4983,0,0,0,0,0,0,0
MCH1034,DEVI-CHAUDHARI,7011,Hospitality,private_limited,DELHI,Delhi,2024-06-17 22:15:00,XXXX9097,ACTIVE,243.38,MCH1034,0,0,0,0,0,0,0
MCH9909,CHAR-MOHANTY,5999,Retail Other,Partnership,DELHI,Delhi,2023-02-18 05:54:00,4229797435,ACTIVE,1739.69,MCH9909,0,0,0,0,0,0,0
MCH9104,Parmar and Sons,5411,groceries,Sole Proprietor,Poona,Maharashtra,,DUAU1962867484687,ACTIVE,1913.35,mch9104,0,0,0,0,1,0,0
MCH1739,keer group,5999,Misc Retail,INDIVIDUAL,Kolkata,West Bengal,2024-11-02 00:00:00,,ACTIVE,2619.15,MCH1739,0,0,0,1,0,0,0
MCH5870,Deol Group,4131,transprt,sole_proprietor,Madras,Tamil Nadu,2023-04-02 21:18:00,,HOLD,1911.31,mch5870,0,0,0,1,0,0,0
MCH3274,Sen-Chawla,5311,DEPT_STORE,PRIVATE-LIMITED,Chennai,Tamil Nadu,2023-02-25 00:00:00,8919947096,ACTIVE,-1472.57,mch3274,1,0,0,0,0,0,0
MCH8065,Gandhi-Shanker,4131,Bus/Taxi,INDIVIDUAL,lucknow,Uttar Pradesh,2024-07-19 12:29:00,9755596598,INACTIVE,674.4,MCH-8065,0,0,0,0,0,0,0
MCH7622,Banerjee-Raman,5812,Food,SOLE_PROPRIETOR,Pune,Maharashtra,2023-11-24 00:00:00,,ACTIVE,1374.5,MCH7622,0,0,0,1,0,0,0
MCH5270,"Kannan, Goda and Kade",7011,HOTEL_LODGING,individual,lucknow,Uttar Pradesh,2023-10-13 12:44:32,,INACTIVE,0.469,MCH5270,0,0,0,1,0,0,0
MCH3835,"Pillai, Ratti and Chaudhuri",4814,Mobile Recharge,PARTNERSHIP,ludhiana,Punjab,2023-01-15 10:05:00,4590776710,INACTIVE,6901.65,MCH-3835,0,0,0,0,0,0,0
MCH9322,"Khosla, Walia and Deep",5311,Department Store,PARTNERSHIP,kolkata,West Bengal,2024-07-15 00:00:00,BPNH2377464616036,ACTIVE,1060.15,MCH9322,0,0,0,0,0,0,0
MCH3218,"KEER, SONI AND DESHPANDE",5912,chemist,sole_proprietor,Bombay,Maharashtra,2024-10-03 00:00:00,8214766650,ACTIVE,3727.56,MCH3218,0,0,0,0,0,0,0
MCH6944,"Ghosh, Hayre and Seth",5699,Apparel,individual,Jaipur,Rajasthan,2024-06-29 00:00:00,,INACTIVE,,MCH6944,0,1,0,1,0,0,0
MCH7195,Som and Sons,5999,Miscellaneous,sole_proprietor,Chennai,Tamil Nadu,2024-10-15 14:41:16,,ACTIVE,1440.74,MCH7195,0,0,0,1,0,0,0
MCH8558,"JHA, BHAT AND SWAMINATHAN",,Mobile Recharge,SOLE_PROPRIETOR,bengaluru,Karnataka,2024-11-13 00:00:00,,ACTIVE,2933.92,MCH8558,0,0,1,1,0,0,0
MCH5974,Padmanabhan LLC,5812,Food,individual,lucknow,Uttar Pradesh,2023-03-11 10:03:46,XXXX9484,ACTIVE,0.1194,MCH5974,0,0,0,0,0,0,0
MCH6783,"Deep, Pall and Suri",5912,medical,INDIVIDUAL,LKO,Uttar Pradesh,2025-11-28 13:45:00,,ACTIVE,0.1131,MCH6783,0,0,0,1,0,0,0
MCH5745,"Mahal, Gokhale and Shah",6990,CLOTHS,SOLE_PROPRIETOR,LKO,Uttar Pradesh,2023-05-04 02:35:30,XXXX1251,ACTIVE,0.1104,MCH5745,0,0,0,0,0,0,0
MCH5576,oza plc,4131,Transportation,SOLE_PROPRIETOR,Bengaluru,Karnataka,2024-07-27 00:00:00,XXXX6114,ACTIVE,,MCH5576,0,1,0,0,0,0,0
MCH2503,Ravel PLC,4814,Mobile Recharge,INDIVIDUAL,kolkata,West Bengal,2025-03-10 00:00:00,5029689598,ACTIVE,0.858,MCH2503,0,0,0,0,0,0,0
MCH2102,"Mand, Bobal and Saini",5812,Restaurant,INDIVIDUAL,ludhiana,Punjab,2024-04-25 00:00:00,,ACTIVE,-2985.52,MCH 2102,1,0,0,1,0,0,0
MCH7089,"Reddy, Dua and Trivedi",9120,Medical,Private Limited,Kolkata,West Bengal,2023-08-03 14:43:57,LAWF4141310421548,INACTIVE,819.59,MCH7089,0,0,0,0,0,0,0
MCH1077,Mitter and Sons,5812,Restaurant,individual,Chennai,Tamil Nadu,2026-01-12 00:00:00,,INACTIVE,606.84,MCH1077,0,0,0,1,0,0,0
MCH8150,Hegde-Doctor,5912,Pharmacy,PARTNERSHIP,Poona,Maharashtra,2023-02-11 00:00:00,MNHK7085418913677,ACTIVE,0.143,MCH-8150,0,0,0,0,0,0,0
MCH4102,Om Ltd,4814,phone service,PRIVATE_LIMITED,bengaluru,Karnataka,2023-03-20 00:00:00,,ACTIVE,1056.57,MCH 4102,0,0,0,1,0,0,0
MCH7750,"Rama, Garde and Ravi",,TRAVEL,Partnership,bengaluru,Karnataka,2025-01-22 00:00:00,XXXX7708,ACTIVE,1271.38,MCH7750,0,0,1,0,0,0,0
MCH8614,Basu-Gola,4131,TRAVEL,PARTNERSHIP,Poona,Maharashtra,2026-01-08 00:00:00,XXXX7777,ACTIVE,1454.86,MCH8614,0,0,0,0,0,0,0
MCH3081,"Anne, Choudhry and Nanda",5912,MEDICAL_STORE,Partnership,Hyderabad,Telangana,2024-12-23 00:00:00,4317690840,ACTIVE,0.59,mch3081,0,0,0,0,0,0,0
MCH9125,"mallick, walia and kanda",5311,Department Stores,PARTNERSHIP,chennai,Tamil Nadu,2023-10-21 19:24:00,,ACTIVE,3007.21,MCH-9125,0,0,0,1,0,0,0
MCH6641,Sunder-Taneja,5411,kirana,Individual,kolkata,West Bengal,2025-12-24 23:48:00,,ACTIVE,126.11,MCH6641,0,0,0,1,0,0,0
MCH1750,RAVI-DHAR,4814,Telecom,SOLE_PROPRIETOR,LDH,Punjab,2023-10-12 03:27:30,,ACTIVE,-1422.61,MCH1750,1,0,0,1,0,0,0
MCH6743,"mistry, acharya and rau",,misc retail,PRIVATE-LIMITED,Kolkata,West Bengal,2025-07-25 00:00:00,XXXX9521,INACTIVE,-1997.32,MCH-6743,1,0,1,0,0,0,0
MCH4230,Jha Group,5912,Pharmacy,PRIVATE-LIMITED,JPR,Rajasthan,,XXXX6774,ACTIVE,911.06,MCH4230,0,0,0,0,1,0,0
MCH3761,"Bal,MittalandPrabhakar",5999,Other,private_limited,Poona,Maharashtra,2025-06-11 00:00:00,,ACTIVE,6900.33,MCH3761,0,0,0,1,0,0,0
MCH1839,Krish Group,5411,Grocery Stores,SOLE_PROPRIETOR,Jalandhar,Punjab,2024-01-29 20:47:00,,ACTIVE,1503.47,MCH1839,0,0,0,1,0,0,0
6959,"Agrawal, Bhatt and Babu",7011,Hotels,partnership,Lucknow,Uttar Pradesh,2024-05-24 03:34:51,,ACTIVE,611.31,6959,0,0,0,1,0,0,0
MCH7383,Mannan Ltd,5999,Misc Retail,INDIVIDUAL,Jalandar,Punjab,,,ACTIVE,2867.55,MCH7383,0,0,0,1,1,0,0
MCH8770,Mani-Mutti,5999,Other,SOLE_PROPRIETOR,New Delhi,Delhi,2023-04-07 00:00:00,XXXX8061,ACTIVE,0.379,MCH8770,0,0,0,0,0,0,0
MCH8755,"Biswas, Divan and Sachdeva",7011,HOTEL_LODGING,PRIVATE_LIMITED,chennai,Tamil Nadu,2025-07-25 09:26:00,1014752136,HOLD,2277.32,mch8755,0,0,0,0,0,0,0
MCH5370,Shenoy Ltd,5912,MEDICAL_STORE,Private Limited,Hyderabad,Telangana,2023-06-26 00:00:00,XXXX5771,ACTIVE,1465.66,MCH5370,0,0,0,0,0,0,0
MCH8490,SEKHON-CHADHA,5699,garments,SOLE_PROPRIETOR,Dilli,Delhi,2024-06-28 00:00:00,XXXX6195,INACTIVE,-694.05,MCH8490,1,0,0,0,0,0,0
MCH8645,"Desai, Agarwal and Handa",4814,Mobile Recharge,INDIVIDUAL,ludhiana,Punjab,2024-03-31 00:00:00,,ACTIVE,1177.09,MCH8645,0,0,0,1,0,0,0
MCH1706,Merchant-Dhar,5942,Books,private_limited,amritsar,Punjab,2023-05-25 00:00:00,,ACTIVE,954.61,MCH1706,0,0,0,1,0,0,0
MCH3395,Merchant-Johal,4131,Bus/Taxi,individual,lucknow,Uttar Pradesh,,MDBK0638673035972,ACTIVE,2176.33,MCH-3395,0,0,0,0,1,0,0
MCH1430,"Bhavsar, Dora and Singh",5812,Restaurant,PRIVATE_LIMITED,Dilli,Delhi,2024-03-07 00:00:00,,ACTIVE,238.76,MCH1430,0,0,0,1,0,0,0
MCH8037,Srinivas Ltd,4131,transprt,individual,pune,Maharashtra,2023-01-14 16:19:08,,BLOCKED,671.2,MCH8037,0,0,0,1,0,0,1
MCH2384,Dugar-Sathe,,telecom,partnership,ludhiana,Punjab,2023-01-10 00:00:00,9586840707,ACTIVE,7203.05,MCH2384,0,0,1,0,0,0,0
MCH3701,Mand-Bhat,5999,Retail Other,SOLE-PROPRIETOR,LKO,Uttar Pradesh,2024-05-07 00:00:00,3078444164,INACTIVE,231.29,MCH3701,0,0,0,0,0,0,0
MCH3869,HEGDE LTD,,Department Store,partnership,Pune,Maharashtra,2026-01-28 22:35:06,,ACTIVE,-342.59,MCH3869,1,0,1,1,0,0,0
MCH4621,Ravel-Chaudhuri,5942,Stationery,PRIVATE_LIMITED,delhi,Delhi,2024-08-04 00:00:00,RGWL4221508668071,ACTIVE,-397.3,mch4621,1,0,0,0,0,0,0
MCH5676,Kohli-Bir,4814,Mobile Recharge,private_limited,LKO,Uttar Pradesh,2024-04-29 20:08:00,XXXX1129,ACTIVE,-1466.78,MCH 5676,1,0,0,0,0,0,0
MCH5390,"Choudhry, Dube and Morar",,Bus/Taxi,Partnership,ludhiana,Punjab,2024-08-26 00:00:00,,ACTIVE,420.78,MCH5390,0,0,1,1,0,0,0
MCH2704,Sengupta-Sarin,5699,CLOTHS,private_limited,Poona,Maharashtra,2023-03-08 07:11:36,TSWF3138170868556,ACTIVE,2593.67,MCH2704,0,0,0,0,0,0,0
MCH1479,"Mandal, Barad and Srinivasan",5942,Books,PARTNERSHIP,kolkata,West Bengal,2025-07-27 00:00:00,XXXX4686,ACTIVE,,MCH1479,0,1,0,0,0,0,0
MCH3449,"Sundaram, Dasgupta and Dutt",5999,Miscellaneous,Individual,chennai,Tamil Nadu,2025-06-14 00:00:00,9645543739,INACTIVE,0.436,mch3449,0,0,0,0,0,0,0
MCH9416,Kulkarni and Sons,5411,Grocery Stores,PARTNERSHIP,Bombay,Maharashtra,2024-12-13 22:23:48,0558936473,ACTIVE,0.755,mch9416,0,0,0,0,0,0,0
MCH4747,issac plc,4131,TRAVEL,private_limited,mumbai,Maharashtra,2023-07-07 09:40:00,3874952784,INACTIVE,,MCH4747,0,1,0,0,0,0,0
MCH7003,"Dutt, Sachdeva and Sridhar",5999,Retail Other,INDIVIDUAL,lucknow,Uttar Pradesh,2025-04-30 00:00:00,7336401497,INACTIVE,418.71,MCH7003,0,0,0,0,0,0,0
MCH3123,"Hegde, Bahl and Comar",,TRAVEL,Private Limited,New Delhi,Delhi,2023-06-01 00:00:00,0540867962,ACTIVE,2133.64,MCH3123,0,0,1,0,0,0,0
MCH5905,"Hayer, Char and Jain",5999,Retail Other,PRIVATE_LIMITED,Poona,Maharashtra,2025-01-03 00:00:00,,ACTIVE,2191.84,MCH5905,0,0,0,1,0,0,0
MCH5737,Ben Inc,5699,Apparel,INDIVIDUAL,LDH,Punjab,2023-06-13 00:00:00,3336843959,INACTIVE,-2812.11,mch5737,1,0,0,0,0,0,0
MCH8076,"Sani, Sanghvi and Butala",5311,DEPT_STORE,individual,LDH,Punjab,2024-07-02 00:00:00,9096281984,ACTIVE,470.52,MCH8076,0,0,0,0,0,0,0
MCH4691,"Deshmukh, Pant and Garg",7011,Hotels,SOLE-PROPRIETOR,Bengaluru,Karnataka,2025-05-10 00:00:00,,ACTIVE,2116.48,MCH4691,0,0,0,1,0,0,0
MCH9092,Mall-Deshpande,7011,Hospitality,Partnership,Delhi,Delhi,2025-12-26 00:00:00,JMDU2866891583451,INACTIVE,1485.1,MCH9092,0,0,0,0,0,0,0
MCH9857,Mitra-Bala,3110,Department Store,PARTNERSHIP,Bengaluru,Karnataka,2024-01-15 00:21:39,7322976024,ACTIVE,507.74,MCH-9857,0,0,0,0,0,0,0
MCH9056,"Misra, Kalita and Kapur",5942,Books,PRIVATE_LIMITED,LKO,Uttar Pradesh,2023-06-17 00:00:00,0830352688,ACTIVE,497.59,MCH9056,0,0,0,0,0,0,0
MCH9733,SATHE-HARI,4131,Transport,PARTNERSHIP,Bengaluru,Karnataka,2025-09-24 05:50:29,,ACTIVE,1033.79,MCH9733,0,0,0,1,0,0,0
MCH7489,Sridhar PLC,5999,Misc Retail,Individual,BLR,Karnataka,2024-09-15 00:00:00,,ACTIVE,990.64,MCH7489,0,0,0,1,0,0,0
MCH8297,Ghose PLC,4131,TRAVEL,Partnership,kolkata,West Bengal,2024-02-12 00:00:00,XXXX1368,ACTIVE,1408.64,MCH8297,0,0,0,0,0,0,0
MCH3733,Ramakrishnan-Chaudhuri,7011,Hotels,SOLE_PROPRIETOR,Amritsar,Punjab,2025-03-15 00:00:00,,ACTIVE,1213.25,MCH 3733,0,0,0,1,0,0,0
MCH9940,"Thakur, Chokshi and Char",5699,garments,SOLE_PROPRIETOR,Jalandhar,Punjab,2023-01-16 00:00:00,,ACTIVE,0.1656,MCH9940,0,0,0,1,0,0,0
MCH3284,Lal and Sons,,Mobile Recharge,Private Limited,ludhiana,Punjab,2024-02-18 00:00:00,XXXX5805,INACTIVE,3943.29,MCH 3284,0,0,1,0,0,0,0
MCH4068,Balakrishnan Inc,4814,TELECOM,INDIVIDUAL,jalandhar,Punjab,2024-11-23 00:00:00,,ACTIVE,1322.89,MCH4068,0,0,0,1,0,0,0
MCH5938,Prabhu LLC,5999,Other,SOLE_PROPRIETOR,Jalandar,Punjab,2024-10-16 00:00:00,,ACTIVE,590.79,MCH5938,0,0,0,1,0,0,0
MCH4968,Choudhry Inc,4814,Mobile Recharge,Partnership,jaipur,Rajasthan,,7588932286,ACTIVE,1122.44,MCH4968,0,0,0,0,1,0,0
MCH8844,"Lad, Walia and Raj",5912,chemist,INDIVIDUAL,Ludhiana,Punjab,2025-11-26 00:00:00,5044649266,ACTIVE,,MCH8844,0,1,0,0,0,0,0
8312,"Ramanathan, Andra and Sarma",5912,Medical,partnership,LKO,Uttar Pradesh,2023-02-20 00:00:00,XXXX8360,ACTIVE,-1966.71,8312,1,0,0,0,0,0,0
MCH5968,"SOMAN, ISSAC AND GOSWAMI",5311,DEPT_STORE,Private Limited,Jalandhar,Punjab,2025-10-16 00:00:00,2039525092,ACTIVE,5598.75,MCH5968,0,0,0,0,0,0,0
MCH9004,Vaidya-Subramanian,,chemist,private_limited,LDH,Punjab,2025-03-08 19:05:00,UZFO1636955430005,SUSPENDED,-1239.93,MCH9004,1,0,1,0,0,1,0
MCH6044,Narain-Srivastava,7011,Hospitality,SOLE_PROPRIETOR,HYDERABAD,Telangana,2026-02-11 00:00:00,,ACTIVE,141.65,MCH-6044,0,0,0,1,0,0,0
MCH4413,"Parekh,KadeandTalwar",5699,CLOTHS,Sole Proprietor,LKO,Uttar Pradesh,2025-12-11 00:00:00,9207485110,ACTIVE,,mch4413,0,1,0,0,0,0,0
MCH3779,aggarwal-hans,5311,Department Stores,PRIVATE_LIMITED,Calcutta,West Bengal,2024-12-04 08:30:32,VKLU5024337304270,ACTIVE,-1502.01,MCH3779,1,0,0,0,0,0,0
MCH8198,Buch-Sengupta,5311,department stores,individual,Kolkata,West Bengal,2023-01-18 00:00:00,,INACTIVE,2004.67,mch8198,0,0,0,1,0,0,0
MCH4133,Buch-Hayre,5912,Pharmacy,PARTNERSHIP,kolkata,West Bengal,2024-02-16 00:00:00,,HOLD,-1903.02,MCH4133,1,0,0,1,0,0,0
MCH6816,Muni-Bakshi,,Book Store,PRIVATE_LIMITED,MUMBAI,Maharashtra,2025-10-19 19:36:20,3427916602,SUSPENDED,1412.92,MCH6816,0,0,1,0,0,1,0
MCH1142,MORAR LLC,5999,Misc Retail,SOLE_PROPRIETOR,jalandhar,Punjab,,,ACTIVE,,MCH 1142,0,1,0,1,1,0,0
7568,"CHOKSHI, LALL AND SUBRAMANIAM",4131,Transport,individual,Amritsar,Punjab,2025-11-15 23:29:00,XXXX4056,ACTIVE,,7568,0,1,0,0,0,0,0
MCH6970,Mani-Sankaran,5411,Grocery Stores,PARTNERSHIP,Delhi,Delhi,2024-09-25 00:00:00,8930276730,ACTIVE,511.17,MCH6970,0,0,0,0,0,0,0
MCH8338,Basu Ltd,5812,Food,PRIVATE-LIMITED,pune,Maharashtra,2025-06-21 00:00:00,XXXX2977,ACTIVE,279.5,MCH8338,0,0,0,0,0,0,0
MCH8189,BAJAJ-SURA,4131,Bus/Taxi,Sole Proprietor,Delhi,Delhi,2023-01-31 11:30:49,,ACTIVE,1010.26,mch8189,0,0,0,1,0,0,0
MCH6551,Kala LLC,4131,Transport,private_limited,JPR,Rajasthan,2025-11-09 00:00:00,,ACTIVE,,MCH6551,0,1,0,1,0,0,0
MCH8823,SUBRAMANIAN INC,5699,Clothing,Partnership,mumbai,Maharashtra,2024-01-31 00:00:00,XXXX6614,SUSPENDED,523.43,MCH 8823,0,0,0,0,0,1,0
MCH8140,"Chokshi, Johal and Sachdeva",8120,Food,sole_proprietor,Calcutta,West Bengal,2024-08-24 20:09:39,,ACTIVE,1136.04,MCH8140,0,0,0,1,0,0,0
MCH7688,"Kata, Bobal and Basu",5912,MEDICAL_STORE,SOLE-PROPRIETOR,LDH,Punjab,2025-07-29 00:00:00,7749062073,ACTIVE,0.3346,MCH7688,0,0,0,0,0,0,0
MCH8673,"Bahl, Chopra and Jaggi",5942,Stationery,SOLE-PROPRIETOR,Amritsar,Punjab,2024-11-16 00:00:00,,ACTIVE,1166.72,MCH8673,0,0,0,1,0,0,0
MCH3393,"PANCHAL, MISTRY AND SAWHNEY",,Grocery,SOLE-PROPRIETOR,Amritsar,Punjab,,,ACTIVE,0.612,MCH3393,0,0,1,1,1,0,0
MCH2923,bahri plc,5912,Pharmacies,sole_proprietor,Bengaluru,Karnataka,2024-11-11 00:00:00,,ACTIVE,1195.19,MCH2923,0,0,0,1,0,0,0
MCH2887,Rau-Saha,5699,Clothing,SOLE-PROPRIETOR,Delhi,Delhi,2023-08-17 00:00:00,XXXX7555,ACTIVE,,MCH2887,0,1,0,0,0,0,0
MCH1973,"Walia, Khatri and Saha",9420,BOOKS_STATIONERY,SOLE_PROPRIETOR,LKO,Uttar Pradesh,2025-11-16 00:00:00,2944514975,ACTIVE,,mch1973,0,1,0,0,0,0,0
MCH6729,Sharma and Sons,5311,Retail,partnership,Amritsar,Punjab,2023-01-27 00:00:00,,ACTIVE,442.47,MCH6729,0,0,0,1,0,0,0
MCH3652,Varghese PLC,,Other,Partnership,LDH,Punjab,,,ACTIVE,0.2254,MCH3652,0,0,1,1,1,0,0
MCH6741,PARIKH-BHATT,7011,Hotel,PARTNERSHIP,DELHI,Delhi,2025-06-20 00:00:00,,HOLD,664.53,MCH6741,0,0,0,1,0,0,0
MCH9450,"Bahl, Varughese and Char",4814,Telecom,PARTNERSHIP,pune,Maharashtra,2023-06-22 16:33:28,RGOX3327381847596,ACTIVE,0.26,MCH9450,0,0,0,0,0,0,0
MCH8066,Bandi-Zacharia,,TELECOM,INDIVIDUAL,pune,Maharashtra,,2423721940,ACTIVE,10687.04,MCH8066,0,0,1,0,1,0,0
MCH2910,"Anand, Bhatia and Bora",5942,BOOKS_STATIONERY,Partnership,Pune,Maharashtra,2024-07-27 19:48:30,,ACTIVE,759.28,MCH2910,0,0,0,1,0,0,0
MCH6656,uppal llc,8120,FOOD_SERVICES,INDIVIDUAL,LDH,Punjab,2023-10-11 00:00:00,XXXX4591,ACTIVE,488.8,mch6656,0,0,0,0,0,0,0
MCH5674,"Chhabra, Samra and Ghosh",4131,transprt,Partnership,Mumbai,Maharashtra,,,ACTIVE,1727.77,MCH-5674,0,0,0,1,1,0,0
MCH3563,Devi-Dasgupta,4131,Bus/Taxi,PARTNERSHIP,jalandhar,Punjab,2023-08-09 08:21:00,,ACTIVE,418.41,MCH3563,0,0,0,1,0,0,0
MCH4712,"Gulati, Koshy and Purohit",5812,Food,individual,Lucknow,Uttar Pradesh,2023-06-13 19:51:00,,HOLD,576.59,MCH4712,0,0,0,1,0,0,0
MCH9371,Mand-Oommen,,kirana,private_limited,Madras,Tamil Nadu,2023-11-11 00:00:00,,ACTIVE,284.42,MCH9371,0,0,1,1,0,0,0
MCH1227,Shah and Sons,5699,Clothing,PRIVATE-LIMITED,LKO,Uttar Pradesh,2023-07-01 00:00:00,,ACTIVE,1660.63,MCH1227,0,0,0,1,0,0,0
MCH7443,chander-manda,4131,transprt,PRIVATE_LIMITED,Dilli,Delhi,2024-03-27 00:00:00,,ACTIVE,0.1371,MCH7443,0,0,0,1,0,0,0
MCH3896,"Bansal, Thakkar and Dar",5942,Books,sole_proprietor,Bangalore,Karnataka,2023-04-20 00:00:00,HRLW3110428710394,ACTIVE,,MCH3896,0,1,0,0,0,0,0
MCH3659,Samra Inc,5812,Restaurants,INDIVIDUAL,Madras,Tamil Nadu,2023-04-11 10:53:00,3971816049,ACTIVE,2958.27,MCH3659,0,0,0,0,0,0,0
MCH4836,"Sidhu, Krish and Wadhwa",5812,FOOD_SERVICES,Individual,Poona,Maharashtra,2025-11-15 20:13:55,OUBF1585452700403,ACTIVE,0.431,MCH4836,0,0,0,0,0,0,0
MCH1349,Verma-Rastogi,5942,BOOKS_STATIONERY,Partnership,Bombay,Maharashtra,2024-12-30 09:34:19,0030472757,SUSPENDED,1183.3,mch1349,0,0,0,0,0,1,0
MCH6062,"Suresh, Kibe and Sa1vi",,Department Store,PRIVATE_LIMITED,amritsar,Punjab,2023-11-27 01:28:22,XXXX9135,ACTIVE,3660.19,MCH6062,0,0,1,0,0,0,0
MCH9176,Jayaraman PLC,5311,Department Store,Private Limited,Jalandar,Punjab,2025-08-16 00:00:00,,SUSPENDED,609.42,MCH9176,0,0,0,1,0,1,0
1395,Venkatesh LLC,5812,Restaurant,partnership,lucknow,Uttar Pradesh,2023-04-16 01:21:59,2640758547,ACTIVE,0.641,1395,0,0,0,0,0,0,0
MCH3907,"Goswami, Chaudhary and Nanda",4814,phone service,INDIVIDUAL,ludhiana,Punjab,2025-06-13 00:00:00,,ACTIVE,552.22,MCH3907,0,0,0,1,0,0,0
MCH6598,"Sachar, Thakkar and Sachar",5699,CLOTHS,PRIVATE-LIMITED,ASR,Punjab,2024-01-26 00:00:00,FGUE5705085368360,ACTIVE,0.421,MCH6598,0,0,0,0,0,0,0
MCH8869,Tella-Roy,5912,MEDICAL_STORE,sole_proprietor,LDH,Punjab,2025-05-17 00:00:00,3757131975,ACTIVE,618.72,mch8869,0,0,0,0,0,0,0
MCH9037,Varty-Vaidya,4131,Transportation,PRIVATE_LIMITED,Jalandhar,Punjab,2023-04-17 21:34:00,XXXX4749,ACTIVE,2383.02,MCH-9037,0,0,0,0,0,0,0
MCH8210,"Dave, Bath and Cherian",4131,TRAVEL,SOLE_PROPRIETOR,HYDERABAD,Telangana,2025-04-10 00:00:00,2958672318,ACTIVE,3204.47,MCH 8210,0,0,0,0,0,0,0
MCH5850,Virk-Loke,5699,CLOTHS,PARTNERSHIP,Mumbay,Maharashtra,,QOYF2667573006038,ACTIVE,0.3558,MCH5850,0,0,0,0,1,0,0
MCH8945,"Deol, Pant and Parekh",4814,Telecom,Sole Proprietor,amritsar,Punjab,2026-01-18 00:00:00,,ACTIVE,707.94,MCH8945,0,0,0,1,0,0,0
MCH9402,Vyas-Nath,5812,Restaurant,PRIVATE_LIMITED,LKO,Uttar Pradesh,2023-09-18 00:00:00,,ACTIVE,-640.89,MCH 9402,1,0,0,1,0,0,0
MCH1769,"Jha, Samra and Jhaveri",3110,DEPT_STORE,Private Limited,mumbai,Maharashtra,2023-10-20 00:00:00,XXXX5444,ACTIVE,522.35,MCH1769,0,0,0,0,0,0,0
MCH1011,Wable and Sons,4110,groceries,PRIVATE_LIMITED,Ludhiana,Punjab,2023-11-02 00:00:00,,ACTIVE,6536.07,MCH1011,0,0,0,1,0,0,0
MCH2875,Chander-Parmer,5311,Department Store,PARTNERSHIP,Ludhiana,Punjab,2024-11-12 00:00:00,XXXX0207,ACTIVE,351.55,MCH2875,0,0,0,0,0,0,0
MCH4097,Venkataraman PLC,5912,Pharmacy,SOLE-PROPRIETOR,Bangalore,Karnataka,2025-05-25 04:58:00,,ACTIVE,405.21,MCH4097,0,0,0,1,0,0,0
MCH5648,Jain-Bera,5912,chemist,Sole Proprietor,Ludhiana,Punjab,,,ACTIVE,1745.3,MCH5648,0,0,0,1,1,0,0
MCH2229,Maharaj Group,5999,Misc Retail,private_limited,HYDERABAD,Telangana,2025-12-12 00:00:00,,ACTIVE,289.57,MCH2229,0,0,0,1,0,0,0
MCH8455,Chauhan-Raju,5311,DEPT_STORE,private_limited,Poona,Maharashtra,2023-03-29 00:00:00,5585488676,ACTIVE,1832.78,MCH8455,0,0,0,0,0,0,0
MCH7020,Dalal LLC,5311,Department Store,Partnership,Chennai,Tamil Nadu,2023-10-01 13:17:54,,ACTIVE,1105.4,MCH7020,0,0,0,1,0,0,0
MCH6783,Raju Group,5812,FOOD_SERVICES,INDIVIDUAL,Mumbay,Maharashtra,2025-05-17 11:49:22,XXXX7297,ACTIVE,,MCH6783,0,1,0,0,0,0,0
MCH8029,"Gokhale, Varughese and Dube",5311,Retail,sole_proprietor,Hyd,Telangana,2025-12-21 00:00:00,GRPS2021500015035,ACTIVE,0.973,MCH-8029,0,0,0,0,0,0,0
MCH2309,TripathiPLC,,groceries,INDIVIDUAL,JPR,Rajasthan,2025-12-22 22:12:34,5026901266,ACTIVE,869.28,MCH2309,0,0,1,0,0,0,0
MCH7239,"Trivedi, Ramesh and Prabhakar",,Apparel,sole_proprietor,LKO,Uttar Pradesh,2026-02-23 22:14:44,,ACTIVE,-918.27,MCH7239,1,0,1,1,0,0,0
MCH9957,"Choudhury, Doctor and Das",5942,Books,PARTNERSHIP,Jalandhar,Punjab,2023-03-15 00:00:00,XXXX1369,ACTIVE,,MCH9957,0,1,0,0,0,0,0
MCH7266,Sule PLC,5812,eating place,Partnership,jaipur,Rajasthan,2025-08-30 12:28:51,XXXX3283,ACTIVE,,MCH-7266,0,1,0,0,0,0,0
MCH1971,"Batta, Lal and Wason",5699,Clothing,PRIVATE-LIMITED,mumbai,Maharashtra,2025-10-12 12:05:04,,ACTIVE,854.92,MCH1971,0,0,0,1,0,0,0
MCH7912,"dewan, tak and subramanian",5912,Pharmacies,PARTNERSHIP,chennai,Tamil Nadu,2025-01-17 15:12:23,XOLJ5859104474839,ACTIVE,,MCH7912,0,1,0,0,0,0,0
MCH7639,Dewan-Ravi,5699,garments,Partnership,Calcutta,West Bengal,2023-07-31 00:00:00,XXXX1970,ACTIVE,-545.41,MCH7639,1,0,0,0,0,0,0
MCH2045,Nadig-Bal,5699,CLOTHS,PRIVATE-LIMITED,pune,Maharashtra,2024-02-05 23:14:00,,ACTIVE,-2363.1,MCH2045,1,0,0,1,0,0,0
MCH6755,Subramaniam Inc,7011,Hospitality,partnership,delhi,Delhi,2024-03-23 00:00:00,,ACTIVE,1535.05,MCH6755,0,0,0,1,0,0,0
MCH3675,Grewal and Sons,4814,phone service,PRIVATE-LIMITED,pune,Maharashtra,2025-10-19 00:00:00,YCGE0713459513460,INACTIVE,263.38,MCH 3675,0,0,0,0,0,0,0
MCH9458,"Basak, Natarajan and Golla",4814,Mobile Recharge,Individual,Mumbai,Maharashtra,2024-06-10 13:29:00,ROVV3982446480189,ACTIVE,1528.67,MCH 9458,0,0,0,0,0,0,0
MCH5953,"Sandhu, Srinivas and Thakur",5699,garments,PRIVATE-LIMITED,Amritsar,Punjab,2023-09-10 19:25:00,TMUQ0408880729796,ACTIVE,3101.03,MCH-5953,0,0,0,0,0,0,0
MCH2726,"Chawla, Tata and Chander",5699,Clothing,Partnership,chennai,Tamil Nadu,2025-10-11 02:35:19,XXXX2870,INACTIVE,2102.32,MCH2726,0,0,0,0,0,0,0
MCH6720,"dhingra, shukla and edwin",5912,Medical,PARTNERSHIP,amritsar,Punjab,2025-08-07 00:00:00,XXXX5057,ACTIVE,0.638,MCH6720,0,0,0,0,0,0,0
MCH6148,"Sem, Aggarwa1 and Uppa1",5311,DEPT_STORE,sole_proprietor,LKO,Uttar Pradesh,2025-11-29 06:29:00,8892638195,INACTIVE,3148.18,MCH6148,0,0,0,0,0,0,0
MCH6477,Gopal-Dewan,5699,Clothing,Sole Proprietor,mumbai,Maharashtra,2025-12-20 00:00:00,GNKM1008209861483,ACTIVE,1828.26,MCH6477,0,0,0,0,0,0,0
MCH2535,MODY-GREWAL,5699,garments,SOLE-PROPRIETOR,Mumbai,Maharashtra,2026-02-11 00:00:00,XXXX4471,ACTIVE,1997.41,MCH2535,0,0,0,0,0,0,0
MCH8055,Sankaran-Sachar,5999,Miscellaneous,PRIVATE_LIMITED,ludhiana,Punjab,2023-11-11 00:00:00,UKDK6406633609762,ACTIVE,1036.97,MCH8055,0,0,0,0,0,0,0
MCH5070,krishnan group,,Mobile Recharge,partnership,New Delhi,Delhi,2024-06-18 16:41:00,,ACTIVE,1597.64,MCH5070,0,0,1,1,0,0,0
8693,Mukhopadhyay-Rama,,Grocery Stores,Individual,Lucknow,Uttar Pradesh,2024-10-07 22:23:22,XXXX9284,ACTIVE,406.79,8693,0,0,1,0,0,0,0
MCH6152,"Hayer, Jha and Tata",5411,GROCERY_STORE,PRIVATE-LIMITED,LKO,Uttar Pradesh,2025-06-23 08:59:29,6225747550,ACTIVE,0.2396,MCH6152,0,0,0,0,0,0,0
MCH5780,Tara-Palan,5699,CLOTHS,INDIVIDUAL,Bangalore,Karnataka,2024-11-01 00:00:00,,ACTIVE,1736.15,MCH5780,0,0,0,1,0,0,0
MCH6392,Thaman Ltd,7011,HOTEL_LODGING,partnership,Calcutta,West Bengal,2023-08-03 00:00:00,1989029067,ACTIVE,691.37,MCH6392,0,0,0,0,0,0,0
MCH6107,PILLAY LLC,5999,Other,SOLE_PROPRIETOR,Jalandhar,Punjab,2024-06-27 00:00:00,COEO9019476576214,ACTIVE,1844.34,mch6107,0,0,0,0,0,0,0
MCH7627,CHANDA-MURTY,5812,eating place,Partnership,JPR,Rajasthan,2024-10-15 00:00:00,,ACTIVE,3236.88,MCH-7627,0,0,0,1,0,0,0
MCH4822,SAMA-KEER,4131,Transportation,Private Limited,Hyd,Telangana,2025-07-08 00:00:00,,ACTIVE,736.6,MCH-4822,0,0,0,1,0,0,0
MCH7868,Ah1uwa1ia Inc,5812,Food,PRIVATE_LIMITED,HYDERABAD,Telangana,2023-02-24 00:00:00,AZWU9148172427914,INACTIVE,-4268.0,MCH7868,1,0,0,0,0,0,0
8384,"Tella, Batra and Baral",5311,Department Stores,INDIVIDUAL,Jalandar,Punjab,2023-04-08 00:00:00,,ACTIVE,,8384,0,1,0,1,0,0,0
MCH8344,Purohit-Ravi,3110,Department Store,private_limited,pune,Maharashtra,2023-09-04 21:29:50,,ACTIVE,337.58,MCH8344,0,0,0,1,0,0,0
MCH5599,Peri-Bhatti,5942,Book Store,INDIVIDUAL,Mumbay,Maharashtra,2023-06-06 05:11:00,,ACTIVE,8103.17,MCH-5599,0,0,0,1,0,0,0
MCH7767,Nadkarni-Pathak,7011,Hospitality,INDIVIDUAL,chennai,Tamil Nadu,2025-07-10 07:50:00,,ACTIVE,3595.48,MCH7767,0,0,0,1,0,0,0
MCH7024,gandhi-kunda,9420,BOOKS_STATIONERY,private_limited,LKO,Uttar Pradesh,2024-04-22 00:00:00,,ACTIVE,184.56,mch7024,0,0,0,1,0,0,0
MCH4361,Shukla-Venkatesh,5699,CLOTHS,PARTNERSHIP,Pune,Maharashtra,2023-08-31 10:30:03,,ACTIVE,714.55,MCH4361,0,0,0,1,0,0,0
MCH2814,"SANI, KHARE AND RAMACHANDRAN",5912,MEDICAL_STORE,PARTNERSHIP,jalandhar,Punjab,2024-02-24 00:00:00,XXXX1070,ACTIVE,1581.52,MCH2814,0,0,0,0,0,0,0
MCH3659,Ch0udhary-Sama,5912,Pharmacies,Sole Proprietor,chennai,Tamil Nadu,2024-06-13 05:48:52,XXXX0305,INACTIVE,1376.76,MCH3659,0,0,0,0,0,0,0
MCH7162,"SANKAR, MUNI AND MANDAL",,Stationery,sole_proprietor,Jalandhar,Punjab,2023-01-14 06:07:30,TTSV7753870906383,ACTIVE,4267.24,MCH7162,0,0,1,0,0,0,0
MCH4163,Kamdar-Jhaveri,7011,Hotel,SOLE_PROPRIETOR,jalandhar,Punjab,,,ACTIVE,390.74,MCH4163,0,0,0,1,1,0,0
MCH1262,CharInc,4814,TELECOM,INDIVIDUAL,pune,Maharashtra,2025-06-28 00:00:00,4484109203,ACTIVE,489.52,MCH1262,0,0,0,0,0,0,0
MCH6441,"Konda, Swaminathan and Patel",4814,Mobile Recharge,individual,LKO,Uttar Pradesh,2025-01-30 00:00:00,6182390542,ACTIVE,-4535.55,MCH6441,1,0,0,0,0,0,0
MCH1563,Mandal-Biswas,4814,Telecom,PARTNERSHIP,jaipur,Rajasthan,2023-11-10 00:00:00,5466191568,SUSPENDED,-376.51,MCH1563,1,0,0,0,0,1,0
MCH7635,Pant and Sons,7011,HOTEL_LODGING,individual,jalandhar,Punjab,2023-03-04 20:51:37,7323981612,ACTIVE,4941.43,MCH 7635,0,0,0,0,0,0,0
MCH4021,"BALAKRISHNAN, MISTRY AND VIG",5912,Pharmacy,individual,Hyd,Telangana,2025-04-12 00:00:00,4335587264,ACTIVE,1395.91,MCH4021,0,0,0,0,0,0,0
MCH9036,CHERIAN LLC,5699,Apparel,sole_proprietor,ludhiana,Punjab,2023-05-17 18:31:08,XXXX5926,ACTIVE,928.81,MCH9036,0,0,0,0,0,0,0
MCH7366,"Shetty, Pa11 and Pi11ay",5699,CLOTHS,partnership,New Delhi,Delhi,2024-01-14 00:00:00,,ACTIVE,,MCH7366,0,1,0,1,0,0,0
MCH6947,Sen LLC,5912,Medical,INDIVIDUAL,HYDERABAD,Telangana,2025-05-29 00:00:00,0155753762,ACTIVE,820.37,MCH6947,0,0,0,0,0,0,0
MCH2463,"Pillai, Tank and Das",7011,Hospitality,SOLE-PROPRIETOR,chennai,Tamil Nadu,2025-08-13 00:00:00,1687933229,ACTIVE,1834.3,MCH2463,0,0,0,0,0,0,0
MCH2157,"Ramaswamy, Sundaram and Sachdev",4131,transprt,INDIVIDUAL,HYDERABAD,Telangana,2023-05-25 00:00:00,,ACTIVE,0.1899,MCH2157,0,0,0,1,0,0,0
MCH2829,Narain Ltd,5999,Retail Other,Sole Proprietor,Bangalore,Karnataka,2023-02-15 14:46:04,,ACTIVE,1912.36,MCH2829,0,0,0,1,0,0,0
MCH9237,GOKHALE INC,5912,MEDICAL_STORE,PRIVATE-LIMITED,LDH,Punjab,2025-09-28 00:00:00,LPZT4038353121229,ACTIVE,1901.54,MCH9237,0,0,0,0,0,0,0
MCH8365,"Luthra, Kota and Choudhary",5311,retail,PRIVATE_LIMITED,Amritsar,Punjab,2024-10-17 00:00:00,,INACTIVE,,MCH8365,0,1,0,1,0,0,0
MCH6832,"Chaudry, Barman and Patla",5812,Restaurant,SOLE-PROPRIETOR,lucknow,Uttar Pradesh,2024-09-03 00:00:00,3762925357,INACTIVE,617.14,MCH-6832,0,0,0,0,0,0,0
MCH6512,"Sagar, Deep and Rao",,Mobile Recharge,Sole Proprietor,HYDERABAD,Telangana,2025-11-01 00:00:00,1702999144,ACTIVE,,MCH6512,0,1,1,0,0,0,0
1630,Yogi-Agate,5942,Book Store,PARTNERSHIP,Kolkata,West Bengal,2023-10-31 00:00:00,XXXX1041,ACTIVE,444.27,1630,0,0,0,0,0,0,0
MCH4191,"Mangal, Seshadri and Kakar",5699,garments,PRIVATE_LIMITED,pune,Maharashtra,2024-01-26 00:00:00,,ACTIVE,1192.21,MCH4191,0,0,0,1,0,0,0
MCH6854,Singh-Pandya,5942,BOOKS_STATIONERY,PARTNERSHIP,amritsar,Punjab,2023-07-22 14:48:37,,ACTIVE,0.353,MCH6854,0,0,0,1,0,0,0
MCH3893,Dhingra-Chaudhuri,5912,MEDICAL_STORE,SOLE-PROPRIETOR,chennai,Tamil Nadu,2025-08-03 00:00:00,XXXX2466,ACTIVE,2445.5,MCH3893,0,0,0,0,0,0,0
MCH9728,"Dass, Sengupta and Halder",5411,groceries,Sole Proprietor,chennai,Tamil Nadu,2024-10-29 12:12:00,,ACTIVE,6287.55,MCH9728,0,0,0,1,0,0,0
MCH7951,Peri Group,7011,HOTEL_LODGING,sole_proprietor,Jaipur,Rajasthan,2024-02-21 00:00:00,,ACTIVE,-981.55,MCH7951,1,0,0,1,0,0,0
MCH7600,Bora Inc,5999,Retail Other,private_limited,Jalandar,Punjab,2025-01-09 00:00:00,,ACTIVE,582.46,MCH7600,0,0,0,1,0,0,0
MCH8832,"Korpal, Dugar and Grover",5411,kirana,INDIVIDUAL,ludhiana,Punjab,2025-10-27 07:47:00,XXXX3528,ACTIVE,2140.7,MCH8832,0,0,0,0,0,0,0
MCH9979,"Bandi, Gupta and Sarma",4131,Transportation,PRIVATE_LIMITED,Ludhiana,Punjab,2023-04-13 00:00:00,,BLOCKED,-979.52,MCH9979,1,0,0,1,0,0,1
MCH9514,Prakash Gr0up,5912,Pharmacies,PARTNERSHIP,LKO,Uttar Pradesh,2024-10-06 00:00:00,XXXX7878,INACTIVE,2338.36,mch9514,0,0,0,0,0,0,0
MCH1540,mohan-hegde,5912,Pharmacy,INDIVIDUAL,Mumbay,Maharashtra,2023-02-15 20:52:03,,INACTIVE,2002.37,MCH-1540,0,0,0,1,0,0,0
MCH8838,"KALA, SIDHU AND KURUVILLA",5912,Pharmacy,Partnership,Chennai,Tamil Nadu,2023-02-11 00:00:00,,INACTIVE,593.62,MCH8838,0,0,0,1,0,0,0
MCH5980,MISRA-GANGULY,4131,transprt,Individual,Calcutta,West Bengal,2025-08-13 00:00:00,XXXX2799,ACTIVE,0.2762,MCH-5980,0,0,0,0,0,0,0
MCH4261,"Kar, Krishnan and Nadig",5411,kirana,Partnership,mumbai,Maharashtra,2024-10-07 08:24:11,,ACTIVE,1395.9,MCH4261,0,0,0,1,0,0,0
MCH1439,Chawla Ltd,,Bus/Taxi,INDIVIDUAL,chennai,Tamil Nadu,2023-05-10 00:00:00,OYZO1535504454366,ACTIVE,6190.53,MCH-1439,0,0,1,0,0,0,0
MCH9128,"Vig, Menon and Prabhakar",5942,Stationery,sole_proprietor,New Delhi,Delhi,2023-08-30 06:57:00,ROAG7230893964425,ACTIVE,0.594,mch9128,0,0,0,0,0,0,0
MCH4781,Pillai Group,,Retail,INDIVIDUAL,jalandhar,Punjab,2023-03-20 00:00:00,,ACTIVE,541.83,MCH4781,0,0,1,1,0,0,0
MCH8545,Taneja and Sons,5411,kirana,private_limited,jaipur,Rajasthan,2025-07-06 00:00:00,,ACTIVE,0.1926,MCH8545,0,0,0,1,0,0,0
MCH9584,Kakar PLC,,FOOD_SERVICES,Individual,Pune,Maharashtra,2024-05-13 06:31:00,FJCP5342966624704,INACTIVE,653.19,MCH9584,0,0,1,0,0,0,0
MCH8048,"kaul, master and deo",4814,Mobile Recharge,INDIVIDUAL,Hyderabad,Telangana,2025-02-15 00:00:00,XXXX6691,ACTIVE,2683.93,MCH8048,0,0,0,0,0,0,0
MCH9803,Rastogi Ltd,,BOOKS_STATIONERY,partnership,Jaipur,Rajasthan,2025-01-29 05:08:38,,ACTIVE,3135.89,MCH9803,0,0,1,1,0,0,0
MCH6361,"Saran, Dhar and Chaudhry",7011,Hotel,SOLE_PROPRIETOR,New Delhi,Delhi,2023-04-18 22:29:15,9705258117,ACTIVE,701.89,MCH6361,0,0,0,0,0,0,0
MCH5594,ANNE LTD,4814,phone service,private_limited,Hyderabad,Telangana,2024-03-16 00:00:00,7934234539,ACTIVE,1557.37,MCH5594,0,0,0,0,0,0,0
MCH7687,Pant-Mukherjee,5999,Retail Other,PARTNERSHIP,HYDERABAD,Telangana,2023-08-15 00:00:00,0561782434,ACTIVE,,MCH7687,0,1,0,0,0,0,0
MCH7279,das plc,5999,Retail Other,PARTNERSHIP,Jaipur,Rajasthan,,WTVS1342257023005,ACTIVE,1157.26,MCH7279,0,0,0,0,1,0,0
9609,"Taneja, Parsa and Chaudhry",4814,Mobile Recharge,Private Limited,Mumbai,Maharashtra,2024-09-15 00:00:00,,ACTIVE,501.49,9609,0,0,0,1,0,0,0
MCH2753,"Karan, Ganguly and Desai",5999,Misc Retail,Private Limited,amritsar,Punjab,2023-03-31 00:00:00,,ACTIVE,1254.6,MCH2753,0,0,0,1,0,0,0
MCH3955,"Dutta, Boase and Jha",5812,FOOD_SERVICES,PARTNERSHIP,Jaipur,Rajasthan,,7839475828,INACTIVE,935.24,MCH3955,0,0,0,0,1,0,0
MCH1380,Mahal-Khare,5999,Miscellaneous,private_limited,mumbai,Maharashtra,2025-02-23 00:44:00,TLPQ4078335945068,ACTIVE,0.3004,MCH1380,0,0,0,0,0,0,0
MCH5898,Virk-Mani,5699,CLOTHS,PARTNERSHIP,DELHI,Delhi,2025-08-23 00:00:00,1987474945,ACTIVE,2502.05,MCH5898,0,0,0,0,0,0,0
MCH5900,Sarraf-Nagar,5912,Pharmacy,Sole Proprietor,kolkata,West Bengal,2024-03-23 06:41:25,0859371893,ACTIVE,380.94,MCH 5900,0,0,0,0,0,0,0
MCH6718,Chaudry-Ramachandran,4814,phone service,Individual,lucknow,Uttar Pradesh,2024-07-19 00:00:00,XXXX5658,ACTIVE,1635.83,MCH-6718,0,0,0,0,0,0,0
MCH9002,MANNE LTD,,Department Store,partnership,ASR,Punjab,2023-04-11 00:00:00,XXXX2471,ACTIVE,2336.66,MCH-9002,0,0,1,0,0,0,0
MCH9732,Pal-Kaur,5699,Clothing,Individual,Jalandar,Punjab,2023-06-25 00:00:00,2545195064,ACTIVE,1508.45,MCH9732,0,0,0,0,0,0,0
MCH4706,GHOSH-TAILOR,5912,Pharmacy,Partnership,chennai,Tamil Nadu,2025-07-17 00:00:00,,ACTIVE,418.32,MCH-4706,0,0,0,1,0,0,0
MCH3219,Aggarwal Group,5311,Department Store,PARTNERSHIP,LKO,Uttar Pradesh,2025-08-29 00:00:00,RNPG2912069741191,ACTIVE,1058.64,mch3219,0,0,0,0,0,0,0
MCH4330,"Viswanathan, Morar and Barad",4131,transprt,Individual,Jalandhar,Punjab,2023-10-04 00:00:00,,ACTIVE,151.73,MCH 4330,0,0,0,1,0,0,0
MCH2842,ANNE LTD,5699,CLOTHS,partnership,delhi,Delhi,2023-03-04 00:00:00,,ACTIVE,1642.14,MCH2842,0,0,0,1,0,0,0
MCH2684,Barad-Jaggi,5942,Book Store,SOLE_PROPRIETOR,New Delhi,Delhi,2024-04-13 01:13:00,VFSV6228720846838,ACTIVE,0.518,MCH 2684,0,0,0,0,0,0,0
MCH4223,"Bajwa, Khurana and Sinha",,Retail,SOLE_PROPRIETOR,bengaluru,Karnataka,2025-03-15 00:00:00,,ACTIVE,585.1,MCH4223,0,0,1,1,0,0,0
MCH7470,"Din,GuptaandRatti",5311,Department Store,PARTNERSHIP,DELHI,Delhi,2023-09-21 00:00:00,UMQY7730271159180,INACTIVE,684.47,MCH-7470,0,0,0,0,0,0,0
MCH2596,Vasa PLC,1310,Transport,SOLE-PROPRIETOR,HYDERABAD,Telangana,2025-08-20 22:49:00,,ACTIVE,-2736.9,MCH2596,1,0,0,1,0,0,0
MCH8272,"Kaur, Barad and Sengupta",5411,kirana,Partnership,amritsar,Punjab,2023-04-11 00:00:00,5098196386,ACTIVE,0.225,mch8272,0,0,0,0,0,0,0
MCH5785,Vohra Inc,5699,CLOTHS,PARTNERSHIP,mumbai,Maharashtra,2023-06-25 00:00:00,6460565959,ACTIVE,1694.59,mch5785,0,0,0,0,0,0,0
MCH5567,"Kibe, Halder and Saraf",5912,chemist,SOLE_PROPRIETOR,BLR,Karnataka,2023-01-28 02:44:29,IXRG4736294294938,ACTIVE,1983.35,MCH5567,0,0,0,0,0,0,0
MCH9835,Mahajan-Pingle,7011,HOTEL_LODGING,private_limited,jaipur,Rajasthan,2025-09-22 00:00:00,,ACTIVE,2477.71,MCH-9835,0,0,0,1,0,0,0
MCH8730,Banerjee-Kapoor,5942,Stationery,Sole Proprietor,ASR,Punjab,,CQGQ8537716696051,ACTIVE,2386.59,MCH8730,0,0,0,0,1,0,0
MCH8435,Bajwa-Sandhu,5699,garments,INDIVIDUAL,Jaipur,Rajasthan,2024-08-11 00:00:00,XRHA7493996842867,ACTIVE,-5825.04,MCH8435,1,0,0,0,0,0,0
MCH3739,Murty Ltd,5311,Department Store,PRIVATE_LIMITED,Madras,Tamil Nadu,2025-09-15 00:00:00,XXXX2052,ACTIVE,571.15,MCH3739,0,0,0,0,0,0,0
MCH4765,madan-pandey,6990,Clothing,SOLE_PROPRIETOR,Hyderabad,Telangana,2025-03-12 12:56:00,XXXX6725,ACTIVE,1004.95,MCH4765,0,0,0,0,0,0,0
MCH9291,"Mukhopadhyay, Dua and Dada",5699,Clothing,sole_proprietor,Dilli,Delhi,2023-12-24 00:00:00,4794994318,ACTIVE,0.875,MCH9291,0,0,0,0,0,0,0
MCH3837,Bhat Group,5311,department store,individual,delhi,Delhi,2026-01-17 00:00:00,XXXX7816,SUSPENDED,-2613.11,MCH 3837,1,0,0,0,0,1,0
MCH9152,KARA-PARIKH,4814,Telecom,SOLE_PROPRIETOR,Lucknow,Uttar Pradesh,2024-01-12 00:00:00,,ACTIVE,5009.29,MCH9152,0,0,0,1,0,0,0
MCH2020,Prabhu-Kar,6990,CLOTHS,PRIVATE-LIMITED,Jalandhar,Punjab,2025-03-15 21:17:00,XXXX1985,SUSPENDED,2649.5,MCH 2020,0,0,0,0,0,1,0
MCH7712,Sehgal Ltd,4110,kirana,partnership,lucknow,Uttar Pradesh,,XXXX7167,ACTIVE,2215.59,MCH7712,0,0,0,0,1,0,0
MCH2310,Char-Singhal,5942,Book Store,INDIVIDUAL,JPR,Rajasthan,2025-09-08 00:00:00,,ACTIVE,-1253.77,MCH2310,1,0,0,1,0,0,0
MCH3837,"Char, Naik and Sachdev",5999,Other,private_limited,New Delhi,Delhi,2026-01-25 00:00:00,XXXX8517,ACTIVE,0.5233,MCH3837,0,0,0,0,0,0,0
MCH7403,"Raval, Hari and Khurana",5942,Book Store,Individual,Chennai,Tamil Nadu,2023-07-12 00:00:00,,ACTIVE,697.8,mch7403,0,0,0,1,0,0,0
MCH7839,Mahajan-Bhasin,5699,Apparel,Partnership,Amritsar,Punjab,2023-06-03 00:00:00,XXXX8814,ACTIVE,4413.06,MCH7839,0,0,0,0,0,0,0
MCH7864,"Saini, Yohannan and Tank",5942,Book Store,Individual,ludhiana,Punjab,,9857461455,ACTIVE,1130.3,MCH7864,0,0,0,0,1,0,0
MCH6903,Gu1ati-Thaker,5812,Restaurant,PARTNERSHIP,chennai,Tamil Nadu,2023-07-07 00:00:00,,ACTIVE,,mch6903,0,1,0,1,0,0,0
MCH8210,Kannan Inc,5311,DEPT_STORE,partnership,LDH,Punjab,2025-02-04 00:00:00,,SUSPENDED,0.37,MCH8210,0,0,0,1,0,1,0
MCH2032,"Doshi, Sur and Sarna",,FOOD_SERVICES,PRIVATE_LIMITED,pune,Maharashtra,2023-07-15 00:00:00,,ACTIVE,771.07,mch2032,0,0,1,1,0,0,0
MCH1788,"Dass, Rajagopal and Madan",,Mobile Recharge,PRIVATE_LIMITED,pune,Maharashtra,2024-11-12 00:00:00,,SUSPENDED,1479.46,mch1788,0,0,1,1,0,1,0
MCH1044,"Jha, Salvi and Setty",5311,Retail,Partnership,HYDERABAD,Telangana,2024-10-28 00:00:00,VZSQ7155957356020,ACTIVE,1084.93,MCH 1044,0,0,0,0,0,0,0
MCH9583,Khurana-Johal,4110,Grocery,PARTNERSHIP,Delhi,Delhi,2024-04-30 09:32:52,9658176597,ACTIVE,5627.6,MCH9583,0,0,0,0,0,0,0
MCH9207,"Gola, Prabhu and Sood",3110,DEPT_STORE,private_limited,Calcutta,West Bengal,2025-02-14 20:21:36,YDIJ7187856499079,ACTIVE,1107.16,MCH9207,0,0,0,0,0,0,0
MCH5753,Zachariah-Rai,5812,FOOD_SERVICES,PRIVATE_LIMITED,HYDERABAD,Telangana,2023-12-01 00:00:00,,ACTIVE,3163.49,MCH5753,0,0,0,1,0,0,0
MCH4249,"NARASIMHAN, NATT AND CHADA",7011,Hotel,sole_proprietor,Pune,Maharashtra,2023-12-28 07:11:47,8565095769,ACTIVE,1048.88,MCH-4249,0,0,0,0,0,0,0
MCH8820,Mistry Group,5812,Restaurant,Partnership,Kolkata,West Bengal,2025-10-19 00:00:00,VDFR2877623309973,ACTIVE,1132.45,MCH8820,0,0,0,0,0,0,0
MCH6448,"Kara, Mahal and Borah",5699,garments,individual,Chennai,Tamil Nadu,2025-02-02 01:23:00,2311602120,SUSPENDED,2308.59,MCH6448,0,0,0,0,0,1,0
MCH9764,More-Bhavsar,5912,chemist,sole_proprietor,Pune,Maharashtra,2024-09-06 22:28:13,XXXX9274,ACTIVE,3514.68,MCH9764,0,0,0,0,0,0,0
MCH5587,"Parmar,BobalandBatra",5912,Pharmacy,PRIVATE-LIMITED,bengaluru,Karnataka,2024-06-25 00:00:00,,ACTIVE,996.25,MCH5587,0,0,0,1,0,0,0
MCH9354,"SRINIVASAN, BHARGAVA AND SATHE",7011,Hotel,private_limited,Pune,Maharashtra,2025-12-26 03:14:06,MCIS2962837592027,ACTIVE,272.4,MCH9354,0,0,0,0,0,0,0
MCH3024,Kade-Bhatia,8120,eating place,Partnership,New Delhi,Delhi,2025-09-22 17:31:43,,ACTIVE,0.2093,MCH 3024,0,0,0,1,0,0,0
MCH4980,Gaba-Sankaran,,Medical,SOLE-PROPRIETOR,Amritsar,Punjab,,,INACTIVE,857.86,MCH4980,0,0,1,1,1,0,0
MCH8137,G0pa1-Mahajan,4131,TRAVEL,PARTNERSHIP,BLR,Karnataka,2024-01-30 00:00:00,XXXX2908,ACTIVE,561.1,MCH8137,0,0,0,0,0,0,0
MCH8741,Swaminathan-Kakar,4814,TELECOM,sole_proprietor,Kolkata,West Bengal,2024-08-17 15:49:00,7135208273,ACTIVE,8897.16,MCH8741,0,0,0,0,0,0,0
MCH6352,ChadhaGroup,,kirana,Private Limited,Chennai,Tamil Nadu,2024-05-19 14:55:03,QWFC2198127321151,SUSPENDED,419.41,MCH-6352,0,0,1,0,0,1,0
MCH8436,Kapoor Inc,7011,Hotel,Individual,Bangalore,Karnataka,2025-07-27 00:00:00,4749660100,ACTIVE,0.7117,MCH8436,0,0,0,0,0,0,0
MCH2579,More Inc,,Book Store,partnership,Jaipur,Rajasthan,2024-05-06 00:00:00,,ACTIVE,4068.74,MCH-2579,0,0,1,1,0,0,0
MCH8845,Varkey-Jha,,Other,partnership,kolkata,West Bengal,2024-03-01 05:26:00,,ACTIVE,5630.04,MCH8845,0,0,1,1,0,0,0
MCH5938,RAMA-PANDEY,4131,Transport,Individual,jaipur,Rajasthan,2024-02-12 12:51:22,,ACTIVE,0.712,MCH 5938,0,0,0,1,0,0,0
MCH8919,Parmar Ltd,,Transport,private_limited,Bangalore,Karnataka,2023-12-24 00:00:00,,ACTIVE,2228.63,MCH8919,0,0,1,1,0,0,0
MCH9927,"lall, bali and varughese",5812,Food,SOLE-PROPRIETOR,Lucknow,Uttar Pradesh,2025-09-12 00:00:00,IDZP0771497763313,ACTIVE,0.141,MCH 9927,0,0,0,0,0,0,0
MCH6326,"Barad,MurtyandTella",5942,books_stationery,PRIVATE-LIMITED,chennai,Tamil Nadu,2024-06-22 18:08:00,LQXK9607455160094,ACTIVE,-671.62,mch6326,1,0,0,0,0,0,0
MCH4643,Barad and Sons,5942,Books,INDIVIDUAL,ludhiana,Punjab,2025-05-18 00:00:00,5063903908,BLOCKED,3490.79,MCH4643,0,0,0,0,0,0,1
MCH3596,"S01anki, Singha1 and S0man",5699,Apparel,INDIVIDUAL,JPR,Rajasthan,2023-04-03 00:00:00,,INACTIVE,330.41,MCH-3596,0,0,0,1,0,0,0
MCH2411,SARAF-GOLA,4131,Transport,individual,JPR,Rajasthan,2023-02-09 06:15:13,,ACTIVE,2300.71,MCH2411,0,0,0,1,0,0,0
MCH1722,Patel-Warrior,7011,HOTEL_LODGING,INDIVIDUAL,Calcutta,West Bengal,2025-03-15 00:00:00,XXXX3839,ACTIVE,0.42,MCH1722,0,0,0,0,0,0,0
MCH6328,"Ray, Pandit and Bala",4814,phone service,private_limited,Chennai,Tamil Nadu,2025-11-27 00:31:00,GCWI4729638964155,ACTIVE,644.89,MCH6328,0,0,0,0,0,0,0
MCH3268,Kadakia-Rajan,5699,Clothing,SOLE-PROPRIETOR,Pune,Maharashtra,2024-11-16 14:24:23,,ACTIVE,2055.32,MCH3268,0,0,0,1,0,0,0
MCH8561,"Swaminathan, Sa1vi and Kant",5699,Clothing,Private Limited,Bombay,Maharashtra,2025-04-19 00:00:00,PNGX7339881598856,ACTIVE,4447.81,MCH8561,0,0,0,0,0,0,0
4030,Nayar PLC,,Books,private_limited,ASR,Punjab,2023-08-02 19:27:00,,ACTIVE,1079.32,4030,0,0,1,1,0,0,0
MCH3925,Rana-Sehga1,5912,Pharmacy,INDIVIDUAL,Chennai,Tamil Nadu,,IFJH9817043350326,HOLD,-1111.78,mch3925,1,0,0,0,1,0,0
1626,"Pau, Iyengar and Khare",5999,Misc Retail,sole_proprietor,delhi,Delhi,2025-07-12 00:00:00,XXXX6353,ACTIVE,550.42,1626,0,0,0,0,0,0,0
MCH1272,Garg Inc,4131,Transportation,PARTNERSHIP,JPR,Rajasthan,2023-05-28 22:37:00,7553237450,ACTIVE,549.87,MCH1272,0,0,0,0,0,0,0
MCH9897,Modi PLC,5699,Fashion,INDIVIDUAL,New Delhi,Delhi,2023-01-06 00:00:00,,ACTIVE,-1453.4,MCH9897,1,0,0,1,0,0,0
MCH6670,SAWHNEY INC,5411,Grocery Stores,INDIVIDUAL,BLR,Karnataka,2026-01-17 00:00:00,XXXX5717,ACTIVE,-2332.15,MCH6670,1,0,0,0,0,0,0
MCH5292,Nori-Dugal,5999,Other,SOLE_PROPRIETOR,Poona,Maharashtra,,DLCF1511984552623,INACTIVE,0.542,MCH5292,0,0,0,0,1,0,0
MCH2648,Batta LLC,5999,Retail Other,PARTNERSHIP,jaipur,Rajasthan,2024-10-10 00:00:00,,ACTIVE,416.94,MCH2648,0,0,0,1,0,0,0
MCH9114,Tiwari-0ak,4814,TELECOM,individual,Pune,Maharashtra,2026-01-16 00:00:00,,ACTIVE,7090.63,MCH9114,0,0,0,1,0,0,0
MCH5154,DHINGRA-SUNDER,5999,Misc Retail,SOLE-PROPRIETOR,Poona,Maharashtra,2025-06-14 00:00:00,1153641874,ACTIVE,0.2001,MCH 5154,0,0,0,0,0,0,0
MCH6060,Chacko-Sundaram,1310,Transportation,INDIVIDUAL,JPR,Rajasthan,2023-03-25 00:00:00,XXXX2924,INACTIVE,2026.75,MCH-6060,0,0,0,0,0,0,0
MCH6100,"PILLAY, MERCHANT AND SEM",5942,BOOKS_STATIONERY,PRIVATE_LIMITED,Jalandhar,Punjab,2023-09-05 09:50:00,0672030590,ACTIVE,1374.95,MCH6100,0,0,0,0,0,0,0
MCH9866,Sane-Dar,4814,phone service,PARTNERSHIP,LKO,Uttar Pradesh,2024-04-11 00:00:00,,ACTIVE,910.27,MCH9866,0,0,0,1,0,0,0
MCH2627,SHANKER PLC,5311,Retail,Individual,lucknow,Uttar Pradesh,2024-10-16 00:00:00,0834395040,ACTIVE,427.05,MCH 2627,0,0,0,0,0,0,0
MCH5722,Kant-Gara,7011,Hospitality,PARTNERSHIP,lucknow,Uttar Pradesh,2024-12-16 00:00:00,3048409027,ACTIVE,1451.76,MCH5722,0,0,0,0,0,0,0
7558,Nair-Tandon,7011,HOTEL_LODGING,individual,delhi,Delhi,2025-09-24 00:00:00,WDIO8859498666425,ACTIVE,2209.65,7558,0,0,0,0,0,0,0
MCH1429,Pal Ltd,5411,Grocery,INDIVIDUAL,Jaipur,Rajasthan,2024-10-13 00:00:00,YBSQ5701995451285,ACTIVE,0.258,MCH1429,0,0,0,0,0,0,0
MCH7094,Narasimhan and Sons,5411,groceries,partnership,Lucknow,Uttar Pradesh,2023-04-03 07:40:00,5172263250,ACTIVE,-522.74,MCH7094,1,0,0,0,0,0,0
MCH3847,Nair PLC,5311,Retail,SOLE-PROPRIETOR,Poona,Maharashtra,,,ACTIVE,660.47,MCH-3847,0,0,0,1,1,0,0
MCH8529,Pradhan PLC,5942,Stationery,SOLE-PROPRIETOR,Dilli,Delhi,2025-07-13 03:13:00,,ACTIVE,476.91,MCH8529,0,0,0,1,0,0,0
MCH9623,Mangat PLC,4814,Telecom,Sole Proprietor,LKO,Uttar Pradesh,2024-03-26 15:39:33,,ACTIVE,457.6,MCH9623,0,0,0,1,0,0,0
MCH2287,Baral Inc,5912,Medical,Individual,Delhi,Delhi,2025-06-11 00:00:00,,ACTIVE,920.82,MCH 2287,0,0,0,1,0,0,0
MCH6677,"DESHMUKH, CHOUDHRY AND LAD",9120,MEDICAL_STORE,PRIVATE_LIMITED,Jalandhar,Punjab,2024-12-05 00:00:00,,INACTIVE,2949.0,MCH6677,0,0,0,1,0,0,0
MCH2417,"Reddy, Patel and Manda",5912,Pharmacy,INDIVIDUAL,Bengaluru,Karnataka,2025-03-13 00:00:00,XXXX5551,ACTIVE,1553.29,MCH2417,0,0,0,0,0,0,0
MCH7870,Sahota-Chand,5311,Department Stores,Sole Proprietor,Delhi,Delhi,2024-06-12 00:00:00,2012661045,ACTIVE,1123.31,MCH-7870,0,0,0,0,0,0,0
MCH7323,Mital Inc,5812,eating place,INDIVIDUAL,lucknow,Uttar Pradesh,2025-03-01 00:00:00,1221388018,ACTIVE,1194.36,mch7323,0,0,0,0,0,0,0
MCH3289,Tripathi-Mandal,4814,TELECOM,individual,chennai,Tamil Nadu,2024-12-29 00:00:00,XXXX2012,ACTIVE,1368.37,MCH3289,0,0,0,0,0,0,0
MCH7681,"Bal, Kakar and Pillai",,Transportation,PRIVATE-LIMITED,Pune,Maharashtra,2024-11-15 00:00:00,2915378010,ACTIVE,1955.63,MCH-7681,0,0,1,0,0,0,0
MCH2601,"Mangal, Lalla and Desai",4131,Transportation,PRIVATE-LIMITED,Ludhiana,Punjab,2025-02-19 00:00:00,XXXX7238,ACTIVE,1601.46,MCH2601,0,0,0,0,0,0,0
MCH5287,Sachdeva PLC,4131,TRAVEL,partnership,Hyderabad,Telangana,2024-02-06 00:00:00,XXXX8293,ACTIVE,823.34,MCH-5287,0,0,0,0,0,0,0
MCH8024,Banik PLC,5411,Grocery Stores,INDIVIDUAL,Jalandhar,Punjab,2026-02-02 22:13:43,OAOZ8994715452448,ACTIVE,1100.96,mch8024,0,0,0,0,0,0,0
MCH4476,Parikh Group,5912,Medical,Partnership,kolkata,West Bengal,2025-09-10 00:24:37,,ACTIVE,,MCH4476,0,1,0,1,0,0,0
MCH3736,"Chanda, Bandi and Pandya",4814,telecom,partnership,Hyderabad,Telangana,2023-04-25 00:48:36,,SUSPENDED,812.06,MCH3736,0,0,0,1,0,1,0
MCH4738,Jha PLC,,Retail Other,Sole Proprietor,bengaluru,Karnataka,2024-05-24 22:20:53,,INACTIVE,1636.42,MCH4738,0,0,1,1,0,0,0
MCH7849,Lal-Wagle,5311,DEPT_STORE,SOLE_PROPRIETOR,jaipur,Rajasthan,2025-02-12 16:31:00,XXXX0377,ACTIVE,4061.65,MCH 7849,0,0,0,0,0,0,0
MCH5801,"Narasimhan, Grewal and Vora",4131,Transportation,PRIVATE-LIMITED,Dilli,Delhi,2023-08-08 00:00:00,,ACTIVE,1697.55,MCH5801,0,0,0,1,0,0,0
MCH8775,Bakshi-Shah,6990,Apparel,PARTNERSHIP,New Delhi,Delhi,2025-07-09 07:17:12,,ACTIVE,480.13,mch8775,0,0,0,1,0,0,0
MCH8380,"kar, patil and karan",4131,TRAVEL,INDIVIDUAL,jalandhar,Punjab,2024-01-22 00:00:00,5690092544,ACTIVE,9540.15,MCH-8380,0,0,0,0,0,0,0
MCH5114,Lal Group,5411,kirana,Private Limited,Bangalore,Karnataka,2024-06-23 01:46:15,XXXX3035,ACTIVE,1143.5,MCH5114,0,0,0,0,0,0,0
MCH5999,NORI INC,5999,Other,Private Limited,jalandhar,Punjab,2026-01-02 22:34:56,XXXX4498,ACTIVE,629.41,MCH5999,0,0,0,0,0,0,0
MCH1726,RAJA AND SONS,4131,Transportation,PRIVATE_LIMITED,New Delhi,Delhi,2025-12-13 00:00:00,,ACTIVE,639.24,MCH1726,0,0,0,1,0,0,0
MCH8910,"Sinha, Sen and Mander",8140,TELECOM,Private Limited,DELHI,Delhi,2023-09-01 00:00:00,,ACTIVE,,MCH-8910,0,1,0,1,0,0,0
MCH6296,"Goyal, Vora and Loke",5411,GROCERY_STORE,PRIVATE_LIMITED,lucknow,Uttar Pradesh,,,ACTIVE,0.538,MCH6296,0,0,0,1,1,0,0
MCH3431,Ghosh and Sons,,eating place,Sole Proprietor,MUMBAI,Maharashtra,2025-11-24 00:00:00,LTDQ5015892785519,SUSPENDED,1904.92,mch3431,0,0,1,0,0,1,0
MCH2696,"Dave, Chaudhari and Bhatti",5411,groceries,individual,delhi,Delhi,2024-11-25 00:00:00,XXXX0248,ACTIVE,-9658.06,MCH2696,1,0,0,0,0,0,0
MCH3244,Murthy Group,5912,MEDICAL_STORE,PRIVATE_LIMITED,Jalandar,Punjab,2025-03-07 05:29:26,,ACTIVE,3366.47,MCH3244,0,0,0,1,0,0,0
MCH1887,Peri Inc,5311,Department Stores,private_limited,Bangalore,Karnataka,2023-02-26 00:00:00,,ACTIVE,2706.7,mch1887,0,0,0,1,0,0,0
MCH2186,Venkatesh and Sons,5912,Medical,SOLE_PROPRIETOR,LKO,Uttar Pradesh,2025-11-23 00:00:00,,ACTIVE,661.82,MCH2186,0,0,0,1,0,0,0
MCH5905,KARNIK LTD,5812,Restaurants,individual,Poona,Maharashtra,2026-05-02 00:00:00,XXXX6996,ACTIVE,653.53,MCH5905,0,0,0,0,0,0,0
MCH8033,"Kala, Mahal and Dash",5311,Department Store,INDIVIDUAL,HYDERABAD,Telangana,2025-12-02 00:00:00,XXXX2251,ACTIVE,1390.13,MCH8033,0,0,0,0,0,0,0
MCH3725,Balan Inc,5912,Medical,sole_proprietor,Calcutta,West Bengal,2024-10-04 18:42:00,XXXX4682,ACTIVE,2579.6,MCH3725,0,0,0,0,0,0,0
MCH4739,Karpe-Doshi,5411,grocery stores,INDIVIDUAL,Lucknow,Uttar Pradesh,2023-10-20 00:00:00,DQQT0527144866471,SUSPENDED,-1100.69,MCH4739,1,0,0,0,0,1,0
MCH1222,Dass-Dugar,5411,GROCERY_STORE,Sole Proprietor,Kolkata,West Bengal,2023-11-07 18:19:21,,ACTIVE,,MCH-1222,0,1,0,1,0,0,0
MCH6383,Char PLC,4814,Mobile Recharge,SOLE_PROPRIETOR,Bangalore,Karnataka,2023-10-28 04:05:00,,ACTIVE,0.266,MCH6383,0,0,0,1,0,0,0
MCH8174,"banerjee, brahmbhatt and dave",7011,Hospitality,Individual,Jaipur,Rajasthan,2024-09-09 00:00:00,XXXX7104,ACTIVE,,MCH8174,0,1,0,0,0,0,0
MCH5753,Handa Inc,5812,Restaurants,Sole Proprietor,HYDERABAD,Telangana,2025-11-04 23:27:50,XXXX3053,ACTIVE,3518.1,MCH5753,0,0,0,0,0,0,0
MCH6465,Mody Ltd,6990,Fashion,sole_proprietor,Madras,Tamil Nadu,2025-03-01 00:00:00,,HOLD,0.307,MCH6465,0,0,0,1,0,0,0
MCH7201,"patil, mahajan and issac",5999,Miscellaneous,Private Limited,Mumbai,Maharashtra,2025-03-16 00:00:00,0796859598,ACTIVE,282.54,MCH7201,0,0,0,0,0,0,0
4958,Saini LLC,,transprt,Private Limited,HYDERABAD,Telangana,2023-06-24 00:00:00,,ACTIVE,440.09,4958,0,0,1,1,0,0,0
MCH2169,"Munshi, Srinivas and Ramanathan",5942,BOOKS_STATIONERY,PARTNERSHIP,chennai,Tamil Nadu,2024-09-07 00:00:00,,ACTIVE,351.61,MCH2169,0,0,0,1,0,0,0
MCH8692,Singhal-Mane,5999,Misc Retail,PARTNERSHIP,jalandhar,Punjab,2025-07-24 00:00:00,1479687132,ACTIVE,1884.81,MCH8692,0,0,0,0,0,0,0
MCH5312,Choudhary Inc,5411,Grocery,Partnership,Kolkata,West Bengal,2023-07-27 00:00:00,,ACTIVE,1438.2,MCH 5312,0,0,0,1,0,0,0
MCH2299,Ahluwalia Inc,4131,travel,PARTNERSHIP,Ludhiana,Punjab,2024-12-02 23:31:00,,ACTIVE,2936.54,MCH2299,0,0,0,1,0,0,0
MCH7870,"Kalla,MoreandSwamy",5912,Pharmacies,PRIVATE_LIMITED,jaipur,Rajasthan,2025-03-04 00:00:00,JRSV4497187312439,ACTIVE,681.25,MCH7870,0,0,0,0,0,0,0
MCH3880,Sankaran-M0dy,4131,Transportation,Sole Proprietor,HYDERABAD,Telangana,2026-02-26 18:34:00,XXXX4851,ACTIVE,794.44,MCH3880,0,0,0,0,0,0,0
MCH3780,HEGDE GROUP,5311,DEPT_STORE,PRIVATE_LIMITED,lucknow,Uttar Pradesh,2026-02-27 20:38:00,XXXX3079,ACTIVE,315.62,MCH3780,0,0,0,0,0,0,0
MCH1101,Mangal Inc,5912,Medical,individual,Madras,Tamil Nadu,2023-06-19 00:00:00,XXXX7862,ACTIVE,2025.16,MCH1101,0,0,0,0,0,0,0
MCH1292,Gera-Nayak,7011,HOTEL_LODGING,sole_proprietor,Chennai,Tamil Nadu,2023-09-25 00:00:00,,ACTIVE,0.267,MCH1292,0,0,0,1,0,0,0
MCH7162,Ranganathan-Chakraborty,5699,garments,PRIVATE_LIMITED,Poona,Maharashtra,2025-02-17 00:00:00,LGPC8265918729531,ACTIVE,1830.64,MCH7162,0,0,0,0,0,0,0
MCH5110,"deshpande, verma and shenoy",5942,Book Store,private_limited,Pune,Maharashtra,2024-11-11 00:00:00,,INACTIVE,-555.9,MCH5110,1,0,0,1,0,0,0
MCH8104,CHACKO GROUP,7011,Hotel,PRIVATE-LIMITED,Bangalore,Karnataka,2024-01-02 09:22:31,4591497253,ACTIVE,,MCH8104,0,1,0,0,0,0,0
MCH9640,Basu Group,,Department Store,SOLE-PROPRIETOR,bengaluru,Karnataka,2025-05-21 00:00:00,,ACTIVE,8379.99,MCH 9640,0,0,1,1,0,0,0
2445,Khare-Sane,,Retail Other,sole_proprietor,JPR,Rajasthan,2023-12-05 19:25:57,3925528828,ACTIVE,6063.97,2445,0,0,1,0,0,0,0
MCH9185,Om Ltd,5812,restaurants,PARTNERSHIP,kolkata,West Bengal,2025-09-22 00:00:00,RKEJ2980134292377,INACTIVE,311.59,MCH9185,0,0,0,0,0,0,0
MCH1133,Shere Ltd,5912,Pharmacies,partnership,Bengaluru,Karnataka,2025-06-10 00:00:00,,ACTIVE,11501.53,MCH1133,0,0,0,1,0,0,0
MCH4227,Bora-Sood,5999,Retail Other,Partnership,Jaipur,Rajasthan,2023-02-11 00:00:00,,ACTIVE,1928.46,MCH4227,0,0,0,1,0,0,0
MCH7411,"Bhasin, Soman and Savant",4814,Mobile Recharge,SOLE_PROPRIETOR,Chennai,Tamil Nadu,,,ACTIVE,2298.88,MCH7411,0,0,0,1,1,0,0
MCH6101,Rout-Barman,5812,FOOD_SERVICES,SOLE-PROPRIETOR,Kolkata,West Bengal,2024-10-11 00:00:00,,ACTIVE,2918.42,MCH6101,0,0,0,1,0,0,0
MCH9290,"Gole, Viswanathan and Brahmbhatt",0110,Hospitality,PARTNERSHIP,LDH,Punjab,,,INACTIVE,1704.51,MCH9290,0,0,0,1,1,0,0
MCH8926,Roy-Nagarajan,,Fashion,Sole Proprietor,pune,Maharashtra,2023-05-11 05:53:00,,INACTIVE,217.41,MCH8926,0,0,1,1,0,0,0
MCH7829,Hora Ltd,4131,TRAVEL,Partnership,JPR,Rajasthan,2025-05-06 00:00:00,XXXX7292,ACTIVE,0.422,MCH7829,0,0,0,0,0,0,0
MCH9523,"Tank, Uppal and Malhotra",5912,Pharmacies,PARTNERSHIP,Pune,Maharashtra,2025-10-25 00:00:00,,ACTIVE,5060.01,MCH9523,0,0,0,1,0,0,0
MCH5493,"Choudhury, Nayak and Hayer",,Clothing,INDIVIDUAL,Jalandhar,Punjab,,CMBW9456641489708,ACTIVE,954.13,MCH 5493,0,0,1,0,1,0,0
MCH7295,Palan-Ray,7011,Hospitality,PARTNERSHIP,Bangalore,Karnataka,2023-02-02 10:44:00,,ACTIVE,1161.77,MCH-7295,0,0,0,1,0,0,0
1628,"rao, buch and kala",5912,Pharmacy,INDIVIDUAL,LKO,Uttar Pradesh,2025-01-08 16:04:25,,ACTIVE,789.95,1628,0,0,0,1,0,0,0
MCH4416,Raju and S0ns,5999,Miscellaneous,INDIVIDUAL,bengaluru,Karnataka,2025-10-04 00:00:00,6909361511,INACTIVE,0.3955,MCH4416,0,0,0,0,0,0,0
MCH5021,Dora Group,,Hotel,Partnership,JPR,Rajasthan,2024-10-01 00:00:00,2704643767,ACTIVE,0.843,MCH 5021,0,0,1,0,0,0,0
MCH4687,GOEL LLC,5942,Book Store,Individual,lucknow,Uttar Pradesh,2023-01-30 00:00:00,BTTJ6615272024781,ACTIVE,0.82,MCH4687,0,0,0,0,0,0,0
MCH4284,Chawla LLC,4131,TRAVEL,Sole Proprietor,LDH,Punjab,2026-02-13 00:00:00,XXXX7941,ACTIVE,0.385,MCH4284,0,0,0,0,0,0,0
MCH8896,Savant PLC,5411,Grocery,individual,ludhiana,Punjab,2023-08-20 12:44:00,UQGT6646060473971,ACTIVE,2636.98,MCH8896,0,0,0,0,0,0,0
MCH8518,Srivastava-Parsa,5699,Fashion,individual,Jaipur,Rajasthan,2024-09-11 00:00:00,,ACTIVE,191.84,MCH8518,0,0,0,1,0,0,0
MCH9753,Chowdhury and Sons,4814,TELECOM,INDIVIDUAL,Bombay,Maharashtra,2023-07-06 13:36:00,XRQC4173107226583,ACTIVE,559.33,MCH9753,0,0,0,0,0,0,0
2951,"THAKUR, SUBRAMANIAM AND AGRAWAL",0110,Hotel,Partnership,MUMBAI,Maharashtra,2026-02-06 00:00:00,0506591392,ACTIVE,-3115.69,2951,1,0,0,0,0,0,0
MCH8878,Kashyap-Behl,7011,Hotels,SOLE-PROPRIETOR,Calcutta,West Bengal,2023-07-21 00:00:00,,ACTIVE,228.35,MCH8878,0,0,0,1,0,0,0
MCH1136,"bahri, kanda and seth",9420,Book Store,private_limited,Madras,Tamil Nadu,2023-07-17 00:00:00,XXXX4885,ACTIVE,896.84,MCH1136,0,0,0,0,0,0,0
MCH1665,Salvi Group,5699,Clothing,individual,Bangalore,Karnataka,2025-11-30 00:00:00,KSUI6181238646481,ACTIVE,946.53,MCH1665,0,0,0,0,0,0,0
MCH6519,"Dhar, Morar and Malhotra",5699,CLOTHS,PRIVATE-LIMITED,pune,Maharashtra,2023-05-15 00:27:02,XXXX0332,ACTIVE,445.06,MCH6519,0,0,0,0,0,0,0
MCH2742,"Vasa, Devan and Tandon",5699,Fashion,individual,Mumbay,Maharashtra,2023-11-13 00:00:00,XXXX3213,ACTIVE,541.72,MCH 2742,0,0,0,0,0,0,0
4888,Saha-Jani,4814,phone service,SOLE_PROPRIETOR,ludhiana,Punjab,2025-11-20 00:00:00,,ACTIVE,308.77,4888,0,0,0,1,0,0,0
MCH1986,Brahmbhatt Inc,5999,Retail Other,PARTNERSHIP,mumbai,Maharashtra,2023-11-23 00:00:00,,ACTIVE,-892.28,MCH1986,1,0,0,1,0,0,0
MCH8422,Kakar-Bera,6990,garments,Sole Proprietor,amritsar,Punjab,2025-03-10 00:00:00,XXXX1336,ACTIVE,661.76,MCH8422,0,0,0,0,0,0,0
MCH7113,"Jain,BhattiandSha",5942,BOOKS_STATIONERY,Partnership,Madras,Tamil Nadu,2025-07-30 15:17:22,XXXX9585,SUSPENDED,1921.99,MCH7113,0,0,0,0,0,1,0
MCH5023,CHATTERJEE-KALLA,5912,Pharmacies,Partnership,Bombay,Maharashtra,2024-12-31 00:00:00,XXXX9987,ACTIVE,-5484.78,MCH5023,1,0,0,0,0,0,0
7795,Prakash LLC,4131,TRAVEL,SOLE_PROPRIETOR,JPR,Rajasthan,2025-06-28 04:41:24,,ACTIVE,956.79,7795,0,0,0,1,0,0,0
MCH3980,Chadha-Raval,5699,Apparel,Partnership,Bengaluru,Karnataka,2023-04-14 00:00:00,XXXX9643,ACTIVE,1323.06,mch3980,0,0,0,0,0,0,0
MCH7356,"Divan, Rastogi and Prabhu",5942,BOOKS_STATIONERY,Partnership,Lucknow,Uttar Pradesh,2025-07-22 00:00:00,8041409071,ACTIVE,-306.91,MCH7356,1,0,0,0,0,0,0
MCH5451,Divan LLC,4110,GROCERY_STORE,PARTNERSHIP,JPR,Rajasthan,2025-05-14 00:00:00,,ACTIVE,2492.35,MCH5451,0,0,0,1,0,0,0
MCH7252,"Krishnamurthy, Pandit and Mukherjee",5942,Book Store,Sole Proprietor,Hyd,Telangana,2025-01-08 00:00:00,0285621980,ACTIVE,1234.51,MCH7252,0,0,0,0,0,0,0
MCH1438,Pandit-Menon,5999,Other,PARTNERSHIP,Bangalore,Karnataka,2023-11-22 00:00:00,ZQNR3407194415594,ACTIVE,409.59,mch1438,0,0,0,0,0,0,0
MCH3917,CHOWDHURY-PANDIT,,fashion,PRIVATE_LIMITED,Hyd,Telangana,2023-02-04 00:00:00,XXXX2174,INACTIVE,-445.99,MCH 3917,1,0,1,0,0,0,0
MCH7955,Sura Gr0up,5812,Food,individual,Amritsar,Punjab,,FIJI5501070753851,ACTIVE,833.11,MCH7955,0,0,0,0,1,0,0
MCH9125,Raghavan PLC,,Miscellaneous,individual,JPR,Rajasthan,2024-10-10 00:00:00,,ACTIVE,1723.08,MCH9125,0,0,1,1,0,0,0
MCH2111,Dubey-Oommen,7011,Hotels,individual,ludhiana,Punjab,2023-07-26 08:03:00,,ACTIVE,5111.16,MCH2111,0,0,0,1,0,0,0
MCH2370,Mutti-Sarma,5699,Fashion,INDIVIDUAL,Delhi,Delhi,2024-03-08 00:00:00,,ACTIVE,6053.56,MCH-2370,0,0,0,1,0,0,0
MCH2533,"Chhabra, Shah and Tella",5912,Medical,Sole Proprietor,JPR,Rajasthan,2025-05-03 00:00:00,,ACTIVE,2439.28,mch2533,0,0,0,1,0,0,0
MCH6019,Chatterjee Ltd,,Food,PRIVATE-LIMITED,Dilli,Delhi,2026-01-25 00:00:00,UFWO7733965180914,ACTIVE,100.27,MCH6019,0,0,1,0,0,0,0
MCH5477,Mahajan Ltd,5699,CLOTHS,individual,Bengaluru,Karnataka,2025-09-01 00:00:00,CBRP2025489889025,ACTIVE,3690.89,MCH 5477,0,0,0,0,0,0,0
MCH9460,"Oza, Balakrishnan and Kapoor",5942,Stationery,INDIVIDUAL,Madras,Tamil Nadu,,XXXX5842,ACTIVE,481.26,MCH 9460,0,0,0,0,1,0,0
MCH4077,"Khalsa, Jaggi and Bumb",5812,Restaurants,SOLE-PROPRIETOR,jaipur,Rajasthan,2023-10-26 00:00:00,,ACTIVE,583.76,MCH 4077,0,0,0,1,0,0,0
7737,"Sarma, Tripathi and Chandra",1310,transprt,Sole Proprietor,mumbai,Maharashtra,2023-09-19 00:00:00,9889598730,ACTIVE,-1625.72,7737,1,0,0,0,0,0,0
MCH7985,"Ba1ay, Mammen and Raman",5812,Restaurants,Partnership,LKO,Uttar Pradesh,2023-12-16 19:17:00,,ACTIVE,2429.67,MCH7985,0,0,0,1,0,0,0
MCH2299,Ahluwalia Inc,4131,TRAVEL,PARTNERSHIP,Ludhiana,Punjab,2024-12-02 23:31:00,,ACTIVE,2936.54,MCH2299,0,0,0,1,0,0,0
MCH2613,"Grewal, Gade and Bhattacharyya",4814,Mobile Recharge,private_limited,kolkata,West Bengal,2023-06-04 01:02:27,,HOLD,1066.15,MCH2613,0,0,0,1,0,0,0
MCH4424,"Date, Soman and Lall",5311,Department Store,Private Limited,chennai,Tamil Nadu,2024-02-01 22:21:10,GBLD6739471452450,ACTIVE,-410.17,MCH4424,1,0,0,0,0,0,0
MCH7353,"Tara, Rajag0pa1an and Ramanathan",5311,Department Store,partnership,mumbai,Maharashtra,2024-10-16 00:00:00,6926383860,ACTIVE,840.14,MCH7353,0,0,0,0,0,0,0
MCH3203,Randhawa-Pant,5311,Retail,PARTNERSHIP,jaipur,Rajasthan,2024-12-16 07:20:41,XXXX9443,ACTIVE,,MCH3203,0,1,0,0,0,0,0
MCH4669,"Sidhu, Subramanian and Chakraborty",7011,Hospitality,PRIVATE_LIMITED,Bangalore,Karnataka,2023-03-20 14:14:52,,ACTIVE,,MCH4669,0,1,0,1,0,0,0
MCH4478,Shenoy Inc,4131,Transport,PRIVATE_LIMITED,pune,Maharashtra,2024-04-19 20:17:16,,ACTIVE,3749.72,MCH4478,0,0,0,1,0,0,0
MCH8306,"Wason, Saraf and Dube",,Hospitality,partnership,BLR,Karnataka,2025-02-15 00:00:00,2587742511,ACTIVE,67.35,MCH8306,0,0,1,0,0,0,0
MCH2801,"Khurana, Oza and Divan",4814,Mobile Recharge,private_limited,New Delhi,Delhi,2025-10-14 00:00:00,,ACTIVE,406.76,MCH2801,0,0,0,1,0,0,0
MCH8972,VIG INC,5411,Grocery Stores,PARTNERSHIP,Calcutta,West Bengal,2024-08-17 00:00:00,,ACTIVE,835.08,MCH8972,0,0,0,1,0,0,0
MCH7982,De0 Ltd,5311,DEPT_STORE,PARTNERSHIP,LDH,Punjab,2023-01-14 04:48:22,KDBH6204467913349,ACTIVE,0.579,MCH 7982,0,0,0,0,0,0,0
MCH6069,Krish-Joshi,,Fashion,Private Limited,ASR,Punjab,2024-07-30 00:00:00,XXXX1701,ACTIVE,252.19,MCH6069,0,0,1,0,0,0,0
5488,Pradhan-Nagy,8140,TELECOM,PRIVATE_LIMITED,Lucknow,Uttar Pradesh,,,ACTIVE,0.1893,5488,0,0,0,1,1,0,0
MCH6650,Reddy LLC,,GROCERY_STORE,sole_proprietor,Pune,Maharashtra,2024-02-28 00:00:00,XXXX5775,ACTIVE,3251.25,MCH6650,0,0,1,0,0,0,0
MCH4209,Bahri-Kari,4131,Bus/Taxi,INDIVIDUAL,JPR,Rajasthan,2025-12-29 00:00:00,,ACTIVE,1717.86,MCH4209,0,0,0,1,0,0,0
MCH8899,bedi and sons,5699,garments,private_limited,kolkata,West Bengal,2025-02-25 00:00:00,XXXX6442,SUSPENDED,,MCH8899,0,1,0,0,0,1,0
MCH6061,Anand-Savant,5411,GROCERY_STORE,SOLE-PROPRIETOR,amritsar,Punjab,2026-02-08 12:13:00,,ACTIVE,-625.71,MCH6061,1,0,0,1,0,0,0
MCH4587,Karnik and Sons,5311,retail,Partnership,jaipur,Rajasthan,2025-07-02 00:00:00,,INACTIVE,2493.1,MCH4587,0,0,0,1,0,0,0
MCH8467,"Tara, Nagi and Keer",,Grocery Stores,sole_proprietor,Chennai,Tamil Nadu,2024-06-08 00:00:00,YVFX0584692360896,INACTIVE,3292.09,MCH8467,0,0,1,0,0,0,0
MCH9196,"Dani, Palla and Ramachandran",7011,Hotels,sole_proprietor,Hyd,Telangana,2023-02-04 00:00:00,5171234438,ACTIVE,403.86,mch9196,0,0,0,0,0,0,0
MCH3669,"Dutta, Banerjee and Saini",5999,Misc Retail,Private Limited,lucknow,Uttar Pradesh,2024-09-03 00:00:00,9041253658,ACTIVE,2883.4,MCH3669,0,0,0,0,0,0,0
MCH9375,"Bhalla, Koshy and Sule",,Books,INDIVIDUAL,LDH,Punjab,2023-07-28 23:16:10,XXXX7795,INACTIVE,924.32,MCH9375,0,0,1,0,0,0,0
MCH7331,"Bakshi,PillaiandDhaliwal",5812,Restaurant,sole_proprietor,Lucknow,Uttar Pradesh,,2802277765,INACTIVE,490.55,MCH 7331,0,0,0,0,1,0,0
MCH5503,Suri Ltd,4131,transprt,private_limited,kolkata,West Bengal,2024-08-30 18:32:00,,ACTIVE,2446.68,MCH 5503,0,0,0,1,0,0,0
MCH3788,Kuruvilla Ltd,5411,Grocery Stores,sole_proprietor,Hyderabad,Telangana,2024-10-03 00:00:00,,ACTIVE,4329.09,MCH 3788,0,0,0,1,0,0,0
MCH9386,Shankar Ltd,1310,Transport,INDIVIDUAL,Amritsar,Punjab,2023-10-23 00:00:00,XXXX6796,ACTIVE,-252.98,MCH9386,1,0,0,0,0,0,0
MCH3856,"MUKHOPADHYAY, LOYAL AND PARSA",5812,eating place,SOLE-PROPRIETOR,New Delhi,Delhi,2024-10-12 00:00:00,,ACTIVE,9442.27,MCH-3856,0,0,0,1,0,0,0
MCH1679,"Chawla, Sura and Pal",1310,Bus/Taxi,Individual,LKO,Uttar Pradesh,2026-01-30 14:56:48,XXXX9878,SUSPENDED,0.103,MCH1679,0,0,0,0,0,1,0
MCH4716,Goda-Agate,5411,groceries,Sole Proprietor,Dilli,Delhi,2026-07-01 00:00:00,5226052062,ACTIVE,1438.61,mch4716,0,0,0,0,0,0,0
MCH3837,"Sankar, Dass and Sarna",7011,Hotel,SOLE-PROPRIETOR,LKO,Uttar Pradesh,2024-01-04 00:00:00,,ACTIVE,568.41,MCH3837,0,0,0,1,0,0,0
MCH9129,"sinha, chauhan and sathe",5411,Grocery,partnership,Calcutta,West Bengal,2025-07-06 00:00:00,VXNZ5598805748177,ACTIVE,914.12,MCH9129,0,0,0,0,0,0,0
MCH9234,"Jhaveri, Chandran and Shukla",7011,Hospitality,Partnership,Lucknow,Uttar Pradesh,2024-07-26 00:00:00,XXXX3221,ACTIVE,762.04,MCH9234,0,0,0,0,0,0,0
MCH7880,TIWARI-DUA,4131,Bus/Taxi,SOLE-PROPRIETOR,Ludhiana,Punjab,,XXXX1699,ACTIVE,12814.22,MCH7880,0,0,0,0,1,0,0
MCH5108,bora llc,5411,groceries,Private Limited,Jalandhar,Punjab,2025-03-16 12:39:17,DLNH5334244521006,ACTIVE,,MCH5108,0,1,0,0,0,0,0
MCH7983,Karpe-Raval,3110,DEPT_STORE,INDIVIDUAL,lucknow,Uttar Pradesh,2024-01-11 00:00:00,XXXX7464,ACTIVE,3843.3,MCH7983,0,0,0,0,0,0,0
MCH7096,Mukhopadhyay-Din,5812,FOOD_SERVICES,Private Limited,Delhi,Delhi,2023-09-21 00:00:00,8048297168,ACTIVE,616.51,MCH7096,0,0,0,0,0,0,0
MCH8325,Sarin Inc,9990,Miscellaneous,INDIVIDUAL,Amritsar,Punjab,2025-03-19 00:00:00,1450425498,ACTIVE,1640.03,MCH8325,0,0,0,0,0,0,0
MCH1744,"Mani, Tara and Mane",4131,TRAVEL,SOLE-PROPRIETOR,ludhiana,Punjab,2023-03-20 16:42:33,,INACTIVE,466.22,MCH1744,0,0,0,1,0,0,0
MCH2442,Gole PLC,5812,eating place,PARTNERSHIP,Mumbai,Maharashtra,2024-08-28 00:00:00,7767111670,ACTIVE,625.13,MCH2442,0,0,0,0,0,0,0
MCH9050,Bali Ltd,4131,Bus/Taxi,Individual,jalandhar,Punjab,2025-06-01 00:00:00,8040024958,SUSPENDED,847.23,MCH9050,0,0,0,0,0,1,0
MCH1211,"Munshi, Pai and Sibal",5311,Retail,SOLE_PROPRIETOR,delhi,Delhi,2023-01-04 00:00:00,NHYW6672789857023,ACTIVE,296.16,MCH1211,0,0,0,0,0,0,0
MCH7779,"Mane, Bassi and Samra",5699,Clothing,Partnership,LKO,Uttar Pradesh,2024-12-12 19:16:00,UAHK2726212156650,ACTIVE,,MCH7779,0,1,0,0,0,0,0
MCH7341,VARUGHESE INC,7011,HOTEL_LODGING,Partnership,kolkata,West Bengal,2023-04-24 02:30:00,,ACTIVE,-3711.54,MCH7341,1,0,0,1,0,0,0
MCH2636,Rau PLC,5311,Department Store,PARTNERSHIP,delhi,Delhi,2024-04-06 14:07:44,,ACTIVE,5739.27,MCH-2636,0,0,0,1,0,0,0
MCH5433,Subramanian PLC,5699,garments,partnership,LDH,Punjab,2024-06-07 19:30:00,XXXX5051,ACTIVE,673.68,MCH5433,0,0,0,0,0,0,0
MCH7127,"Chhabra, Dayal and Sood",5699,Apparel,individual,amritsar,Punjab,2024-06-05 00:00:00,7467986775,ACTIVE,0.1738,MCH7127,0,0,0,0,0,0,0
MCH6010,"Tak, Sani and Jaggi",5912,Pharmacies,individual,JPR,Rajasthan,2024-01-20 00:00:00,TXCH9949373918886,ACTIVE,1022.54,MCH6010,0,0,0,0,0,0,0
MCH3810,Mallick-Lall,5411,kirana,Private Limited,lucknow,Uttar Pradesh,2025-12-07 00:00:00,XXXX7137,SUSPENDED,630.92,MCH3810,0,0,0,0,0,1,0
MCH9478,"desai, borah and dugar",,Other,PRIVATE-LIMITED,Kolkata,West Bengal,,,BLOCKED,1333.54,MCH9478,0,0,1,1,1,0,1
MCH1856,"Sem, Dhawan and Bakshi",,groceries,SOLE_PROPRIETOR,Bangalore,Karnataka,2023-07-27 00:00:00,9292167540,INACTIVE,2232.22,MCH1856,0,0,1,0,0,0,0
MCH5741,Uppal Group,,Books,individual,Bombay,Maharashtra,2023-05-30 00:00:00,SZOY5586957641724,ACTIVE,,MCH5741,0,1,1,0,0,0,0
2551,Nagarajan and Sons,,FOOD_SERVICES,SOLE-PROPRIETOR,bengaluru,Karnataka,,NFIY9606847093350,ACTIVE,0.79,2551,0,0,1,0,1,0,0
MCH4934,Shroff Inc,5912,Pharmacy,PRIVATE-LIMITED,ASR,Punjab,2025-12-08 00:00:00,OBRZ2207838983000,ACTIVE,1471.24,mch4934,0,0,0,0,0,0,0
7586,"Hayer, Savant and Tiwari",5311,Department Store,partnership,Pune,Maharashtra,2024-03-31 00:00:00,ODJU9409130463225,ACTIVE,765.1,7586,0,0,0,0,0,0,0
MCH7202,UPPAL PLC,4131,Transportation,INDIVIDUAL,Jaipur,Rajasthan,2023-01-03 00:00:00,INKB4884883910397,INACTIVE,-1350.11,MCH7202,1,0,0,0,0,0,0
MCH1445,Wali PLC,5411,groceries,sole_proprietor,Hyd,Telangana,2023-11-09 17:23:59,8128323198,ACTIVE,0.12,MCH1445,0,0,0,0,0,0,0
MCH1551,malhotra-subramanian,5812,eating place,PARTNERSHIP,Pune,Maharashtra,2024-06-13 00:00:00,,ACTIVE,1909.07,MCH1551,0,0,0,1,0,0,0
MCH2356,"Vyas, Chhabra and Kala",,HOTEL_LODGING,PRIVATE-LIMITED,Chennai,Tamil Nadu,2024-08-07 00:00:00,,ACTIVE,2064.97,MCH2356,0,0,1,1,0,0,0
6090,Nigam-Balakrishnan,9420,Stationery,PARTNERSHIP,Jalandhar,Punjab,2024-07-14 00:00:00,KPZR0795458662994,ACTIVE,0.3151,6090,0,0,0,0,0,0,0
MCH9762,Kara LLC,5999,Retail Other,INDIVIDUAL,Dilli,Delhi,,9982880458,ACTIVE,413.17,MCH9762,0,0,0,0,1,0,0
MCH6603,Atwal PLC,7011,Hotels,SOLE-PROPRIETOR,Jaipur,Rajasthan,2024-08-20 00:00:00,GWCP5106034968553,ACTIVE,694.88,MCH6603,0,0,0,0,0,0,0
MCH9349,"Bhat, Suri and Khalsa",5999,Retail Other,INDIVIDUAL,HYDERABAD,Telangana,2023-07-15 00:00:00,7591595714,ACTIVE,2394.34,mch9349,0,0,0,0,0,0,0
MCH6176,"TANDON, BADAL AND NATARAJAN",4131,TRAVEL,PRIVATE_LIMITED,Hyderabad,Telangana,2025-10-12 00:00:00,XXXX9488,ACTIVE,2925.84,MCH6176,0,0,0,0,0,0,0
MCH4685,Mukhopadhyay-Cheema,,books,private_limited,Chennai,Tamil Nadu,2023-07-22 11:31:48,3857368814,SUSPENDED,,MCH4685,0,1,1,0,0,1,0
MCH2738,Yadav Group,5999,Other,Individual,pune,Maharashtra,2024-11-03 22:47:58,8802607832,ACTIVE,1282.34,MCH2738,0,0,0,0,0,0,0
MCH2981,Sami-Sura,5942,stationery,individual,Kolkata,West Bengal,2023-01-27 00:00:00,,ACTIVE,512.85,MCH2981,0,0,0,1,0,0,0
MCH1168,"Seshadri, Borah and Sachdeva",,chemist,Individual,Pune,Maharashtra,2026-01-04 03:19:25,CWXA5916653675162,ACTIVE,4780.41,MCH-1168,0,0,1,0,0,0,0
MCH4475,"Ray, Kulkarni and Suresh",5311,dept_store,PRIVATE_LIMITED,Ludhiana,Punjab,2024-03-03 00:00:00,XXXX5127,ACTIVE,3417.23,MCH 4475,0,0,0,0,0,0,0
MCH5308,Shukla-Trivedi,,Food,individual,jaipur,Rajasthan,2025-06-11 00:00:00,7037226511,ACTIVE,,MCH5308,0,1,1,0,0,0,0
MCH5780,Oak-Mody,5999,Retail Other,partnership,Pune,Maharashtra,2023-02-07 00:00:00,XXXX4121,INACTIVE,,MCH5780,0,1,0,0,0,0,0
MCH7679,"Bal, Ganesh and Malhotra",5942,Stationery,PRIVATE-LIMITED,MUMBAI,Maharashtra,2025-12-15 23:24:32,OOXS0496924835573,ACTIVE,3308.0,mch7679,0,0,0,0,0,0,0
MCH3725,Puri PLC,5812,Restaurants,Sole Proprietor,Amritsar,Punjab,2023-01-23 00:00:00,XXXX0142,ACTIVE,0.6457,MCH3725,0,0,0,0,0,0,0
MCH9338,D’Alia-Mitter,,Books,Partnership,mumbai,Maharashtra,2025-01-07 00:00:00,,ACTIVE,604.36,MCH9338,0,0,1,1,0,0,0
MCH9586,Ghose PLC,7011,Hotels,PRIVATE_LIMITED,Chennai,Tamil Nadu,2023-03-30 00:00:00,,ACTIVE,2522.89,MCH9586,0,0,0,1,0,0,0
MCH7282,chopra llc,5411,kirana,PARTNERSHIP,amritsar,Punjab,2025-12-14 09:02:00,XXXX9513,ACTIVE,0.1111,MCH7282,0,0,0,0,0,0,0
2274,D’Alia Group,4131,transprt,sole_proprietor,LDH,Punjab,2024-04-26 00:00:00,VFBL8074058900545,SUSPENDED,,2274,0,1,0,0,0,1,0
MCH8639,Samra-Behl,7011,Hospitality,PRIVATE-LIMITED,bengaluru,Karnataka,2024-06-30 11:58:00,,INACTIVE,2557.45,MCH8639,0,0,0,1,0,0,0
MCH9410,Sagar-Chawla,5699,Fashion,INDIVIDUAL,jalandhar,Punjab,2026-01-24 00:00:00,XXXX0534,ACTIVE,0.82,MCH9410,0,0,0,0,0,0,0
MCH4168,"Chad, Dyal and Golla",5999,Retail Other,PARTNERSHIP,pune,Maharashtra,2023-06-10 10:22:54,XXXX8341,ACTIVE,1194.41,MCH4168,0,0,0,0,0,0,0
MCH5660,Goda-Goda,8120,Restaurants,PARTNERSHIP,ludhiana,Punjab,,XXXX9971,ACTIVE,-1213.87,MCH 5660,1,0,0,0,1,0,0
MCH6612,sule-pillay,5812,Restaurant,partnership,pune,Maharashtra,2025-09-09 00:00:00,ATSN3885757440400,ACTIVE,2010.07,MCH6612,0,0,0,0,0,0,0
MCH1250,Ben-Thaman,5411,GROCERY_STORE,SOLE_PROPRIETOR,bengaluru,Karnataka,,BWCW6486975518274,SUSPENDED,1524.37,MCH1250,0,0,0,0,1,1,0
MCH6748,Sathe Inc,5411,Grocery Stores,SOLE_PROPRIETOR,kolkata,West Bengal,2023-05-07 00:00:00,,INACTIVE,1451.17,MCH6748,0,0,0,1,0,0,0
MCH3595,"SRIVASTAVA, MERCHANT AND KOTA",5311,Retail,PRIVATE-LIMITED,ludhiana,Punjab,2025-01-03 13:32:00,3018831600,INACTIVE,0.1153,mch3595,0,0,0,0,0,0,0
MCH5736,Agate LLC,4131,transprt,SOLE-PROPRIETOR,delhi,Delhi,2023-04-16 00:00:00,XXXX7731,ACTIVE,3557.14,MCH5736,0,0,0,0,0,0,0
MCH1646,Golla and Sons,,groceries,INDIVIDUAL,MUMBAI,Maharashtra,2024-09-23 00:00:00,,INACTIVE,-790.28,MCH1646,1,0,1,1,0,0,0
MCH1618,Muni Ltd,5812,Restaurant,Individual,delhi,Delhi,2023-11-01 18:31:16,,ACTIVE,1051.73,MCH-1618,0,0,0,1,0,0,0
MCH8421,"Wali, Chowdhury and Barman",5812,Restaurant,Private Limited,Bengaluru,Karnataka,2023-10-08 02:41:00,7007867420,ACTIVE,966.94,MCH-8421,0,0,0,0,0,0,0
MCH6446,upadhyay-upadhyay,5812,eating place,PARTNERSHIP,jalandhar,Punjab,2024-12-05 15:55:00,,ACTIVE,-2923.06,MCH6446,1,0,0,1,0,0,0
MCH8164,"Devan, Basu and Buch",5812,Food,private_limited,delhi,Delhi,2023-04-26 00:00:00,KRTZ4526793978232,ACTIVE,3036.35,MCH 8164,0,0,0,0,0,0,0
MCH2786,Gola Inc,5699,Clothing,PARTNERSHIP,Chennai,Tamil Nadu,2024-12-19 14:34:15,XXXX8423,ACTIVE,576.47,MCH 2786,0,0,0,0,0,0,0
MCH9861,"Mukherjee, Murthy and Jani",4131,Transport,PRIVATE-LIMITED,ludhiana,Punjab,2025-06-22 00:00:00,,ACTIVE,719.77,MCH 9861,0,0,0,1,0,0,0
MCH4624,"krishnamurthy, mandal and luthra",5999,Miscellaneous,Individual,Chennai,Tamil Nadu,2025-06-08 00:00:00,5143404041,ACTIVE,784.01,MCH4624,0,0,0,0,0,0,0
MCH1323,DHAR AND SONS,5942,Books,Partnership,Amritsar,Punjab,,BGGB6995281283064,ACTIVE,-3792.9,MCH1323,1,0,0,0,1,0,0
MCH6291,Sheth-Anne,5311,Retail,partnership,Delhi,Delhi,2025-10-15 00:00:00,5416820526,SUSPENDED,-2021.5,MCH 6291,1,0,0,0,0,1,0
MCH7355,"rastogi, ahluwalia and tata",5311,DEPT_STORE,PRIVATE-LIMITED,mumbai,Maharashtra,,XJBM2228557617179,ACTIVE,0.2172,MCH7355,0,0,0,0,1,0,0
MCH7244,Nadig-Kata,,Transport,PARTNERSHIP,Bangalore,Karnataka,2024-08-02 04:15:28,1173278568,ACTIVE,1686.67,MCH7244,0,0,1,0,0,0,0
MCH2202,"dass, vala and goda",9120,Pharmacy,private_limited,Hyd,Telangana,2023-06-19 00:00:00,EGTB4563622891580,HOLD,-1191.83,MCH2202,1,0,0,0,0,0,0
MCH4651,Bhat-Kamdar,9990,Other,Sole Proprietor,Hyd,Telangana,2024-06-05 00:00:00,9030856078,ACTIVE,718.3,MCH4651,0,0,0,0,0,0,0
MCH8014,Mukherjee Inc,5912,Pharmacies,SOLE-PROPRIETOR,jaipur,Rajasthan,2026-01-25 00:00:00,,ACTIVE,702.0,MCH8014,0,0,0,1,0,0,0
MCH3726,Varughese PLC,4814,phone service,INDIVIDUAL,Lucknow,Uttar Pradesh,2024-11-13 08:40:19,,ACTIVE,3572.06,MCH3726,0,0,0,1,0,0,0
MCH1147,Dayal-Sabharwal,4814,phone service,Individual,Kolkata,West Bengal,2023-11-23 00:00:00,XXXX2380,INACTIVE,939.97,MCH1147,0,0,0,0,0,0,0
MCH6205,Munshi Inc,4814,Telecom,sole_proprietor,LDH,Punjab,2026-01-01 00:00:00,JWPM8696907638772,ACTIVE,230.73,MCH6205,0,0,0,0,0,0,0
MCH5103,"MORAR, KANNAN AND PUROHIT",7011,Hotel,Individual,LKO,Uttar Pradesh,2023-12-11 00:00:00,8919993904,SUSPENDED,,MCH 5103,0,1,0,0,0,1,0
MCH6474,Dewan-Khatri,,Transportation,PARTNERSHIP,lucknow,Uttar Pradesh,2023-02-09 22:28:51,,ACTIVE,-231.31,MCH6474,1,0,1,1,0,0,0
MCH1001,Anand-Kothari,,kirana,Partnership,pune,Maharashtra,2026-02-17 06:54:00,7962506762,ACTIVE,332.55,MCH 1001,0,0,1,0,0,0,0
MCH8805,bose inc,5699,CLOTHS,Individual,LDH,Punjab,2024-07-10 00:00:00,,ACTIVE,6022.98,MCH-8805,0,0,0,1,0,0,0
MCH6507,"Ba1akrishnan, Shr0ff and Tank",4131,Bus/Taxi,individual,ludhiana,Punjab,2024-10-28 12:41:00,XEKQ6062690527278,ACTIVE,1269.14,MCH6507,0,0,0,0,0,0,0
MCH2710,Kohli Group,5699,Apparel,Partnership,New Delhi,Delhi,2025-05-29 00:00:00,,ACTIVE,0.2106,MCH 2710,0,0,0,1,0,0,0
MCH2841,"Memon, Samra and Rajagopal",5942,Book Store,SOLE-PROPRIETOR,MUMBAI,Maharashtra,2024-06-13 00:00:00,,ACTIVE,,MCH2841,0,1,0,1,0,0,0
MCH6105,upadhyay plc,7011,hotels,Sole Proprietor,Calcutta,West Bengal,2024-02-07 00:26:26,,SUSPENDED,527.81,MCH-6105,0,0,0,1,0,1,0
MCH6365,Bora-Sood,5311,Department Stores,Individual,Pune,Maharashtra,2025-06-28 00:00:00,,ACTIVE,-3013.41,MCH6365,1,0,0,1,0,0,0
MCH3459,Nagi-Saini,4814,TELECOM,sole_proprietor,HYDERABAD,Telangana,2023-09-03 00:00:00,CIPH7138178222112,ACTIVE,2617.26,MCH3459,0,0,0,0,0,0,0
MCH2310,Raj Ltd,5411,Grocery Stores,PARTNERSHIP,JPR,Rajasthan,2026-02-13 22:28:00,,INACTIVE,681.98,MCH2310,0,0,0,1,0,0,0
MCH9429,Varghese-Mitter,7011,Hotel,partnership,Hyd,Telangana,2024-12-16 00:00:00,ICYM9819940442894,ACTIVE,1566.55,MCH9429,0,0,0,0,0,0,0
MCH9148,Venkatesh and Sons,7011,Hospitality,SOLE-PROPRIETOR,Hyderabad,Telangana,2023-07-16 21:32:00,XXXX2774,ACTIVE,0.503,MCH-9148,0,0,0,0,0,0,0
MCH6388,Raval-Cherian,,Restaurant,PARTNERSHIP,Mumbay,Maharashtra,2023-11-15 00:49:17,,ACTIVE,2297.8,MCH6388,0,0,1,1,0,0,0
MCH2600,Prabhakar and Sons,5699,Fashion,PARTNERSHIP,kolkata,West Bengal,2024-12-17 20:12:43,1873277155,ACTIVE,-1712.51,MCH2600,1,0,0,0,0,0,0
MCH1079,Sharaf and Sons,,Mobile Recharge,Sole Proprietor,Poona,Maharashtra,2023-10-20 00:00:00,,ACTIVE,455.39,MCH1079,0,0,1,1,0,0,0
MCH7047,BATTA-BHAVSAR,4814,phone service,INDIVIDUAL,Lucknow,Uttar Pradesh,,DJKB0646172113081,ACTIVE,691.03,MCH7047,0,0,0,0,1,0,0
MCH7028,"Mohanty, Ray and Prabhu",5942,Books,Individual,Hyd,Telangana,2024-03-22 00:00:00,,ACTIVE,0.174,MCH7028,0,0,0,1,0,0,0
MCH5050,Subramanian-Dua,5942,Book Store,PARTNERSHIP,pune,Maharashtra,2025-08-28 14:42:57,,ACTIVE,0.1506,MCH5050,0,0,0,1,0,0,0
MCH1516,LOYAL AND SONS,5999,Misc Retail,Private Limited,LDH,Punjab,2023-01-12 14:16:00,XXXX1307,ACTIVE,1471.99,MCH1516,0,0,0,0,0,0,0
MCH4223,"Bajwa, Khurana and Sinha",,retail,SOLE_PROPRIETOR,bengaluru,Karnataka,2025-03-15 00:00:00,,INACTIVE,585.1,MCH4223,0,0,1,1,0,0,0
MCH2907,VARUGHESE-MANI,9120,MEDICAL_STORE,Sole Proprietor,Chennai,Tamil Nadu,2023-04-25 00:00:00,,ACTIVE,0.1106,MCH-2907,0,0,0,1,0,0,0
MCH4508,Prakash Ltd,8120,eating place,Private Limited,MUMBAI,Maharashtra,2023-12-12 16:42:00,9822144537,HOLD,1744.61,MCH4508,0,0,0,0,0,0,0
MCH1168,"Dugal, Thaker and Rana",5699,Apparel,PARTNERSHIP,Hyd,Telangana,2023-04-28 00:00:00,ZVAL3726006910876,INACTIVE,900.21,MCH1168,0,0,0,0,0,0,0
MCH4627,Barman-Kashyap,5699,CLOTHS,PARTNERSHIP,pune,Maharashtra,2026-01-10 00:00:00,,ACTIVE,1852.01,MCH4627,0,0,0,1,0,0,0
MCH2197,Palan-Bhatti,5311,Department Stores,partnership,DELHI,Delhi,,YPNI1403413664050,ACTIVE,2800.25,MCH2197,0,0,0,0,1,0,0
MCH5447,Ram-Shetty,,HOTEL_LODGING,PARTNERSHIP,Bangalore,Karnataka,2023-03-11 00:00:00,,ACTIVE,-606.16,MCH5447,1,0,1,1,0,0,0
MCH4992,VISWANATHAN-PANDEY,7011,HOTEL_LODGING,INDIVIDUAL,jalandhar,Punjab,2024-02-19 00:00:00,,SUSPENDED,918.79,MCH4992,0,0,0,1,0,1,0
MCH6513,"Krishna, Deshpande and Kar",5311,DEPT_STORE,INDIVIDUAL,Bombay,Maharashtra,2025-08-13 00:00:00,XXXX3471,ACTIVE,2622.03,MCH6513,0,0,0,0,0,0,0
MCH4998,"Sura, Kanda and Chopra",5411,Grocery Stores,partnership,Pune,Maharashtra,2023-12-11 21:39:11,6601172673,INACTIVE,-2782.68,MCH 4998,1,0,0,0,0,0,0
MCH7838,"Yohannan, Sethi and Khare",8120,FOOD_SERVICES,SOLE-PROPRIETOR,ASR,Punjab,2024-03-25 00:00:00,,ACTIVE,974.3,MCH7838,0,0,0,1,0,0,0
MCH6205,"Manne, Zachariah and Arora",5311,Department Stores,Private Limited,Bombay,Maharashtra,2025-06-23 00:00:00,4034175727,ACTIVE,0.756,MCH6205,0,0,0,0,0,0,0
MCH9967,Kaul LLC,5812,eating place,Individual,Lucknow,Uttar Pradesh,2023-12-23 00:00:00,HXGW3877013830442,ACTIVE,0.42,MCH-9967,0,0,0,0,0,0,0
MCH1580,"Subramaniam, Krishnamurthy and Din",5999,Miscellaneous,SOLE_PROPRIETOR,Kolkata,West Bengal,2025-08-01 00:00:00,IDJM3876425874680,ACTIVE,2992.77,MCH1580,0,0,0,0,0,0,0
MCH9942,"Joshi,PradhanandBawa",5311,Department Stores,PARTNERSHIP,Mumbai,Maharashtra,2023-08-22 00:00:00,7937476711,ACTIVE,289.38,MCH-9942,0,0,0,0,0,0,0
MCH3693,"Rajagopal, Savant and Ganesan",4814,Mobile Recharge,Individual,Jalandhar,Punjab,2025-02-26 00:00:00,XXXX6831,ACTIVE,893.17,MCH3693,0,0,0,0,0,0,0
MCH3764,Tandon and Sons,5912,Medical,Partnership,mumbai,Maharashtra,2025-12-30 00:00:00,,ACTIVE,0.3428,MCH3764,0,0,0,1,0,0,0
MCH3147,Acharya-Uppal,4131,TRAVEL,individual,Madras,Tamil Nadu,2024-02-10 02:28:00,1420771239,ACTIVE,0.343,MCH3147,0,0,0,0,0,0,0
MCH2674,nair llc,4131,Bus/Taxi,sole_proprietor,New Delhi,Delhi,2025-02-24 00:00:00,PQUC6680227510245,INACTIVE,-396.74,MCH2674,1,0,0,0,0,0,0
MCH9542,"Buch, Singhal and Bhardwaj",5812,FOOD_SERVICES,INDIVIDUAL,Madras,Tamil Nadu,2023-01-05 00:00:00,ATYU2810542090525,INACTIVE,0.2703,MCH 9542,0,0,0,0,0,0,0
MCH8656,"Sarma, Krish and Ranganathan",5942,BOOKS_STATIONERY,SOLE_PROPRIETOR,Kolkata,West Bengal,2025-04-02 00:00:00,ZBCP7467206635740,ACTIVE,,MCH8656,0,1,0,0,0,0,0
MCH8550,Nayar Ltd,,phone service,Partnership,Jalandar,Punjab,2024-01-09 17:54:25,CEPK3792011478067,ACTIVE,1649.78,MCH8550,0,0,1,0,0,0,0
MCH2905,Goyal-Gopal,5912,Medical,INDIVIDUAL,Dilli,Delhi,2024-02-13 00:00:00,,SUSPENDED,2312.5,MCH2905,0,0,0,1,0,1,0
MCH5737,"Barad, Majumdar and Barad",5699,garments,PRIVATE-LIMITED,Jaipur,Rajasthan,2025-12-18 00:00:00,,ACTIVE,589.94,MCH5737,0,0,0,1,0,0,0
MCH9195,"Manne, Parsa and Ratta",3110,Department Store,Individual,Kolkata,West Bengal,2025-01-08 03:54:16,XXXX4221,ACTIVE,1304.69,MCH9195,0,0,0,0,0,0,0
MCH7720,Agate-Krishnamurthy,7011,HOTEL_LODGING,PRIVATE-LIMITED,Madras,Tamil Nadu,2025-10-12 22:57:00,,ACTIVE,0.475,MCH7720,0,0,0,1,0,0,0
MCH4233,Parmar and Sons,5912,medical_store,Sole Proprietor,BLR,Karnataka,2024-07-30 22:30:00,4132683121,INACTIVE,3068.07,MCH4233,0,0,0,0,0,0,0
5786,"Bhasin, Manda1 and Tank",4131,Bus/Taxi,INDIVIDUAL,Kolkata,West Bengal,2025-08-02 00:00:00,2599782072,INACTIVE,1913.26,5786,0,0,0,0,0,0,0
MCH3405,"DARA, BOASE AND CHADA",9990,Misc Retail,Partnership,pune,Maharashtra,2024-03-06 00:00:00,XXXX5690,ACTIVE,210.2,MCH3405,0,0,0,0,0,0,0
MCH6743,Zacharia Inc,5411,kirana,INDIVIDUAL,Dilli,Delhi,2024-03-31 03:21:00,XXXX6034,ACTIVE,1075.68,MCH6743,0,0,0,0,0,0,0
MCH4548,"Butala, Som and Modi",4131,transprt,PRIVATE-LIMITED,BLR,Karnataka,,6510148022,SUSPENDED,568.11,MCH4548,0,0,0,0,1,1,0
MCH1639,Halder Inc,5411,GROCERY_STORE,sole_proprietor,Chennai,Tamil Nadu,2023-12-04 00:00:00,OKNU6888775607813,INACTIVE,-2075.47,MCH1639,1,0,0,0,0,0,0
MCH9640,"Jain, Sant and Oak",5699,CLOTHS,individual,Bengaluru,Karnataka,,4751326262,ACTIVE,-714.89,MCH-9640,1,0,0,0,1,0,0
MCH1853,Mukhopadhyay Inc,5699,CLOTHS,INDIVIDUAL,ASR,Punjab,2024-04-10 00:00:00,,ACTIVE,2522.93,MCH1853,0,0,0,1,0,0,0
MCH8563,Brar PLC,,Restaurants,Partnership,pune,Maharashtra,2024-11-21 02:24:00,,SUSPENDED,943.44,MCH8563,0,0,1,1,0,1,0
MCH5851,"Chakrabarti, Sen and Misra",5411,kirana,SOLE-PROPRIETOR,Poona,Maharashtra,2026-02-15 14:58:09,XXXX3366,ACTIVE,1867.35,MCH5851,0,0,0,0,0,0,0
MCH4170,Saha-Sangha,5311,Department Stores,Individual,Lucknow,Uttar Pradesh,2024-05-31 00:00:00,YABO3956354404742,ACTIVE,1858.07,MCH 4170,0,0,0,0,0,0,0
MCH5795,"Sunder, Bera and Srinivas",7011,HOTEL_LODGING,PRIVATE_LIMITED,Calcutta,West Bengal,2023-05-19 17:04:00,,ACTIVE,0.167,MCH5795,0,0,0,1,0,0,0
MCH4100,RAJA-VASA,7011,Hospitality,SOLE_PROPRIETOR,jalandhar,Punjab,2025-06-28 00:00:00,7806774171,ACTIVE,479.15,MCH4100,0,0,0,0,0,0,0
MCH6634,Dave-Sundaram,5999,Miscellaneous,PRIVATE_LIMITED,Ludhiana,Punjab,2024-12-10 00:00:00,,INACTIVE,1276.14,MCH6634,0,0,0,1,0,0,0
MCH8427,Lad-Vora,5942,Stationery,PRIVATE_LIMITED,jalandhar,Punjab,2025-03-30 00:00:00,YVUE5995024073682,SUSPENDED,815.94,MCH8427,0,0,0,0,0,1,0
MCH5122,"Chand, Gupta and Bhargava",5812,Restaurants,individual,Jalandhar,Punjab,2024-01-04 00:00:00,XXXX9761,ACTIVE,2946.92,MCH5122,0,0,0,0,0,0,0
MCH2617,Mander-Parmar,4814,Mobile Recharge,PRIVATE-LIMITED,kolkata,West Bengal,2023-08-05 08:15:00,5203670066,ACTIVE,5191.58,MCH2617,0,0,0,0,0,0,0
9433,Chhabra-Naik,5912,Medical,individual,jalandhar,Punjab,2023-12-14 00:00:00,CQOU4085851260723,ACTIVE,4629.09,9433,0,0,0,0,0,0,0
MCH1465,"GARG, MALLICK AND CHADHA",5812,Food,PRIVATE_LIMITED,Dilli,Delhi,2024-03-24 17:13:00,AINO3925620579339,ACTIVE,443.93,MCH1465,0,0,0,0,0,0,0
MCH8912,Chada Ltd,5411,kirana,Partnership,amritsar,Punjab,2023-09-12 00:00:00,MSHJ5068707529037,ACTIVE,1015.47,MCH8912,0,0,0,0,0,0,0
MCH4261,More Ltd,5311,Department Store,Partnership,Pune,Maharashtra,2023-04-06 04:55:30,8057436193,ACTIVE,761.11,MCH4261,0,0,0,0,0,0,0
MCH2975,"Bora, Mander and Dalal",5942,Books,SOLE_PROPRIETOR,chennai,Tamil Nadu,2023-09-05 00:00:00,,INACTIVE,3477.51,mch2975,0,0,0,1,0,0,0
MCH6802,"deo, vohra and palla",3110,Department Store,PRIVATE_LIMITED,Delhi,Delhi,2024-11-04 00:00:00,,ACTIVE,1823.92,MCH6802,0,0,0,1,0,0,0
MCH2105,"Savant, Chauhan and Kumer",5912,chemist,Private Limited,amritsar,Punjab,2024-09-28 00:00:00,,ACTIVE,-898.76,mch2105,1,0,0,1,0,0,0
MCH3094,Wag1e-Thakkar,5699,garments,individual,bengaluru,Karnataka,2024-12-30 00:00:00,UIBH7195313053410,ACTIVE,1038.48,MCH 3094,0,0,0,0,0,0,0
MCH6282,Madan-Din,7011,Hotels,PARTNERSHIP,ASR,Punjab,2026-01-20 00:00:00,,ACTIVE,955.08,MCH6282,0,0,0,1,0,0,0
MCH5872,Sandal Ltd,5411,groceries,Private Limited,Bengaluru,Karnataka,,,ACTIVE,2434.63,MCH5872,0,0,0,1,1,0,0
MCH2394,RAJAGOPALAN LLC,5812,eating place,PARTNERSHIP,Calcutta,West Bengal,,XXXX3997,ACTIVE,2001.35,MCH-2394,0,0,0,0,1,0,0
MCH1068,Mall-Palan,,Other,sole_proprietor,Jaipur,Rajasthan,2026-02-09 09:23:00,PKRN8629349498422,ACTIVE,663.04,MCH1068,0,0,1,0,0,0,0
MCH6355,Dutt PLC,5699,CLOTHS,PRIVATE_LIMITED,Bangalore,Karnataka,2025-04-01 04:52:41,4977061313,ACTIVE,495.94,MCH6355,0,0,0,0,0,0,0
MCH6053,Barad-Sen,5999,Retail Other,INDIVIDUAL,Calcutta,West Bengal,2025-10-20 00:00:00,4325467547,ACTIVE,2730.09,MCH6053,0,0,0,0,0,0,0
MCH8781,Gade PLC,5912,chemist,PRIVATE_LIMITED,Mumbay,Maharashtra,2023-02-27 16:50:53,,ACTIVE,714.3,MCH8781,0,0,0,1,0,0,0
MCH8548,Karpe Ltd,5812,Food,partnership,New Delhi,Delhi,,,ACTIVE,0.699,MCH8548,0,0,0,1,1,0,0
MCH5151,Sachar-Lad,4131,TRAVEL,PARTNERSHIP,mumbai,Maharashtra,2025-04-09 22:00:45,7481974508,ACTIVE,703.87,MCH5151,0,0,0,0,0,0,0
MCH3663,Saini-Gaba,5699,Clothing,SOLE_PROPRIETOR,jaipur,Rajasthan,2025-02-03 00:00:00,,ACTIVE,377.05,MCH3663,0,0,0,1,0,0,0
MCH9006,Chopra-Sandhu,5699,garments,Partnership,LKO,Uttar Pradesh,2024-04-03 00:00:00,XXXX5629,ACTIVE,1365.03,MCH9006,0,0,0,0,0,0,0
MCH8792,NagarLLC,5411,GROCERY_STORE,Sole Proprietor,Jaipur,Rajasthan,2025-01-22 21:40:00,4320527012,ACTIVE,,MCH8792,0,1,0,0,0,0,0
MCH1525,sant-bhavsar,5942,Books,INDIVIDUAL,Jaipur,Rajasthan,2023-09-10 00:00:00,XXXX7524,ACTIVE,754.82,MCH1525,0,0,0,0,0,0,0
MCH2766,"chakraborty, nazareth and dasgupta",5411,groceries,private_limited,Madras,Tamil Nadu,2025-05-19 00:00:00,WBWU7279932189451,HOLD,2967.83,mch2766,0,0,0,0,0,0,0
MCH5125,Dave and Sons,5812,FOOD_SERVICES,PRIVATE_LIMITED,LDH,Punjab,2025-06-15 00:00:00,XXXX1925,ACTIVE,838.15,mch5125,0,0,0,0,0,0,0
MCH8508,"Iyengar,GillandTella",9990,Other,PRIVATE_LIMITED,chennai,Tamil Nadu,2023-12-12 06:59:00,,ACTIVE,1985.47,MCH8508,0,0,0,1,0,0,0
MCH6855,"Soman, Ravel and Anand",4110,groceries,Private Limited,kolkata,West Bengal,2026-02-06 00:00:00,XXXX2710,ACTIVE,1385.58,MCH6855,0,0,0,0,0,0,0
MCH1816,Aurora-Kata,5311,Retail,Sole Proprietor,lucknow,Uttar Pradesh,2025-03-15 01:24:29,,ACTIVE,1797.52,MCH1816,0,0,0,1,0,0,0
MCH2436,SHETTY-GOUR,5999,Misc Retail,individual,HYDERABAD,Telangana,2024-06-30 03:59:33,,ACTIVE,2453.33,MCH2436,0,0,0,1,0,0,0
MCH7384,Seshadri-Rai,4814,TELECOM,SOLE-PROPRIETOR,Kolkata,West Bengal,2024-01-13 00:00:00,,ACTIVE,4458.94,MCH-7384,0,0,0,1,0,0,0
MCH3143,"ZACHARIA, BUCH AND YADAV",5311,DEPT_STORE,PARTNERSHIP,Hyderabad,Telangana,2023-03-13 00:00:00,UMIZ4082572641807,ACTIVE,0.4822,MCH3143,0,0,0,0,0,0,0
MCH2965,shroff-prabhakar,5411,groceries,Partnership,Amritsar,Punjab,,FISH8890557164281,ACTIVE,0.2028,MCH2965,0,0,0,0,1,0,0
MCH9675,Mand-Varkey,5912,Medical,Individual,Jalandhar,Punjab,2025-11-05 00:00:00,,INACTIVE,843.13,mch9675,0,0,0,1,0,0,0
MCH8139,"mani, kala and verma",5311,Department Stores,INDIVIDUAL,ASR,Punjab,2024-07-02 00:00:00,6294042962,ACTIVE,2137.68,MCH-8139,0,0,0,0,0,0,0
MCH9383,"Sarraf, Mand and Dalal",4131,Transportation,PARTNERSHIP,Lucknow,Uttar Pradesh,2025-11-25 00:00:00,,ACTIVE,-548.73,MCH9383,1,0,0,1,0,0,0
MCH2071,Dube-Kapadia,,Mobile Recharge,Sole Proprietor,amritsar,Punjab,2024-08-19 04:07:47,5736154750,ACTIVE,0.1392,MCH2071,0,0,1,0,0,0,0
MCH4786,Peri-Kannan,9990,Miscellaneous,PARTNERSHIP,Lucknow,Uttar Pradesh,2025-04-10 00:00:00,RIMN3324315836653,ACTIVE,,MCH4786,0,1,0,0,0,0,0
MCH4916,Rama-Patel,5942,BOOKS_STATIONERY,INDIVIDUAL,delhi,Delhi,2025-06-24 22:01:00,XXXX0402,ACTIVE,-2293.01,MCH4916,1,0,0,0,0,0,0
MCH7062,"Karpe, Sekhon and Memon",5999,miscellaneous,partnership,Madras,Tamil Nadu,2024-07-18 00:00:00,ERAF1958847105569,ACTIVE,0.2267,MCH7062,0,0,0,0,0,0,0
MCH9426,Singh-Narula,7011,Hospitality,SOLE_PROPRIETOR,Madras,Tamil Nadu,2023-07-08 00:00:00,CZYQ5289749024896,ACTIVE,615.87,MCH9426,0,0,0,0,0,0,0
MCH8592,Venkatesh-Brahmbhatt,5942,Stationery,private_limited,Bengaluru,Karnataka,2023-11-29 06:07:36,XXXX8568,ACTIVE,2914.59,MCH8592,0,0,0,0,0,0,0
MCH9291,"Thakkar, Bath and Uppal",,Retail,Sole Proprietor,LKO,Uttar Pradesh,2024-12-24 06:25:11,XXXX5444,INACTIVE,0.3529,MCH9291,0,0,1,0,0,0,0
MCH4440,"Dey, Bala and Shan",5699,CLOTHS,SOLE-PROPRIETOR,Bombay,Maharashtra,2023-04-01 22:57:00,FDNT8049485568761,ACTIVE,,MCH 4440,0,1,0,0,0,0,0
MCH1965,Kata Inc,5311,DEPT_STORE,Private Limited,ASR,Punjab,2023-04-04 01:07:57,,ACTIVE,686.92,MCH1965,0,0,0,1,0,0,0
MCH9547,Anne-Narasimhan,5311,DEPT_STORE,INDIVIDUAL,delhi,Delhi,2025-04-11 00:00:00,,ACTIVE,823.12,MCH9547,0,0,0,1,0,0,0
MCH4589,GeraLtd,4814,TELECOM,Partnership,jalandhar,Punjab,2024-01-12 17:18:35,,ACTIVE,504.98,MCH4589,0,0,0,1,0,0,0
MCH8809,Narasimhan-Sem,,Mobile Recharge,INDIVIDUAL,Jalandar,Punjab,2023-02-05 00:00:00,,INACTIVE,2118.31,MCH 8809,0,0,1,1,0,0,0
MCH3407,Lal LLC,,Other,private_limited,Jalandar,Punjab,2023-09-27 00:00:00,XXXX9006,ACTIVE,3232.78,MCH3407,0,0,1,0,0,0,0
MCH8563,"Sen, Saxena and Chopra",5411,GROCERY_STORE,Sole Proprietor,Poona,Maharashtra,2025-12-18 00:00:00,XXXX7720,ACTIVE,1384.68,MCH8563,0,0,0,0,0,0,0
MCH8521,"Sankaran, Mangat and Gaba",5311,Department Stores,SOLE_PROPRIETOR,Dilli,Delhi,2024-11-24 00:00:00,MNDO2443340838612,ACTIVE,1028.11,MCH-8521,0,0,0,0,0,0,0
MCH6421,WadhwaLtd,5699,Apparel,sole_proprietor,Bangalore,Karnataka,2024-01-30 21:37:00,,ACTIVE,1782.12,MCH6421,0,0,0,1,0,0,0
MCH8310,Chakraborty Ltd,4131,TRAVEL,INDIVIDUAL,New Delhi,Delhi,2026-01-02 00:00:00,5355342816,ACTIVE,1287.03,MCH8310,0,0,0,0,0,0,0
MCH9787,Nigam LLC,7011,Hotels,PRIVATE_LIMITED,jaipur,Rajasthan,2023-06-18 00:00:00,,INACTIVE,717.19,MCH9787,0,0,0,1,0,0,0
MCH5322,Parsa LLC,5912,chemist,INDIVIDUAL,Jalandhar,Punjab,2023-03-26 00:00:00,XXXX3422,ACTIVE,2329.55,MCH5322,0,0,0,0,0,0,0
MCH7359,Rajagopalan-Rattan,5912,Medical,Sole Proprietor,Calcutta,West Bengal,2025-03-13 00:00:00,,ACTIVE,-825.72,MCH7359,1,0,0,1,0,0,0
MCH4641,KarnikLLC,5311,Retail,SOLE_PROPRIETOR,ludhiana,Punjab,2025-02-02 00:00:00,,ACTIVE,,MCH4641,0,1,0,1,0,0,0
MCH2912,"Singhal, Iyengar and Balasubramanian",,kirana,SOLE_PROPRIETOR,Lucknow,Uttar Pradesh,2023-03-08 00:00:00,MPVF3803985979560,INACTIVE,-4518.86,MCH-2912,1,0,1,0,0,0,0
MCH8204,Bumb-Bansal,7011,Hotels,private_limited,Jalandhar,Punjab,2025-10-13 17:19:27,0190035504,ACTIVE,1083.04,MCH8204,0,0,0,0,0,0,0
MCH5855,"Rajagopalan,MuniandPrasad",,CLOTHS,PARTNERSHIP,Jalandhar,Punjab,2023-09-08 00:00:00,,ACTIVE,115.41,mch5855,0,0,1,1,0,0,0
MCH4900,Karpe PLC,5411,Grocery Stores,SOLE_PROPRIETOR,Jalandhar,Punjab,2025-04-02 00:00:00,,ACTIVE,2695.78,MCH4900,0,0,0,1,0,0,0
MCH9203,PATEL-BHASIN,7011,Hotels,partnership,New Delhi,Delhi,2025-04-14 00:00:00,XXXX4448,ACTIVE,1305.76,MCH9203,0,0,0,0,0,0,0
3307,Uppal and Sons,7011,HOTEL_LODGING,PRIVATE-LIMITED,Poona,Maharashtra,2023-07-03 20:38:00,WQAU2336118593269,ACTIVE,1033.39,3307,0,0,0,0,0,0,0
MCH4337,Sethi Ltd,4814,TELECOM,individual,jalandhar,Punjab,2026-01-28 00:00:00,NBXU8148602683458,INACTIVE,3672.22,mch4337,0,0,0,0,0,0,0
MCH8957,Brar-Lanka,5999,Retail Other,INDIVIDUAL,jalandhar,Punjab,,,ACTIVE,1494.31,MCH8957,0,0,0,1,1,0,0
MCH3177,"Shere, Pal and Kothari",5942,Stationery,PRIVATE_LIMITED,Jaipur,Rajasthan,2024-12-04 00:00:00,XXXX6075,INACTIVE,785.75,MCH3177,0,0,0,0,0,0,0
2949,"Mahal, Natt and Ghosh",5999,Miscellaneous,Partnership,jaipur,Rajasthan,2024-07-19 00:00:00,6197525290,ACTIVE,-2320.74,2949,1,0,0,0,0,0,0
MCH7724,Bir-Mitra,5812,Restaurant,Private Limited,Madras,Tamil Nadu,2023-04-04 00:59:22,BIAX4725507902960,ACTIVE,347.01,MCH 7724,0,0,0,0,0,0,0
MCH6246,Zachariah Group,5699,CLOTHS,INDIVIDUAL,Madras,Tamil Nadu,2025-06-16 00:00:00,,ACTIVE,1510.7,MCH 6246,0,0,0,1,0,0,0
MCH7028,Jain-Merchant,5912,Medical,Partnership,lucknow,Uttar Pradesh,2025-10-16 00:00:00,,ACTIVE,542.31,MCH7028,0,0,0,1,0,0,0
MCH7077,BASU LLC,0110,HOTEL_LODGING,individual,Lucknow,Uttar Pradesh,2025-08-18 00:00:00,5226667486,HOLD,0.484,MCH7077,0,0,0,0,0,0,0
MCH3662,Banerjee LLC,5699,Apparel,Individual,Hyderabad,Telangana,2024-03-15 00:00:00,,INACTIVE,0.1998,mch3662,0,0,0,1,0,0,0
MCH1649,Venkatesh PLC,5812,Food,PRIVATE-LIMITED,Delhi,Delhi,2024-03-08 17:27:00,6043188789,BLOCKED,851.41,MCH-1649,0,0,0,0,0,0,1
MCH8901,Raghavan-Bhavsar,5912,Pharmacy,PRIVATE-LIMITED,Jalandhar,Punjab,2023-12-13 16:08:56,,INACTIVE,2886.4,MCH8901,0,0,0,1,0,0,0
MCH8654,"Deshpande, Comar and Pandya",4814,phone service,Individual,New Delhi,Delhi,,2533166217,ACTIVE,0.898,MCH8654,0,0,0,0,1,0,0
MCH2776,"MITTAL, SHAH AND KADE",5411,groceries,Private Limited,Mumbai,Maharashtra,2023-01-27 00:00:00,EGXV9123448025042,ACTIVE,10044.9,MCH2776,0,0,0,0,0,0,0
MCH9359,"Ramanathan, Parekh and Agrawal",4131,Transport,Partnership,ludhiana,Punjab,2023-04-08 13:17:52,FQHN0033426656652,ACTIVE,3245.01,MCH9359,0,0,0,0,0,0,0
MCH1389,munshi-behl,5411,Grocery,individual,Pune,Maharashtra,2023-06-17 00:00:00,,ACTIVE,0.3913,MCH1389,0,0,0,1,0,0,0
MCH2264,Sandal-Nadig,5912,Pharmacies,individual,kolkata,West Bengal,2024-04-27 17:24:48,,ACTIVE,0.138,MCH-2264,0,0,0,1,0,0,0
MCH8736,Mitter-Sura,,Restaurant,INDIVIDUAL,Jalandar,Punjab,2023-07-22 00:00:00,XXXX0698,ACTIVE,801.85,MCH8736,0,0,1,0,0,0,0
MCH4097,"Kala, Khatri and D’Alia",5411,kirana,private_limited,Ludhiana,Punjab,2024-05-17 00:00:00,EPRC2590629110289,INACTIVE,1958.39,MCH4097,0,0,0,0,0,0,0
MCH4164,Iyengar LLC,5999,Misc Retail,SOLE_PROPRIETOR,jaipur,Rajasthan,,LSYR7261669987207,ACTIVE,0.44,MCH4164,0,0,0,0,1,0,0
MCH9410,Sagar-Chawla,5699,fashion,INDIVIDUAL,jalandhar,Punjab,2026-01-24 00:00:00,XXXX0534,ACTIVE,0.82,MCH9410,0,0,0,0,0,0,0
MCH8358,Sarna-Singh,5699,CLOTHS,SOLE-PROPRIETOR,ASR,Punjab,2025-12-16 19:12:00,XXXX7799,SUSPENDED,1645.07,MCH8358,0,0,0,0,0,1,0
MCH1109,Solanki Ltd,3110,Department Stores,PARTNERSHIP,MUMBAI,Maharashtra,2023-07-23 00:00:00,XXXX9384,ACTIVE,1262.18,MCH1109,0,0,0,0,0,0,0
MCH5528,"Bhagat, Sathe and Iyengar",5411,Grocery,sole_proprietor,Pune,Maharashtra,2026-02-13 11:24:00,,ACTIVE,668.43,MCH5528,0,0,0,1,0,0,0
MCH2656,"Patla, Deo and Babu",5912,chemist,partnership,jaipur,Rajasthan,2026-02-02 00:00:00,2362196367,ACTIVE,1217.69,MCH2656,0,0,0,0,0,0,0
3358,Suri-Dhillon,4131,TRAVEL,INDIVIDUAL,Kolkata,West Bengal,2023-09-22 00:00:00,3713072949,INACTIVE,665.29,3358,0,0,0,0,0,0,0
MCH8110,Kamdar-Raval,5999,Other,partnership,lucknow,Uttar Pradesh,2023-07-13 00:00:00,,INACTIVE,768.59,mch8110,0,0,0,1,0,0,0
MCH5387,Khatri Group,7011,Hotel,Sole Proprietor,Delhi,Delhi,2025-10-06 12:45:13,6200633333,ACTIVE,0.1172,MCH5387,0,0,0,0,0,0,0
MCH4897,Bahl PLC,4131,Bus/Taxi,partnership,Amritsar,Punjab,2024-03-09 00:00:00,,ACTIVE,6953.87,MCH4897,0,0,0,1,0,0,0
MCH7780,Jain PLC,5912,medical_store,SOLE_PROPRIETOR,Lucknow,Uttar Pradesh,2025-07-19 13:23:49,,ACTIVE,,MCH7780,0,1,0,1,0,0,0
MCH9370,Mallick-Gola,5999,Misc Retail,private_limited,Jaipur,Rajasthan,2023-02-20 00:00:00,LVKV0562210759080,ACTIVE,4284.71,MCH9370,0,0,0,0,0,0,0
MCH4334,"Nazareth, Loyal and Dhar",5311,Department Store,INDIVIDUAL,Ludhiana,Punjab,2025-11-09 00:00:00,6420363344,ACTIVE,6505.28,MCH4334,0,0,0,0,0,0,0
MCH4902,"Pingle, Choudhary and Raghavan",7011,Hospitality,SOLE_PROPRIETOR,Bengaluru,Karnataka,2023-03-31 00:00:00,,ACTIVE,482.41,mch4902,0,0,0,1,0,0,0
MCH9012,nagy-master,5999,Misc Retail,PRIVATE-LIMITED,Bombay,Maharashtra,2023-01-10 02:07:00,XXXX7097,BLOCKED,297.61,MCH9012,0,0,0,0,0,0,1
MCH5541,Sheth and Sons,5812,FOOD_SERVICES,individual,Bengaluru,Karnataka,2024-07-13 09:55:59,,ACTIVE,548.54,MCH5541,0,0,0,1,0,0,0
2172,"taneja, raj and vora",7011,Hotel,SOLE_PROPRIETOR,Hyderabad,Telangana,2025-06-15 03:11:00,,ACTIVE,466.45,2172,0,0,0,1,0,0,0
MCH6150,"Chada, Vala and Merchant",8140,Mobile Recharge,private_limited,Hyd,Telangana,2024-10-10 00:00:00,6593744761,INACTIVE,0.616,MCH6150,0,0,0,0,0,0,0
MCH3006,BISWAS-RAM,5999,Miscellaneous,INDIVIDUAL,lucknow,Uttar Pradesh,2023-08-14 00:00:00,XXXX8226,ACTIVE,0.638,MCH3006,0,0,0,0,0,0,0
MCH4606,"johal, kapur and chhabra",4814,Telecom,PARTNERSHIP,Jalandhar,Punjab,,,ACTIVE,-2162.35,MCH-4606,1,0,0,1,1,0,0
MCH2654,Lanka Inc,7011,HOTEL_LODGING,SOLE-PROPRIETOR,jalandhar,Punjab,2024-02-18 07:47:00,,ACTIVE,1563.2,MCH2654,0,0,0,1,0,0,0
MCH8865,Wali-Yogi,5942,Book Store,PARTNERSHIP,Pune,Maharashtra,,ADDY9100060907565,ACTIVE,0.1783,MCH8865,0,0,0,0,1,0,0
MCH3860,sama group,5699,Clothing,SOLE-PROPRIETOR,chennai,Tamil Nadu,2023-10-03 00:00:00,,ACTIVE,448.66,MCH3860,0,0,0,1,0,0,0
MCH1946,Kanda Group,5812,eating place,Partnership,kolkata,West Bengal,,YUNT1236584633844,ACTIVE,0.1028,MCH1946,0,0,0,0,1,0,0
MCH7863,KADE-SAXENA,7011,HOTEL_LODGING,partnership,Amritsar,Punjab,,5883030838,BLOCKED,432.77,MCH 7863,0,0,0,0,1,0,1
MCH8126,bassi-hari,,GROCERY_STORE,INDIVIDUAL,Jalandhar,Punjab,2024-12-31 00:00:00,4590614037,ACTIVE,0.502,MCH8126,0,0,1,0,0,0,0
MCH7521,"Sawhney, Desai and Andra",5999,Other,private_limited,Ludhiana,Punjab,2024-02-12 00:00:00,XXXX3945,ACTIVE,0.1639,MCH 7521,0,0,0,0,0,0,0
MCH8078,thaman-ganguly,5912,Pharmacy,sole_proprietor,Mumbai,Maharashtra,2023-07-12 00:00:00,7715038972,ACTIVE,1158.31,MCH 8078,0,0,0,0,0,0,0
MCH7185,Krishnamurthy PLC,5942,BOOKS_STATIONERY,Sole Proprietor,JPR,Rajasthan,2023-03-06 00:00:00,XXXX2381,INACTIVE,1581.12,MCH7185,0,0,0,0,0,0,0
MCH9320,Char Inc,4110,kirana,Private Limited,Hyderabad,Telangana,2025-11-22 00:00:00,OFHR1997447322569,ACTIVE,0.695,MCH9320,0,0,0,0,0,0,0
MCH8648,"KUMER, PRADHAN AND PAI",5912,chemist,SOLE_PROPRIETOR,jalandhar,Punjab,2023-12-17 00:00:00,CPHP6408157927970,ACTIVE,2147.87,MCH8648,0,0,0,0,0,0,0
MCH1003,"Nayar, Batta and Barad",5699,Fashion,Private Limited,chennai,Tamil Nadu,,,ACTIVE,792.91,MCH1003,0,0,0,1,1,0,0
MCH6258,"Mitra, Nori and Venkataraman",,Pharmacies,private_limited,Hyd,Telangana,2025-02-10 18:46:00,,ACTIVE,353.34,MCH-6258,0,0,1,1,0,0,0
MCH9386,"Kothari,SantandLoyal",5699,Clothing,INDIVIDUAL,Bangalore,Karnataka,2023-01-04 07:17:00,XXXX0692,ACTIVE,0.2792,mch9386,0,0,0,0,0,0,0
MCH3671,"VALA, DHAR AND WASON",5912,Medical,INDIVIDUAL,chennai,Tamil Nadu,,,ACTIVE,0.2167,MCH3671,0,0,0,1,1,0,0
MCH6979,Nadig Ltd,,chemist,sole_proprietor,Chennai,Tamil Nadu,2023-05-18 00:42:04,SYHI9438066539953,ACTIVE,640.32,MCH6979,0,0,1,0,0,0,0
MCH3146,Batta-Sharaf,4131,Transport,individual,Poona,Maharashtra,2024-10-02 00:00:00,MHGR0082109008102,ACTIVE,898.04,MCH3146,0,0,0,0,0,0,0
4370,Kuruvilla and Sons,5999,Other,INDIVIDUAL,Mumbay,Maharashtra,2023-08-18 00:00:00,,ACTIVE,-715.96,4370,1,0,0,1,0,0,0
MCH4421,"Dua, Lad and Bassi",5411,Grocery,SOLE-PROPRIETOR,amritsar,Punjab,2024-06-21 18:21:57,,ACTIVE,1610.18,MCH4421,0,0,0,1,0,0,0
MCH3506,Peri Group,7011,Hospitality,individual,bengaluru,Karnataka,,PINF7358781184682,ACTIVE,3808.09,mch3506,0,0,0,0,1,0,0
MCH8346,Sawhney-Pillai,5699,Clothing,individual,Lucknow,Uttar Pradesh,2023-03-06 03:04:06,,ACTIVE,2613.63,mch8346,0,0,0,1,0,0,0
MCH3277,Issac-Lata,,phone service,PARTNERSHIP,Dilli,Delhi,2025-09-22 00:00:00,RPRG9004987881265,ACTIVE,1571.63,MCH3277,0,0,1,0,0,0,0
MCH3820,Behl LLC,5311,Department Stores,Partnership,Jalandar,Punjab,2023-05-30 00:00:00,8600214749,INACTIVE,983.06,MCH3820,0,0,0,0,0,0,0
MCH3484,Sidhu LLC,5999,Misc Retail,INDIVIDUAL,ludhiana,Punjab,,,ACTIVE,-876.31,MCH3484,1,0,0,1,1,0,0
MCH7615,"DAR, PAREKH AND DE",5812,eating place,SOLE_PROPRIETOR,Lucknow,Uttar Pradesh,,4443349499,INACTIVE,2530.9,MCH7615,0,0,0,0,1,0,0
MCH9271,"Bera, Contractor and Trivedi",4131,Bus/Taxi,Sole Proprietor,DELHI,Delhi,2025-02-20 00:00:00,KHLJ8243266357655,ACTIVE,,MCH9271,0,1,0,0,0,0,0
MCH4548,Sarin Ltd,5912,Medical,Private Limited,Delhi,Delhi,,3265650948,INACTIVE,,MCH4548,0,1,0,0,1,0,0
MCH5716,nadig inc,4814,phone service,individual,Madras,Tamil Nadu,2025-06-26 14:09:58,,ACTIVE,1811.84,MCH5716,0,0,0,1,0,0,0
MCH4298,YadavLLC,5999,Other,SOLE_PROPRIETOR,Bombay,Maharashtra,2023-07-19 00:00:00,,ACTIVE,,MCH4298,0,1,0,1,0,0,0
MCH9954,"Dutta, J0ha1 and Char",5699,Apparel,Sole Proprietor,delhi,Delhi,2025-12-23 00:00:00,ERMO2255417001428,ACTIVE,3148.72,MCH 9954,0,0,0,0,0,0,0
MCH2786,cheema and sons,5411,GROCERY_STORE,Sole Proprietor,BLR,Karnataka,2024-10-11 06:21:19,,INACTIVE,5082.9,MCH2786,0,0,0,1,0,0,0
MCH2174,"Sood, Chowdhury and Chacko",7011,Hotel,private_limited,New Delhi,Delhi,2024-03-13 00:00:00,8824000729,INACTIVE,1287.16,MCH2174,0,0,0,0,0,0,0
2917,"DEOL, KIBE AND KHANNA",5999,Misc Retail,private_limited,Dilli,Delhi,2024-07-23 00:00:00,XXXX8419,ACTIVE,356.58,2917,0,0,0,0,0,0,0
MCH3829,Bansal Ltd,7011,Hotels,PRIVATE_LIMITED,pune,Maharashtra,2024-12-04 00:00:00,XXXX7846,ACTIVE,2565.33,MCH3829,0,0,0,0,0,0,0
MCH7659,"Bali, Balan and Ramachandran",,Book Store,PARTNERSHIP,Dilli,Delhi,2023-04-10 00:00:00,XXXX6852,ACTIVE,0.1079,MCH7659,0,0,1,0,0,0,0
MCH2087,DUBEY-DOCTOR,5999,Miscellaneous,INDIVIDUAL,ASR,Punjab,2025-04-17 00:00:00,0974736100,ACTIVE,4751.6,MCH2087,0,0,0,0,0,0,0
MCH4974,Krishna PLC,5699,Fashion,INDIVIDUAL,Kolkata,West Bengal,2023-04-18 00:00:00,3596123048,SUSPENDED,1458.56,MCH4974,0,0,0,0,0,1,0
MCH4214,"Mitra, Oak and Keer",5699,Apparel,INDIVIDUAL,Bangalore,Karnataka,2024-02-12 00:00:00,,ACTIVE,1159.46,MCH 4214,0,0,0,1,0,0,0
MCH8033,Gole Group,9420,Book Store,private_limited,Jalandar,Punjab,2025-05-22 00:00:00,3271616033,ACTIVE,1372.74,MCH8033,0,0,0,0,0,0,0
MCH3649,"Jain, Sama and Sarma",5999,Miscellaneous,PARTNERSHIP,mumbai,Maharashtra,2025-06-08 21:51:00,XXXX8840,ACTIVE,671.85,MCH-3649,0,0,0,0,0,0,0
MCH7692,Ratti-Patla,5311,DEPT_STORE,Individual,ASR,Punjab,2025-07-10 00:00:00,XXXX7379,ACTIVE,2270.3,MCH7692,0,0,0,0,0,0,0
MCH1852,Prabhu Group,5411,Grocery Stores,Individual,Mumbai,Maharashtra,2024-03-31 00:00:00,8479119924,ACTIVE,786.71,MCH1852,0,0,0,0,0,0,0
MCH3883,Vohra and Sons,7011,Hotels,INDIVIDUAL,mumbai,Maharashtra,2023-11-17 00:00:00,1962011949,ACTIVE,-2320.22,MCH3883,1,0,0,0,0,0,0
MCH5601,Raj-Gopal,7011,Hotels,Private Limited,Jalandhar,Punjab,2024-05-17 22:26:00,6301334461,ACTIVE,,MCH5601,0,1,0,0,0,0,0
MCH2943,Kuruvilla and Sons,5812,Food,sole_proprietor,Poona,Maharashtra,,2379382640,ACTIVE,1517.82,MCH2943,0,0,0,0,1,0,0
MCH4936,"Bhalla, Gour and Khare",5411,groceries,INDIVIDUAL,jalandhar,Punjab,2025-10-14 00:00:00,0586737361,ACTIVE,739.83,MCH 4936,0,0,0,0,0,0,0
MCH3451,AMBLE-NAIR,5912,Pharmacy,SOLE-PROPRIETOR,Amritsar,Punjab,2025-06-10 00:00:00,XXXX8569,SUSPENDED,,MCH3451,0,1,0,0,0,1,0
MCH6433,Bhattacharyya Ltd,4814,TELECOM,PARTNERSHIP,Bengaluru,Karnataka,2024-12-31 00:00:00,,INACTIVE,1248.03,MCH6433,0,0,0,1,0,0,0
MCH3572,"V0hra, Chander and Padmanabhan",5812,eating place,sole_proprietor,HYDERABAD,Telangana,2024-05-16 11:42:00,,ACTIVE,793.52,mch3572,0,0,0,1,0,0,0
MCH3388,Prakash Inc,9990,Misc Retail,INDIVIDUAL,kolkata,West Bengal,2024-02-14 00:00:00,,INACTIVE,0.1438,MCH3388,0,0,0,1,0,0,0
MCH4182,"More, Sarma and Baria",4814,TELECOM,INDIVIDUAL,Mumbai,Maharashtra,2026-01-01 00:00:00,XXXX3295,ACTIVE,4102.61,MCH4182,0,0,0,0,0,0,0
MCH4578,Bedi LLC,5942,Books,Private Limited,kolkata,West Bengal,2023-11-29 04:19:56,,ACTIVE,0.36,mch4578,0,0,0,1,0,0,0
MCH8200,Rai-Bhargava,5942,Stationery,SOLE-PROPRIETOR,amritsar,Punjab,2023-07-19 00:00:00,,ACTIVE,-443.44,MCH8200,1,0,0,1,0,0,0
MCH7954,Sur Inc,7011,Hotels,Private Limited,Hyderabad,Telangana,2025-01-04 22:07:00,,ACTIVE,2803.0,MCH7954,0,0,0,1,0,0,0
MCH8504,gala-bath,,kirana,PRIVATE-LIMITED,Bengaluru,Karnataka,2023-05-24 00:00:00,HUGZ7718103709815,ACTIVE,0.422,MCH8504,0,0,1,0,0,0,0
9067,Boase-Sule,5942,BOOKS_STATIONERY,Individual,Jalandhar,Punjab,2025-06-09 00:00:00,,ACTIVE,1045.82,9067,0,0,0,1,0,0,0
MCH8978,TalwarandSons,5942,Stationery,sole_proprietor,MUMBAI,Maharashtra,2023-05-23 00:00:00,,ACTIVE,4704.55,MCH-8978,0,0,0,1,0,0,0
MCH2712,"RAI, GHOSE AND WADHWA",5411,Grocery,PRIVATE-LIMITED,Amritsar,Punjab,2023-09-30 00:00:00,XXXX9691,ACTIVE,2957.32,mch2712,0,0,0,0,0,0,0
MCH3642,Prabhu-Pai,5411,groceries,SOLE_PROPRIETOR,Calcutta,West Bengal,2025-11-24 00:00:00,,ACTIVE,3223.63,MCH3642,0,0,0,1,0,0,0
MCH8125,Sahni-Ahuja,,Department Store,PARTNERSHIP,Hyderabad,Telangana,2025-07-23 00:00:00,,ACTIVE,0.6045,MCH8125,0,0,1,1,0,0,0
MCH9625,tripathi plc,4814,phone service,PRIVATE_LIMITED,Amritsar,Punjab,2024-09-11 21:48:18,,ACTIVE,,MCH9625,0,1,0,1,0,0,0
MCH2269,"dalal, samra and kala",7011,Hotel,sole_proprietor,Pune,Maharashtra,2025-10-08 00:00:00,,ACTIVE,-356.96,MCH2269,1,0,0,1,0,0,0
2885,"Varkey, Goda and Bala",5812,eating place,Private Limited,MUMBAI,Maharashtra,2023-01-23 00:00:00,0317882844,ACTIVE,4853.92,2885,0,0,0,0,0,0,0
MCH8955,Sani LLC,7011,Hotel,PRIVATE_LIMITED,Madras,Tamil Nadu,2023-09-26 00:00:00,RSSK2984777812430,ACTIVE,-1833.73,MCH8955,1,0,0,0,0,0,0
MCH7095,"Sachdev, Sunder and Dalal",,Book Store,partnership,mumbai,Maharashtra,2025-07-20 08:14:05,6394590196,ACTIVE,3937.6,MCH 7095,0,0,1,0,0,0,0
MCH4775,"DIVAN, BUCH AND KUNDA",4814,phone service,sole_proprietor,LKO,Uttar Pradesh,2025-07-07 00:00:00,1956916316,INACTIVE,562.44,MCH4775,0,0,0,0,0,0,0
MCH8401,Pandey PLC,,hospitality,partnership,chennai,Tamil Nadu,2025-09-09 00:00:00,0328253862,ACTIVE,0.625,MCH8401,0,0,1,0,0,0,0
MCH5148,"Bose, Ranganathan and Bose",5411,kirana,INDIVIDUAL,Amritsar,Punjab,2024-10-20 00:00:00,,ACTIVE,,MCH5148,0,1,0,1,0,0,0
MCH3616,DUA GROUP,5942,Book Store,PRIVATE-LIMITED,LKO,Uttar Pradesh,2026-02-24 20:51:00,CYIZ1339742109891,ACTIVE,,MCH3616,0,1,0,0,0,0,0
MCH1612,"Andra, Chana and Saha",5812,eating place,sole_proprietor,LKO,Uttar Pradesh,2025-10-27 00:00:00,5702735332,INACTIVE,655.56,mch1612,0,0,0,0,0,0,0
MCH2530,bal-sant,5999,Retail Other,PARTNERSHIP,kolkata,West Bengal,2023-08-06 17:36:00,XXXX3441,ACTIVE,372.49,MCH2530,0,0,0,0,0,0,0
MCH2970,GOLLA-VORA,5699,Apparel,individual,Calcutta,West Bengal,2025-02-01 00:00:00,,ACTIVE,326.25,MCH2970,0,0,0,1,0,0,0
MCH5482,"tiwari, jain and hayer",4131,transprt,sole_proprietor,Chennai,Tamil Nadu,,7104632186,ACTIVE,249.86,MCH5482,0,0,0,0,1,0,0
MCH7540,Solanki Inc,5999,miscellaneous,Partnership,jalandhar,Punjab,2024-08-04 07:31:00,XXXX7550,ACTIVE,579.73,MCH-7540,0,0,0,0,0,0,0
MCH7058,"Biswas, Arya and Chaudhary",5812,eating place,SOLE_PROPRIETOR,Hyderabad,Telangana,2023-09-04 00:00:00,,ACTIVE,822.57,MCH7058,0,0,0,1,0,0,0
MCH2770,"Deep, Ganguly and Solanki",5699,Clothing,Individual,chennai,Tamil Nadu,2025-07-31 00:00:00,,ACTIVE,0.66,MCH2770,0,0,0,1,0,0,0
MCH1639,"Borah, Dhaliwal and Morar",5999,Misc Retail,PARTNERSHIP,kolkata,West Bengal,2024-11-14 10:51:00,XXXX3629,ACTIVE,0.7799,mch1639,0,0,0,0,0,0,0
MCH1506,GANDHI-LOKE,5912,Pharmacies,PARTNERSHIP,chennai,Tamil Nadu,2024-06-13 17:59:00,,ACTIVE,0.967,MCH1506,0,0,0,1,0,0,0
MCH4232,sehgal-rama,5411,GROCERY_STORE,partnership,Kolkata,West Bengal,2023-03-31 00:00:00,XXXX1805,ACTIVE,4112.72,MCH4232,0,0,0,0,0,0,0
MCH2934,Sama PLC,,Department Store,INDIVIDUAL,Jalandhar,Punjab,2023-10-13 00:00:00,6130921180,ACTIVE,1759.02,MCH2934,0,0,1,0,0,0,0
MCH5196,Saini Ltd,5311,Retail,PRIVATE_LIMITED,Jalandhar,Punjab,2025-02-23 00:00:00,GPCS2279648422088,HOLD,-922.86,MCH5196,1,0,0,0,0,0,0
MCH2845,Narasimhan LLC,9990,Other,PARTNERSHIP,Amritsar,Punjab,2024-01-10 00:00:00,2844893176,ACTIVE,5926.94,mch2845,0,0,0,0,0,0,0
MCH9134,Edwin-Viswanathan,5699,garments,Sole Proprietor,jalandhar,Punjab,,,ACTIVE,1602.69,MCH 9134,0,0,0,1,1,0,0
MCH2772,goyal inc,5942,Books,Individual,delhi,Delhi,2023-04-22 00:25:55,,INACTIVE,478.58,MCH 2772,0,0,0,1,0,0,0
MCH9896,Dave-Vasa,5311,Retail,Partnership,Poona,Maharashtra,2023-09-30 00:00:00,XXXX8599,ACTIVE,3148.67,MCH9896,0,0,0,0,0,0,0
MCH1070,Pandya PLC,5999,Misc Retail,Private Limited,chennai,Tamil Nadu,2024-09-03 00:00:00,,ACTIVE,1259.2,MCH-1070,0,0,0,1,0,0,0
MCH4884,"Reddy, Wason and Magar",4131,Transport,Private Limited,kolkata,West Bengal,2023-05-16 00:00:00,,INACTIVE,0.2421,MCH4884,0,0,0,1,0,0,0
MCH6075,"Lad, Menon and Tiwari",4814,Mobile Recharge,PRIVATE-LIMITED,BLR,Karnataka,2023-08-06 00:00:00,3853486592,ACTIVE,709.64,MCH-6075,0,0,0,0,0,0,0
MCH5489,NATH LTD,5311,Department Stores,INDIVIDUAL,Jaipur,Rajasthan,2025-01-22 00:00:00,XXXX9871,ACTIVE,3788.36,mch5489,0,0,0,0,0,0,0
MCH4101,raval plc,0110,Hospitality,INDIVIDUAL,Bengaluru,Karnataka,2023-11-26 00:00:00,XXXX6243,ACTIVE,1096.15,mch4101,0,0,0,0,0,0,0
MCH5166,Roy-Srinivasan,4814,Mobile Recharge,INDIVIDUAL,bengaluru,Karnataka,2025-09-24 00:00:00,,INACTIVE,1501.14,MCH5166,0,0,0,1,0,0,0
MCH2492,Chandran Group,5812,Restaurants,partnership,amritsar,Punjab,2023-11-13 00:00:00,,ACTIVE,0.136,mch2492,0,0,0,1,0,0,0
MCH2117,Lal Group,,Hospitality,Partnership,jaipur,Rajasthan,2025-10-28 00:00:00,,ACTIVE,2615.21,MCH2117,0,0,1,1,0,0,0
MCH3628,MITRA LTD,5699,garments,SOLE_PROPRIETOR,delhi,Delhi,2023-08-05 00:00:00,,ACTIVE,3214.64,MCH3628,0,0,0,1,0,0,0
MCH9635,Konda-Verma,5942,Book Store,INDIVIDUAL,chennai,Tamil Nadu,2023-09-10 00:00:00,BAID6365865587003,ACTIVE,4885.39,MCH 9635,0,0,0,0,0,0,0
MCH3189,De-Kakar,1310,transprt,sole_proprietor,Hyderabad,Telangana,2023-07-21 00:00:00,IBQI3951526750314,SUSPENDED,,MCH3189,0,1,0,0,0,1,0
MCH8107,Ramachandran Ltd,5999,Retail Other,PARTNERSHIP,Jaipur,Rajasthan,,XXXX9786,ACTIVE,,MCH8107,0,1,0,0,1,0,0
MCH6440,"Rajagopalan,ParsaandRana",5311,Department Store,PARTNERSHIP,Calcutta,West Bengal,,XXXX7920,ACTIVE,,MCH6440,0,1,0,0,1,0,0
MCH3419,"bansal, naidu and baria",5912,Pharmacies,Private Limited,pune,Maharashtra,2024-03-26 00:00:00,,ACTIVE,357.64,MCH3419,0,0,0,1,0,0,0
MCH4107,Pandey-Sastry,5699,CLOTHS,SOLE-PROPRIETOR,Jalandhar,Punjab,2025-09-30 00:00:00,,INACTIVE,0.319,MCH4107,0,0,0,1,0,0,0
MCH8255,"Yadav, Goyal and Sem",5699,Fashion,individual,Jalandhar,Punjab,2023-11-02 00:00:00,3847429821,ACTIVE,2733.83,mch8255,0,0,0,0,0,0,0
MCH4167,BanerjeePLC,5812,FOOD_SERVICES,PRIVATE-LIMITED,Jaipur,Rajasthan,2023-10-26 06:05:00,0359713913,ACTIVE,3120.61,MCH4167,0,0,0,0,0,0,0
MCH7977,"Kohli, Vaidya and Nagar",7011,HOTEL_LODGING,Sole Proprietor,chennai,Tamil Nadu,2025-07-23 00:00:00,PYMW1543762535071,ACTIVE,0.479,MCH 7977,0,0,0,0,0,0,0
MCH8790,Thaman-Singh,5912,chemist,INDIVIDUAL,Kolkata,West Bengal,2024-02-04 00:00:00,,ACTIVE,,MCH8790,0,1,0,1,0,0,0
MCH4397,Tailor-Pandey,5912,chemist,PRIVATE-LIMITED,pune,Maharashtra,2024-10-24 00:00:00,,ACTIVE,,MCH4397,0,1,0,1,0,0,0
MCH1971,Khanna and Sons,4814,TELECOM,PARTNERSHIP,Mumbai,Maharashtra,2026-02-06 00:00:00,XXXX1386,ACTIVE,2326.17,MCH1971,0,0,0,0,0,0,0
MCH8241,Bhasin and Sons,5999,Retail Other,private_limited,jaipur,Rajasthan,2025-07-28 07:43:00,,ACTIVE,509.62,MCH8241,0,0,0,1,0,0,0
MCH2042,"Rai, Das and Bava",5311,Retail,PARTNERSHIP,Pune,Maharashtra,2023-12-17 00:00:00,ZYCY1593553139876,ACTIVE,1564.88,mch2042,0,0,0,0,0,0,0
MCH5656,Sen-Dube,5942,BOOKS_STATIONERY,partnership,Poona,Maharashtra,2024-03-05 00:00:00,XTPH3643560347441,INACTIVE,1139.41,MCH5656,0,0,0,0,0,0,0
MCH8439,Bala and Sons,5912,Pharmacies,INDIVIDUAL,jalandhar,Punjab,2024-09-14 00:00:00,,ACTIVE,1591.75,MCH8439,0,0,0,1,0,0,0
MCH8624,Kannan-Mital,5912,Pharmacy,SOLE_PROPRIETOR,Pune,Maharashtra,2023-05-20 00:00:00,BFXZ1340418444371,ACTIVE,1202.33,MCH8624,0,0,0,0,0,0,0
MCH7363,Babu-Acharya,5999,Misc Retail,Sole Proprietor,kolkata,West Bengal,2024-03-03 08:14:06,,ACTIVE,1983.77,MCH7363,0,0,0,1,0,0,0
MCH5045,More-Doctor,,DEPT_STORE,individual,Bangalore,Karnataka,2025-09-15 22:04:19,,SUSPENDED,145.75,MCH5045,0,0,1,1,0,1,0
MCH4708,Loke-Ganesan,5999,miscellaneous,sole_proprietor,Jalandar,Punjab,2024-02-22 19:47:00,,ACTIVE,1266.56,MCH 4708,0,0,0,1,0,0,0
MCH6462,"Vaidya, Kunda and Bhavsar",5311,Retail,PRIVATE-LIMITED,Lucknow,Uttar Pradesh,2025-12-19 00:00:00,5665285252,ACTIVE,1652.23,MCH6462,0,0,0,0,0,0,0
MCH2425,SURI-KURIAN,5411,Grocery,partnership,ludhiana,Punjab,2023-06-06 04:11:03,,ACTIVE,1800.35,mch2425,0,0,0,1,0,0,0
MCH8154,Yohannan PLC,,Bus/Taxi,SOLE_PROPRIETOR,Jalandhar,Punjab,2023-06-26 00:00:00,,SUSPENDED,998.6,MCH8154,0,0,1,1,0,1,0
MCH2309,"bajaj, chakraborty and malhotra",5311,DEPT_STORE,INDIVIDUAL,amritsar,Punjab,2026-01-24 07:59:49,RUZB5463334435942,ACTIVE,355.13,MCH2309,0,0,0,0,0,0,0
MCH1828,Mohanty-Gole,5999,Retail Other,SOLE-PROPRIETOR,Calcutta,West Bengal,2024-04-21 00:00:00,IQWO0971212362898,INACTIVE,408.75,MCH1828,0,0,0,0,0,0,0
MCH6418,Doctor Ltd,7011,Hotels,SOLE_PROPRIETOR,Jalandhar,Punjab,,,ACTIVE,1362.45,MCH6418,0,0,0,1,1,0,0
MCH8035,"Munshi, Mani and Taneja",5999,Retail Other,individual,Mumbay,Maharashtra,2025-02-08 00:00:00,5547624355,ACTIVE,,MCH8035,0,1,0,0,0,0,0
MCH2016,"Amble, Yadav and Dube",5999,Retail Other,PARTNERSHIP,kolkata,West Bengal,2025-03-18 00:00:00,XXXX3614,HOLD,10324.69,MCH2016,0,0,0,0,0,0,0
MCH5479,"Mukherjee, Nazareth and Palla",5812,Restaurants,SOLE-PROPRIETOR,ludhiana,Punjab,2024-02-19 00:00:00,XXXX2442,ACTIVE,,MCH 5479,0,1,0,0,0,0,0
MCH3460,CHAND-BORA,5411,Grocery Stores,INDIVIDUAL,Calcutta,West Bengal,2025-02-05 10:51:56,,ACTIVE,,MCH3460,0,1,0,1,0,0,0
MCH4889,Bhatti-Kapoor,5999,Misc Retail,INDIVIDUAL,Jalandhar,Punjab,2025-01-26 00:00:00,,ACTIVE,2464.23,MCH4889,0,0,0,1,0,0,0
MCH2504,"PAU, MODY AND DORA",9120,Pharmacy,PRIVATE-LIMITED,MUMBAI,Maharashtra,2023-04-08 00:00:00,XXXX3089,INACTIVE,,MCH2504,0,1,0,0,0,0,0
MCH1250,BHARDWAJ-WABLE,4131,Bus/Taxi,PRIVATE-LIMITED,Pune,Maharashtra,2025-11-04 10:39:00,,ACTIVE,0.515,MCH1250,0,0,0,1,0,0,0
MCH1155,Sha LLC,4131,Transportation,Sole Proprietor,Amritsar,Punjab,2024-03-08 00:00:00,,INACTIVE,1753.08,MCH1155,0,0,0,1,0,0,0
MCH2229,"Kala, Baral and Subramanian",5311,DEPT_STORE,PRIVATE_LIMITED,MUMBAI,Maharashtra,2025-12-21 00:00:00,,ACTIVE,0.577,MCH2229,0,0,0,1,0,0,0
MCH2149,"Doctor, Varughese and Hans",5942,Stationery,INDIVIDUAL,bengaluru,Karnataka,2025-05-07 00:00:00,XXXX2634,ACTIVE,3778.33,MCH 2149,0,0,0,0,0,0,0
MCH4536,Gulati and Sons,5311,Retail,INDIVIDUAL,Dilli,Delhi,2024-12-06 17:48:15,,ACTIVE,951.8,MCH4536,0,0,0,1,0,0,0
MCH1219,Khare-Puri,5812,FOOD_SERVICES,partnership,Amritsar,Punjab,2024-11-21 00:00:00,,ACTIVE,0.2174,MCH1219,0,0,0,1,0,0,0
MCH9068,Halder PLC,5699,Apparel,PRIVATE-LIMITED,Jalandhar,Punjab,2023-10-08 00:00:00,3161253540,ACTIVE,5193.72,mch9068,0,0,0,0,0,0,0
MCH5396,MANDA-SETH,4131,Transportation,Sole Proprietor,Delhi,Delhi,2023-01-11 00:00:00,,ACTIVE,439.03,MCH5396,0,0,0,1,0,0,0
MCH9661,Ramanathan Group,7011,Hospitality,Individual,Mumbay,Maharashtra,2023-11-10 08:09:50,,ACTIVE,735.62,MCH9661,0,0,0,1,0,0,0
MCH1993,DHALIWAL PLC,4814,TELECOM,Sole Proprietor,Amritsar,Punjab,,8690977818,ACTIVE,428.65,MCH1993,0,0,0,0,1,0,0
MCH6565,Parmer-Datta,4814,Mobile Recharge,SOLE_PROPRIETOR,Hyd,Telangana,2023-07-28 00:00:00,XXXX1044,ACTIVE,2464.68,MCH6565,0,0,0,0,0,0,0
MCH1501,Anand-Bhatt,4814,Telecom,PARTNERSHIP,Hyderabad,Telangana,2025-11-07 00:00:00,XXXX2933,ACTIVE,4185.6,MCH1501,0,0,0,0,0,0,0
MCH2959,Kanda LLC,8120,Food,PRIVATE_LIMITED,Kolkata,West Bengal,2023-10-08 00:00:00,,ACTIVE,6588.76,MCH2959,0,0,0,1,0,0,0
MCH5362,"kunda, tiwari and nagi",5912,Medical,PRIVATE_LIMITED,JPR,Rajasthan,2024-08-09 20:44:38,,ACTIVE,1922.99,MCH5362,0,0,0,1,0,0,0
MCH2990,Rout and Sons,7011,Hotel,Sole Proprietor,Ludhiana,Punjab,2025-08-30 00:00:00,XXXX7294,ACTIVE,1050.53,MCH2990,0,0,0,0,0,0,0
MCH8060,"Bal, Garde and Puri",5699,Apparel,PRIVATE_LIMITED,kolkata,West Bengal,2024-12-06 00:00:00,XXXX9739,ACTIVE,1604.68,MCH8060,0,0,0,0,0,0,0
MCH5775,SRINIVAS LTD,5311,Department Store,INDIVIDUAL,kolkata,West Bengal,2025-11-01 10:50:11,AIEV2153769743983,ACTIVE,7152.05,MCH-5775,0,0,0,0,0,0,0
MCH7093,Pai-Pau,7011,Hotel,individual,MUMBAI,Maharashtra,2025-03-19 11:49:49,,SUSPENDED,1636.89,MCH7093,0,0,0,1,0,1,0
MCH1995,"Mand, Halder and Rajagopalan",5942,Books,PARTNERSHIP,Jaipur,Rajasthan,2024-04-04 00:00:00,COIS3057851068966,INACTIVE,158.78,MCH1995,0,0,0,0,0,0,0
MCH9882,Joshi PLC,4814,Mobile Recharge,sole_proprietor,JPR,Rajasthan,,,ACTIVE,320.23,mch9882,0,0,0,1,1,0,0
MCH4948,Dass-Dhaliwal,5812,Restaurants,Partnership,Jalandhar,Punjab,2024-06-25 00:00:00,XXXX1800,ACTIVE,-1356.31,MCH4948,1,0,0,0,0,0,0
MCH3207,"Gala, Khatri and Khalsa",5912,chemist,partnership,amritsar,Punjab,2024-04-23 00:00:00,7398854821,ACTIVE,929.51,MCH3207,0,0,0,0,0,0,0
MCH4713,Sura-Boase,,Clothing,sole_proprietor,amritsar,Punjab,2023-04-12 00:00:00,,ACTIVE,1694.6,MCH4713,0,0,1,1,0,0,0
MCH3535,Kaur LLC,7011,Hotels,individual,ludhiana,Punjab,2023-04-22 12:53:03,XXXX4614,ACTIVE,438.79,MCH3535,0,0,0,0,0,0,0
MCH9601,JOSHI-CHAUHAN,4131,Bus/Taxi,PRIVATE_LIMITED,Bangalore,Karnataka,2023-10-05 00:00:00,GXDF2258830455225,ACTIVE,1949.42,mch9601,0,0,0,0,0,0,0
MCH1833,"Bhatnagar, Bhavsar and Iyengar",4131,Transportation,Partnership,Bombay,Maharashtra,2023-06-24 00:00:00,XXXX4268,ACTIVE,2843.21,MCH1833,0,0,0,0,0,0,0
MCH5444,PRADHAN-NAIR,5999,Other,SOLE-PROPRIETOR,lucknow,Uttar Pradesh,2024-07-27 00:00:00,7036093641,ACTIVE,0.372,MCH 5444,0,0,0,0,0,0,0
MCH3846,Khanna-Badal,5311,Retail,Private Limited,delhi,Delhi,2025-04-18 21:01:00,9124984839,ACTIVE,3521.78,MCH-3846,0,0,0,0,0,0,0
MCH5881,Sengupta-Bhat,,Pharmacy,sole_proprietor,Kolkata,West Bengal,2025-12-16 22:30:53,XXXX8685,ACTIVE,1381.95,MCH-5881,0,0,1,0,0,0,0
MCH5113,Mani-Buch,5699,CLOTHS,partnership,pune,Maharashtra,2025-04-11 22:11:00,XXXX7200,ACTIVE,2132.66,MCH5113,0,0,0,0,0,0,0
MCH9393,SUBRAMANIAN LLC,0110,Hotel,INDIVIDUAL,Bangalore,Karnataka,2025-01-10 00:00:00,CNXK7674132644684,ACTIVE,1268.96,mch9393,0,0,0,0,0,0,0
MCH5538,Barad-Nigam,,Telecom,Partnership,pune,Maharashtra,2025-01-10 00:00:00,,ACTIVE,2223.97,MCH5538,0,0,1,1,0,0,0
MCH5588,Divan-Yohannan,4131,transprt,individual,HYDERABAD,Telangana,,,ACTIVE,0.203,MCH5588,0,0,0,1,1,0,0
MCH5383,ray-dara,0110,Hospitality,PRIVATE_LIMITED,Dilli,Delhi,2025-04-11 00:00:00,8306637821,ACTIVE,0.2541,MCH5383,0,0,0,0,0,0,0
MCH5271,Choudhary-Chaudhry,5812,FOOD_SERVICES,PARTNERSHIP,LDH,Punjab,2025-11-30 00:00:00,1480455412,ACTIVE,-605.6,MCH5271,1,0,0,0,0,0,0
MCH1089,"Mann, Edwin and Misra",5411,kirana,Individual,jaipur,Rajasthan,,7489263549,ACTIVE,0.678,MCH1089,0,0,0,0,1,0,0
MCH8033,Murty-Grover,,Misc Retail,PARTNERSHIP,amritsar,Punjab,2024-11-06 00:00:00,VUQA2025298324084,ACTIVE,0.2125,MCH8033,0,0,1,0,0,0,0
MCH9636,KIBE-MAGAR,5699,CLOTHS,INDIVIDUAL,Bengaluru,Karnataka,2023-08-21 09:35:55,SSYN5165458216497,ACTIVE,-1341.04,MCH-9636,1,0,0,0,0,0,0
MCH2838,"Goel, Chand and Pai",5999,Retail Other,Partnership,Poona,Maharashtra,2024-12-28 00:00:00,,ACTIVE,-1086.22,MCH2838,1,0,0,1,0,0,0
MCH2128,Ghosh-Sharaf,5812,FOOD_SERVICES,Partnership,amritsar,Punjab,2023-12-21 00:00:00,6688236722,ACTIVE,3157.17,MCH2128,0,0,0,0,0,0,0
MCH3577,"Ratta, Mane and Kapadia",8120,Restaurant,Individual,Amritsar,Punjab,,XXXX9384,ACTIVE,1820.36,MCH3577,0,0,0,0,1,0,0
MCH6578,"Varty, Mutti and Banik",,Books,Sole Proprietor,LKO,Uttar Pradesh,2025-01-21 04:22:00,,SUSPENDED,1771.19,MCH6578,0,0,1,1,0,1,0
MCH2708,"Mand, Zacharia and Vora",4131,TRAVEL,Sole Proprietor,Madras,Tamil Nadu,2026-01-20 00:00:00,XXXX2440,ACTIVE,363.56,MCH2708,0,0,0,0,0,0,0
MCH3793,"Sankar, Parsa and Shere",7011,Hospitality,SOLE_PROPRIETOR,Ludhiana,Punjab,2025-03-30 00:00:00,3431564371,ACTIVE,6906.85,MCH-3793,0,0,0,0,0,0,0
MCH7620,narain-balasubramanian,5942,Books,Private Limited,Chennai,Tamil Nadu,2025-02-14 00:00:00,2629867303,ACTIVE,2086.1,MCH7620,0,0,0,0,0,0,0
MCH4448,Gara and Sons,5999,Miscellaneous,INDIVIDUAL,Madras,Tamil Nadu,2025-09-24 00:00:00,XXXX6028,SUSPENDED,1524.31,MCH4448,0,0,0,0,0,1,0
MCH8746,Kari Inc,5912,MEDICAL_STORE,partnership,pune,Maharashtra,2024-10-11 07:16:00,XXXX5648,ACTIVE,,MCH-8746,0,1,0,0,0,0,0
MCH3616,"Comar, Munshi and Kakar",5311,Department Stores,private_limited,ASR,Punjab,2023-07-09 00:00:00,,ACTIVE,377.75,MCH-3616,0,0,0,1,0,0,0
MCH5648,Jain-Bera,5912,chemist,Sole Proprietor,Ludhiana,Punjab,,,INACTIVE,1745.3,MCH5648,0,0,0,1,1,0,0
MCH1377,"TANEJA, DIN AND KAUL",5812,eating place,SOLE_PROPRIETOR,Dilli,Delhi,2025-10-05 09:00:44,QWQZ7332733729369,ACTIVE,767.08,MCH1377,0,0,0,0,0,0,0
MCH3155,Agarwal Ltd,5311,DEPT_STORE,PARTNERSHIP,Madras,Tamil Nadu,2023-11-23 15:28:55,,ACTIVE,1414.89,MCH 3155,0,0,0,1,0,0,0
MCH5531,"Dhingra, Sangha and Sidhu",5411,Grocery,partnership,Mumbay,Maharashtra,2025-04-25 00:00:00,0878189587,INACTIVE,-414.79,MCH5531,1,0,0,0,0,0,0
MCH8453,"Jaggi, Saxena and Ratta",5411,Grocery,partnership,amritsar,Punjab,2023-11-19 00:00:00,,ACTIVE,599.17,MCH8453,0,0,0,1,0,0,0
MCH2090,Upadhyay PLC,8120,eating place,SOLE-PROPRIETOR,Dilli,Delhi,2026-01-05 04:15:56,KZDI9850791739312,ACTIVE,439.31,MCH-2090,0,0,0,0,0,0,0
MCH3189,Kapoor-Hegde,5411,GROCERY_STORE,partnership,HYDERABAD,Telangana,2023-02-01 03:59:34,XXXX4992,ACTIVE,3153.88,MCH3189,0,0,0,0,0,0,0
MCH9957,"Chatterjee, Goda and Saraf",4814,TELECOM,SOLE_PROPRIETOR,Ludhiana,Punjab,2025-05-10 05:24:35,XXXX6546,ACTIVE,533.81,MCH9957,0,0,0,0,0,0,0
MCH1654,More PLC,5999,Retail Other,INDIVIDUAL,bengaluru,Karnataka,2025-02-18 00:00:00,,ACTIVE,2598.19,MCH-1654,0,0,0,1,0,0,0
5606,"Hayer, Mukherjee and Kohli",5812,eating place,partnership,Kolkata,West Bengal,2023-06-16 00:00:00,,ACTIVE,0.1765,5606,0,0,0,1,0,0,0
1077,Taneja-Nagar,5411,kirana,Individual,ASR,Punjab,2026-02-27 00:00:00,QQWI6101172213624,ACTIVE,358.21,1077,0,0,0,0,0,0,0
MCH8768,"GARDE, MOHAN AND SRIDHAR",5311,DEPT_STORE,INDIVIDUAL,Calcutta,West Bengal,2024-05-12 00:00:00,,SUSPENDED,1569.36,MCH8768,0,0,0,1,0,1,0
MCH3577,"dhawan, bobal and vala",,BOOKS_STATIONERY,SOLE-PROPRIETOR,Lucknow,Uttar Pradesh,2025-01-26 18:18:18,VJHP2127047917402,ACTIVE,,MCH 3577,0,1,1,0,0,0,0
MCH1986,Vaidya-Roy,5699,Clothing,INDIVIDUAL,Bengaluru,Karnataka,2026-01-19 00:00:00,,ACTIVE,1981.5,mch1986,0,0,0,1,0,0,0
MCH7731,"Issac, Muni and Natt",,Book Store,individual,HYDERABAD,Telangana,,XXXX4637,ACTIVE,236.08,MCH7731,0,0,1,0,1,0,0
MCH8341,Jha Ltd,4814,TELECOM,private_limited,Madras,Tamil Nadu,2023-02-07 18:23:55,XXXX7449,ACTIVE,2211.95,MCH 8341,0,0,0,0,0,0,0
MCH9131,"Arya, Narang and Maharaj",7011,HOTEL_LODGING,individual,JPR,Rajasthan,2024-04-19 05:10:00,,ACTIVE,6588.75,MCH9131,0,0,0,1,0,0,0
MCH9820,"Rai, Saha and Lalla",7011,HOTEL_LODGING,INDIVIDUAL,ASR,Punjab,2024-10-13 00:00:00,,ACTIVE,0.3129,MCH9820,0,0,0,1,0,0,0
MCH7237,Reddy-Majumdar,,Restaurants,Partnership,Dilli,Delhi,2024-12-13 00:00:00,,ACTIVE,987.48,MCH7237,0,0,1,1,0,0,0
1249,"Varkey, Kulkarni and More",5311,Retail,SOLE-PROPRIETOR,BLR,Karnataka,2023-07-26 21:44:19,,ACTIVE,1049.44,1249,0,0,0,1,0,0,0
MCH8332,"Sethi, Buch and Sachdeva",0110,Hospitality,INDIVIDUAL,Hyderabad,Telangana,2025-05-04 00:00:00,,ACTIVE,1666.61,MCH 8332,0,0,0,1,0,0,0
MCH7313,Sarma LLC,4131,Transport,individual,Kolkata,West Bengal,2025-04-07 00:00:00,XXXX9480,BLOCKED,1073.87,MCH7313,0,0,0,0,0,0,1
MCH6838,Wali-Nair,5912,chemist,Private Limited,DELHI,Delhi,2023-12-11 00:00:00,3622849709,ACTIVE,1461.29,MCH6838,0,0,0,0,0,0,0
MCH8073,Prabhakar-B0ra,5942,Stationery,SOLE-PROPRIETOR,kolkata,West Bengal,2024-12-26 22:17:38,,ACTIVE,,MCH8073,0,1,0,1,0,0,0
MCH6025,Rege-Bali,4131,transportation,Individual,Bengaluru,Karnataka,2025-04-21 00:00:00,XXXX0320,SUSPENDED,2516.42,MCH6025,0,0,0,0,0,1,0
MCH7233,Arora LLC,5699,Apparel,Individual,ludhiana,Punjab,2025-10-11 00:00:00,1141889916,ACTIVE,2703.6,MCH-7233,0,0,0,0,0,0,0
MCH4551,SURA GROUP,5699,Apparel,SOLE_PROPRIETOR,jalandhar,Punjab,2023-01-06 00:00:00,XXXX0235,ACTIVE,3287.63,MCH4551,0,0,0,0,0,0,0
MCH8854,Sabharwal-Mitter,,HOTEL_LODGING,SOLE_PROPRIETOR,jaipur,Rajasthan,2023-12-01 17:23:56,,ACTIVE,1003.79,mch8854,0,0,1,1,0,0,0
MCH4322,Mane PLC,7011,Hotels,Individual,Lucknow,Uttar Pradesh,2023-10-12 00:00:00,,ACTIVE,0.1793,MCH4322,0,0,0,1,0,0,0
MCH4185,Nath-Chaudhuri,4814,TELECOM,private_limited,jaipur,Rajasthan,2024-08-14 00:00:00,EQFV9212095030396,ACTIVE,587.44,mch4185,0,0,0,0,0,0,0
MCH7121,"narasimhan, anand and gaba",5999,Other,PRIVATE_LIMITED,Pune,Maharashtra,2025-07-25 21:18:00,,ACTIVE,0.2139,MCH7121,0,0,0,1,0,0,0
MCH4349,Atwal-Sura,,BOOKS_STATIONERY,SOLE-PROPRIETOR,Pune,Maharashtra,2025-12-21 00:00:00,ZQKH6444366746348,ACTIVE,463.78,MCH4349,0,0,1,0,0,0,0
MCH8039,"Kibe,BrahmbhattandJaggi",5699,CLOTHS,sole_proprietor,pune,Maharashtra,2024-10-28 00:00:00,,ACTIVE,2282.53,MCH8039,0,0,0,1,0,0,0
MCH5641,"Kant, Raju and Sandal",5999,Miscellaneous,PARTNERSHIP,Poona,Maharashtra,2025-05-30 00:00:00,XXXX4214,INACTIVE,2474.31,MCH5641,0,0,0,0,0,0,0
MCH4863,GILL PLC,5812,Food,individual,Hyd,Telangana,2024-07-01 00:00:00,5619003847,ACTIVE,552.87,MCH4863,0,0,0,0,0,0,0
MCH7948,Sachdeva-Buch,5311,Department Stores,PARTNERSHIP,Mumbai,Maharashtra,2025-07-03 00:00:00,XXXX0532,ACTIVE,656.76,MCH7948,0,0,0,0,0,0,0
MCH2029,Bhalla-Brahmbhatt,5999,Misc Retail,sole_proprietor,Jalandar,Punjab,2023-06-20 12:29:06,,ACTIVE,276.02,MCH2029,0,0,0,1,0,0,0
MCH7746,suresh-atwal,5942,Stationery,Sole Proprietor,ASR,Punjab,2023-08-28 00:00:00,XXXX1031,INACTIVE,0.4023,MCH7746,0,0,0,0,0,0,0
MCH7233,Kamdar-Bhakta,5411,groceries,Private Limited,Calcutta,West Bengal,2024-03-08 21:38:06,,ACTIVE,,MCH7233,0,1,0,1,0,0,0
MCH2030,Singh-Banerjee,4131,Transport,Individual,LDH,Punjab,2023-02-25 00:00:00,,ACTIVE,0.3976,MCH-2030,0,0,0,1,0,0,0
MCH5622,Solanki and Sons,5942,Books,Individual,Bengaluru,Karnataka,2023-08-13 00:00:00,4391498742,ACTIVE,252.61,MCH5622,0,0,0,0,0,0,0
MCH1812,Om PLC,5812,Restaurants,SOLE-PROPRIETOR,amritsar,Punjab,2024-11-26 18:01:01,,ACTIVE,2079.98,MCH1812,0,0,0,1,0,0,0
MCH8654,Bhavsar-Subramanian,,Grocery,individual,MUMBAI,Maharashtra,2025-12-15 00:00:00,,ACTIVE,714.58,MCH8654,0,0,1,1,0,0,0
MCH5794,Gulati and Sons,5999,Other,PRIVATE_LIMITED,BLR,Karnataka,2024-07-18 15:31:05,,ACTIVE,614.67,mch5794,0,0,0,1,0,0,0
MCH3874,"Dora,DeshpandeandSeth",,phone service,private_limited,Jalandar,Punjab,2024-05-18 00:12:00,XXXX2093,ACTIVE,1119.69,MCH3874,0,0,1,0,0,0,0
MCH9316,Bandi Ltd,5411,kirana,SOLE_PROPRIETOR,Ludhiana,Punjab,2025-08-21 00:00:00,9331997992,ACTIVE,1198.18,MCH9316,0,0,0,0,0,0,0
MCH2830,"Joshi,ChaudhariandToor",5411,Grocery Stores,Individual,Bangalore,Karnataka,2023-04-15 14:55:00,,ACTIVE,0.756,MCH2830,0,0,0,1,0,0,0
MCH4737,"Aurora, Mallick and Dugar",9420,Stationery,INDIVIDUAL,Jalandar,Punjab,2024-08-27 00:00:00,XXXX5003,INACTIVE,0.489,MCH 4737,0,0,0,0,0,0,0
MCH9049,"Badami, Pathak and Murty",5912,Pharmacy,partnership,pune,Maharashtra,2023-10-03 00:00:00,XXXX1304,ACTIVE,-2072.82,MCH9049,1,0,0,0,0,0,0
MCH9529,Dubey Inc,4814,Mobile Recharge,PRIVATE-LIMITED,Pune,Maharashtra,2024-04-26 00:00:00,XXXX3556,ACTIVE,0.1801,MCH9529,0,0,0,0,0,0,0
MCH5652,"Borde, Bhasin and Dua",5411,groceries,INDIVIDUAL,mumbai,Maharashtra,2023-12-10 00:00:00,XXXX7597,ACTIVE,-669.05,MCH5652,1,0,0,0,0,0,0
MCH1334,"KALITA, SARRAF AND BHARDWAJ",5999,Retail Other,individual,Bangalore,Karnataka,2025-09-28 00:00:00,RPOB8162410396498,ACTIVE,1780.83,MCH1334,0,0,0,0,0,0,0
MCH6972,Badal-Kamdar,7011,Hotels,PRIVATE-LIMITED,pune,Maharashtra,2023-12-20 14:49:48,,ACTIVE,1516.57,mch6972,0,0,0,1,0,0,0
MCH1976,"MUTTI, SASTRY AND JHA",5942,Stationery,private_limited,Amritsar,Punjab,2023-04-08 00:00:00,,ACTIVE,2928.73,MCH1976,0,0,0,1,0,0,0
MCH2360,Bhakta-Nazareth,5942,Stationery,Private Limited,JPR,Rajasthan,2024-06-21 00:00:00,,INACTIVE,755.69,MCH2360,0,0,0,1,0,0,0
MCH9531,lad ltd,5411,kirana,PRIVATE-LIMITED,ludhiana,Punjab,2025-12-02 00:00:00,CDSZ2178272638566,SUSPENDED,545.56,MCH 9531,0,0,0,0,0,1,0
MCH5253,Balakrishnan PLC,9120,chemist,sole_proprietor,Mumbai,Maharashtra,2025-07-23 10:23:07,3588777363,ACTIVE,,MCH 5253,0,1,0,0,0,0,0
MCH8138,deol and sons,5812,Food,PARTNERSHIP,chennai,Tamil Nadu,2023-07-23 14:47:00,,ACTIVE,1238.62,MCH8138,0,0,0,1,0,0,0
MCH2836,RAI AND SONS,5912,Pharmacy,PRIVATE-LIMITED,chennai,Tamil Nadu,2024-07-15 12:28:59,XXXX2773,INACTIVE,3262.99,MCH 2836,0,0,0,0,0,0,0
MCH4918,GANESH INC,,Hotel,individual,lucknow,Uttar Pradesh,2023-12-09 00:00:00,XXXX3579,ACTIVE,651.04,MCH4918,0,0,1,0,0,0,0
MCH2169,"Yogi, Bhakta and Suresh",5812,Food,PRIVATE-LIMITED,Hyderabad,Telangana,2023-04-25 08:08:00,XXXX3751,ACTIVE,5225.51,MCH 2169,0,0,0,0,0,0,0
MCH3536,Shankar Group,5942,Books,Partnership,Kolkata,West Bengal,2024-11-03 17:18:07,,ACTIVE,1640.82,mch3536,0,0,0,1,0,0,0
MCH9107,"Devi, Chhabra and Sharaf",6990,garments,sole_proprietor,pune,Maharashtra,2026-02-22 08:24:38,5670845997,ACTIVE,0.637,mch9107,0,0,0,0,0,0,0
MCH2099,Atwal Group,,Apparel,partnership,Bombay,Maharashtra,2025-10-23 20:48:00,XXXX7789,ACTIVE,245.52,MCH2099,0,0,1,0,0,0,0
MCH7556,Hayer-Saini,5942,Books,INDIVIDUAL,Chennai,Tamil Nadu,2024-01-24 20:09:00,,ACTIVE,,MCH 7556,0,1,0,1,0,0,0
MCH1285,hayer plc,5912,Medical,individual,BLR,Karnataka,2023-09-24 07:15:32,,ACTIVE,436.7,MCH1285,0,0,0,1,0,0,0
MCH4729,"Karpe, Dhaliwal and Subramanian",7011,Hotel,partnership,Amritsar,Punjab,2024-01-14 00:00:00,XMOP1907956771131,ACTIVE,2525.97,MCH 4729,0,0,0,0,0,0,0
MCH9088,Bhardwaj-Bala,5999,Miscellaneous,PARTNERSHIP,Madras,Tamil Nadu,2025-06-26 00:00:00,UMVD8641404072198,ACTIVE,0.413,MCH9088,0,0,0,0,0,0,0
MCH4435,"Shere, Jain and Luthra",5999,Retail Other,PRIVATE-LIMITED,Chennai,Tamil Nadu,2024-06-23 00:00:00,PJOC4178398535690,ACTIVE,0.894,MCH4435,0,0,0,0,0,0,0
MCH6024,"Saran, Sinha and Barman",5812,Restaurants,SOLE-PROPRIETOR,Jalandhar,Punjab,2026-01-18 00:39:00,XXXX8830,ACTIVE,1185.95,MCH6024,0,0,0,0,0,0,0
MCH5112,"Agate, Atwal and Yohannan",5311,Department Store,Private Limited,ludhiana,Punjab,2023-06-27 18:52:54,JBYC7644035129509,INACTIVE,669.14,MCH5112,0,0,0,0,0,0,0
MCH9992,Rajagopalan PLC,7011,hotel_lodging,Sole Proprietor,Bengaluru,Karnataka,2024-02-07 00:00:00,5652803993,ACTIVE,577.93,MCH9992,0,0,0,0,0,0,0
MCH4538,Lad Ltd,5699,Fashion,Private Limited,New Delhi,Delhi,2023-12-30 08:20:00,,ACTIVE,449.9,MCH4538,0,0,0,1,0,0,0
MCH8987,Mander LLC,5942,Stationery,PRIVATE-LIMITED,Pune,Maharashtra,2024-02-02 00:00:00,7115831556,ACTIVE,881.75,MCH8987,0,0,0,0,0,0,0
MCH2044,"Upadhyay, Kapoor and Nazareth",7011,Hospitality,Individual,LKO,Uttar Pradesh,2023-01-02 00:58:55,3913922043,ACTIVE,368.05,MCH-2044,0,0,0,0,0,0,0
MCH5414,bhandari ltd,7011,Hotel,PRIVATE_LIMITED,DELHI,Delhi,2025-03-26 00:00:00,VQLO7234241275182,ACTIVE,155.88,MCH5414,0,0,0,0,0,0,0
MCH8546,jani plc,5311,Department Store,Partnership,Calcutta,West Bengal,2024-09-21 00:00:00,,ACTIVE,1691.74,MCH8546,0,0,0,1,0,0,0
MCH7773,Nath-Parikh,5699,garments,individual,JPR,Rajasthan,2025-09-08 12:42:00,XXXX0128,ACTIVE,544.16,MCH 7773,0,0,0,0,0,0,0
MCH5171,"pandya, bawa and kibe",4131,Transportation,Partnership,JPR,Rajasthan,2024-11-18 00:00:00,XXXX5385,ACTIVE,1895.53,MCH5171,0,0,0,0,0,0,0
MCH7631,Chawla-Ganesh,4131,TRAVEL,Individual,Pune,Maharashtra,2023-07-12 00:00:00,1532003029,ACTIVE,6757.26,MCH7631,0,0,0,0,0,0,0
MCH7902,deol inc,4131,Bus/Taxi,PARTNERSHIP,Ludhiana,Punjab,2025-05-07 00:00:00,,ACTIVE,-2892.53,MCH7902,1,0,0,1,0,0,0
MCH4136,SEHGAL PLC,5699,garments,PARTNERSHIP,MUMBAI,Maharashtra,2024-07-30 00:00:00,,ACTIVE,2564.97,MCH4136,0,0,0,1,0,0,0
MCH4790,date plc,,Hotel,Individual,amritsar,Punjab,2025-12-11 10:11:45,XXXX3526,SUSPENDED,0.199,MCH4790,0,0,1,0,0,1,0
MCH2035,HORA-GROVER,4131,Transportation,Sole Proprietor,New Delhi,Delhi,2026-01-07 09:43:17,,ACTIVE,212.97,MCH2035,0,0,0,1,0,0,0
MCH7806,"Sahni, Bhavsar and Kaul",,Transport,private_limited,HYDERABAD,Telangana,2023-04-17 00:00:00,XXXX2487,ACTIVE,1046.19,MCH7806,0,0,1,0,0,0,0
MCH7993,Garde Inc,4814,TELECOM,partnership,Kolkata,West Bengal,2023-04-23 00:00:00,4099690978,ACTIVE,0.1024,MCH7993,0,0,0,0,0,0,0
MCH5551,Narain-Goda,5699,Fashion,Private Limited,mumbai,Maharashtra,2026-01-09 00:00:00,,ACTIVE,817.05,MCH5551,0,0,0,1,0,0,0
MCH6776,"Bhat, Hans and Maharaj",5812,Food,individual,Ludhiana,Punjab,2024-09-17 21:52:50,XXXX5302,INACTIVE,0.699,MCH-6776,0,0,0,0,0,0,0
5984,acharya-badal,5999,other,Sole Proprietor,kolkata,West Bengal,2023-01-03 00:00:00,,INACTIVE,0.515,5984,0,0,0,1,0,0,0
MCH3885,Thakur Inc,4131,transprt,Private Limited,Madras,Tamil Nadu,,8680968188,ACTIVE,618.81,MCH3885,0,0,0,0,1,0,0
MCH4577,"Atwal, Sura and Bhatti",5812,restaurant,PARTNERSHIP,Hyd,Telangana,2026-01-03 18:58:00,PWDW0230553443063,SUSPENDED,316.9,MCH4577,0,0,0,0,0,1,0
MCH1710,"Tara, Dash and Pau",9120,Pharmacies,PARTNERSHIP,lucknow,Uttar Pradesh,2026-02-26 00:00:00,,ACTIVE,804.19,mch1710,0,0,0,1,0,0,0
MCH3956,Kota Ltd,5311,Department Store,PRIVATE_LIMITED,HYDERABAD,Telangana,2023-11-14 00:00:00,,ACTIVE,656.81,MCH3956,0,0,0,1,0,0,0
MCH2205,narayan plc,4131,Bus/Taxi,Partnership,HYDERABAD,Telangana,2023-03-16 14:24:12,,ACTIVE,2136.03,MCH2205,0,0,0,1,0,0,0
MCH4540,Nadig LLC,5699,garments,PARTNERSHIP,MUMBAI,Maharashtra,2024-02-03 18:04:00,,ACTIVE,0.7331,mch4540,0,0,0,1,0,0,0
MCH4089,Mistry and Sons,4110,GROCERY_STORE,sole_proprietor,MUMBAI,Maharashtra,2024-07-20 00:00:00,FZNP2052339077080,ACTIVE,1563.22,mch4089,0,0,0,0,0,0,0
MCH8220,sarkar plc,4110,kirana,Private Limited,Poona,Maharashtra,2024-06-11 00:00:00,,ACTIVE,142.34,MCH 8220,0,0,0,1,0,0,0
MCH2993,"Dube, Yadav and Konda",5942,Stationery,Individual,Jaipur,Rajasthan,2025-07-14 00:00:00,WWQW1736251351915,ACTIVE,2422.76,MCH2993,0,0,0,0,0,0,0
MCH6061,Kaur LLC,5912,Medical,INDIVIDUAL,Chennai,Tamil Nadu,2025-12-20 00:00:00,PCHM7779378281911,ACTIVE,1323.16,mch6061,0,0,0,0,0,0,0
MCH5847,"Kar, Gupta and Choudhry",7011,HOTEL_LODGING,Sole Proprietor,Kolkata,West Bengal,2023-05-20 00:00:00,8964900216,ACTIVE,-4487.3,MCH5847,1,0,0,0,0,0,0
MCH7439,Jayaraman PLC,0110,Hospitality,private_limited,kolkata,West Bengal,2024-04-07 13:32:00,,ACTIVE,7697.49,mch7439,0,0,0,1,0,0,0
MCH9977,Mohanty-Desai,4814,Telecom,SOLE_PROPRIETOR,Mumbai,Maharashtra,2023-02-13 00:00:00,0069594001,ACTIVE,845.52,MCH9977,0,0,0,0,0,0,0
MCH5777,Dubey and Sons,5999,Retail Other,Individual,Bangalore,Karnataka,2025-12-01 19:34:00,,INACTIVE,4320.83,MCH5777,0,0,0,1,0,0,0
MCH1856,Baria-Balay,5311,DEPT_STORE,sole_proprietor,Lucknow,Uttar Pradesh,2023-12-26 15:21:00,XXXX1618,ACTIVE,2071.73,MCH1856,0,0,0,0,0,0,0
MCH6223,Ramanathan-Dhingra,4131,TRAVEL,INDIVIDUAL,Lucknow,Uttar Pradesh,2023-03-10 00:00:00,4296850394,ACTIVE,0.306,MCH6223,0,0,0,0,0,0,0
MCH1816,Kohli-Hans,7011,HOTEL_LODGING,INDIVIDUAL,Kolkata,West Bengal,2025-01-22 00:00:00,,ACTIVE,0.487,MCH1816,0,0,0,1,0,0,0
MCH8527,Tella-Mani,5912,Pharmacy,Partnership,LDH,Punjab,2025-11-09 00:00:00,,ACTIVE,,MCH8527,0,1,0,1,0,0,0
MCH1304,sama ltd,5912,MEDICAL_STORE,INDIVIDUAL,bengaluru,Karnataka,2024-02-27 00:00:00,9710613459,ACTIVE,4095.57,mch1304,0,0,0,0,0,0,0
MCH9279,Choudhury LLC,5411,Grocery Stores,SOLE_PROPRIETOR,Kolkata,West Bengal,2024-11-18 00:00:00,0970198759,ACTIVE,644.81,MCH9279,0,0,0,0,0,0,0
MCH3037,Gokhale PLC,5411,grocery,PARTNERSHIP,Calcutta,West Bengal,2024-12-13 00:00:00,XXXX1304,HOLD,1146.48,MCH3037,0,0,0,0,0,0,0
MCH8876,Narayanan and Sons,5942,Stationery,Individual,BLR,Karnataka,2025-10-12 00:00:00,XXXX5207,INACTIVE,2065.28,MCH8876,0,0,0,0,0,0,0
MCH1599,RASTOGI-KUMER,5311,Department Store,PARTNERSHIP,jalandhar,Punjab,2025-12-25 00:00:00,EEOR2299289390848,ACTIVE,361.82,MCH1599,0,0,0,0,0,0,0
MCH5823,Sen LLC,4814,phone service,sole_proprietor,pune,Maharashtra,2024-08-30 01:05:00,,ACTIVE,7119.48,MCH5823,0,0,0,1,0,0,0
MCH9847,"Krish, Rau and Parsa",5999,Retail Other,Private Limited,kolkata,West Bengal,2024-12-26 00:00:00,,ACTIVE,1027.86,MCH-9847,0,0,0,1,0,0,0
MCH6336,"Kunda, Kumar and Gulati",,transprt,Private Limited,chennai,Tamil Nadu,2024-03-16 16:19:00,XXXX8337,ACTIVE,772.78,mch6336,0,0,1,0,0,0,0
MCH7910,Shenoy LLC,5812,FOOD_SERVICES,partnership,Hyd,Telangana,2024-03-25 00:00:00,5996954160,INACTIVE,741.5,MCH7910,0,0,0,0,0,0,0
MCH3510,Sankaran Inc,5699,Apparel,individual,Hyderabad,Telangana,2026-02-18 00:00:00,9848495819,INACTIVE,0.2317,MCH3510,0,0,0,0,0,0,0
MCH6305,"Chakraborty,HansandSahota",4131,Transport,INDIVIDUAL,MUMBAI,Maharashtra,2025-10-20 00:00:00,,ACTIVE,1075.82,MCH6305,0,0,0,1,0,0,0
MCH4024,Choudhury Ltd,5999,Misc Retail,Individual,Ludhiana,Punjab,2025-03-28 00:00:00,XSWD9540302475782,ACTIVE,-2449.8,MCH 4024,1,0,0,0,0,0,0
MCH2266,Natarajan and Sons,5912,chemist,INDIVIDUAL,Chennai,Tamil Nadu,2025-04-17 01:53:35,NABB6271790214696,ACTIVE,447.78,mch2266,0,0,0,0,0,0,0
MCH1696,Rai and Sons,,Department Stores,Individual,Jaipur,Rajasthan,2023-04-24 23:28:29,,ACTIVE,2898.12,MCH1696,0,0,1,1,0,0,0
MCH6680,Vaidya-Agrawal,5999,Misc Retail,PARTNERSHIP,New Delhi,Delhi,2025-05-28 00:00:00,,ACTIVE,,MCH6680,0,1,0,1,0,0,0
MCH4856,Aurora Ltd,4814,phone service,sole_proprietor,jaipur,Rajasthan,2024-05-13 21:42:00,ECWU8427158374985,INACTIVE,3394.14,MCH-4856,0,0,0,0,0,0,0
MCH3325,Varty-Vig,5912,pharmacy,PARTNERSHIP,kolkata,West Bengal,2023-10-29 00:00:00,XXXX1753,SUSPENDED,0.4212,MCH3325,0,0,0,0,0,1,0
MCH4126,Sen Group,5699,Apparel,Individual,jaipur,Rajasthan,2023-06-08 00:00:00,,ACTIVE,236.05,MCH4126,0,0,0,1,0,0,0
MCH9736,sant plc,7011,HOTEL_LODGING,sole_proprietor,LKO,Uttar Pradesh,2024-12-07 00:00:00,4147851928,ACTIVE,1081.26,MCH9736,0,0,0,0,0,0,0
6590,HandaInc,5699,Fashion,INDIVIDUAL,kolkata,West Bengal,2024-04-07 00:00:00,IRLC4441881574347,ACTIVE,2071.46,6590,0,0,0,0,0,0,0
MCH3612,Kala Inc,5812,Restaurant,SOLE-PROPRIETOR,MUMBAI,Maharashtra,2025-08-17 02:43:00,GCWT7054433892701,ACTIVE,0.577,MCH3612,0,0,0,0,0,0,0
MCH9835,MANDA INC,5912,Pharmacy,Individual,Calcutta,West Bengal,2024-10-22 00:00:00,,ACTIVE,293.75,MCH9835,0,0,0,1,0,0,0
MCH4888,chanda and sons,5912,MEDICAL_STORE,SOLE_PROPRIETOR,kolkata,West Bengal,2023-08-14 00:00:00,,ACTIVE,2635.13,MCH4888,0,0,0,1,0,0,0
MCH7885,Vaidya-Bhatt,5411,Grocery Stores,sole_proprietor,lucknow,Uttar Pradesh,2025-08-25 08:23:00,,ACTIVE,648.72,MCH7885,0,0,0,1,0,0,0
MCH7280,"Sathe, Shan and Oommen",5411,groceries,INDIVIDUAL,Ludhiana,Punjab,2025-10-21 00:00:00,XXXX0221,ACTIVE,466.99,MCH7280,0,0,0,0,0,0,0
MCH2713,Dayal Group,5699,Fashion,INDIVIDUAL,Poona,Maharashtra,2024-08-10 00:00:00,1734751668,HOLD,1199.07,MCH2713,0,0,0,0,0,0,0
MCH5500,"Dubey, Tandon and Batta",4814,TELECOM,Sole Proprietor,Lucknow,Uttar Pradesh,2024-06-06 00:00:00,8963304371,ACTIVE,2211.38,MCH5500,0,0,0,0,0,0,0
MCH8840,Chatterjee and Sons,3110,Retail,individual,pune,Maharashtra,2024-09-26 02:57:00,,ACTIVE,1208.62,MCH8840,0,0,0,1,0,0,0
MCH9398,"Suresh, Khosla and Kadakia",,HOTEL_LODGING,SOLE-PROPRIETOR,Bengaluru,Karnataka,,XXXX1590,ACTIVE,1404.91,MCH9398,0,0,1,0,1,0,0
MCH1328,Buch and Sons,7011,Hotels,SOLE_PROPRIETOR,Chennai,Tamil Nadu,2025-03-28 00:00:00,JVTH6188797527471,ACTIVE,0.711,MCH1328,0,0,0,0,0,0,0
MCH1469,"CHOUDHURY, JANI AND RAMASWAMY",5942,Books,sole_proprietor,BLR,Karnataka,2025-03-28 00:00:00,XXXX9996,ACTIVE,0.416,mch1469,0,0,0,0,0,0,0
MCH9081,Patil-Hans,4814,phone service,Individual,mumbai,Maharashtra,2025-06-12 12:49:19,8795015116,ACTIVE,,MCH9081,0,1,0,0,0,0,0
MCH9947,Sarkar Ltd,5311,Department Stores,INDIVIDUAL,Ludhiana,Punjab,2023-06-25 00:00:00,GOFP4316530582610,ACTIVE,,MCH9947,0,1,0,0,0,0,0
MCH6984,wadhwa llc,5411,Grocery Stores,individual,pune,Maharashtra,2025-01-23 00:00:00,3976512741,ACTIVE,542.76,mch6984,0,0,0,0,0,0,0
MCH9192,gandhi llc,5912,Pharmacies,INDIVIDUAL,jaipur,Rajasthan,2025-03-01 00:00:00,,ACTIVE,1758.06,MCH 9192,0,0,0,1,0,0,0
MCH5555,"Banerjee, Kurian and Tara",4814,TELECOM,sole_proprietor,jalandhar,Punjab,2025-05-21 00:00:00,,ACTIVE,,MCH 5555,0,1,0,1,0,0,0
MCH2676,Subramanian Inc,5912,MEDICAL_STORE,PARTNERSHIP,Calcutta,West Bengal,2025-04-01 00:00:00,2515678335,ACTIVE,1679.3,MCH2676,0,0,0,0,0,0,0
MCH4573,"Edwin, Manda and Biswas",,Pharmacy,Sole Proprietor,pune,Maharashtra,2025-02-28 14:41:00,3049901910,ACTIVE,2824.05,MCH4573,0,0,1,0,0,0,0
MCH2851,Ben Ltd,4131,Transport,SOLE_PROPRIETOR,Lucknow,Uttar Pradesh,2023-06-24 10:58:00,,ACTIVE,0.784,MCH2851,0,0,0,1,0,0,0
MCH7589,"Parekh, Dugal and Bumb",4131,Transportation,PRIVATE-LIMITED,pune,Maharashtra,2025-01-17 00:00:00,1086489702,ACTIVE,437.44,MCH7589,0,0,0,0,0,0,0
MCH7314,Mahajan-B0rde,5999,retail other,partnership,lucknow,Uttar Pradesh,2023-01-05 09:53:50,3772469001,ACTIVE,0.1003,MCH7314,0,0,0,0,0,0,0
MCH9397,Ramaswamy-Goel,5411,groceries,PRIVATE-LIMITED,jalandhar,Punjab,2025-12-20 01:06:00,3711511693,ACTIVE,0.1519,MCH9397,0,0,0,0,0,0,0
MCH8125,"NADIG, ARORA AND RAJ",4110,GROCERY_STORE,private_limited,LDH,Punjab,2023-03-13 08:50:20,RTPE2593701073993,SUSPENDED,1340.53,MCH8125,0,0,0,0,0,1,0
9617,Ranganathan-Ha1der,5411,Grocery Stores,Private Limited,Chennai,Tamil Nadu,2024-12-08 00:00:00,6857352456,ACTIVE,904.23,9617,0,0,0,0,0,0,0
MCH9036,Banerjee-Shenoy,5912,Pharmacy,SOLE_PROPRIETOR,Poona,Maharashtra,2025-11-19 00:00:00,,ACTIVE,1613.75,MCH-9036,0,0,0,1,0,0,0
MCH2566,Oommen Inc,5999,Retail Other,private_limited,New Delhi,Delhi,,XXXX9507,ACTIVE,2200.23,MCH2566,0,0,0,0,1,0,0
MCH2888,Chahal LLC,5912,Pharmacies,Private Limited,MUMBAI,Maharashtra,2023-04-21 00:00:00,XXXX3951,ACTIVE,631.05,MCH2888,0,0,0,0,0,0,0
MCH9672,contractor-sinha,5311,Retail,INDIVIDUAL,Kolkata,West Bengal,2024-11-26 00:00:00,8867559277,ACTIVE,1371.8,mch9672,0,0,0,0,0,0,0
MCH1540,DAVE LLC,9420,BOOKS_STATIONERY,SOLE_PROPRIETOR,mumbai,Maharashtra,2024-05-21 00:00:00,,ACTIVE,0.525,MCH1540,0,0,0,1,0,0,0
MCH3353,sachar ltd,5942,Book Store,private_limited,jalandhar,Punjab,2023-06-06 00:00:00,,INACTIVE,0.446,MCH3353,0,0,0,1,0,0,0
MCH8451,"KALA, PRADHAN AND HAYRE",5812,FOOD_SERVICES,PARTNERSHIP,Hyderabad,Telangana,2024-06-14 00:00:00,9996900448,ACTIVE,1874.56,MCH8451,0,0,0,0,0,0,0
MCH9659,gokhale-bassi,4814,Mobile Recharge,SOLE_PROPRIETOR,Mumbai,Maharashtra,2023-09-11 00:00:00,AEKL3434312955275,ACTIVE,269.4,MCH9659,0,0,0,0,0,0,0
MCH4821,"Kade, Dhawan and Kadakia",5411,kirana,private_limited,Mumbai,Maharashtra,2024-03-14 00:00:00,,ACTIVE,0.2277,MCH4821,0,0,0,1,0,0,0
MCH9018,TAK PLC,5999,Misc Retail,Partnership,Amritsar,Punjab,2023-11-25 00:00:00,,ACTIVE,354.66,MCH9018,0,0,0,1,0,0,0
MCH3331,"Shukla, Kadakia and Kata",5699,garments,private_limited,Ludhiana,Punjab,2025-03-18 00:00:00,,ACTIVE,1008.43,MCH3331,0,0,0,1,0,0,0
1640,sem plc,,Hospitality,PRIVATE_LIMITED,Mumbai,Maharashtra,2023-09-10 00:00:00,5367265975,ACTIVE,894.9,1640,0,0,1,0,0,0,0
MCH9161,Patla Group,5311,Retail,individual,pune,Maharashtra,2024-10-25 00:00:00,XXXX6366,ACTIVE,-1771.36,MCH 9161,1,0,0,0,0,0,0
MCH1320,Babu-Khatri,5699,Fashion,INDIVIDUAL,Kolkata,West Bengal,2023-11-24 10:52:12,XXXX8923,ACTIVE,,MCH1320,0,1,0,0,0,0,0
9901,Oommen Ltd,7011,Hotel,Sole Proprietor,Hyd,Telangana,2025-10-01 18:50:10,XXXX3340,INACTIVE,538.3,9901,0,0,0,0,0,0,0
MCH3853,Bhat-Dutt,5411,Grocery,Sole Proprietor,HYDERABAD,Telangana,2023-03-05 00:00:00,,ACTIVE,,MCH3853,0,1,0,1,0,0,0
MCH5914,Ku1karni-Deshmukh,5699,garments,individual,JPR,Rajasthan,2025-04-24 21:08:53,,ACTIVE,386.71,MCH5914,0,0,0,1,0,0,0
MCH6290,Chaudhry-Agarwal,5999,Retail Other,PARTNERSHIP,ludhiana,Punjab,2023-09-01 00:00:00,,INACTIVE,0.5757,MCH6290,0,0,0,1,0,0,0
MCH6665,WadhwaInc,3110,Department Store,PRIVATE-LIMITED,New Delhi,Delhi,2025-07-05 00:00:00,,ACTIVE,1714.72,mch6665,0,0,0,1,0,0,0
MCH4087,"basak, lal and tailor",4814,Mobile Recharge,PRIVATE_LIMITED,pune,Maharashtra,2025-10-03 00:37:00,,ACTIVE,298.11,MCH4087,0,0,0,1,0,0,0
MCH7714,"koshy, dani and barad",4814,TELECOM,PRIVATE_LIMITED,jalandhar,Punjab,2023-10-27 23:10:00,,ACTIVE,669.74,MCH7714,0,0,0,1,0,0,0
MCH5663,"goyal, brahmbhatt and raja",9120,MEDICAL_STORE,INDIVIDUAL,Ludhiana,Punjab,2023-05-31 00:00:00,,HOLD,2417.27,MCH5663,0,0,0,1,0,0,0
MCH3389,"Barad, Murthy and Muni",,chemist,INDIVIDUAL,Amritsar,Punjab,2025-03-19 00:00:00,,ACTIVE,234.09,mch3389,0,0,1,1,0,0,0
MCH3099,Peri-Parmer,5699,garments,PARTNERSHIP,DELHI,Delhi,2024-06-22 00:00:00,,ACTIVE,2046.1,MCH3099,0,0,0,1,0,0,0
MCH6275,Tank PLC,4814,Mobile Recharge,Sole Proprietor,chennai,Tamil Nadu,2024-08-26 00:00:00,XXXX8300,ACTIVE,0.781,MCH6275,0,0,0,0,0,0,0
MCH2447,anand llc,4131,Transport,SOLE_PROPRIETOR,JPR,Rajasthan,,,INACTIVE,1803.52,MCH2447,0,0,0,1,1,0,0
MCH4460,BUMB PLC,5942,Books,PRIVATE_LIMITED,chennai,Tamil Nadu,,XXXX4424,ACTIVE,696.95,MCH4460,0,0,0,0,1,0,0
MCH9823,Kunda-Parekh,5812,Restaurant,individual,Bombay,Maharashtra,2023-10-04 00:00:00,YIKU2339191619475,ACTIVE,1308.28,MCH9823,0,0,0,0,0,0,0
MCH9096,Tandon-Thaman,5999,Retail Other,Individual,Delhi,Delhi,2023-09-03 00:00:00,3351065613,ACTIVE,2658.35,MCH9096,0,0,0,0,0,0,0
MCH1358,Bhatia-Sekhon,5942,BOOKS_STATIONERY,PRIVATE_LIMITED,Jaipur,Rajasthan,2025-05-01 00:00:00,XXXX4241,ACTIVE,1421.8,MCH1358,0,0,0,0,0,0,0
MCH9649,Sachdeva-Dey,7011,HOTEL_LODGING,sole_proprietor,ASR,Punjab,2025-12-06 07:10:00,XRSK3388415827357,ACTIVE,-493.43,MCH-9649,1,0,0,0,0,0,0
MCH5235,palla inc,5942,Book Store,PARTNERSHIP,BLR,Karnataka,2024-10-27 00:00:00,,ACTIVE,3807.5,MCH 5235,0,0,0,1,0,0,0
MCH9154,"Mangat, Sarkar and Vasa",3110,Retail,SOLE_PROPRIETOR,HYDERABAD,Telangana,2023-03-09 00:00:00,DTTZ1892927349834,ACTIVE,1303.87,MCH9154,0,0,0,0,0,0,0
MCH4761,Khalsa PLC,5912,Pharmacy,individual,jaipur,Rajasthan,2025-01-17 07:20:16,DXWD4550992976599,INACTIVE,4970.84,MCH4761,0,0,0,0,0,0,0
MCH8314,Mahajan-Batta,4131,Transportation,individual,Lucknow,Uttar Pradesh,2024-04-01 00:00:00,,ACTIVE,856.24,MCH-8314,0,0,0,1,0,0,0
MCH1180,Sangha and Sons,5411,Grocery,individual,HYDERABAD,Telangana,2023-03-11 00:00:00,VUOK6265318074983,ACTIVE,993.08,mch1180,0,0,0,0,0,0,0
MCH8467,Gara-Sarkar,5912,MEDICAL_STORE,INDIVIDUAL,Poona,Maharashtra,2025-12-03 17:00:00,,ACTIVE,0.826,MCH8467,0,0,0,1,0,0,0
MCH1768,"Mody, Tata and Chatterjee",4131,Transport,SOLE-PROPRIETOR,Madras,Tamil Nadu,2024-09-08 00:00:00,,ACTIVE,360.87,MCH1768,0,0,0,1,0,0,0
MCH5402,"MANDAL, CHADA AND DESHPANDE",5411,kirana,SOLE-PROPRIETOR,DELHI,Delhi,2025-11-08 00:00:00,,SUSPENDED,-503.34,MCH5402,1,0,0,1,0,1,0
MCH8880,Hayer-Walia,4131,Bus/Taxi,partnership,jalandhar,Punjab,2023-04-08 11:08:14,,ACTIVE,2616.91,MCH8880,0,0,0,1,0,0,0
MCH7595,Subramaniam-Balasubramanian,,kirana,Individual,ludhiana,Punjab,2026-01-07 00:00:00,4323936215,ACTIVE,3392.31,MCH7595,0,0,1,0,0,0,0
MCH6206,"Sanghvi, Dugar and Rajagopal",4814,phone service,individual,Chennai,Tamil Nadu,2025-03-31 00:00:00,5473942096,SUSPENDED,683.76,MCH6206,0,0,0,0,0,1,0
MCH2424,PATIL LTD,5912,chemist,Partnership,Madras,Tamil Nadu,2023-10-08 14:00:00,,ACTIVE,737.41,MCH2424,0,0,0,1,0,0,0
MCH5894,Borra-Tiwari,5311,Retail,PARTNERSHIP,bengaluru,Karnataka,2025-05-24 19:29:00,,ACTIVE,239.64,MCH5894,0,0,0,1,0,0,0
MCH4672,Sandhu LLC,5942,Stationery,PARTNERSHIP,Bangalore,Karnataka,,,ACTIVE,456.49,MCH-4672,0,0,0,1,1,0,0
MCH3259,Deep and Sons,5912,pharmacies,partnership,DELHI,Delhi,,7747336061,ACTIVE,308.57,MCH3259,0,0,0,0,1,0,0
MCH9868,"Narain, Dada and Panchal",4814,Telecom,SOLE-PROPRIETOR,pune,Maharashtra,2026-02-28 00:00:00,7391477397,INACTIVE,-236.45,MCH9868,1,0,0,0,0,0,0
MCH7715,Patla-Memon,5699,garments,Private Limited,Chennai,Tamil Nadu,2024-02-28 04:11:46,,ACTIVE,-1669.66,MCH7715,1,0,0,1,0,0,0
5567,D’Alia Ltd,7011,Hotel,Individual,BLR,Karnataka,2025-09-09 00:00:00,XXXX2596,ACTIVE,271.02,5567,0,0,0,0,0,0,0
MCH3806,ParmerLLC,5411,kirana,sole_proprietor,JPR,Rajasthan,2024-11-04 00:00:00,6810844450,ACTIVE,0.1939,MCH3806,0,0,0,0,0,0,0
MCH6454,Nagi-Ch0udhury,5699,garments,PRIVATE-LIMITED,Bengaluru,Karnataka,2024-03-28 00:00:00,XXXX1525,INACTIVE,0.3116,MCH 6454,0,0,0,0,0,0,0
MCH3602,"Panchal, Karpe and Bhatti",7011,Hotels,PARTNERSHIP,ASR,Punjab,2023-08-29 00:00:00,NJWF8221387776765,ACTIVE,754.95,MCH-3602,0,0,0,0,0,0,0
3319,"Jani, Tailor and Radhakrishnan",5699,Apparel,SOLE_PROPRIETOR,Jalandar,Punjab,2024-08-26 05:30:00,IUQF4655993827398,ACTIVE,-516.88,3319,1,0,0,0,0,0,0
MCH4131,ChaudhryInc,5999,Other,PARTNERSHIP,Amritsar,Punjab,2023-01-07 00:00:00,,ACTIVE,1561.61,MCH4131,0,0,0,1,0,0,0
MCH4104,"Som, Rege and Thaker",,Hotel,INDIVIDUAL,BLR,Karnataka,2024-07-21 00:00:00,,ACTIVE,,MCH4104,0,1,1,1,0,0,0
MCH3252,"Patel, Saran and Bala",5699,garments,Individual,Poona,Maharashtra,2023-06-18 00:00:00,4243165999,ACTIVE,1917.91,MCH 3252,0,0,0,0,0,0,0
MCH4111,Brahmbhatt LLC,5999,Miscellaneous,partnership,LKO,Uttar Pradesh,,,SUSPENDED,682.69,MCH4111,0,0,0,1,1,1,0
5295,"Goda, Prashad and Narain",,Medical,Individual,LKO,Uttar Pradesh,2024-10-27 00:00:00,,ACTIVE,888.39,5295,0,0,1,1,0,0,0
MCH5335,Daya1-Gera,,HOTEL_LODGING,PARTNERSHIP,Delhi,Delhi,,,ACTIVE,699.3,MCH5335,0,0,1,1,1,0,0
MCH9555,"nadig, kumer and nath",9120,MEDICAL_STORE,Partnership,lucknow,Uttar Pradesh,2023-02-01 00:00:00,9648467253,ACTIVE,,MCH9555,0,1,0,0,0,0,0
MCH8799,"Tailor,RattiandAnne",5912,MEDICAL_STORE,SOLE_PROPRIETOR,Calcutta,West Bengal,2023-03-13 00:00:00,XXXX2356,SUSPENDED,1556.57,mch8799,0,0,0,0,0,1,0
MCH2899,Golla Ltd,4131,transprt,Partnership,Jaipur,Rajasthan,,EGFZ1016369573887,ACTIVE,5018.99,MCH2899,0,0,0,0,1,0,0
MCH2238,Chakrabarti-Lata,5699,garments,INDIVIDUAL,Amritsar,Punjab,2024-10-19 10:57:01,0636957365,ACTIVE,0.165,MCH2238,0,0,0,0,0,0,0
MCH1636,Nigam PLC,5699,garments,PARTNERSHIP,DELHI,Delhi,2024-06-13 01:00:37,,ACTIVE,2284.21,MCH1636,0,0,0,1,0,0,0
6080,"kanda, krishnan and chaudry",5411,GROCERY_STORE,Private Limited,chennai,Tamil Nadu,2023-02-27 00:47:00,,INACTIVE,1675.16,6080,0,0,0,1,0,0,0
MCH6474,Bakshi Ltd,5912,Medical,Private Limited,Lucknow,Uttar Pradesh,2025-09-06 00:00:00,UIQO0757463991116,ACTIVE,3871.85,MCH6474,0,0,0,0,0,0,0
MCH8449,Vaidya-Gulati,,Restaurants,PRIVATE-LIMITED,Chennai,Tamil Nadu,2024-04-06 00:00:00,TCOQ6253751311209,ACTIVE,118.49,MCH8449,0,0,1,0,0,0,0
7152,"Bedi, Patil and Rana",3110,Retail,PRIVATE_LIMITED,Chennai,Tamil Nadu,2026-02-01 00:00:00,2453620033,INACTIVE,1076.99,7152,0,0,0,0,0,0,0
MCH4408,Dhar-Shetty,5912,Medical,individual,ASR,Punjab,2023-12-19 00:00:00,XXXX8510,INACTIVE,425.49,mch4408,0,0,0,0,0,0,0
MCH7327,"Krish, Dhar and Choudhury",4814,TELECOM,Individual,kolkata,West Bengal,2023-05-22 13:42:22,KDMG5541225124685,ACTIVE,0.44,MCH7327,0,0,0,0,0,0,0
MCH6556,Chana-Barad,5999,Other,private_limited,Jalandhar,Punjab,2024-06-09 00:00:00,XXXX3130,ACTIVE,0.1172,MCH-6556,0,0,0,0,0,0,0
MCH6031,Chauhan Group,5699,CLOTHS,individual,HYDERABAD,Telangana,2024-12-13 22:44:00,XXXX4944,ACTIVE,0.654,MCH6031,0,0,0,0,0,0,0
MCH8963,"Aggarwal,NagiandBorde",5411,groceries,SOLE-PROPRIETOR,ludhiana,Punjab,2024-08-01 17:56:00,UGNI2119725168826,ACTIVE,474.91,MCH8963,0,0,0,0,0,0,0
MCH4216,Ratta and Sons,5942,Stationery,Partnership,Jalandhar,Punjab,2023-10-07 00:00:00,XXXX5580,ACTIVE,1337.5,MCH4216,0,0,0,0,0,0,0
MCH9569,Parekh-Kalita,5311,Retail,Individual,ASR,Punjab,2025-12-07 00:00:00,XXXX5054,ACTIVE,1617.31,MCH 9569,0,0,0,0,0,0,0
MCH7106,Master and Sons,8120,Restaurant,partnership,lucknow,Uttar Pradesh,2023-01-27 00:00:00,6057584489,ACTIVE,1328.09,MCH7106,0,0,0,0,0,0,0
MCH3371,Ganguly Group,5699,Clothing,sole_proprietor,LKO,Uttar Pradesh,2024-11-18 12:48:12,,ACTIVE,304.02,MCH3371,0,0,0,1,0,0,0
MCH3489,Bahl-Bhavsar,4131,Transportation,PARTNERSHIP,DELHI,Delhi,,XXXX6898,ACTIVE,908.03,MCH3489,0,0,0,0,1,0,0
MCH7938,CHANDER LTD,,phone service,SOLE_PROPRIETOR,Bangalore,Karnataka,2023-09-22 00:00:00,,ACTIVE,-639.19,MCH7938,1,0,1,1,0,0,0
MCH4802,Jain Inc,5411,grocery_store,Individual,Mumbay,Maharashtra,,WAKX1731194726020,INACTIVE,1158.19,MCH4802,0,0,0,0,1,0,0
MCH4967,Mallick PLC,4131,Transport,PARTNERSHIP,Amritsar,Punjab,2025-08-22 00:00:00,XXXX4798,ACTIVE,-3082.77,MCH4967,1,0,0,0,0,0,0
MCH8308,"MUKHOPADHYAY, KOTHARI AND RAVAL",,Retail,INDIVIDUAL,amritsar,Punjab,2023-01-21 00:00:00,2673122998,ACTIVE,764.32,MCH8308,0,0,1,0,0,0,0
MCH1658,khatri-mohanty,5812,Restaurants,sole_proprietor,JPR,Rajasthan,2025-08-08 00:00:00,DGXZ0949885183603,INACTIVE,2016.79,MCH1658,0,0,0,0,0,0,0
MCH7394,Dhar-Saxena,5311,Department Store,INDIVIDUAL,lucknow,Uttar Pradesh,2024-06-28 00:00:00,XXXX8622,ACTIVE,1562.3,MCH7394,0,0,0,0,0,0,0
MCH8142,Mane and Sons,5912,MEDICAL_STORE,PRIVATE_LIMITED,Ludhiana,Punjab,2025-08-25 00:00:00,WMPI8979622395583,ACTIVE,5955.63,mch8142,0,0,0,0,0,0,0
MCH3247,Nagarajan-Shan,,Pharmacy,INDIVIDUAL,Chennai,Tamil Nadu,2025-04-07 21:55:00,5730507447,INACTIVE,2666.23,MCH3247,0,0,1,0,0,0,0
MCH3357,"Sundaram, Kara and Sibal",7011,Hospitality,partnership,ASR,Punjab,2025-11-14 12:11:27,XVJC4162540658234,ACTIVE,246.81,MCH3357,0,0,0,0,0,0,0
MCH6953,Khurana-Prabhakar,,Books,Partnership,HYDERABAD,Telangana,2024-10-03 00:00:00,,ACTIVE,-2749.21,MCH-6953,1,0,1,1,0,0,0
MCH7866,"Raval, Sane and Dua",5411,Grocery,PARTNERSHIP,ASR,Punjab,2025-01-27 18:48:57,,ACTIVE,292.43,MCH7866,0,0,0,1,0,0,0
MCH5283,"Verma, Narasimhan and Balan",,pharmacies,Individual,delhi,Delhi,2026-02-05 00:00:00,,ACTIVE,0.1266,MCH5283,0,0,1,1,0,0,0
MCH3250,Bose-Kalita,5311,Department Stores,Sole Proprietor,MUMBAI,Maharashtra,,,INACTIVE,1514.47,MCH3250,0,0,0,1,1,0,0
MCH4367,Sankaran-Bhattacharyya,5699,Fashion,PARTNERSHIP,chennai,Tamil Nadu,2023-12-13 04:19:00,PBSG5651430183192,ACTIVE,1153.81,MCH4367,0,0,0,0,0,0,0
MCH3567,Kala Ltd,4814,telecom,Sole Proprietor,amritsar,Punjab,2023-05-15 00:00:00,0120134197,INACTIVE,1794.62,MCH3567,0,0,0,0,0,0,0
MCH6337,Chander LLC,9120,Pharmacies,INDIVIDUAL,Calcutta,West Bengal,2025-12-28 22:16:00,,ACTIVE,1428.08,MCH6337,0,0,0,1,0,0,0
MCH9098,Ghosh-Roy,7011,Hotels,PARTNERSHIP,Calcutta,West Bengal,,5455672154,ACTIVE,372.61,MCH 9098,0,0,0,0,1,0,0
2407,CHAUDHRY PLC,,Pharmacy,Private Limited,Pune,Maharashtra,,4475713369,ACTIVE,5215.07,2407,0,0,1,0,1,0,0
MCH5225,"Bera, Guha and Narayan",5942,Book Store,INDIVIDUAL,Hyd,Telangana,2025-08-16 05:25:00,AJUQ5177176562909,ACTIVE,,MCH5225,0,1,0,0,0,0,0
MCH6773,"parmar, sahota and rajagopalan",5999,Miscellaneous,SOLE-PROPRIETOR,Poona,Maharashtra,2024-02-23 00:00:00,GSZT9943608461358,ACTIVE,3042.0,MCH6773,0,0,0,0,0,0,0
MCH8432,Lad Inc,5942,Book Store,PRIVATE_LIMITED,Dilli,Delhi,2024-10-07 00:00:00,FRLI9065794513387,ACTIVE,394.7,MCH 8432,0,0,0,0,0,0,0
MCH6267,Mandal-Badal,4814,phone service,partnership,MUMBAI,Maharashtra,2024-12-10 00:00:00,,ACTIVE,,MCH-6267,0,1,0,1,0,0,0
MCH1846,Kurian-Chad,7011,HOTEL_LODGING,PARTNERSHIP,Madras,Tamil Nadu,2023-03-23 22:54:26,,ACTIVE,597.53,MCH1846,0,0,0,1,0,0,0
MCH9983,bhagat group,5411,GROCERY_STORE,individual,pune,Maharashtra,2025-11-27 00:00:00,XXXX2568,ACTIVE,3669.57,MCH9983,0,0,0,0,0,0,0
MCH7337,NATH-NARAYAN,5699,cloths,Individual,Hyd,Telangana,2024-07-28 00:00:00,,ACTIVE,3029.85,MCH7337,0,0,0,1,0,0,0
MCH2741,"Palan, Bhalla and Srinivasan",5812,FOOD_SERVICES,individual,JPR,Rajasthan,2025-12-19 01:05:00,XXXX0289,ACTIVE,0.1319,MCH2741,0,0,0,0,0,0,0
MCH7211,"Apte, Vasa and Batta",9420,BOOKS_STATIONERY,SOLE-PROPRIETOR,Bombay,Maharashtra,2024-11-18 13:48:32,,ACTIVE,0.1841,mch7211,0,0,0,1,0,0,0
MCH3473,"Mahal, Butala and Shenoy",4131,TRAVEL,Individual,Amritsar,Punjab,2025-11-20 23:26:00,9906876351,INACTIVE,456.8,MCH-3473,0,0,0,0,0,0,0
MCH7503,Raval LLC,5411,Grocery,PARTNERSHIP,Delhi,Delhi,2025-10-30 13:02:18,6775545242,ACTIVE,1167.54,mch7503,0,0,0,0,0,0,0
MCH2480,Banik-Nagar,5812,eating place,PRIVATE_LIMITED,JPR,Rajasthan,2025-07-27 00:00:00,XXXX7952,ACTIVE,0.3594,MCH2480,0,0,0,0,0,0,0
MCH5998,Joshi Inc,5411,GROCERY_STORE,Private Limited,Chennai,Tamil Nadu,2024-08-30 00:00:00,,ACTIVE,1152.74,MCH-5998,0,0,0,1,0,0,0
MCH2040,Goel-Dewan,,Miscellaneous,Individual,delhi,Delhi,2025-12-07 00:00:00,EFTH2141412119625,ACTIVE,320.83,MCH2040,0,0,1,0,0,0,0
MCH6343,bains plc,4814,Telecom,partnership,Mumbai,Maharashtra,2024-07-10 00:00:00,,ACTIVE,4598.19,MCH6343,0,0,0,1,0,0,0
MCH8937,"Mand, Bhatt and Pathak",7011,Hotels,individual,Amritsar,Punjab,2023-06-10 00:00:00,OPXS5269399322215,ACTIVE,2746.33,MCH8937,0,0,0,0,0,0,0
MCH5923,"Banik, Yogi and Seth",4814,mobile recharge,INDIVIDUAL,Delhi,Delhi,,CKTY3945451387681,INACTIVE,378.2,mch5923,0,0,0,0,1,0,0
MCH6359,Pai-Dada,,TRAVEL,INDIVIDUAL,JPR,Rajasthan,2025-05-27 00:00:00,XFLS9466066220965,ACTIVE,484.0,MCH6359,0,0,1,0,0,0,0
MCH8965,Lal and Sons,,Books,Sole Proprietor,chennai,Tamil Nadu,2025-09-07 00:00:00,,ACTIVE,,MCH8965,0,1,1,1,0,0,0
MCH3989,Madan LLC,5411,Grocery Stores,PARTNERSHIP,Jaipur,Rajasthan,2023-09-18 07:54:00,9575202686,ACTIVE,238.33,MCH3989,0,0,0,0,0,0,0
MCH9132,Shankar-Bahl,4814,Telecom,individual,pune,Maharashtra,2023-12-04 18:44:00,LXEB0419516326153,SUSPENDED,2278.28,MCH9132,0,0,0,0,0,1,0
MCH5559,Kata Ltd,7011,Hospitality,SOLE-PROPRIETOR,ludhiana,Punjab,,XXXX7757,ACTIVE,,MCH5559,0,1,0,0,1,0,0
MCH2282,mall group,,Retail,Partnership,Jalandar,Punjab,2024-02-08 23:31:25,0935990033,ACTIVE,0.654,MCH2282,0,0,1,0,0,0,0
MCH9352,RAMANATHAN-LALA,4131,Transport,PARTNERSHIP,Bengaluru,Karnataka,2026-02-09 00:00:00,ICJY2091662937472,ACTIVE,1121.19,MCH9352,0,0,0,0,0,0,0
MCH5595,"Menon, Ahluwalia and Mistry",7011,Hospitality,SOLE_PROPRIETOR,jaipur,Rajasthan,2026-02-10 09:42:44,,ACTIVE,376.55,MCH-5595,0,0,0,1,0,0,0
MCH8912,"Wable, Sule and Mani",,garments,INDIVIDUAL,Hyderabad,Telangana,2023-08-11 03:31:35,,ACTIVE,510.28,MCH8912,0,0,1,1,0,0,0
MCH7051,Ramachandran-Rajan,5812,eating place,PARTNERSHIP,MUMBAI,Maharashtra,2023-12-26 00:00:00,XXXX3526,ACTIVE,1183.53,MCH7051,0,0,0,0,0,0,0
MCH6675,Vora and Sons,,CLOTHS,PARTNERSHIP,Ludhiana,Punjab,2025-07-31 00:00:00,XXXX5119,ACTIVE,769.28,MCH 6675,0,0,1,0,0,0,0
MCH5404,Cherian Group,7011,Hotels,SOLE_PROPRIETOR,pune,Maharashtra,2025-04-05 21:50:56,DZIB4073572435126,ACTIVE,0.144,MCH5404,0,0,0,0,0,0,0
6611,Mand PLC,5411,GROCERY_STORE,Private Limited,Chennai,Tamil Nadu,2023-01-01 00:00:00,,ACTIVE,-1110.3,6611,1,0,0,1,0,0,0
MCH3382,"Patla, Thakur and Kaur",4131,Transportation,PRIVATE-LIMITED,pune,Maharashtra,2025-02-06 19:20:09,,ACTIVE,470.22,MCH3382,0,0,0,1,0,0,0
MCH7950,Om-Andra,5411,groceries,individual,ludhiana,Punjab,,,ACTIVE,3471.68,MCH7950,0,0,0,1,1,0,0
MCH6282,"Chacko, Chakrabarti and Suresh",5411,GROCERY_STORE,private_limited,Jaipur,Rajasthan,2024-06-16 00:00:00,XXXX6827,ACTIVE,0.1078,MCH6282,0,0,0,0,0,0,0
MCH9276,Bandi Inc,5942,Books,private_limited,Jalandar,Punjab,,3029302980,ACTIVE,2777.32,MCH 9276,0,0,0,0,1,0,0
1873,Rai-Nagi,4131,Transport,PRIVATE_LIMITED,Dilli,Delhi,2024-01-10 07:35:09,,ACTIVE,0.3862,1873,0,0,0,1,0,0,0
MCH7076,Bava-Shroff,9990,Miscellaneous,Sole Proprietor,Chennai,Tamil Nadu,2025-09-03 01:54:16,,ACTIVE,875.99,MCH7076,0,0,0,1,0,0,0
MCH3085,mander-mital,7011,hotel,PRIVATE-LIMITED,chennai,Tamil Nadu,2024-08-20 01:44:53,,INACTIVE,3842.0,MCH3085,0,0,0,1,0,0,0
MCH1143,ARYA-KHANNA,4131,transprt,SOLE_PROPRIETOR,jalandhar,Punjab,2023-08-16 00:00:00,9953530102,ACTIVE,486.39,MCH1143,0,0,0,0,0,0,0
MCH6464,Date LLC,5699,Apparel,PRIVATE_LIMITED,Bengaluru,Karnataka,2025-12-03 00:00:00,XXXX4137,ACTIVE,0.3772,MCH6464,0,0,0,0,0,0,0
MCH5169,Kurian-Narayan,5942,Stationery,INDIVIDUAL,Jalandhar,Punjab,2024-06-01 00:00:00,7935605737,ACTIVE,1621.49,MCH5169,0,0,0,0,0,0,0
MCH1011,Wable and Sons,4110,groceries,PRIVATE_LIMITED,Ludhiana,Punjab,2023-11-02 00:00:00,,SUSPENDED,6536.07,MCH1011,0,0,0,1,0,1,0
MCH7613,"Parekh, Ch0kshi and Das",5699,Apparel,PRIVATE-LIMITED,Jaipur,Rajasthan,2024-11-23 19:31:50,VJFK9617718212331,ACTIVE,419.26,MCH7613,0,0,0,0,0,0,0
MCH8628,Pai-Upadhyay,7011,HOTEL_LODGING,Sole Proprietor,ASR,Punjab,,,ACTIVE,12455.57,MCH8628,0,0,0,1,1,0,0
MCH3856,"Pandit, Karnik and Kurian",5912,Medical,INDIVIDUAL,Ludhiana,Punjab,2025-07-07 00:00:00,,ACTIVE,755.4,MCH3856,0,0,0,1,0,0,0
MCH5223,"Dua, Raj and Aurora",8120,Food,Private Limited,ludhiana,Punjab,2024-08-06 00:00:00,XXXX3071,ACTIVE,986.86,MCH5223,0,0,0,0,0,0,0
MCH3849,Das-Ratta,8140,phone service,INDIVIDUAL,Chennai,Tamil Nadu,2024-06-13 00:11:00,MLDH2446114366761,ACTIVE,0.4368,MCH 3849,0,0,0,0,0,0,0
MCH3441,"Naidu, Nayar and Chand",5942,Books,partnership,LDH,Punjab,2023-05-29 00:00:00,1623488849,ACTIVE,0.817,MCH3441,0,0,0,0,0,0,0
MCH3959,"Kant, Goel and Pradhan",5999,Miscellaneous,individual,Hyd,Telangana,2025-03-19 00:00:00,XXXX9762,ACTIVE,1214.73,MCH 3959,0,0,0,0,0,0,0
MCH5781,Bava and Sons,7011,Hospitality,Partnership,HYDERABAD,Telangana,2024-03-24 09:56:13,,ACTIVE,2364.14,MCH5781,0,0,0,1,0,0,0
8870,Sandhu Inc,,CLOTHS,PRIVATE-LIMITED,Ludhiana,Punjab,2023-02-14 00:00:00,,INACTIVE,,8870,0,1,1,1,0,0,0
MCH3057,Nagy-Banik,5311,Department Stores,PARTNERSHIP,kolkata,West Bengal,2024-03-15 00:00:00,PCQH3034924487610,ACTIVE,764.15,MCH3057,0,0,0,0,0,0,0
MCH2979,"Kurian, Guha and Gaba",5999,Miscellaneous,INDIVIDUAL,Chennai,Tamil Nadu,2023-03-11 13:48:16,XXXX6692,ACTIVE,7883.21,MCH2979,0,0,0,0,0,0,0
MCH3406,"Swamy, Borah and Sampath",5311,Retail,Individual,MUMBAI,Maharashtra,2024-05-22 03:05:47,XXXX9630,INACTIVE,438.79,MCH3406,0,0,0,0,0,0,0
MCH6836,Gola-Rout,5999,Miscellaneous,sole_proprietor,bengaluru,Karnataka,2025-12-03 00:00:00,6402935239,BLOCKED,2040.92,MCH6836,0,0,0,0,0,0,1
MCH3142,"dugar, merchant and kala",5942,Books,private_limited,JPR,Rajasthan,2024-01-01 08:46:47,CUQS1241290775925,ACTIVE,619.08,MCH3142,0,0,0,0,0,0,0
MCH2997,Nadkarni Inc,,groceries,PRIVATE-LIMITED,Hyderabad,Telangana,2025-10-08 23:15:00,,ACTIVE,761.67,MCH2997,0,0,1,1,0,0,0
MCH4903,Khatri Gr0up,5311,DEPT_STORE,Individual,delhi,Delhi,2024-07-07 00:00:00,,ACTIVE,,mch4903,0,1,0,1,0,0,0
MCH5765,Murty Inc,4131,Transport,Partnership,Mumbay,Maharashtra,2025-07-18 00:00:00,,ACTIVE,2715.83,MCH5765,0,0,0,1,0,0,0
MCH3964,"Bala, Chanda and Loyal",5942,Books,partnership,JPR,Rajasthan,2023-09-05 00:00:00,CFOS0283411374388,ACTIVE,2002.33,MCH3964,0,0,0,0,0,0,0
9968,Swamy-Was0n,5311,Department Store,Sole Proprietor,mumbai,Maharashtra,2024-04-29 12:30:36,,INACTIVE,526.26,9968,0,0,0,1,0,0,0
MCH6146,Handa LLC,5912,MEDICAL_STORE,individual,ASR,Punjab,2023-01-01 00:00:00,BIZN7645519547179,ACTIVE,-1061.38,MCH6146,1,0,0,0,0,0,0
MCH8159,Grover-Barad,5411,Grocery Stores,PARTNERSHIP,chennai,Tamil Nadu,2024-12-18 00:00:00,,SUSPENDED,768.97,mch8159,0,0,0,1,0,1,0
MCH9865,Minhas PLC,5942,Books,private_limited,Dilli,Delhi,2025-11-29 00:00:00,,ACTIVE,0.334,MCH9865,0,0,0,1,0,0,0
3023,Arora LLC,7011,hospitality,individual,bengaluru,Karnataka,2025-02-03 00:00:00,,SUSPENDED,1722.88,3023,0,0,0,1,0,1,0
MCH3388,"Ha1der, Chander and Krishnamurthy",5311,Department Store,Individual,Ludhiana,Punjab,2025-03-23 00:51:00,FTJO6113858465780,INACTIVE,447.14,MCH3388,0,0,0,0,0,0,0
MCH6572,Naidu PLC,5311,DEPT_STORE,Private Limited,pune,Maharashtra,2025-03-17 00:00:00,HNFH7484368794581,ACTIVE,402.0,MCH 6572,0,0,0,0,0,0,0
MCH7724,"Johal, Khatri and Sant",5411,Grocery,INDIVIDUAL,jalandhar,Punjab,2026-02-18 00:00:00,BSAD5422938420269,ACTIVE,3132.9,MCH7724,0,0,0,0,0,0,0
MCH4084,Mitra PLC,3110,Department Stores,INDIVIDUAL,jalandhar,Punjab,2023-12-15 00:00:00,XXXX5719,ACTIVE,973.94,MCH4084,0,0,0,0,0,0,0
MCH9385,"Ray, Gu1ati and Gi11",4814,Telecom,SOLE-PROPRIETOR,ASR,Punjab,2024-02-17 00:00:00,,ACTIVE,1178.44,mch9385,0,0,0,1,0,0,0
MCH5277,Kannan-Deshmukh,5942,Book Store,private_limited,lucknow,Uttar Pradesh,2025-09-26 09:01:09,,INACTIVE,4638.51,MCH5277,0,0,0,1,0,0,0
MCH8824,Mani PLC,5999,Other,INDIVIDUAL,Hyderabad,Telangana,2024-02-22 00:00:00,0602443496,ACTIVE,1314.9,MCH8824,0,0,0,0,0,0,0
MCH1397,"Bir,RavelandSwaminathan",5411,GROCERY_STORE,Partnership,pune,Maharashtra,2023-07-16 00:00:00,,ACTIVE,6150.31,MCH1397,0,0,0,1,0,0,0
MCH4608,Chandran Group,5699,Apparel,SOLE_PROPRIETOR,lucknow,Uttar Pradesh,2023-05-09 14:14:00,ZPZS9153819912287,ACTIVE,950.53,MCH4608,0,0,0,0,0,0,0
MCH1800,Mall PLC,5311,Department Store,private_limited,Hyd,Telangana,2025-10-24 00:00:00,,ACTIVE,0.103,MCH1800,0,0,0,1,0,0,0
MCH6837,Oommen-Thaker,,BOOKS_STATIONERY,INDIVIDUAL,jalandhar,Punjab,2025-10-11 16:08:00,6324216769,ACTIVE,1750.4,MCH6837,0,0,1,0,0,0,0
MCH8923,Choudhury Group,5912,Pharmacy,INDIVIDUAL,jaipur,Rajasthan,2024-06-12 00:00:00,WVVA0613994696185,INACTIVE,2880.15,MCH8923,0,0,0,0,0,0,0
MCH4232,Raj Group,5912,Pharmacies,INDIVIDUAL,Hyd,Telangana,2023-06-23 00:00:00,,SUSPENDED,-479.88,MCH-4232,1,0,0,1,0,1,0
MCH1594,Bera Inc,5999,Retail Other,PRIVATE-LIMITED,amritsar,Punjab,2024-09-05 00:00:00,9659925213,ACTIVE,2187.43,MCH1594,0,0,0,0,0,0,0
MCH7804,Deo-Pandya,5812,food,Partnership,Jaipur,Rajasthan,,XXXX1482,SUSPENDED,492.54,MCH7804,0,0,0,0,1,1,0
MCH2981,"Sachdeva, Iyer and Borra",5942,Books,individual,Calcutta,West Bengal,2023-07-19 15:05:00,1834855061,ACTIVE,841.65,MCH2981,0,0,0,0,0,0,0
MCH6866,Thaker-Behl,5999,Retail Other,SOLE_PROPRIETOR,Pune,Maharashtra,2024-03-22 00:00:00,,ACTIVE,221.31,MCH 6866,0,0,0,1,0,0,0
MCH7667,LALLA AND SONS,5311,Retail,Individual,HYDERABAD,Telangana,2023-01-20 00:00:00,,ACTIVE,0.1676,MCH-7667,0,0,0,1,0,0,0
MCH3705,"Prakash, Korpal and Narasimhan",5812,eating place,SOLE-PROPRIETOR,JPR,Rajasthan,2025-11-10 00:00:00,,ACTIVE,753.96,MCH 3705,0,0,0,1,0,0,0
MCH7726,Modi Ltd,5311,Department Store,individual,Lucknow,Uttar Pradesh,2025-05-17 15:11:06,XXXX3760,ACTIVE,1955.14,MCH7726,0,0,0,0,0,0,0
5335,shroff and sons,5311,DEPT_STORE,SOLE_PROPRIETOR,chennai,Tamil Nadu,,XXXX4486,INACTIVE,0.1166,5335,0,0,0,0,1,0,0
MCH9641,Andra Ltd,5912,Pharmacies,private_limited,kolkata,West Bengal,2025-10-15 02:13:04,2325222758,ACTIVE,3323.59,MCH9641,0,0,0,0,0,0,0
MCH4811,Chaudhry-Majumdar,5912,Pharmacies,PRIVATE_LIMITED,Delhi,Delhi,2024-06-26 00:00:00,XXXX5566,ACTIVE,615.9,mch4811,0,0,0,0,0,0,0
MCH5019,Bah1-L0ya1,5411,Grocery Stores,Sole Proprietor,Bengaluru,Karnataka,2025-05-12 09:53:54,,ACTIVE,1093.52,MCH5019,0,0,0,1,0,0,0
MCH5110,Grover and Sons,5999,Misc Retail,Private Limited,Jalandar,Punjab,2024-05-02 00:00:00,ZILO7642666200036,ACTIVE,-1491.89,MCH5110,1,0,0,0,0,0,0
6868,Tara Group,5311,Retail,PARTNERSHIP,pune,Maharashtra,2024-02-04 01:10:36,,ACTIVE,323.93,6868,0,0,0,1,0,0,0
MCH6889,Behl-Deep,5942,Book Store,partnership,Bangalore,Karnataka,2023-12-22 00:00:00,ZYSS9298134271861,ACTIVE,,MCH6889,0,1,0,0,0,0,0
MCH1488,"Chada, Gopal and Rajagopal",4814,Mobile Recharge,SOLE-PROPRIETOR,Jaipur,Rajasthan,2026-01-02 00:00:00,,ACTIVE,0.1905,mch1488,0,0,0,1,0,0,0
MCH1654,Swamy Group,,Telecom,partnership,jalandhar,Punjab,2024-07-14 00:00:00,,ACTIVE,,MCH-1654,0,1,1,1,0,0,0
MCH3232,"Sarraf,ChaudhuriandAcharya",5812,FOOD_SERVICES,SOLE_PROPRIETOR,kolkata,West Bengal,2024-05-29 00:00:00,,ACTIVE,,MCH 3232,0,1,0,1,0,0,0
MCH2205,narayan plc,4131,bus/taxi,Partnership,HYDERABAD,Telangana,2023-03-16 14:24:12,,INACTIVE,2136.03,MCH2205,0,0,0,1,0,0,0
MCH7576,Ramanathan-Menon,7011,Hospitality,PARTNERSHIP,Jalandar,Punjab,2024-10-14 09:09:31,,ACTIVE,757.61,MCH7576,0,0,0,1,0,0,0
MCH2098,Ranganathan-Chopra,1310,transprt,private_limited,Madras,Tamil Nadu,2023-05-13 00:00:00,,ACTIVE,4538.04,MCH2098,0,0,0,1,0,0,0
MCH5250,Virk-Nadkarni,5999,Retail Other,partnership,Pune,Maharashtra,2023-07-16 00:00:00,,SUSPENDED,759.43,MCH5250,0,0,0,1,0,1,0
MCH2222,"Mani, Ravel and Agrawal",,CLOTHS,Sole Proprietor,LKO,Uttar Pradesh,2023-10-01 00:00:00,,ACTIVE,815.84,mch2222,0,0,1,1,0,0,0
MCH7702,Ahuja-Nayar,5411,Grocery,Private Limited,Ludhiana,Punjab,2024-10-04 00:00:00,,SUSPENDED,,MCH7702,0,1,0,1,0,1,0
MCH7618,MUTTI-MOHAN,5942,books,INDIVIDUAL,Hyd,Telangana,2023-03-14 00:00:00,XXXX5035,ACTIVE,0.664,MCH7618,0,0,0,0,0,0,0
MCH7152,dewan-garde,4131,TRAVEL,sole_proprietor,DELHI,Delhi,2024-01-14 22:30:00,,ACTIVE,628.75,mch7152,0,0,0,1,0,0,0
MCH3511,"Konda, Venkatesh and Jha",5411,Grocery,individual,Lucknow,Uttar Pradesh,2025-06-28 00:00:00,BGWP5416829581598,ACTIVE,,MCH3511,0,1,0,0,0,0,0
MCH2440,Hans-Master,7011,HOTEL_LODGING,SOLE-PROPRIETOR,LDH,Punjab,2023-02-15 11:47:00,IUZN5055483856054,ACTIVE,0.1395,MCH2440,0,0,0,0,0,0,0
MCH8044,"Sant, Nadkarni and Rajan",,Department Store,Individual,BLR,Karnataka,2024-10-13 07:30:00,,ACTIVE,-794.78,MCH-8044,1,0,1,1,0,0,0
MCH7913,Khare Inc,5912,MEDICAL_STORE,PARTNERSHIP,pune,Maharashtra,2025-02-22 00:00:00,QFFQ8944942522196,ACTIVE,-1243.32,MCH-7913,1,0,0,0,0,0,0
MCH8640,"vasa, nanda and bhat",5311,DEPT_STORE,sole_proprietor,pune,Maharashtra,2025-05-03 00:00:00,,ACTIVE,347.11,MCH8640,0,0,0,1,0,0,0
MCH1892,Shanker-De,7011,Hotels,Private Limited,Mumbai,Maharashtra,2024-02-12 01:08:42,4394256877,ACTIVE,987.4,MCH 1892,0,0,0,0,0,0,0
MCH3507,"Sundaram, Shan and Subramanian",7011,HOTEL_LODGING,Individual,amritsar,Punjab,2023-01-28 00:00:00,7115308153,ACTIVE,950.31,mch3507,0,0,0,0,0,0,0
MCH6782,JANI-BHAKTA,7011,HOTEL_LODGING,PRIVATE-LIMITED,delhi,Delhi,2024-10-29 00:00:00,1624647213,ACTIVE,289.03,MCH 6782,0,0,0,0,0,0,0
MCH3627,"CHANDRA, VENKATARAMAN AND PALLA",5912,Medical,Sole Proprietor,JPR,Rajasthan,2025-10-09 00:00:00,1981451941,ACTIVE,379.66,MCH3627,0,0,0,0,0,0,0
MCH3601,Lanka Inc,5942,Book Store,Individual,pune,Maharashtra,2025-05-14 07:26:19,,ACTIVE,4672.85,MCH3601,0,0,0,1,0,0,0
MCH4322,Bumb-Arya,5411,groceries,Sole Proprietor,Kolkata,West Bengal,2024-12-06 00:00:00,XXXX0050,ACTIVE,2473.26,MCH4322,0,0,0,0,0,0,0
MCH7126,"Shankar, Dave and Mahajan",4131,Transport,INDIVIDUAL,Pune,Maharashtra,2025-05-29 00:00:00,XXXX9486,ACTIVE,2564.94,MCH7126,0,0,0,0,0,0,0
MCH2789,Peri-Panchal,5311,DEPT_STORE,PARTNERSHIP,jalandhar,Punjab,,,ACTIVE,1044.19,MCH2789,0,0,0,1,1,0,0
MCH6543,Nagi-Pradhan,5411,GROCERY_STORE,PRIVATE_LIMITED,Bombay,Maharashtra,2025-07-17 01:33:23,,ACTIVE,2785.85,MCH6543,0,0,0,1,0,0,0
MCH3265,Mittal Ltd,5942,BOOKS_STATIONERY,PRIVATE-LIMITED,Hyd,Telangana,2024-08-15 00:38:28,GNXO4175681425980,ACTIVE,4170.98,MCH3265,0,0,0,0,0,0,0
MCH5737,"Mangat, Parmer and Khosla",3110,DEPT_STORE,sole_proprietor,Poona,Maharashtra,,ERHY5292307870912,ACTIVE,2850.24,mch5737,0,0,0,0,1,0,0
9866,"Lad,ShereandKarpe",5812,FOOD_SERVICES,INDIVIDUAL,LKO,Uttar Pradesh,2023-07-07 23:38:23,,ACTIVE,0.1173,9866,0,0,0,1,0,0,0
MCH2027,"Boase, Ghosh and Manda",5311,DEPT_STORE,PARTNERSHIP,chennai,Tamil Nadu,2023-12-16 00:00:00,XXXX6284,ACTIVE,1163.7,mch2027,0,0,0,0,0,0,0
MCH2542,Thakur Group,4110,GROCERY_STORE,SOLE-PROPRIETOR,kolkata,West Bengal,2023-12-15 00:00:00,7251186427,INACTIVE,3711.74,MCH2542,0,0,0,0,0,0,0
MCH4818,Deol Inc,5999,Miscellaneous,INDIVIDUAL,delhi,Delhi,2024-04-29 00:00:00,RIGL0488107049334,ACTIVE,0.316,mch4818,0,0,0,0,0,0,0
MCH3148,RaoLtd,8140,Telecom,Individual,DELHI,Delhi,2023-01-16 00:00:00,,ACTIVE,1684.65,MCH3148,0,0,0,1,0,0,0
MCH2038,DARA-SAMA,7011,Hotel,Individual,Hyderabad,Telangana,2023-08-20 00:00:00,1467343581,ACTIVE,801.94,MCH2038,0,0,0,0,0,0,0
MCH5594,Savant-Bhargava,5411,Grocery Stores,sole_proprietor,bengaluru,Karnataka,2025-01-19 00:00:00,1080833717,SUSPENDED,1235.6,MCH5594,0,0,0,0,0,1,0
MCH6757,Brar-Saha,5942,Books,sole_proprietor,Ludhiana,Punjab,2024-05-09 00:00:00,NTTY4243627390116,ACTIVE,602.25,MCH6757,0,0,0,0,0,0,0
MCH8735,"Chhabra, Kunda and Sem",4814,phone service,PARTNERSHIP,Jalandar,Punjab,2025-09-18 00:00:00,DZIA5449518052658,ACTIVE,1589.68,MCH8735,0,0,0,0,0,0,0
MCH7947,Padmanabhan-Kale,4814,Telecom,PRIVATE_LIMITED,Mumbay,Maharashtra,2023-09-08 00:00:00,,ACTIVE,3921.35,MCH7947,0,0,0,1,0,0,0
MCH6697,ANDRA-SENGUPTA,5411,GROCERY_STORE,Partnership,BLR,Karnataka,2025-09-10 00:00:00,,INACTIVE,1006.44,MCH6697,0,0,0,1,0,0,0
MCH8208,TAK-SHANKAR,7011,Hotel,Individual,mumbai,Maharashtra,2024-03-18 07:08:51,,ACTIVE,1309.39,MCH8208,0,0,0,1,0,0,0
MCH5081,Grewal-Dutt,5942,Stationery,PARTNERSHIP,jaipur,Rajasthan,2024-09-22 00:00:00,,ACTIVE,624.18,MCH5081,0,0,0,1,0,0,0
MCH7459,"Gara, Agarwal and Anne",7011,HOTEL_LODGING,INDIVIDUAL,LDH,Punjab,2023-04-14 20:15:00,2572840529,ACTIVE,2650.18,MCH 7459,0,0,0,0,0,0,0
MCH9754,Khanna Group,5411,GROCERY_STORE,Partnership,Ludhiana,Punjab,2023-11-20 00:00:00,EDBE0893143652084,ACTIVE,3682.51,MCH9754,0,0,0,0,0,0,0
MCH6231,"CHAND, JOHAL AND CHAWLA",5812,FOOD_SERVICES,PRIVATE-LIMITED,Jalandhar,Punjab,2023-06-26 00:00:00,1062018479,ACTIVE,0.919,MCH-6231,0,0,0,0,0,0,0
MCH4982,Upadhyay-Thaker,5699,Apparel,PRIVATE_LIMITED,pune,Maharashtra,2023-10-04 00:00:00,XXXX3001,ACTIVE,,MCH4982,0,1,0,0,0,0,0
MCH9551,Chaudhari-Dugar,5942,BOOKS_STATIONERY,INDIVIDUAL,Lucknow,Uttar Pradesh,2023-08-11 00:00:00,XXXX6470,ACTIVE,2156.36,MCH9551,0,0,0,0,0,0,0
MCH1751,Bava-Mukherjee,5411,GROCERY_STORE,SOLE_PROPRIETOR,JPR,Rajasthan,2023-05-20 00:00:00,EFFJ4269274300862,ACTIVE,0.1591,MCH-1751,0,0,0,0,0,0,0
MCH3292,Ravi-Keer,,retail,private_limited,Jalandhar,Punjab,2023-11-21 00:00:00,,SUSPENDED,9611.45,mch3292,0,0,1,1,0,1,0
MCH3616,Bakshi Group,,TRAVEL,PRIVATE-LIMITED,HYDERABAD,Telangana,2024-03-13 21:36:11,,ACTIVE,1136.19,MCH 3616,0,0,1,1,0,0,0
MCH4413,"Parekh,KadeandTalwar",5699,cloths,Sole Proprietor,LKO,Uttar Pradesh,2025-12-11 00:00:00,9207485110,ACTIVE,,mch4413,0,1,0,0,0,0,0
MCH6657,Atwal-Sarraf,5411,Grocery,partnership,Hyd,Telangana,,,ACTIVE,0.804,MCH6657,0,0,0,1,1,0,0
MCH2028,Dhingra PLC,4814,phone service,SOLE-PROPRIETOR,Pune,Maharashtra,2023-09-27 00:00:00,,ACTIVE,-1170.35,MCH2028,1,0,0,1,0,0,0
MCH1263,"Soman, Chaudhary and Luthra",4814,phone service,PARTNERSHIP,Hyd,Telangana,2023-06-27 20:38:00,,ACTIVE,696.55,MCH1263,0,0,0,1,0,0,0
MCH7058,Chatterjee PLC,,CLOTHS,INDIVIDUAL,Jalandhar,Punjab,,,ACTIVE,587.63,mch7058,0,0,1,1,1,0,0
MCH2350,"Gill, Sura and Doshi",5812,Restaurant,Individual,pune,Maharashtra,2026-02-19 21:03:12,,ACTIVE,0.668,MCH-2350,0,0,0,1,0,0,0
MCH5834,Sundaram-Sarkar,5812,Food,Partnership,Hyderabad,Telangana,2025-07-27 00:00:00,XXXX6821,ACTIVE,1502.09,MCH-5834,0,0,0,0,0,0,0
MCH9348,"Solanki, Chaudhary and Nori",5912,Pharmacies,PARTNERSHIP,pune,Maharashtra,2023-09-09 14:53:51,ACBK1959673899093,ACTIVE,0.1188,MCH9348,0,0,0,0,0,0,0
MCH3502,"Bail, Sawhney and Majumdar",,eating place,INDIVIDUAL,Hyd,Telangana,2024-02-05 16:37:39,,ACTIVE,4792.39,MCH-3502,0,0,1,1,0,0,0
MCH7600,SALVI-MISHRA,,chemist,PRIVATE_LIMITED,BLR,Karnataka,2025-05-25 03:49:40,,ACTIVE,0.577,MCH7600,0,0,1,1,0,0,0
MCH2623,dara-kulkarni,5942,BOOKS_STATIONERY,SOLE_PROPRIETOR,Calcutta,West Bengal,2025-06-28 00:00:00,,ACTIVE,1296.1,MCH2623,0,0,0,1,0,0,0
MCH9710,Trivedi PLC,5411,kirana,PARTNERSHIP,ludhiana,Punjab,2025-01-24 00:00:00,,ACTIVE,718.83,MCH9710,0,0,0,1,0,0,0
MCH9922,Chand-Jain,5411,GROCERY_STORE,Partnership,Madras,Tamil Nadu,2023-09-10 00:00:00,XXXX1121,ACTIVE,0.18,MCH9922,0,0,0,0,0,0,0
MCH7850,Reddy Inc,5699,Clothing,PARTNERSHIP,chennai,Tamil Nadu,2024-05-16 05:07:55,,ACTIVE,0.1378,MCH7850,0,0,0,1,0,0,0
MCH5555,Prabhu Ltd,4131,transprt,PRIVATE-LIMITED,Bangalore,Karnataka,2024-12-16 00:00:00,,ACTIVE,1663.56,MCH5555,0,0,0,1,0,0,0
MCH8505,"Joshi, Sarin and Krishnamurthy",5311,DEPT_STORE,partnership,Jaipur,Rajasthan,2023-04-08 00:00:00,,ACTIVE,811.55,MCH8505,0,0,0,1,0,0,0
MCH1349,Bahri and Sons,5912,Pharmacies,individual,HYDERABAD,Telangana,2025-06-08 00:00:00,BGVV4182827632214,ACTIVE,2320.2,MCH1349,0,0,0,0,0,0,0
MCH4760,"Kalla, Mammen and Purohit",8140,phone service,Individual,New Delhi,Delhi,2024-10-27 00:00:00,,ACTIVE,964.0,MCH4760,0,0,0,1,0,0,0
MCH9476,Sama PLC,5812,Restaurants,PRIVATE-LIMITED,HYDERABAD,Telangana,,XXXX6830,ACTIVE,165.93,mch9476,0,0,0,0,1,0,0
MCH7957,Varty-Natarajan,7011,Hotel,PRIVATE_LIMITED,Madras,Tamil Nadu,2024-06-28 09:08:00,,ACTIVE,410.29,MCH7957,0,0,0,1,0,0,0
1534,"MERCHANT, SARNA AND KORPAL",5912,chemist,PRIVATE-LIMITED,HYDERABAD,Telangana,2023-04-02 14:45:00,,INACTIVE,3752.5,1534,0,0,0,1,0,0,0
MCH1056,Mital-Jhaveri,5311,Department Stores,PARTNERSHIP,ASR,Punjab,2023-09-10 00:09:34,6820698589,ACTIVE,5938.05,MCH1056,0,0,0,0,0,0,0
MCH1364,Krishnamurthy LLC,4131,Transportation,INDIVIDUAL,Hyderabad,Telangana,2023-02-01 00:00:00,IIJY7170442781592,ACTIVE,377.26,MCH1364,0,0,0,0,0,0,0
MCH9751,Memon-Sinha,5812,Restaurant,Sole Proprietor,Ludhiana,Punjab,2023-07-16 00:00:00,4462778035,ACTIVE,2265.65,MCH9751,0,0,0,0,0,0,0
MCH6865,Mander-Chakrabarti,7011,Hotel,private_limited,mumbai,Maharashtra,2023-04-20 10:35:00,,ACTIVE,-465.56,MCH6865,1,0,0,1,0,0,0
MCH3179,"Sarma, Singh and Char",5311,DEPT_STORE,INDIVIDUAL,Hyderabad,Telangana,,,ACTIVE,1817.49,mch3179,0,0,0,1,1,0,0
MCH7289,Nayar-Dara,5699,Apparel,INDIVIDUAL,Poona,Maharashtra,2025-12-28 00:00:00,AFIS6620860774027,ACTIVE,0.451,MCH7289,0,0,0,0,0,0,0
MCH9764,"Chaudhry, Samra and Garde",8140,TELECOM,private_limited,Jalandar,Punjab,2024-07-15 00:00:00,XXXX9534,ACTIVE,-4596.71,mch9764,1,0,0,0,0,0,0
MCH6107,Bassi and Sons,9120,MEDICAL_STORE,Sole Proprietor,Hyderabad,Telangana,,,INACTIVE,0.1888,MCH6107,0,0,0,1,1,0,0
MCH3130,"arora, karnik and sarraf",5942,Book Store,SOLE-PROPRIETOR,Calcutta,West Bengal,2023-07-10 21:24:05,,INACTIVE,1573.29,MCH3130,0,0,0,1,0,0,0
MCH4553,Zachariah-Dara,5812,Restaurants,PRIVATE_LIMITED,Jalandhar,Punjab,2024-07-03 11:07:00,,ACTIVE,343.99,MCH4553,0,0,0,1,0,0,0
MCH9443,"Chowdhury, Kapadia and Chada",5812,FOOD_SERVICES,partnership,chennai,Tamil Nadu,2024-02-20 00:00:00,,ACTIVE,1660.16,MCH9443,0,0,0,1,0,0,0
MCH2746,"tella, mane and pillai",7011,Hotels,private_limited,ludhiana,Punjab,2023-03-12 00:00:00,0851637180,INACTIVE,395.56,MCH2746,0,0,0,0,0,0,0
3663,Kunda-Chaudhuri,,Hospitality,PARTNERSHIP,jaipur,Rajasthan,2024-11-20 00:00:00,,SUSPENDED,0.1356,3663,0,0,1,1,0,1,0
MCH4253,MANDER-SAGAR,,Retail Other,Individual,LDH,Punjab,2024-12-12 00:00:00,,ACTIVE,348.43,MCH4253,0,0,1,1,0,0,0
MCH8148,Sehgal-Banik,1310,Transportation,SOLE-PROPRIETOR,Bengaluru,Karnataka,2024-01-27 00:00:00,,ACTIVE,0.406,MCH-8148,0,0,0,1,0,0,0
MCH4706,"Varughese, Mani and Ch0udhary",5311,Department Store,Individual,BLR,Karnataka,2025-11-11 03:09:47,3980025472,ACTIVE,-1658.13,MCH4706,1,0,0,0,0,0,0
MCH7699,mammen ltd,4814,Mobile Recharge,INDIVIDUAL,jalandhar,Punjab,2024-10-16 05:11:31,XXXX5219,ACTIVE,,MCH7699,0,1,0,0,0,0,0
MCH8086,Contractor-Narain,5812,Restaurant,PARTNERSHIP,Pune,Maharashtra,2024-08-28 09:47:00,,ACTIVE,0.1394,MCH8086,0,0,0,1,0,0,0
MCH4110,Suresh-Bassi,5942,Stationery,individual,mumbai,Maharashtra,2024-09-18 08:58:00,,INACTIVE,1527.43,MCH4110,0,0,0,1,0,0,0
MCH2534,Shetty-Sundaram,5411,groceries,private_limited,Pune,Maharashtra,2025-03-10 16:30:29,,ACTIVE,709.87,mch2534,0,0,0,1,0,0,0
1983,Jayaraman PLC,5912,Pharmacy,SOLE_PROPRIETOR,Hyderabad,Telangana,2024-12-13 00:00:00,6619790480,ACTIVE,657.32,1983,0,0,0,0,0,0,0
MCH4754,Menon Inc,5999,Miscellaneous,private_limited,Hyd,Telangana,2023-03-24 00:00:00,XXXX5608,ACTIVE,-1804.69,MCH4754,1,0,0,0,0,0,0
MCH4332,Varma PLC,5942,Books,INDIVIDUAL,Mumbai,Maharashtra,2025-01-22 00:00:00,XXXX6546,ACTIVE,229.07,MCH4332,0,0,0,0,0,0,0
MCH9785,Nagarajan PLC,5699,cloths,INDIVIDUAL,MUMBAI,Maharashtra,2025-08-06 00:00:00,,ACTIVE,2709.78,MCH9785,0,0,0,1,0,0,0
MCH6240,mutti plc,5999,Misc Retail,PARTNERSHIP,Delhi,Delhi,2025-08-11 00:00:00,,ACTIVE,1461.1,MCH6240,0,0,0,1,0,0,0
MCH2336,Narasimhan Inc,,Grocery,sole_proprietor,Jalandar,Punjab,2025-06-18 00:00:00,,INACTIVE,791.05,MCH2336,0,0,1,1,0,0,0
MCH5494,palan-bhatnagar,4814,Mobile Recharge,PRIVATE_LIMITED,Calcutta,West Bengal,2024-10-02 09:53:00,2710953349,ACTIVE,720.88,MCH5494,0,0,0,0,0,0,0
MCH5411,Kale Inc,5411,Grocery,Partnership,pune,Maharashtra,2024-06-21 06:11:57,,ACTIVE,0.708,MCH5411,0,0,0,1,0,0,0
MCH7636,BIR PLC,5699,CLOTHS,SOLE_PROPRIETOR,Jalandhar,Punjab,2025-05-03 00:00:00,XXXX9076,ACTIVE,0.178,MCH7636,0,0,0,0,0,0,0
MCH8918,Solanki and Sons,,garments,PRIVATE-LIMITED,BLR,Karnataka,2025-05-17 00:00:00,ITGT2090730500760,ACTIVE,,MCH8918,0,1,1,0,0,0,0
MCH6360,"Garg, Char and Sharaf",5912,MEDICAL_STORE,sole_proprietor,MUMBAI,Maharashtra,2024-02-14 01:39:00,DELE6172573272913,ACTIVE,242.87,mch6360,0,0,0,0,0,0,0
MCH5467,"Kurian, Anne and Borra",4814,Mobile Recharge,INDIVIDUAL,LDH,Punjab,2024-05-17 00:00:00,3367286055,ACTIVE,0.94,MCH5467,0,0,0,0,0,0,0
MCH2763,Thaman-Virk,5912,chemist,Private Limited,Bangalore,Karnataka,2025-07-23 00:00:00,XXXX7625,ACTIVE,563.88,MCH2763,0,0,0,0,0,0,0
MCH6819,"Krishnan, Pal and Nayar",5812,FOOD_SERVICES,sole_proprietor,Hyd,Telangana,2025-10-17 18:49:43,,ACTIVE,0.499,MCH6819,0,0,0,1,0,0,0
MCH9563,"Singh, Issac and Murty",4131,TRAVEL,private_limited,Kolkata,West Bengal,2023-01-02 00:00:00,,ACTIVE,1366.02,MCH9563,0,0,0,1,0,0,0
MCH8413,"Mammen,ParmerandChandra",4814,Mobile Recharge,SOLE_PROPRIETOR,Bangalore,Karnataka,2024-03-19 00:00:00,,ACTIVE,-393.94,mch8413,1,0,0,1,0,0,0
MCH6163,Raju and Sons,4131,Bus/Taxi,INDIVIDUAL,Ludhiana,Punjab,2025-02-06 00:00:00,XTAO1446983636380,ACTIVE,1659.71,mch6163,0,0,0,0,0,0,0
MCH9740,Jain and Sons,5812,Restaurants,INDIVIDUAL,JPR,Rajasthan,2025-01-31 05:45:13,BHGC5407337420204,ACTIVE,1510.42,MCH9740,0,0,0,0,0,0,0
MCH3536,"Chaudry, Halder and Kota",5812,Food,PARTNERSHIP,JPR,Rajasthan,2023-11-05 00:00:00,UYBS8259834217447,INACTIVE,3533.21,MCH3536,0,0,0,0,0,0,0
MCH6352,Brar-Kale,5699,CLOTHS,partnership,Chennai,Tamil Nadu,2023-10-08 20:03:14,,ACTIVE,2366.79,MCH6352,0,0,0,1,0,0,0
MCH9196,Brahmbhatt Inc,5411,Grocery Stores,partnership,Bengaluru,Karnataka,2023-03-16 06:41:42,,ACTIVE,-4354.3,MCH9196,1,0,0,1,0,0,0
MCH5162,Srinivas-Sule,5311,Retail,INDIVIDUAL,jaipur,Rajasthan,2025-02-20 00:00:00,3127556904,ACTIVE,1145.33,MCH5162,0,0,0,0,0,0,0
MCH9772,Sachdeva LLC,5411,Grocery Stores,sole_proprietor,kolkata,West Bengal,2025-10-23 00:00:00,BDSV5277645088008,ACTIVE,,MCH9772,0,1,0,0,0,0,0
MCH2506,"Sarna, Vora and Seth",4131,Transportation,INDIVIDUAL,Jaipur,Rajasthan,2024-06-13 02:51:27,,ACTIVE,222.33,MCH2506,0,0,0,1,0,0,0
MCH1350,"KRISHNAMURTHY, DUTT AND SURA",4814,phone service,partnership,MUMBAI,Maharashtra,2024-07-25 00:00:00,3860313878,ACTIVE,1360.18,mch1350,0,0,0,0,0,0,0
MCH7544,Ganesh and S0ns,4131,transprt,sole_proprietor,Ludhiana,Punjab,2025-03-22 00:00:00,FWAU1672608587886,INACTIVE,2329.09,mch7544,0,0,0,0,0,0,0
MCH1221,"BAKSHI, DOCTOR AND BOBAL",7011,Hotels,Partnership,Mumbai,Maharashtra,,XXXX9345,ACTIVE,1302.2,MCH1221,0,0,0,0,1,0,0
MCH5637,Desai-Sankaran,5942,BOOKS_STATIONERY,Individual,kolkata,West Bengal,2025-12-05 00:00:00,,ACTIVE,-485.95,MCH5637,1,0,0,1,0,0,0
MCH1973,Shan-Ahuja,4814,phone service,Private Limited,New Delhi,Delhi,2024-01-22 00:00:00,,ACTIVE,1273.63,MCH-1973,0,0,0,1,0,0,0
MCH6527,"Menon, Subramanian and Pai",7011,Hotel,individual,Ludhiana,Punjab,,,ACTIVE,1220.94,MCH-6527,0,0,0,1,1,0,0
MCH1047,Rana-Aurora,4814,Telecom,Partnership,Bangalore,Karnataka,2023-08-20 01:01:00,BJXS0430805448675,ACTIVE,1003.46,MCH1047,0,0,0,0,0,0,0
MCH9043,Setty and Sons,7011,Hotel,PARTNERSHIP,Pune,Maharashtra,2024-10-02 00:00:00,,ACTIVE,0.3323,MCH9043,0,0,0,1,0,0,0
MCH9858,"Kapur, Doshi and Nayak",5812,Restaurant,PARTNERSHIP,delhi,Delhi,2025-02-22 05:45:00,,ACTIVE,791.03,MCH9858,0,0,0,1,0,0,0
MCH7566,Minhas Group,5912,Pharmacy,partnership,Bombay,Maharashtra,2024-03-08 07:53:44,,ACTIVE,880.25,MCH7566,0,0,0,1,0,0,0
4788,Chauhan-Kh0s1a,5699,garments,INDIVIDUAL,Bangalore,Karnataka,,0651098523,ACTIVE,109.29,4788,0,0,0,0,1,0,0
MCH9942,"Sarma, Butala and Ganguly",5912,MEDICAL_STORE,SOLE-PROPRIETOR,LKO,Uttar Pradesh,2025-10-16 02:21:10,,ACTIVE,,MCH9942,0,1,0,1,0,0,0
MCH6598,"Banik, Halder and Sabharwal",7011,HOTEL_LODGING,individual,mumbai,Maharashtra,2025-06-02 00:00:00,XXXX2729,INACTIVE,230.53,MCH6598,0,0,0,0,0,0,0
MCH6737,Kohli Inc,5942,books_stationery,PARTNERSHIP,ludhiana,Punjab,2023-07-06 00:00:00,7394942754,ACTIVE,675.29,MCH 6737,0,0,0,0,0,0,0
MCH8024,Char-Sehgal,,Telecom,private_limited,Poona,Maharashtra,2024-08-19 18:28:51,3608411983,ACTIVE,-2309.37,MCH 8024,1,0,1,0,0,0,0
MCH7860,"Pall, Som and Dalal",5999,Misc Retail,PRIVATE-LIMITED,ASR,Punjab,2024-11-11 02:08:53,1164754239,ACTIVE,-625.05,mch7860,1,0,0,0,0,0,0
MCH2159,Sawhney LLC,5812,Food,SOLE_PROPRIETOR,Jalandhar,Punjab,2024-05-16 00:00:00,MGFR5989061568022,ACTIVE,1420.0,mch2159,0,0,0,0,0,0,0
MCH9941,"prakash, ramakrishnan and shukla",4814,Telecom,PARTNERSHIP,Ludhiana,Punjab,2023-08-19 00:00:00,,ACTIVE,414.88,MCH9941,0,0,0,1,0,0,0
MCH9489,Badal-Sankaran,4131,Transport,SOLE-PROPRIETOR,chennai,Tamil Nadu,2026-02-03 18:53:00,,ACTIVE,1437.06,mch9489,0,0,0,1,0,0,0
MCH9057,Dayal Ltd,,Stationery,partnership,JPR,Rajasthan,2024-11-10 00:00:00,TJAX1540713634286,ACTIVE,728.46,MCH-9057,0,0,1,0,0,0,0
MCH3177,"Ping1e, Ra0 and Varty",4131,TRAVEL,individual,Calcutta,West Bengal,2025-04-19 12:39:17,XXXX0077,SUSPENDED,1840.14,mch3177,0,0,0,0,0,1,0
MCH7162,panchal-ratti,5411,kirana,private_limited,DELHI,Delhi,2023-03-11 00:12:00,RYQU3238280392506,ACTIVE,1176.97,MCH7162,0,0,0,0,0,0,0
MCH3449,NIGAM-AGATE,5999,Miscellaneous,partnership,Bombay,Maharashtra,2026-02-13 03:43:32,UOSM0726239882457,ACTIVE,236.02,MCH3449,0,0,0,0,0,0,0
MCH7185,Prasad Ltd,5311,Department Store,INDIVIDUAL,Mumbai,Maharashtra,2023-06-04 18:29:01,XXXX4284,ACTIVE,-853.37,MCH7185,1,0,0,0,0,0,0
MCH2919,Menon-Vaidya,,Pharmacy,SOLE_PROPRIETOR,New Delhi,Delhi,2023-03-20 14:46:24,,ACTIVE,3825.85,MCH2919,0,0,1,1,0,0,0
MCH4487,Maharaj-Murthy,5912,MEDICAL_STORE,individual,amritsar,Punjab,2024-04-23 00:00:00,TWRO4245073175794,ACTIVE,1455.08,MCH 4487,0,0,0,0,0,0,0
MCH8098,mittal-konda,5699,Clothing,PRIVATE_LIMITED,Kolkata,West Bengal,,,ACTIVE,925.94,MCH8098,0,0,0,1,1,0,0
MCH6474,Soni-Raja,5999,Miscellaneous,INDIVIDUAL,ASR,Punjab,2024-01-29 07:23:52,,ACTIVE,696.57,MCH 6474,0,0,0,1,0,0,0
MCH9444,Sachdeva-Khatri,4131,TRAVEL,PARTNERSHIP,Jalandhar,Punjab,2024-01-13 00:00:00,2308250236,ACTIVE,345.26,MCH9444,0,0,0,0,0,0,0
MCH6064,Viswanathan-Tak,9420,BOOKS_STATIONERY,SOLE-PROPRIETOR,Madras,Tamil Nadu,,RDFT0727994735934,BLOCKED,519.38,MCH6064,0,0,0,0,1,0,1
MCH6869,"Oak, Kalla and Chand",4131,transprt,PRIVATE_LIMITED,Pune,Maharashtra,2025-01-21 15:07:04,XXXX1495,ACTIVE,2412.44,MCH 6869,0,0,0,0,0,0,0
MCH4320,Vala and Sons,4814,Mobile Recharge,PRIVATE_LIMITED,MUMBAI,Maharashtra,2024-10-14 00:00:00,NNFD4351390281416,INACTIVE,-288.28,MCH4320,1,0,0,0,0,0,0
MCH6401,ramachandran-borah,4814,Telecom,PRIVATE-LIMITED,bengaluru,Karnataka,2023-07-16 14:03:46,BIIV8391883916775,ACTIVE,0.371,MCH6401,0,0,0,0,0,0,0
MCH4218,Srivastava Ltd,5942,Book Store,SOLE_PROPRIETOR,Bombay,Maharashtra,2023-11-20 00:00:00,LFAP5704533731300,ACTIVE,1744.69,MCH4218,0,0,0,0,0,0,0
MCH3900,Mand-Bedi,5812,eating place,PRIVATE_LIMITED,Kolkata,West Bengal,2025-02-20 00:00:00,XXXX1674,ACTIVE,1036.74,MCH3900,0,0,0,0,0,0,0
MCH8615,devi-narasimhan,5942,Book Store,SOLE-PROPRIETOR,Calcutta,West Bengal,2024-11-18 00:00:00,8648906197,ACTIVE,722.58,MCH8615,0,0,0,0,0,0,0
MCH6447,Kant-Tella,7011,Hotel,PARTNERSHIP,Delhi,Delhi,2026-01-22 00:00:00,,ACTIVE,994.25,MCH6447,0,0,0,1,0,0,0
MCH7366,Bora-Nadkarni,5411,kirana,partnership,Bengaluru,Karnataka,2024-03-17 00:00:00,,SUSPENDED,0.2024,MCH-7366,0,0,0,1,0,1,0
MCH5106,LUTHRA LLC,9420,Stationery,PRIVATE_LIMITED,jalandhar,Punjab,2023-12-01 00:00:00,XXXX6321,ACTIVE,0.411,mch5106,0,0,0,0,0,0,0
MCH2038,Keer Inc,5311,Department Stores,Partnership,pune,Maharashtra,2025-06-07 19:52:00,,INACTIVE,,MCH2038,0,1,0,1,0,0,0
MCH3179,"Din,MukhopadhyayandBawa",5999,Misc Retail,SOLE_PROPRIETOR,Chennai,Tamil Nadu,2023-10-31 00:00:00,UQUU0653302527343,SUSPENDED,1687.99,MCH3179,0,0,0,0,0,1,0
MCH9173,BUMB-BANDI,5999,Miscellaneous,SOLE_PROPRIETOR,Poona,Maharashtra,2023-06-26 02:58:00,,ACTIVE,450.27,MCH9173,0,0,0,1,0,0,0
MCH3483,"Puri, Sachdeva and Jhaveri",5812,Restaurants,private_limited,jaipur,Rajasthan,2025-08-15 00:00:00,XXXX0583,INACTIVE,1128.9,MCH3483,0,0,0,0,0,0,0
MCH3971,Sura PLC,7011,hotel_lodging,INDIVIDUAL,Dilli,Delhi,2024-04-17 13:25:57,,INACTIVE,748.82,MCH3971,0,0,0,1,0,0,0
MCH9811,"Dyal, Ranganathan and Sinha",8120,Food,private_limited,New Delhi,Delhi,2025-11-04 00:00:00,RQQY2365576077878,ACTIVE,972.81,MCH9811,0,0,0,0,0,0,0
MCH1924,"Choudhary, Iyer and Boase",5912,chemist,Partnership,jaipur,Rajasthan,2024-11-12 00:00:00,XXXX3944,ACTIVE,7220.04,MCH 1924,0,0,0,0,0,0,0
1064,Nanda Ltd,5812,eating place,individual,amritsar,Punjab,2025-09-09 22:49:04,,ACTIVE,1182.15,1064,0,0,0,1,0,0,0
MCH3842,"Rao, Rajagopal and Ratti",4131,Bus/Taxi,PRIVATE-LIMITED,Jaipur,Rajasthan,2024-01-27 00:00:00,,ACTIVE,444.1,MCH 3842,0,0,0,1,0,0,0
MCH3549,Khalsa and Sons,5812,Food,INDIVIDUAL,amritsar,Punjab,2025-01-07 00:00:00,AXNC2296857054867,ACTIVE,1756.73,MCH-3549,0,0,0,0,0,0,0
MCH5450,"Karnik, Karan and Boase",,Stationery,PARTNERSHIP,kolkata,West Bengal,2024-09-09 00:00:00,,ACTIVE,852.07,MCH5450,0,0,1,1,0,0,0
MCH4630,Jhaveri PLC,5999,Misc Retail,Sole Proprietor,Ludhiana,Punjab,2025-07-11 02:07:00,2284002392,ACTIVE,1285.49,MCH4630,0,0,0,0,0,0,0
MCH9942,Srinivas and Sons,,Hotels,individual,amritsar,Punjab,2024-07-09 13:54:00,NAOM1028605509837,ACTIVE,636.69,MCH9942,0,0,1,0,0,0,0
MCH7198,"Thakkar, Mistry and Sinha",,Book Store,sole_proprietor,Pune,Maharashtra,2023-02-21 00:00:00,,ACTIVE,3029.62,MCH7198,0,0,1,1,0,0,0
MCH9770,jha-andra,,transprt,Sole Proprietor,Chennai,Tamil Nadu,2026-01-22 00:00:00,BRJH7377264204006,SUSPENDED,1847.23,MCH9770,0,0,1,0,0,1,0
MCH4623,"Gokhale, Ranganathan and Shenoy",5999,Miscellaneous,PRIVATE_LIMITED,HYDERABAD,Telangana,2025-08-17 15:21:40,0347099856,ACTIVE,0.171,MCH4623,0,0,0,0,0,0,0
MCH3465,"Patla, Tiwari and Bobal",4814,Mobile Recharge,PRIVATE-LIMITED,amritsar,Punjab,2024-09-10 22:44:00,BMXM3313589371926,ACTIVE,0.662,MCH3465,0,0,0,0,0,0,0
5186,Dey-Bansal,5912,MEDICAL_STORE,sole_proprietor,Chennai,Tamil Nadu,2025-09-21 00:00:00,,ACTIVE,0.365,5186,0,0,0,1,0,0,0
MCH8638,ramanathan-apte,5942,Book Store,PARTNERSHIP,chennai,Tamil Nadu,2025-04-16 00:00:00,XXXX4259,ACTIVE,985.8,MCH8638,0,0,0,0,0,0,0
MCH6547,"Gupta,DewanandNadig",5942,Books,Individual,HYDERABAD,Telangana,2023-05-27 00:00:00,,INACTIVE,974.14,MCH6547,0,0,0,1,0,0,0
MCH9827,Chaudry and Sons,5311,Department Stores,PRIVATE-LIMITED,Bangalore,Karnataka,2025-04-02 00:00:00,WKDN2531235762305,ACTIVE,1686.75,MCH9827,0,0,0,0,0,0,0
MCH8539,Arya-Char,5699,Apparel,sole_proprietor,Madras,Tamil Nadu,2025-10-07 09:25:50,XXXX4751,ACTIVE,3012.9,MCH8539,0,0,0,0,0,0,0
MCH2656,"Kala, Shetty and Sheth",5411,kirana,sole_proprietor,Dilli,Delhi,2023-12-06 01:23:15,,ACTIVE,5073.35,MCH2656,0,0,0,1,0,0,0
MCH3841,"SANDHU, KHOSLA AND GUHA",5999,miscellaneous,Partnership,Bangalore,Karnataka,2024-09-16 00:00:00,7616513593,ACTIVE,2207.18,MCH3841,0,0,0,0,0,0,0
MCH3680,Gala and Sons,4131,Transportation,PARTNERSHIP,Dilli,Delhi,2023-12-31 00:00:00,,ACTIVE,0.962,mch3680,0,0,0,1,0,0,0
MCH9530,B0rah PLC,,FOOD_SERVICES,individual,Hyderabad,Telangana,2023-01-11 00:00:00,,SUSPENDED,999.86,mch9530,0,0,1,1,0,1,0
MCH4975,Bhakta-Sidhu,5699,Fashion,PARTNERSHIP,Jalandar,Punjab,2024-09-18 00:00:00,,ACTIVE,280.66,MCH4975,0,0,0,1,0,0,0
MCH4319,"Setty, Sarkar and Mahajan",5311,Retail,PRIVATE_LIMITED,Mumbai,Maharashtra,2025-02-01 00:00:00,5750964403,ACTIVE,1351.02,MCH4319,0,0,0,0,0,0,0
MCH7912,Jaggi-Khare,4814,Mobile Recharge,individual,Kolkata,West Bengal,2023-04-29 03:51:00,,SUSPENDED,993.76,MCH7912,0,0,0,1,0,1,0
MCH2995,Patil Ltd,7011,Hotel,PRIVATE-LIMITED,amritsar,Punjab,2025-12-25 00:00:00,2612684538,ACTIVE,492.36,mch2995,0,0,0,0,0,0,0
MCH7596,Bajwa-Luthra,4814,Telecom,PRIVATE-LIMITED,Hyderabad,Telangana,2024-04-20 00:00:00,,SUSPENDED,,MCH-7596,0,1,0,1,0,1,0
MCH5941,G0ur Ltd,5942,Books,PRIVATE_LIMITED,lucknow,Uttar Pradesh,2023-04-30 00:00:00,XXXX2222,INACTIVE,1448.04,MCH5941,0,0,0,0,0,0,0
MCH7025,"Shanker, Bandi and Bala",5999,Retail Other,INDIVIDUAL,bengaluru,Karnataka,2025-01-26 00:00:00,XXXX6482,ACTIVE,4575.03,MCH7025,0,0,0,0,0,0,0
MCH8943,Bassi-Dhingra,5942,Book Store,PRIVATE-LIMITED,Madras,Tamil Nadu,2024-09-09 00:49:00,,ACTIVE,774.62,MCH8943,0,0,0,1,0,0,0
MCH1879,Maharaj PLC,5942,BOOKS_STATIONERY,Partnership,delhi,Delhi,2023-03-01 06:18:00,,ACTIVE,1269.91,MCH1879,0,0,0,1,0,0,0
MCH1811,Shukla-Ganesan,,HOTEL_LODGING,Individual,DELHI,Delhi,2024-01-14 13:33:19,9614445611,INACTIVE,871.51,MCH-1811,0,0,1,0,0,0,0
MCH2792,KrishnamurthyPLC,7011,Hotel,SOLE_PROPRIETOR,Jalandhar,Punjab,2023-02-03 00:00:00,,ACTIVE,1501.9,MCH2792,0,0,0,1,0,0,0
MCH8613,Comar-Tata,5812,Restaurant,INDIVIDUAL,Lucknow,Uttar Pradesh,2023-09-05 12:31:28,,SUSPENDED,2485.09,MCH8613,0,0,0,1,0,1,0
MCH4283,Joshi-Srinivas,5411,GROCERY_STORE,Partnership,Amritsar,Punjab,2023-09-01 00:00:00,,ACTIVE,1135.0,MCH4283,0,0,0,1,0,0,0
MCH8821,MUKHOPADHYAY-CHERIAN,5812,Restaurants,sole_proprietor,jalandhar,Punjab,2023-11-26 00:00:00,2404954167,ACTIVE,703.03,MCH8821,0,0,0,0,0,0,0
MCH8043,Lalla Group,5311,Department Stores,PRIVATE-LIMITED,LDH,Punjab,2024-07-31 00:00:00,,ACTIVE,0.1064,MCH8043,0,0,0,1,0,0,0
MCH9954,Mitra LLC,5912,Medical,Sole Proprietor,Lucknow,Uttar Pradesh,2023-06-30 00:00:00,,ACTIVE,412.84,mch9954,0,0,0,1,0,0,0
MCH5061,Natarajan Inc,5699,CLOTHS,SOLE-PROPRIETOR,LDH,Punjab,2025-10-10 11:35:42,3155448560,ACTIVE,1265.19,MCH5061,0,0,0,0,0,0,0
MCH4527,BansalInc,4110,groceries,PRIVATE-LIMITED,lucknow,Uttar Pradesh,2025-10-29 21:36:00,BWHM6431375051395,ACTIVE,0.3449,MCH4527,0,0,0,0,0,0,0
MCH5873,"Kade, Srivastava and Iyengar",5999,Miscellaneous,Partnership,lucknow,Uttar Pradesh,2023-10-06 00:00:00,,ACTIVE,3185.85,MCH5873,0,0,0,1,0,0,0
MCH6772,"Sarin,KaleandBava",5411,groceries,Individual,Amritsar,Punjab,2024-03-12 00:00:00,4810020944,INACTIVE,893.58,MCH6772,0,0,0,0,0,0,0
MCH2180,Chaudry-Sidhu,,Apparel,PRIVATE-LIMITED,Pune,Maharashtra,,4033666419,ACTIVE,3354.42,MCH2180,0,0,1,0,1,0,0
MCH7350,SULE LLC,5699,CLOTHS,private_limited,amritsar,Punjab,2024-01-31 17:29:42,XXXX7331,ACTIVE,-1887.59,MCH7350,1,0,0,0,0,0,0
MCH4383,Vala LLC,5311,DEPT_STORE,SOLE-PROPRIETOR,Lucknow,Uttar Pradesh,2025-06-15 00:00:00,,ACTIVE,219.66,MCH 4383,0,0,0,1,0,0,0
MCH6498,Sankaran-Gupta,,Grocery,PARTNERSHIP,HYDERABAD,Telangana,2023-10-29 00:00:00,LBQV8100985155327,HOLD,992.12,MCH6498,0,0,1,0,0,0,0
MCH4717,Bir Ltd,4131,Transportation,PRIVATE-LIMITED,Madras,Tamil Nadu,2025-11-14 00:00:00,JKIU5676140711543,ACTIVE,7107.16,MCH4717,0,0,0,0,0,0,0
MCH6233,"Arora, Agarwal and Padmanabhan",5942,Books,SOLE-PROPRIETOR,Amritsar,Punjab,2024-05-03 00:00:00,,ACTIVE,1090.35,MCH6233,0,0,0,1,0,0,0
MCH6907,Dhillon-Sama,8120,Restaurants,PRIVATE-LIMITED,Jalandar,Punjab,2024-12-21 07:31:00,,ACTIVE,4335.88,MCH6907,0,0,0,1,0,0,0
MCH8365,"Kashyap,SharmaandBalasubramanian",4814,TELECOM,PRIVATE-LIMITED,Jalandhar,Punjab,2023-01-24 00:00:00,XXXX5913,ACTIVE,786.29,MCH8365,0,0,0,0,0,0,0
MCH8714,GuptaGroup,5912,Pharmacies,SOLE_PROPRIETOR,Pune,Maharashtra,2023-10-08 00:00:00,XXXX2445,INACTIVE,569.38,MCH8714,0,0,0,0,0,0,0
MCH6239,"MAJUMDAR, LANKA AND SEHGAL",5942,BOOKS_STATIONERY,PARTNERSHIP,Amritsar,Punjab,2024-01-21 00:00:00,,ACTIVE,1181.24,MCH6239,0,0,0,1,0,0,0
MCH6053,Sehgal-Pathak,5699,CLOTHS,INDIVIDUAL,MUMBAI,Maharashtra,2023-02-18 08:22:28,,ACTIVE,379.97,mch6053,0,0,0,1,0,0,0
MCH8263,"Gara, Kar and Raval",5699,CLOTHS,SOLE_PROPRIETOR,Madras,Tamil Nadu,2025-07-21 16:32:17,XLDI5037601996445,ACTIVE,1443.08,mch8263,0,0,0,0,0,0,0
MCH4194,Hegde-Chahal,,MEDICAL_STORE,sole_proprietor,ASR,Punjab,2025-11-15 00:00:00,,INACTIVE,,MCH4194,0,1,1,1,0,0,0
MCH7890,contractor plc,7011,Hotel,PARTNERSHIP,Chennai,Tamil Nadu,2024-07-21 17:41:07,KQNM1742343730851,INACTIVE,-652.34,MCH7890,1,0,0,0,0,0,0
MCH6480,Sundaram and S0ns,5699,Apparel,Partnership,Bombay,Maharashtra,2023-11-13 01:40:00,XXXX8936,ACTIVE,680.72,MCH6480,0,0,0,0,0,0,0
MCH7973,"Dhar, Som and Mane",7011,Hospitality,sole_proprietor,Calcutta,West Bengal,2023-01-17 11:57:28,GEUZ7160822941996,ACTIVE,1422.91,mch7973,0,0,0,0,0,0,0
MCH7504,"MANDAL, TRIPATHI AND BHATNAGAR",7011,Hotel,SOLE-PROPRIETOR,ASR,Punjab,2023-04-23 10:04:42,IUKB6414988497315,ACTIVE,8261.29,MCH7504,0,0,0,0,0,0,0
MCH9567,"Dar, Gera and Sane",5812,FOOD_SERVICES,private_limited,delhi,Delhi,2026-01-09 00:00:00,,ACTIVE,850.48,MCH9567,0,0,0,1,0,0,0
MCH6731,ThakurPLC,5812,eating place,Individual,Hyd,Telangana,2025-10-25 00:00:00,,ACTIVE,305.3,MCH6731,0,0,0,1,0,0,0
MCH1530,Parmer-Bath,5699,Clothing,INDIVIDUAL,Lucknow,Uttar Pradesh,2024-04-29 00:00:00,JMXE9195425616055,ACTIVE,375.02,MCH1530,0,0,0,0,0,0,0
9012,"Goel, Devan and Grover",5411,GROCERY_STORE,SOLE-PROPRIETOR,ASR,Punjab,2025-09-16 06:09:00,7133638417,INACTIVE,603.58,9012,0,0,0,0,0,0,0
MCH5163,"Pandit, Lad and V0ra",8140,Mobile Recharge,INDIVIDUAL,kolkata,West Bengal,2023-05-31 00:00:00,XXXX7995,ACTIVE,1014.92,MCH5163,0,0,0,0,0,0,0
MCH5897,Mutti-Doshi,5912,MEDICAL_STORE,PRIVATE-LIMITED,Amritsar,Punjab,2026-01-06 00:00:00,,ACTIVE,0.1302,MCH5897,0,0,0,1,0,0,0
MCH3872,Krish Group,5699,CLOTHS,Partnership,ASR,Punjab,2024-03-14 00:00:00,,ACTIVE,3660.6,MCH3872,0,0,0,1,0,0,0
MCH2941,SenGroup,5311,Department Store,SOLE-PROPRIETOR,mumbai,Maharashtra,2024-09-22 00:00:00,XXXX4390,ACTIVE,1783.76,MCH2941,0,0,0,0,0,0,0
MCH4395,Ramakrishnan-Rastogi,5999,Misc Retail,private_limited,chennai,Tamil Nadu,2025-11-19 00:00:00,,ACTIVE,,MCH4395,0,1,0,1,0,0,0
MCH9843,"Banerjee, Singh and Anne",5942,Stationery,INDIVIDUAL,chennai,Tamil Nadu,2025-04-07 00:00:00,,ACTIVE,8077.21,MCH9843,0,0,0,1,0,0,0
MCH4528,Memon LLC,5912,Medical,partnership,Hyd,Telangana,2023-01-05 23:02:24,VOFY4004091833640,ACTIVE,490.99,MCH4528,0,0,0,0,0,0,0
MCH4973,vala-raval,7011,Hotel,PRIVATE_LIMITED,Chennai,Tamil Nadu,2024-04-05 00:00:00,XXXX2841,ACTIVE,859.46,MCH4973,0,0,0,0,0,0,0
MCH1855,Kala-Shan,,Restaurant,Private Limited,Kolkata,West Bengal,2023-11-13 00:38:34,,HOLD,0.1474,MCH1855,0,0,1,1,0,0,0
9426,Puri-Soman,6990,garments,INDIVIDUAL,Bangalore,Karnataka,2023-10-28 00:00:00,EDMP4232010731701,ACTIVE,333.54,9426,0,0,0,0,0,0,0
MCH6171,Naik and Sons,5812,Restaurant,Individual,amritsar,Punjab,2023-09-08 00:00:00,,INACTIVE,4084.17,MCH 6171,0,0,0,1,0,0,0
MCH6244,maharaj ltd,7011,Hospitality,INDIVIDUAL,JPR,Rajasthan,2023-07-29 00:00:00,,SUSPENDED,-1112.58,MCH6244,1,0,0,1,0,1,0
MCH3720,"Bedi, Sanghvi and Balakrishnan",5411,groceries,INDIVIDUAL,New Delhi,Delhi,2024-04-14 08:30:13,ECCR6940813795514,ACTIVE,0.61,MCH3720,0,0,0,0,0,0,0
MCH6446,CONTRACTOR LLC,5311,DEPT_STORE,INDIVIDUAL,Jaipur,Rajasthan,2024-09-23 11:13:22,,ACTIVE,1356.41,mch6446,0,0,0,1,0,0,0
MCH4989,Khanna and Sons,7011,HOTEL_LODGING,private_limited,ludhiana,Punjab,2025-09-25 00:00:00,,ACTIVE,1981.95,MCH4989,0,0,0,1,0,0,0
MCH7149,Shanker-Kala,9420,Book Store,Sole Proprietor,Amritsar,Punjab,2023-07-09 09:54:42,,ACTIVE,0.1819,MCH7149,0,0,0,1,0,0,0
MCH2567,"Magar, Hora and Khare",4131,Transportation,sole_proprietor,delhi,Delhi,2024-09-30 00:00:00,TLMQ4688047179537,ACTIVE,572.7,MCH2567,0,0,0,0,0,0,0
MCH9494,"Wable, Warrior and Parmer",,telecom,Individual,pune,Maharashtra,2024-05-27 00:00:00,,ACTIVE,455.01,MCH9494,0,0,1,1,0,0,0
MCH6482,Mitra-Agate,5311,Department Store,INDIVIDUAL,amritsar,Punjab,2024-06-04 00:00:00,,INACTIVE,0.134,MCH6482,0,0,0,1,0,0,0
MCH1729,VORA LLC,,Food,INDIVIDUAL,Ludhiana,Punjab,2023-12-25 00:00:00,SJMV2211374932495,ACTIVE,-2759.18,MCH1729,1,0,1,0,0,0,0
MCH1908,"RAGHAVAN, BADAMI AND MANI",5942,Stationery,partnership,Kolkata,West Bengal,2025-05-29 11:41:39,XXXX6948,ACTIVE,0.856,MCH1908,0,0,0,0,0,0,0
MCH9342,Dua-Lala,5999,Misc Retail,sole_proprietor,bengaluru,Karnataka,2025-04-17 11:33:00,BUXU5026475055431,SUSPENDED,1698.37,MCH9342,0,0,0,0,0,1,0
MCH9231,Kala-Dugar,4131,transprt,PARTNERSHIP,Poona,Maharashtra,,7817631283,ACTIVE,228.82,MCH9231,0,0,0,0,1,0,0
7679,Sama and Sons,5912,Pharmacies,PARTNERSHIP,Bengaluru,Karnataka,2026-02-25 00:00:00,2230627789,ACTIVE,3295.19,7679,0,0,0,0,0,0,0
MCH4414,"Manne, Arora and Goel",5411,groceries,PRIVATE_LIMITED,Hyd,Telangana,2025-07-15 00:00:00,,ACTIVE,-618.59,MCH-4414,1,0,0,1,0,0,0
MCH4811,Bhavsar-Seshadri,4814,TELECOM,Private Limited,ludhiana,Punjab,2023-08-25 10:08:48,2988135938,ACTIVE,388.63,mch4811,0,0,0,0,0,0,0
MCH1267,master-tiwari,4814,TELECOM,private_limited,lucknow,Uttar Pradesh,,,INACTIVE,1213.17,MCH1267,0,0,0,1,1,0,0
MCH6396,Mani-Puri,9990,Retail Other,INDIVIDUAL,LKO,Uttar Pradesh,2025-04-21 00:00:00,XXXX7558,ACTIVE,4113.97,MCH-6396,0,0,0,0,0,0,0
MCH2607,Garg PLC,5812,Food,INDIVIDUAL,Hyderabad,Telangana,2023-01-31 00:00:00,,ACTIVE,0.3395,MCH-2607,0,0,0,1,0,0,0
MCH7106,mody-mitter,5699,CLOTHS,INDIVIDUAL,bengaluru,Karnataka,2023-06-11 00:00:00,ZNDK0366125245871,ACTIVE,574.51,MCH7106,0,0,0,0,0,0,0
MCH3212,Merchant LLC,5999,Miscellaneous,Private Limited,bengaluru,Karnataka,2023-07-06 11:16:53,9377229545,ACTIVE,980.37,MCH3212,0,0,0,0,0,0,0
MCH6293,Bora-Nigam,5311,Department Store,PARTNERSHIP,Jalandar,Punjab,,,ACTIVE,-4957.97,MCH6293,1,0,0,1,1,0,0
MCH6162,"Naik, Kade and Singh",4131,Bus/Taxi,PARTNERSHIP,ASR,Punjab,2025-03-21 00:00:00,XXXX4537,ACTIVE,2176.24,MCH6162,0,0,0,0,0,0,0
MCH7104,Kothari LLC,8140,phone service,PARTNERSHIP,Jalandar,Punjab,2023-07-12 00:00:00,XXXX8714,ACTIVE,810.17,MCH7104,0,0,0,0,0,0,0
MCH2009,"Tiwari, Naidu and Muni",5699,garments,partnership,Pune,Maharashtra,2024-04-05 00:00:00,NVFX6549311428381,ACTIVE,0.732,MCH2009,0,0,0,0,0,0,0
MCH7513,Buch Inc,8120,Food,individual,Kolkata,West Bengal,2024-09-02 00:00:00,MLTA1304721995984,ACTIVE,0.584,MCH7513,0,0,0,0,0,0,0
MCH7432,sidhu-aurora,5942,Stationery,SOLE-PROPRIETOR,Dilli,Delhi,,1656062042,ACTIVE,611.3,MCH 7432,0,0,0,0,1,0,0
MCH9096,"Boase, Swaminathan and Yohannan",5999,Miscellaneous,INDIVIDUAL,Chennai,Tamil Nadu,2024-08-04 18:56:27,,ACTIVE,1547.45,MCH9096,0,0,0,1,0,0,0
MCH2241,Patla-Prabhakar,5942,BOOKS_STATIONERY,partnership,Calcutta,West Bengal,2026-01-15 00:00:00,,ACTIVE,0.868,MCH2241,0,0,0,1,0,0,0
MCH6198,Rana-Sabharwal,5311,Retail,Individual,Bombay,Maharashtra,,,ACTIVE,410.5,MCH6198,0,0,0,1,1,0,0
MCH5611,"Bawa, Grewal and Chakrabarti",5311,Department Stores,PARTNERSHIP,mumbai,Maharashtra,,,ACTIVE,0.764,MCH5611,0,0,0,1,1,0,0
MCH6026,NARAYANAN-BHATT,5942,Books,partnership,Hyderabad,Telangana,2025-09-14 00:00:00,1281831300,ACTIVE,746.02,MCH6026,0,0,0,0,0,0,0
MCH7455,"MODY, BHATTACHARYYA AND PALLA",4814,phone service,INDIVIDUAL,delhi,Delhi,2024-04-11 22:40:38,XXXX4231,ACTIVE,113.99,MCH7455,0,0,0,0,0,0,0
MCH9541,"Grover, Bhatia and Tandon",,Food,partnership,Lucknow,Uttar Pradesh,2025-07-02 05:37:38,,ACTIVE,2401.33,mch9541,0,0,1,1,0,0,0
MCH6711,Loyal-Srinivasan,5411,Grocery,PARTNERSHIP,HYDERABAD,Telangana,2025-06-15 00:00:00,XXXX4153,INACTIVE,931.24,MCH6711,0,0,0,0,0,0,0
MCH5545,Parikh-Raja,5942,BOOKS_STATIONERY,SOLE-PROPRIETOR,Lucknow,Uttar Pradesh,2023-06-04 00:00:00,,ACTIVE,1144.37,MCH5545,0,0,0,1,0,0,0
MCH6928,Tata-Wagle,5912,chemist,PARTNERSHIP,Bengaluru,Karnataka,2023-12-31 04:58:57,RIXU6958241048195,ACTIVE,0.1008,MCH6928,0,0,0,0,0,0,0
MCH7523,"sharaf, chad and prashad",5912,Medical,SOLE-PROPRIETOR,Lucknow,Uttar Pradesh,2023-11-09 00:00:00,XXXX3383,ACTIVE,2848.66,MCH7523,0,0,0,0,0,0,0
MCH3619,"MODY, SAMI AND BATTA",5999,Retail Other,sole_proprietor,Kolkata,West Bengal,2026-01-27 07:14:00,7469875023,INACTIVE,3456.23,MCH3619,0,0,0,0,0,0,0
MCH4984,"Aurora, Mohan and Jain",8140,Mobile Recharge,SOLE-PROPRIETOR,jaipur,Rajasthan,2024-07-02 00:00:00,XXLT9593960471643,ACTIVE,-1500.11,MCH4984,1,0,0,0,0,0,0
MCH2590,Goyal Group,7011,Hospitality,individual,DELHI,Delhi,2025-06-22 04:22:00,XXXX8497,ACTIVE,531.43,mch2590,0,0,0,0,0,0,0
MCH4200,Mahajan Group,9420,Book Store,sole_proprietor,Pune,Maharashtra,2024-05-21 03:12:53,XXXX4189,ACTIVE,839.74,MCH 4200,0,0,0,0,0,0,0
MCH1815,Bhasin-Hans,5999,Misc Retail,PRIVATE_LIMITED,Hyd,Telangana,2025-05-10 00:00:00,,ACTIVE,789.34,MCH 1815,0,0,0,1,0,0,0
MCH3253,Khatri-Krishnamurthy,9420,Books,partnership,LKO,Uttar Pradesh,2023-12-19 08:58:42,,ACTIVE,2086.58,mch3253,0,0,0,1,0,0,0
MCH9715,Desai PLC,7011,Hotel,Partnership,kolkata,West Bengal,2023-01-10 00:00:00,5413889015,INACTIVE,547.82,mch9715,0,0,0,0,0,0,0
MCH6210,Sem Group,5812,eating place,private_limited,amritsar,Punjab,2024-01-03 02:42:08,,ACTIVE,2370.64,MCH6210,0,0,0,1,0,0,0
MCH1019,Iyer-Thaker,5699,Clothing,Partnership,Kolkata,West Bengal,2025-05-23 00:00:00,XXXX9462,ACTIVE,,MCH1019,0,1,0,0,0,0,0
MCH1848,Acharya-Bail,5311,Retail,partnership,Poona,Maharashtra,2025-09-05 00:00:00,3196162533,ACTIVE,0.3044,MCH1848,0,0,0,0,0,0,0
MCH6803,Babu-Aggarwal,5942,Stationery,Partnership,Pune,Maharashtra,2025-05-24 00:00:00,KCIX8411550946242,ACTIVE,2653.94,MCH6803,0,0,0,0,0,0,0
MCH8410,Dugal and Sons,5942,Book Store,partnership,Bangalore,Karnataka,,RLEB2720083934064,ACTIVE,853.16,MCH8410,0,0,0,0,1,0,0
MCH5144,Johal Ltd,0110,HOTEL_LODGING,sole_proprietor,Jalandar,Punjab,2024-02-01 16:44:47,XXXX0257,INACTIVE,490.7,MCH5144,0,0,0,0,0,0,0
MCH5127,Sarkar-Vaidya,5699,Apparel,INDIVIDUAL,Bangalore,Karnataka,2023-11-23 00:00:00,,ACTIVE,465.12,MCH5127,0,0,0,1,0,0,0
MCH6775,La11 Gr0up,5999,Retail Other,private_limited,chennai,Tamil Nadu,,WEWN8816151774902,INACTIVE,196.61,mch6775,0,0,0,0,1,0,0
MCH6765,KONDA-MANDAL,4814,Telecom,sole_proprietor,Mumbai,Maharashtra,2025-01-23 00:00:00,,ACTIVE,,MCH6765,0,1,0,1,0,0,0
2003,Rajagopalan Inc,5311,DEPT_STORE,INDIVIDUAL,Poona,Maharashtra,2023-06-16 00:00:00,3428467704,ACTIVE,0.567,2003,0,0,0,0,0,0,0
MCH1226,"APTE, PINGLE AND PAL",,Hotel,Private Limited,Hyderabad,Telangana,2024-01-03 00:00:00,,ACTIVE,0.229,MCH1226,0,0,1,1,0,0,0
MCH2914,BASSI-VARGHESE,5812,FOOD_SERVICES,SOLE-PROPRIETOR,Hyderabad,Telangana,2025-01-01 00:00:00,VBYI2823908948465,INACTIVE,0.9,MCH2914,0,0,0,0,0,0,0
MCH7560,Chakraborty and Sons,,Department Store,PARTNERSHIP,pune,Maharashtra,,WVEJ5381131962008,ACTIVE,2097.03,MCH7560,0,0,1,0,1,0,0
MCH3324,"Thaman, Rajagopal and Borde",7011,Hotels,private_limited,Jalandhar,Punjab,2023-10-09 00:00:00,,INACTIVE,366.78,MCH3324,0,0,0,1,0,0,0
MCH4530,Kadakia Group,5942,Books,partnership,jalandhar,Punjab,2023-10-26 18:53:21,9489296663,ACTIVE,-2165.16,MCH4530,1,0,0,0,0,0,0
MCH3037,Wagle Ltd,5411,Grocery Stores,individual,Hyderabad,Telangana,2026-01-30 00:00:00,XXXX1382,ACTIVE,2391.24,MCH3037,0,0,0,0,0,0,0
MCH8927,RAJ-KALA,5999,Other,Individual,New Delhi,Delhi,2024-04-22 22:45:00,XXXX1023,ACTIVE,261.67,MCH8927,0,0,0,0,0,0,0
MCH9395,Bhagat-Chana,5699,Fashion,Private Limited,jaipur,Rajasthan,2024-12-12 00:00:00,,ACTIVE,2768.73,MCH9395,0,0,0,1,0,0,0
MCH4937,Mand and Sons,5912,chemist,partnership,Calcutta,West Bengal,,FBXP3192759861569,INACTIVE,2054.97,MCH4937,0,0,0,0,1,0,0
MCH8765,"Kamdar, Sehgal and Tata",5411,Grocery,PARTNERSHIP,DELHI,Delhi,2025-06-01 00:00:00,XXXX8883,ACTIVE,4863.17,MCH8765,0,0,0,0,0,0,0
MCH9074,Sa1vi-Tata,7011,Hotels,PARTNERSHIP,Chennai,Tamil Nadu,2025-04-24 00:00:00,XXXX6816,ACTIVE,0.1227,MCH9074,0,0,0,0,0,0,0
MCH2438,Saxena-Sagar,5999,Misc Retail,sole_proprietor,amritsar,Punjab,2025-06-21 03:10:13,TOND5392493573658,ACTIVE,1010.25,MCH2438,0,0,0,0,0,0,0
MCH7391,"Vora, Lad and Sekhon",5411,groceries,partnership,Poona,Maharashtra,2023-07-08 00:00:00,,INACTIVE,4971.16,MCH7391,0,0,0,1,0,0,0
MCH9969,Tiwari and Sons,5942,BOOKS_STATIONERY,private_limited,ludhiana,Punjab,2023-01-15 00:00:00,3536281860,INACTIVE,1542.28,MCH 9969,0,0,0,0,0,0,0
MCH7270,Subramanian LLC,7011,Hotels,PRIVATE-LIMITED,ASR,Punjab,2025-01-15 22:39:15,,ACTIVE,1469.96,MCH7270,0,0,0,1,0,0,0
MCH4244,Kade-Devan,,Hotels,Sole Proprietor,Chennai,Tamil Nadu,2025-07-12 00:00:00,0738245695,ACTIVE,1429.19,MCH4244,0,0,1,0,0,0,0
MCH8768,kata-bajwa,5999,Miscellaneous,partnership,Madras,Tamil Nadu,2023-09-16 08:38:57,7445884693,ACTIVE,1033.9,mch8768,0,0,0,0,0,0,0
MCH8093,"Seth, Bassi and Raman",7011,HOTEL_LODGING,PARTNERSHIP,Hyd,Telangana,2024-05-15 00:00:00,XXXX3618,ACTIVE,1629.96,MCH8093,0,0,0,0,0,0,0
MCH8607,Dash-Dora,5411,Grocery,PRIVATE_LIMITED,delhi,Delhi,2023-01-29 00:00:00,XXXX9578,ACTIVE,3092.32,MCH8607,0,0,0,0,0,0,0
MCH2476,Choudhary-Borah,7011,Hospitality,PRIVATE-LIMITED,Kolkata,West Bengal,2025-10-15 00:00:00,PXIN8486080746921,ACTIVE,1108.38,MCH2476,0,0,0,0,0,0,0
MCH6121,Madan PLC,5311,Retail,Private Limited,Bangalore,Karnataka,2023-07-09 00:00:00,2257947989,ACTIVE,1208.86,MCH-6121,0,0,0,0,0,0,0
MCH4517,"Madan, Gola and Srivastava",5812,Restaurants,SOLE-PROPRIETOR,kolkata,West Bengal,2025-05-07 14:26:04,,ACTIVE,-671.65,MCH4517,1,0,0,1,0,0,0
MCH8176,Bala PLC,5311,DEPT_STORE,sole_proprietor,HYDERABAD,Telangana,,,ACTIVE,0.3488,MCH8176,0,0,0,1,1,0,0
MCH3682,"Upadhyay, Soni and Dhawan",4131,transprt,SOLE_PROPRIETOR,chennai,Tamil Nadu,2025-09-16 00:00:00,XXXX0969,INACTIVE,3236.27,MCH3682,0,0,0,0,0,0,0
MCH5086,Balan LLC,5999,Other,PRIVATE-LIMITED,Amritsar,Punjab,2023-12-19 00:00:00,XXXX8174,ACTIVE,575.58,MCH 5086,0,0,0,0,0,0,0
5951,"Sahni, Gour and Sama",5311,Department Store,Private Limited,Pune,Maharashtra,2024-05-13 00:00:00,,ACTIVE,2353.06,5951,0,0,0,1,0,0,0
MCH2741,"Wason, Jain and D’Alia",5942,BOOKS_STATIONERY,SOLE_PROPRIETOR,Ludhiana,Punjab,2024-03-23 00:00:00,KUJF0124670796240,HOLD,361.19,mch2741,0,0,0,0,0,0,0
MCH3903,"KHARE, BALASUBRAMANIAN AND MITAL",5942,BOOKS_STATIONERY,sole_proprietor,Jaipur,Rajasthan,2024-08-25 14:04:47,7400031518,ACTIVE,3531.21,MCH3903,0,0,0,0,0,0,0
MCH1311,"Dugal, Munshi and Kunda",4814,Telecom,INDIVIDUAL,Jaipur,Rajasthan,2025-03-27 21:22:00,XXXX7230,ACTIVE,1605.92,MCH1311,0,0,0,0,0,0,0
MCH2743,Joshi PLC,,chemist,PRIVATE_LIMITED,Kolkata,West Bengal,2024-12-02 17:56:14,,ACTIVE,,MCH2743,0,1,1,1,0,0,0
MCH2698,KalaLLC,7011,HOTEL_LODGING,individual,lucknow,Uttar Pradesh,2023-08-19 00:00:00,YXNF3515433387898,ACTIVE,3590.19,MCH2698,0,0,0,0,0,0,0
MCH4092,Mukhopadhyay Group,5812,Food,Private Limited,Hyderabad,Telangana,2025-12-24 00:00:00,XXXX3479,ACTIVE,504.84,MCH4092,0,0,0,0,0,0,0
8680,Bhatt-Toor,5311,dept_store,private_limited,Jaipur,Rajasthan,2025-12-02 00:00:00,,ACTIVE,1399.6,8680,0,0,0,1,0,0,0
MCH4656,"Verma,SanghaandVora",5942,Book Store,PRIVATE_LIMITED,Delhi,Delhi,2024-02-07 00:00:00,,ACTIVE,431.25,MCH4656,0,0,0,1,0,0,0
MCH6246,kota inc,5699,Apparel,PRIVATE_LIMITED,MUMBAI,Maharashtra,2023-09-17 00:00:00,NSCU9760012397000,ACTIVE,1586.1,MCH6246,0,0,0,0,0,0,0
MCH9774,Trivedi Group,5912,Pharmacy,PARTNERSHIP,JPR,Rajasthan,2024-08-03 00:00:00,5443660478,ACTIVE,0.1811,MCH9774,0,0,0,0,0,0,0
MCH5100,Garde-Mody,,GROCERY_STORE,sole_proprietor,Hyderabad,Telangana,2023-02-12 00:00:00,HBWM0411273165352,ACTIVE,347.68,MCH5100,0,0,1,0,0,0,0
MCH3873,"DUGAL, THAKUR AND PURI",7011,Hotels,PRIVATE-LIMITED,Jalandar,Punjab,2023-07-02 00:00:00,,ACTIVE,1499.22,MCH3873,0,0,0,1,0,0,0
MCH1764,"K0h1i, Sa1vi and Ch0kshi",5699,CLOTHS,Partnership,ASR,Punjab,2025-09-13 00:00:00,,ACTIVE,12860.85,MCH1764,0,0,0,1,0,0,0
MCH9594,Ben Group,5311,DEPT_STORE,Sole Proprietor,jaipur,Rajasthan,2023-01-10 00:00:00,3846101369,ACTIVE,4070.31,MCH9594,0,0,0,0,0,0,0
MCH8489,Mand and Sons,7011,Hotel,INDIVIDUAL,Poona,Maharashtra,2025-08-24 00:00:00,XXXX8251,ACTIVE,2744.11,MCH8489,0,0,0,0,0,0,0
MCH5874,pandya plc,7011,Hotels,PARTNERSHIP,Hyderabad,Telangana,,XXXX1960,SUSPENDED,-3183.86,MCH5874,1,0,0,0,1,1,0
MCH6650,Kuruvi11a-G01a,9420,Stationery,PRIVATE_LIMITED,Bangalore,Karnataka,2024-07-16 00:00:00,XXXX4971,INACTIVE,2725.71,MCH6650,0,0,0,0,0,0,0
MCH2514,"Dua, Peri and Sani",,Mobile Recharge,Sole Proprietor,Kolkata,West Bengal,,VHRN8113044559744,ACTIVE,937.87,MCH 2514,0,0,1,0,1,0,0
MCH6572,"Sawhney, Bala and Krish",7011,HOTEL_LODGING,INDIVIDUAL,HYDERABAD,Telangana,2024-06-08 05:53:00,XXXX3772,INACTIVE,874.21,MCH6572,0,0,0,0,0,0,0
MCH7449,"Brahmbhatt, Nagarajan and Kaul",5311,Department Store,sole_proprietor,Amritsar,Punjab,,,ACTIVE,397.32,mch7449,0,0,0,1,1,0,0
MCH4390,Ar0ra LLC,5812,Restaurants,Sole Proprietor,Hyd,Telangana,2025-07-06 00:00:00,XXXX2296,ACTIVE,0.1372,MCH4390,0,0,0,0,0,0,0
MCH5662,Kannan-Yogi,4131,transprt,individual,Madras,Tamil Nadu,2025-08-01 00:00:00,,ACTIVE,1393.63,MCH5662,0,0,0,1,0,0,0
MCH5524,"Mangat, Sanghvi and Shah",5942,Books,PARTNERSHIP,Jalandar,Punjab,2024-09-30 00:00:00,XXXX2255,ACTIVE,6188.2,MCH5524,0,0,0,0,0,0,0
MCH7246,LATA LTD,5699,CLOTHS,PARTNERSHIP,Madras,Tamil Nadu,2024-03-17 08:45:00,XXXX2358,ACTIVE,1315.04,MCH7246,0,0,0,0,0,0,0
MCH6729,Khatri and Sons,,Medical,PARTNERSHIP,Madras,Tamil Nadu,2023-01-07 00:00:00,TABO6915851442100,ACTIVE,,MCH6729,0,1,1,0,0,0,0
MCH9311,Sathe Group,5942,BOOKS_STATIONERY,PRIVATE_LIMITED,Ludhiana,Punjab,2025-05-31 23:35:00,,ACTIVE,595.82,MCH9311,0,0,0,1,0,0,0
MCH4812,rai-aurora,7011,Hospitality,Private Limited,JPR,Rajasthan,2025-07-09 00:00:00,IKZY9727785883400,ACTIVE,1732.91,mch4812,0,0,0,0,0,0,0
MCH4447,"sodhi, dalal and iyengar",5311,Department Store,Private Limited,Bangalore,Karnataka,,XXXX0235,ACTIVE,208.51,mch4447,0,0,0,0,1,0,0
MCH5091,Rau-Ratta,5812,eating place,PARTNERSHIP,Calcutta,West Bengal,2024-03-24 00:00:00,ZHRH0362265719965,ACTIVE,0.755,mch5091,0,0,0,0,0,0,0
MCH5281,Rajagopalan Ltd,7011,Hotels,SOLE_PROPRIETOR,Bengaluru,Karnataka,2024-04-02 00:00:00,,ACTIVE,939.26,MCH5281,0,0,0,1,0,0,0
MCH1364,Ba1 Gr0up,5942,Book Store,Sole Proprietor,Lucknow,Uttar Pradesh,2025-02-21 00:00:00,,ACTIVE,-2000.66,MCH1364,1,0,0,1,0,0,0
MCH4096,"Bhat, Kapoor and Borah",5999,Misc Retail,private_limited,Hyderabad,Telangana,2024-11-27 00:00:00,0474814059,ACTIVE,2092.25,MCH4096,0,0,0,0,0,0,0
MCH9702,Ranganathan-Madan,7011,Hotels,INDIVIDUAL,Hyderabad,Telangana,2025-04-10 00:00:00,RTHS3346421176187,ACTIVE,1980.13,MCH9702,0,0,0,0,0,0,0
MCH5813,Nair Inc,4814,Mobile Recharge,Sole Proprietor,Chennai,Tamil Nadu,,,ACTIVE,1408.29,MCH5813,0,0,0,1,1,0,0
MCH5950,Nath-Lad,5812,FOOD_SERVICES,Individual,Jalandar,Punjab,2023-12-17 00:00:00,,ACTIVE,0.318,MCH5950,0,0,0,1,0,0,0
MCH8976,PRAKASH PLC,5699,garments,Sole Proprietor,Jalandar,Punjab,2023-02-15 00:00:00,YWYW3270588037167,SUSPENDED,1358.57,MCH8976,0,0,0,0,0,1,0
MCH1774,"Sundaram, Dani and Mall",5942,Stationery,Partnership,lucknow,Uttar Pradesh,2024-08-23 00:00:00,XXXX1272,ACTIVE,10785.29,MCH1774,0,0,0,0,0,0,0
MCH6863,Mani Group,5311,DEPT_STORE,individual,JPR,Rajasthan,2024-05-30 00:00:00,EJVY0425294699404,ACTIVE,0.2985,MCH6863,0,0,0,0,0,0,0
MCH3586,Dayal-Nagar,,Pharmacies,partnership,Hyd,Telangana,2026-01-28 00:00:00,1143347480,ACTIVE,2093.13,MCH3586,0,0,1,0,0,0,0
MCH9834,Handa-Chaudhari,5411,Grocery Stores,private_limited,Lucknow,Uttar Pradesh,2025-04-27 00:00:00,XXXX0961,ACTIVE,3989.9,MCH9834,0,0,0,0,0,0,0
MCH4723,kanda ltd,5999,Retail Other,Individual,Chennai,Tamil Nadu,2024-08-27 00:00:00,XXXX1287,ACTIVE,649.83,MCH 4723,0,0,0,0,0,0,0
MCH8811,Bobal LLC,9990,Other,PARTNERSHIP,Hyderabad,Telangana,2023-12-18 00:00:00,4729552126,ACTIVE,1645.76,MCH8811,0,0,0,0,0,0,0
MCH2047,Ghose-Kannan,5942,Book Store,SOLE_PROPRIETOR,LKO,Uttar Pradesh,2025-05-24 00:00:00,,ACTIVE,1609.08,MCH2047,0,0,0,1,0,0,0
MCH2308,Bhattacharyya LLC,5311,DEPT_STORE,SOLE-PROPRIETOR,Jalandhar,Punjab,2023-10-14 00:00:00,,INACTIVE,4753.89,MCH2308,0,0,0,1,0,0,0
MCH9162,Shankar-Shah,5999,Miscellaneous,PRIVATE-LIMITED,Bangalore,Karnataka,2023-02-22 00:00:00,BRKF3158800571527,ACTIVE,,MCH9162,0,1,0,0,0,0,0
MCH5430,THAKKAR AND SONS,5699,CLOTHS,PRIVATE_LIMITED,Amritsar,Punjab,2023-01-19 00:00:00,,INACTIVE,4264.84,MCH5430,0,0,0,1,0,0,0
MCH7768,Sahota-Walia,4131,Bus/Taxi,Partnership,delhi,Delhi,2025-06-19 07:32:00,,HOLD,1097.55,MCH7768,0,0,0,1,0,0,0
MCH6325,Mannan-Rattan,5311,Department Store,PRIVATE_LIMITED,Calcutta,West Bengal,2023-12-29 06:16:05,XXXX9688,ACTIVE,1405.47,MCH6325,0,0,0,0,0,0,0
MCH7362,kothari plc,5942,Books,private_limited,pune,Maharashtra,2026-02-11 00:00:00,XXXX4121,ACTIVE,478.42,MCH7362,0,0,0,0,0,0,0
MCH8060,Nayar-Ahluwalia,5812,FOOD_SERVICES,private_limited,pune,Maharashtra,2025-03-04 20:55:00,6259970343,INACTIVE,2824.32,MCH8060,0,0,0,0,0,0,0
MCH1032,Nori-Nigam,7011,Hotels,SOLE_PROPRIETOR,pune,Maharashtra,2025-09-21 00:00:00,DXHQ1859405929058,ACTIVE,652.29,MCH 1032,0,0,0,0,0,0,0
MCH3324,"Thaman, Rajagopal and Borde",7011,hotels,private_limited,Jalandhar,Punjab,2023-10-09 00:00:00,,SUSPENDED,366.78,MCH3324,0,0,0,1,0,1,0
MCH7763,"Choudhury, Mody and Tank",5912,Medical,INDIVIDUAL,chennai,Tamil Nadu,2023-03-11 00:00:00,,ACTIVE,777.85,mch7763,0,0,0,1,0,0,0
MCH4361,"dugal, barad and nagi",5411,groceries,Private Limited,pune,Maharashtra,2025-10-27 00:00:00,XXXX1186,ACTIVE,4047.59,MCH4361,0,0,0,0,0,0,0
MCH1336,Tandon-Pant,5311,Department Store,SOLE-PROPRIETOR,Jaipur,Rajasthan,2025-09-04 05:40:18,EOFD1587956050833,ACTIVE,0.991,MCH1336,0,0,0,0,0,0,0
MCH2487,"Virk, Ganguly and Saraf",5812,Food,PARTNERSHIP,bengaluru,Karnataka,2024-04-24 00:00:00,,INACTIVE,362.02,MCH2487,0,0,0,1,0,0,0
MCH5219,Pillay Group,4814,TELECOM,PARTNERSHIP,Jalandar,Punjab,,XXXX0337,ACTIVE,834.97,MCH 5219,0,0,0,0,1,0,0
MCH6308,Seshadri LLC,5699,Fashion,PRIVATE_LIMITED,New Delhi,Delhi,2025-10-03 00:00:00,,ACTIVE,422.55,MCH6308,0,0,0,1,0,0,0
MCH6119,HayerLtd,5912,Pharmacies,Individual,ASR,Punjab,2025-12-11 00:00:00,,ACTIVE,1262.04,MCH-6119,0,0,0,1,0,0,0
MCH4360,Khurana Ltd,5699,Apparel,partnership,Jaipur,Rajasthan,,7767895451,ACTIVE,507.91,MCH4360,0,0,0,0,1,0,0
MCH3334,Majumdar-Raja,4814,Mobile Recharge,private_limited,Hyd,Telangana,2023-09-02 04:50:00,7204878806,ACTIVE,2941.2,MCH3334,0,0,0,0,0,0,0
9879,Venkataraman-Tata,4814,Mobile Recharge,INDIVIDUAL,LDH,Punjab,2024-01-04 00:00:00,5404250897,INACTIVE,2839.66,9879,0,0,0,0,0,0,0
MCH3553,"Bajwa, Tata and Narula",9120,MEDICAL_STORE,PRIVATE-LIMITED,lucknow,Uttar Pradesh,2023-01-02 19:20:00,7783034910,ACTIVE,-1334.71,mch3553,1,0,0,0,0,0,0
MCH3504,"Ram, Dora and Bhatti",9420,Book Store,individual,pune,Maharashtra,2025-05-08 00:00:00,OOSJ0277155475198,INACTIVE,520.17,mch3504,0,0,0,0,0,0,0
MCH3568,"CHOUDHURY, TRIVEDI AND BHATNAGAR",5311,Department Stores,Private Limited,Ludhiana,Punjab,2025-04-10 00:00:00,XXXX4927,ACTIVE,1208.3,MCH3568,0,0,0,0,0,0,0
MCH6721,Pradhan-Taneja,5411,Grocery Stores,INDIVIDUAL,BLR,Karnataka,,XXXX4118,ACTIVE,433.36,MCH6721,0,0,0,0,1,0,0
MCH3574,Sodhi-Shan,4131,Transport,partnership,Poona,Maharashtra,2025-05-31 00:00:00,YFPD1472473488670,INACTIVE,0.4407,MCH3574,0,0,0,0,0,0,0
MCH2015,Gulati LLC,4814,phone service,PRIVATE_LIMITED,Jaipur,Rajasthan,2023-06-22 07:04:00,,ACTIVE,17945.28,MCH2015,0,0,0,1,0,0,0
MCH2215,Maharaj-Kale,7011,Hospitality,Individual,Calcutta,West Bengal,2024-08-03 00:00:00,,ACTIVE,3526.35,mch2215,0,0,0,1,0,0,0
MCH4725,Joshi PLC,3110,DEPT_STORE,private_limited,Amritsar,Punjab,2023-05-23 00:00:00,UNBB3297911061225,ACTIVE,639.24,MCH 4725,0,0,0,0,0,0,0
MCH7452,Vora-Gill,5999,Miscellaneous,PRIVATE_LIMITED,Ludhiana,Punjab,2024-12-05 11:38:47,NKBN9107928248400,ACTIVE,254.79,MCH 7452,0,0,0,0,0,0,0
MCH7118,Chaudhry Ltd,5311,Retail,SOLE_PROPRIETOR,HYDERABAD,Telangana,2025-05-15 00:00:00,XXXX9631,ACTIVE,6144.18,MCH7118,0,0,0,0,0,0,0
MCH8813,Dey-Dua,5812,Food,PARTNERSHIP,HYDERABAD,Telangana,2023-11-10 00:00:00,7101082372,ACTIVE,1432.39,MCH8813,0,0,0,0,0,0,0
MCH3698,"Prashad, Viswanathan and Sama",5311,Retail,PARTNERSHIP,amritsar,Punjab,2026-09-02 00:00:00,,ACTIVE,0.514,mch3698,0,0,0,1,0,0,0
MCH4727,Dua-Mishra,5311,Department Store,sole_proprietor,pune,Maharashtra,2024-05-18 00:00:00,9730998246,ACTIVE,0.1242,mch4727,0,0,0,0,0,0,0
MCH1526,CHOWDHURY AND SONS,4814,Mobile Recharge,sole_proprietor,Bangalore,Karnataka,2023-07-14 00:00:00,HWTS1273017978357,ACTIVE,2697.93,MCH1526,0,0,0,0,0,0,0
MCH4463,"Choudhry, Sahni and Chaudhry",5699,Apparel,individual,Ludhiana,Punjab,2025-01-09 03:17:33,XXXX3118,ACTIVE,0.402,MCH4463,0,0,0,0,0,0,0
MCH1224,setty-sami,5942,Books,INDIVIDUAL,kolkata,West Bengal,2023-09-02 05:59:00,7626814027,ACTIVE,609.48,MCH1224,0,0,0,0,0,0,0
MCH1747,"Vig, Cherian and Ch0udhury",5999,Other,INDIVIDUAL,New Delhi,Delhi,2025-08-22 05:19:05,,ACTIVE,1469.56,MCH1747,0,0,0,1,0,0,0
MCH4022,"Kade, Sethi and Balakrishnan",,Grocery,SOLE-PROPRIETOR,Ludhiana,Punjab,2025-03-27 00:00:00,XXXX9200,ACTIVE,-1344.13,MCH4022,1,0,1,0,0,0,0
MCH8068,Narula-Nadkarni,1310,transprt,PRIVATE-LIMITED,bengaluru,Karnataka,2025-06-08 09:19:38,ATPT6936183619498,ACTIVE,-452.45,MCH8068,1,0,0,0,0,0,0
MCH4185,Khanna and S0ns,5942,Book Store,PRIVATE-LIMITED,pune,Maharashtra,2025-12-24 00:00:00,,ACTIVE,1148.06,MCH4185,0,0,0,1,0,0,0
MCH6563,naik plc,4131,TRAVEL,individual,Jalandar,Punjab,2025-04-04 00:38:00,,ACTIVE,0.1376,mch6563,0,0,0,1,0,0,0
MCH2550,Misra-Natarajan,,Bus/Taxi,individual,Ludhiana,Punjab,2023-02-06 04:42:00,7951076714,ACTIVE,1549.99,MCH2550,0,0,1,0,0,0,0
MCH2556,"ZACHARIAH, MANNE AND BEDI",5942,BOOKS_STATIONERY,partnership,Calcutta,West Bengal,2024-10-05 01:12:00,8663284555,ACTIVE,1248.82,MCH2556,0,0,0,0,0,0,0
MCH2592,"Garg, Saha and Sampath",5999,Miscellaneous,PRIVATE_LIMITED,HYDERABAD,Telangana,2024-03-28 13:13:52,,ACTIVE,3945.98,MCH2592,0,0,0,1,0,0,0
MCH7967,Chandran Inc,5912,chemist,INDIVIDUAL,Bengaluru,Karnataka,2025-06-19 00:00:00,,ACTIVE,-1630.08,mch7967,1,0,0,1,0,0,0
MCH8436,sangha plc,5942,Book Store,private_limited,Hyd,Telangana,2025-08-16 00:00:00,,ACTIVE,,MCH8436,0,1,0,1,0,0,0
MCH8326,"Bassi, Lalla and Sastry",5411,Grocery,INDIVIDUAL,Amritsar,Punjab,2025-12-30 00:00:00,XXXX1031,ACTIVE,0.1031,MCH8326,0,0,0,0,0,0,0
MCH7629,Taneja-Vyas,5999,Miscellaneous,INDIVIDUAL,Poona,Maharashtra,2023-01-01 17:10:32,0070872652,ACTIVE,1413.56,MCH7629,0,0,0,0,0,0,0
MCH2144,Choudhary-Kashyap,5942,Books,PARTNERSHIP,LDH,Punjab,2024-08-13 16:56:48,XXXX3571,ACTIVE,350.72,MCH2144,0,0,0,0,0,0,0
MCH7077,raman and sons,5942,Stationery,PARTNERSHIP,chennai,Tamil Nadu,2023-07-12 00:00:00,YGME2321336279700,ACTIVE,359.0,MCH7077,0,0,0,0,0,0,0
MCH7034,Deol LLC,5942,BOOKS_STATIONERY,Individual,Pune,Maharashtra,2026-01-27 00:00:00,,ACTIVE,856.21,MCH7034,0,0,0,1,0,0,0
MCH1954,"Kunda, Kata and Shetty",,Telecom,INDIVIDUAL,Poona,Maharashtra,2025-10-19 00:00:00,0079661036,ACTIVE,923.81,MCH1954,0,0,1,0,0,0,0
MCH9414,Banik-Garde,5812,Food,INDIVIDUAL,Jalandar,Punjab,2025-01-16 00:00:00,VESW9193556812149,ACTIVE,942.13,MCH9414,0,0,0,0,0,0,0
MCH8450,Singhal LLC,,Miscellaneous,Private Limited,JPR,Rajasthan,2023-07-18 00:00:00,HPUX4362247724149,ACTIVE,2472.47,MCH8450,0,0,1,0,0,0,0
MCH6843,TATA-BORAH,,BOOKS_STATIONERY,Sole Proprietor,Mumbai,Maharashtra,2023-04-25 00:00:00,,ACTIVE,395.55,MCH6843,0,0,1,1,0,0,0
MCH4474,Ram Ltd,4814,Telecom,PARTNERSHIP,Jalandhar,Punjab,2024-07-13 00:00:00,,ACTIVE,1082.17,MCH4474,0,0,0,1,0,0,0
MCH9988,"Johal, Padmanabhan and Sagar",,Medical,Individual,Dilli,Delhi,2026-02-02 00:00:00,,ACTIVE,1620.14,MCH-9988,0,0,1,1,0,0,0
MCH8734,"Ganguly, Hayre and Choudhury",4814,Telecom,SOLE_PROPRIETOR,Lucknow,Uttar Pradesh,2023-05-05 00:00:00,8075659044,ACTIVE,4276.72,MCH-8734,0,0,0,0,0,0,0
MCH3288,"Bains, Arya and Sanghvi",7011,Hotels,partnership,Mumbai,Maharashtra,2025-11-26 00:00:00,ZNEZ2979868781030,HOLD,-3587.5,MCH3288,1,0,0,0,0,0,0
MCH6985,Devi-Radhakrishnan,5942,Stationery,INDIVIDUAL,jalandhar,Punjab,2023-01-20 03:57:02,VEKB0627444661101,ACTIVE,694.07,MCH6985,0,0,0,0,0,0,0
MCH2528,Bumb PLC,4131,Transport,SOLE_PROPRIETOR,amritsar,Punjab,2024-06-22 21:11:30,,ACTIVE,,mch2528,0,1,0,1,0,0,0
MCH3237,Gaba Inc,5999,Miscellaneous,SOLE-PROPRIETOR,Delhi,Delhi,2023-03-06 15:03:00,YPVB7296650386869,ACTIVE,,MCH3237,0,1,0,0,0,0,0
MCH1923,Barad-Devan,5699,garments,Private Limited,Hyd,Telangana,2025-12-08 00:00:00,,ACTIVE,300.28,MCH1923,0,0,0,1,0,0,0
MCH4957,Natt Ltd,5699,Apparel,individual,lucknow,Uttar Pradesh,,5191776924,ACTIVE,1324.11,MCH4957,0,0,0,0,1,0,0
MCH9467,"Pall, Lala and Dhar",4131,Transportation,Individual,Madras,Tamil Nadu,2024-09-03 09:23:16,,ACTIVE,1206.07,MCH 9467,0,0,0,1,0,0,0
MCH1007,Jain-Wadhwa,7011,HOTEL_LODGING,Private Limited,chennai,Tamil Nadu,2025-06-30 00:00:00,,INACTIVE,-927.51,MCH1007,1,0,0,1,0,0,0
1543,Parmer Group,4131,TRAVEL,INDIVIDUAL,HYDERABAD,Telangana,2025-02-04 20:13:00,,ACTIVE,1064.76,1543,0,0,0,1,0,0,0
MCH2962,"Bala, Grover and Dutta",5411,kirana,partnership,ludhiana,Punjab,2024-07-12 18:53:51,,ACTIVE,0.1134,MCH2962,0,0,0,1,0,0,0
MCH8125,"Sane, Misra and Mitter",5912,MEDICAL_STORE,INDIVIDUAL,bengaluru,Karnataka,2025-10-29 14:28:47,,ACTIVE,2004.37,MCH8125,0,0,0,1,0,0,0
MCH6161,More PLC,5311,Retail,PARTNERSHIP,JPR,Rajasthan,2024-04-15 02:52:06,,ACTIVE,849.42,MCH6161,0,0,0,1,0,0,0
MCH1077,"Peri, Pai and Dani",5311,Department Stores,Individual,Pune,Maharashtra,2025-07-24 01:37:17,OBKX2096371467257,ACTIVE,1189.85,MCH1077,0,0,0,0,0,0,0
MCH2924,Chaudhary-Dugar,5942,Stationery,INDIVIDUAL,Bombay,Maharashtra,2024-12-26 03:07:13,2683760099,ACTIVE,770.99,MCH2924,0,0,0,0,0,0,0
MCH3180,Sanghvi and S0ns,5912,chemist,PRIVATE_LIMITED,Dilli,Delhi,2023-03-06 00:00:00,XXXX6774,ACTIVE,0.2608,MCH3180,0,0,0,0,0,0,0
MCH4969,"Bobal, Garde and Upadhyay",4814,Mobile Recharge,sole_proprietor,Chennai,Tamil Nadu,2023-11-01 00:00:00,XXXX2131,ACTIVE,817.93,MCH 4969,0,0,0,0,0,0,0
MCH1159,De Ltd,5942,BOOKS_STATIONERY,individual,Calcutta,West Bengal,2025-12-05 15:35:26,,ACTIVE,1672.61,MCH-1159,0,0,0,1,0,0,0
MCH7435,"Puri, Biswas and Roy",5912,Medical,PARTNERSHIP,JPR,Rajasthan,2023-12-11 00:00:00,XXXX1625,BLOCKED,-1536.78,mch7435,1,0,0,0,0,0,1
MCH1299,mutti plc,5699,Clothing,Partnership,Jaipur,Rajasthan,2023-06-27 00:00:00,8421728078,ACTIVE,605.64,MCH1299,0,0,0,0,0,0,0
MCH4090,Dada LLC,5999,Miscellaneous,Individual,chennai,Tamil Nadu,2025-02-27 00:00:00,EOAQ0943270820101,ACTIVE,0.1538,MCH4090,0,0,0,0,0,0,0
MCH5562,Savant-Narayan,4131,TRAVEL,private_limited,Hyderabad,Telangana,2025-11-18 00:00:00,1333760731,ACTIVE,2799.21,MCH-5562,0,0,0,0,0,0,0
MCH1625,"Bora, Hayer and Koshy",,Miscellaneous,INDIVIDUAL,Bangalore,Karnataka,2024-10-24 00:32:36,TNHP5317294437298,ACTIVE,-1201.74,MCH1625,1,0,1,0,0,0,0
MCH6839,Saha LLC,5411,groceries,INDIVIDUAL,Chennai,Tamil Nadu,2025-07-20 00:00:00,XXXX2777,ACTIVE,1531.04,MCH-6839,0,0,0,0,0,0,0
MCH5749,"Bir, Sibal and Arya",5942,Stationery,partnership,Mumbay,Maharashtra,2024-05-10 03:51:33,,ACTIVE,1490.24,MCH5749,0,0,0,1,0,0,0
MCH9135,"NATH, SAMRA AND CHOPRA",4814,Mobile Recharge,SOLE_PROPRIETOR,kolkata,West Bengal,2026-02-04 01:44:00,7899898758,ACTIVE,387.53,mch9135,0,0,0,0,0,0,0
MCH6045,"bajwa, wali and walla",5912,Pharmacy,PRIVATE_LIMITED,Bengaluru,Karnataka,2023-09-28 00:00:00,2003662760,ACTIVE,0.2897,MCH6045,0,0,0,0,0,0,0
MCH7606,Chaudhari-Raman,5999,Misc Retail,PRIVATE_LIMITED,BLR,Karnataka,2024-08-27 00:00:00,,ACTIVE,296.04,MCH7606,0,0,0,1,0,0,0
MCH5287,Dhillon Inc,5812,FOOD_SERVICES,Partnership,Madras,Tamil Nadu,2025-05-25 09:00:23,0377274505,ACTIVE,,MCH5287,0,1,0,0,0,0,0
MCH8427,Sankaran-Rai,9420,books,sole_proprietor,Hyd,Telangana,2023-10-17 00:00:00,ZQGR3907039607264,SUSPENDED,0.302,MCH8427,0,0,0,0,0,1,0
8789,"Pingle,NadigandNarula",5812,FOOD_SERVICES,Individual,Ludhiana,Punjab,2025-07-02 00:00:00,3828234177,ACTIVE,-1463.08,8789,1,0,0,0,0,0,0
MCH4123,"Parekh, Patla and Kar",5942,Book Store,Partnership,Jalandhar,Punjab,2024-11-09 00:00:00,5310260642,ACTIVE,2764.76,MCH4123,0,0,0,0,0,0,0
MCH7554,"J0ha1, K0thari and Nagar",4131,Bus/Taxi,individual,Jalandar,Punjab,2023-02-05 23:53:12,,ACTIVE,572.11,MCH7554,0,0,0,1,0,0,0
MCH4124,"Dara, Salvi and Sawhney",5411,groceries,sole_proprietor,bengaluru,Karnataka,2025-10-12 00:00:00,INFT7849125820167,ACTIVE,2121.35,MCH4124,0,0,0,0,0,0,0
MCH3945,Mukhopadhyay-Raghavan,1310,transprt,Sole Proprietor,Bombay,Maharashtra,2023-03-05 00:00:00,XXXX6774,ACTIVE,942.71,MCH3945,0,0,0,0,0,0,0
MCH2516,Ben-Varghese,,GROCERY_STORE,SOLE-PROPRIETOR,chennai,Tamil Nadu,2023-08-04 21:20:00,,SUSPENDED,398.68,MCH 2516,0,0,1,1,0,1,0
MCH7839,Chandra-Borra,5311,Department Store,Sole Proprietor,Lucknow,Uttar Pradesh,2024-11-02 00:00:00,,ACTIVE,710.2,mch7839,0,0,0,1,0,0,0
MCH1713,Dubey Inc,5812,Restaurants,SOLE_PROPRIETOR,Kolkata,West Bengal,2025-06-02 00:00:00,XXXX0557,ACTIVE,0.1132,MCH1713,0,0,0,0,0,0,0
MCH1393,HEGDE-BAHRI,5912,MEDICAL_STORE,Partnership,ludhiana,Punjab,2024-11-15 00:00:00,BAUM6641100955450,ACTIVE,6478.07,MCH1393,0,0,0,0,0,0,0
6508,Kalla-Ramachandran,5699,Fashion,Sole Proprietor,LKO,Uttar Pradesh,2024-02-04 12:15:51,,ACTIVE,321.73,6508,0,0,0,1,0,0,0
MCH5744,Dalal-Lall,7011,Hospitality,PRIVATE-LIMITED,chennai,Tamil Nadu,2023-05-31 00:00:00,XXXX1007,ACTIVE,3350.6,MCH5744,0,0,0,0,0,0,0
MCH3289,Rajagopalan-Master,5912,Medical,private_limited,MUMBAI,Maharashtra,2025-05-17 00:00:00,UTKH3152831159971,ACTIVE,,MCH3289,0,1,0,0,0,0,0
MCH9798,Mann-Gera,4131,transprt,INDIVIDUAL,Jalandhar,Punjab,2025-07-15 05:53:00,AQRW3805344799887,ACTIVE,0.952,mch9798,0,0,0,0,0,0,0
MCH2041,"Sagar, Chakraborty and Kurian",4131,TRAVEL,sole_proprietor,ludhiana,Punjab,2024-03-22 10:36:41,,INACTIVE,,MCH2041,0,1,0,1,0,0,0
MCH6114,"Khurana, Chowdhury and Chaudhary",,Mobile Recharge,PRIVATE_LIMITED,chennai,Tamil Nadu,,XXXX2122,ACTIVE,0.1212,MCH6114,0,0,1,0,1,0,0
MCH1675,"Dey, Sathe and Sibal",4131,Transport,private_limited,Chennai,Tamil Nadu,2025-09-11 00:00:00,DIRY6496511188422,ACTIVE,1577.75,MCH 1675,0,0,0,0,0,0,0
MCH6582,MUKHOPADHYAY PLC,4814,TELECOM,INDIVIDUAL,Ludhiana,Punjab,,,ACTIVE,572.51,MCH-6582,0,0,0,1,1,0,0
5753,"Nair, Pai and Issac",,garments,INDIVIDUAL,Mumbai,Maharashtra,2026-01-29 00:00:00,VEQN2292788694850,ACTIVE,1860.02,5753,0,0,1,0,0,0,0
MCH2327,KIBE-CHAR,5812,Food,PARTNERSHIP,HYDERABAD,Telangana,2025-10-09 00:00:00,XXXX0303,ACTIVE,848.32,MCH2327,0,0,0,0,0,0,0
MCH2634,"Duga1, G0pa1 and La1a",,Hotel,PRIVATE-LIMITED,Lucknow,Uttar Pradesh,2023-11-01 11:24:38,XXXX1684,ACTIVE,3213.29,MCH-2634,0,0,1,0,0,0,0
MCH2849,Ba1 LLC,5999,Misc Retail,sole_proprietor,MUMBAI,Maharashtra,2024-02-01 00:00:00,HLTP5468154912269,INACTIVE,910.62,MCH2849,0,0,0,0,0,0,0
MCH5408,"Setty, Mangal and Dhar",5411,kirana,INDIVIDUAL,Mumbai,Maharashtra,2026-01-31 00:00:00,XXXX4132,ACTIVE,1231.49,MCH 5408,0,0,0,0,0,0,0
MCH8525,Bah1-Mangat,7011,Hotels,Individual,MUMBAI,Maharashtra,2025-03-27 07:27:27,,INACTIVE,444.54,MCH8525,0,0,0,1,0,0,0
MCH8529,Prakash-Sharaf,4814,phone service,PARTNERSHIP,ASR,Punjab,2024-10-30 00:00:00,XXXX5799,INACTIVE,2061.7,MCH8529,0,0,0,0,0,0,0
MCH3438,Murty-Parmar,,Mobile Recharge,PRIVATE-LIMITED,Amritsar,Punjab,2024-04-10 00:00:00,LRSK8249071074897,ACTIVE,621.11,MCH3438,0,0,1,0,0,0,0
MCH4857,Sethi-Soni,4131,Bus/Taxi,INDIVIDUAL,Ludhiana,Punjab,2026-02-28 06:57:59,,ACTIVE,278.84,MCH4857,0,0,0,1,0,0,0
MCH8297,Desai Ltd,,Retail,sole_proprietor,ASR,Punjab,2023-06-24 00:00:00,,SUSPENDED,8921.0,mch8297,0,0,1,1,0,1,0
MCH2119,Kashyap Ltd,5699,Apparel,individual,Chennai,Tamil Nadu,2023-07-23 08:53:50,QOGH2854636021780,INACTIVE,1155.58,MCH2119,0,0,0,0,0,0,0
MCH4106,"Ramanathan, Bava and Dasgupta",5912,Pharmacy,PRIVATE_LIMITED,Ludhiana,Punjab,2023-09-23 03:53:36,,INACTIVE,902.18,MCH4106,0,0,0,1,0,0,0
MCH8365,"Luthra, Kota and Choudhary",5311,Retail,PRIVATE_LIMITED,Amritsar,Punjab,2024-10-17 00:00:00,,INACTIVE,,MCH8365,0,1,0,1,0,0,0
MCH8037,Patla-Balakrishnan,4814,phone service,SOLE-PROPRIETOR,Pune,Maharashtra,2025-09-19 16:54:00,4862107137,ACTIVE,327.35,MCH8037,0,0,0,0,0,0,0
MCH2627,Gupta and Sons,6990,garments,INDIVIDUAL,DELHI,Delhi,2025-04-01 17:51:00,UVIS7862723743155,ACTIVE,1249.33,MCH2627,0,0,0,0,0,0,0
5723,Doctor LLC,,GROCERY_STORE,PRIVATE_LIMITED,Calcutta,West Bengal,2023-04-08 00:00:00,XXXX6555,ACTIVE,-574.8,5723,1,0,1,0,0,0,0
MCH5408,"Mani, Reddy and Shah",4814,TELECOM,partnership,Mumbai,Maharashtra,2025-03-02 16:18:24,,ACTIVE,1405.07,mch5408,0,0,0,1,0,0,0
MCH6563,naik plc,4131,travel,individual,Jalandar,Punjab,2025-04-04 00:38:00,,ACTIVE,0.1376,mch6563,0,0,0,1,0,0,0
MCH6875,Anand-Bajwa,7011,Hotel,PRIVATE-LIMITED,pune,Maharashtra,2025-06-15 00:00:00,5856572593,ACTIVE,1892.34,MCH6875,0,0,0,0,0,0,0
MCH9813,Modi Group,5912,chemist,sole_proprietor,kolkata,West Bengal,2023-01-13 00:00:00,NMVQ7058285918265,INACTIVE,3354.47,MCH9813,0,0,0,0,0,0,0
MCH8569,Tara Ltd,5812,Food,individual,Lucknow,Uttar Pradesh,2025-11-18 04:42:59,,ACTIVE,1022.19,MCH 8569,0,0,0,1,0,0,0
MCH8330,"Dhawan, Tella and Rau",4131,Transportation,PRIVATE-LIMITED,chennai,Tamil Nadu,2023-01-20 20:57:00,,ACTIVE,1437.59,MCH8330,0,0,0,1,0,0,0
MCH4614,"Savant, Sur and Sani",5411,kirana,sole_proprietor,Madras,Tamil Nadu,2023-03-05 00:00:00,,INACTIVE,0.1483,mch4614,0,0,0,1,0,0,0
MCH7165,Kulkarni-Ramanathan,4814,Telecom,Private Limited,Amritsar,Punjab,2025-01-28 00:00:00,8142627827,ACTIVE,284.68,MCH7165,0,0,0,0,0,0,0
MCH7038,Mannan-Singh,5942,Books,INDIVIDUAL,BLR,Karnataka,2025-05-25 00:00:00,KOWX5085991997722,INACTIVE,0.62,MCH-7038,0,0,0,0,0,0,0
MCH3625,Singhal Ltd,5812,Restaurants,sole_proprietor,MUMBAI,Maharashtra,2025-10-28 12:02:57,XXXX0908,ACTIVE,10079.36,MCH3625,0,0,0,0,0,0,0
MCH4690,Natt-Bhattacharyya,5311,Department Stores,PRIVATE-LIMITED,Amritsar,Punjab,,HZVJ1693332420203,INACTIVE,150.96,mch4690,0,0,0,0,1,0,0
MCH8138,Chaudhuri-Varma,5311,Department Stores,INDIVIDUAL,Chennai,Tamil Nadu,2025-05-12 00:00:00,,ACTIVE,0.1502,MCH 8138,0,0,0,1,0,0,0
MCH8098,"chauhan, magar and parsa",5411,Grocery Stores,PRIVATE-LIMITED,Delhi,Delhi,2024-06-29 00:00:00,0112525902,ACTIVE,,MCH8098,0,1,0,0,0,0,0
MCH8399,"La11a, Wadhwa and Bhardwaj",,Restaurants,Private Limited,kolkata,West Bengal,2025-09-05 20:30:25,XXXX6906,ACTIVE,1773.81,mch8399,0,0,1,0,0,0,0
MCH4932,KHOSLA AND SONS,5812,FOOD_SERVICES,SOLE_PROPRIETOR,Jalandhar,Punjab,2024-09-08 02:55:00,QSCW5400259337785,INACTIVE,340.55,MCH4932,0,0,0,0,0,0,0
MCH9038,DarGroup,5942,Books,SOLE-PROPRIETOR,amritsar,Punjab,2024-02-06 00:00:00,PWGC8781462428260,ACTIVE,1037.27,MCH9038,0,0,0,0,0,0,0
MCH6862,"Agrawal, Butala and Ravi",9120,Medical,private_limited,Bombay,Maharashtra,2025-01-25 00:00:00,,ACTIVE,1279.37,MCH6862,0,0,0,1,0,0,0
MCH6922,"bassi, dara and dutt",5699,Clothing,private_limited,BLR,Karnataka,2023-04-01 00:00:00,XXXX6999,ACTIVE,1736.93,MCH6922,0,0,0,0,0,0,0
MCH6654,Cheema-Dara,7011,Hotels,partnership,Mumbai,Maharashtra,2023-12-26 12:35:00,ETTT3125962256169,ACTIVE,581.25,MCH 6654,0,0,0,0,0,0,0
MCH2755,"majumdar, ravi and dave",5999,Miscellaneous,partnership,mumbai,Maharashtra,2026-02-13 00:00:00,,ACTIVE,-889.32,MCH-2755,1,0,0,1,0,0,0
MCH8221,Kala-Bajaj,5942,book store,SOLE_PROPRIETOR,bengaluru,Karnataka,,5133526509,INACTIVE,1133.63,MCH8221,0,0,0,0,1,0,0
MCH5136,Thakur and Sons,4131,Bus/Taxi,Sole Proprietor,Jaipur,Rajasthan,2025-10-02 00:00:00,8466988688,BLOCKED,2681.3,MCH5136,0,0,0,0,0,0,1
4583,Badal Inc,5699,Clothing,PARTNERSHIP,Amritsar,Punjab,2025-07-08 00:00:00,4453438674,ACTIVE,2513.6,4583,0,0,0,0,0,0,0
MCH1096,Subramanian-Prasad,5699,Fashion,INDIVIDUAL,Hyd,Telangana,2025-03-07 02:41:50,,ACTIVE,8373.82,MCH1096,0,0,0,1,0,0,0
MCH4090,MittalLLC,1310,Transportation,Individual,Dilli,Delhi,2025-02-03 19:44:00,XXXX8621,ACTIVE,,MCH4090,0,1,0,0,0,0,0
MCH6628,Thakur-Kunda,,phone service,PRIVATE_LIMITED,New Delhi,Delhi,2025-05-13 14:37:00,XXXX4289,ACTIVE,0.1718,MCH6628,0,0,1,0,0,0,0
MCH2725,Varma-Loke,5812,FOOD_SERVICES,Partnership,kolkata,West Bengal,2023-12-21 15:48:41,,INACTIVE,4486.37,MCH2725,0,0,0,1,0,0,0
MCH3600,Gole and Sons,4131,Transport,Sole Proprietor,Delhi,Delhi,2023-09-10 00:00:00,,HOLD,1548.59,MCH3600,0,0,0,1,0,0,0
MCH2724,Aggarwal Group,5812,Food,Individual,BLR,Karnataka,,2736138598,ACTIVE,-7977.75,MCH2724,1,0,0,0,1,0,0
MCH1100,swamy inc,5311,Retail,Partnership,Ludhiana,Punjab,2024-08-17 00:00:00,9084083237,INACTIVE,2008.22,MCH1100,0,0,0,0,0,0,0
MCH4153,Shroff Ltd,5999,Retail Other,Sole Proprietor,kolkata,West Bengal,2025-07-11 00:00:00,,ACTIVE,3578.7,MCH4153,0,0,0,1,0,0,0
MCH5459,Sachdev Ltd,5699,Clothing,sole_proprietor,BLR,Karnataka,,HQPJ1613148200279,HOLD,1804.28,MCH5459,0,0,0,0,1,0,0
MCH8338,"sastry, deo and char",7011,HOTEL_LODGING,individual,MUMBAI,Maharashtra,2024-07-23 00:00:00,,ACTIVE,3821.74,MCH8338,0,0,0,1,0,0,0
MCH6743,Manne-Prasad,5999,Miscellaneous,INDIVIDUAL,amritsar,Punjab,2025-07-14 00:03:11,XXXX4125,INACTIVE,,MCH6743,0,1,0,0,0,0,0
MCH7482,"Bail, Verma and Sur",5699,Clothing,private_limited,Jalandar,Punjab,2024-02-06 00:00:00,,ACTIVE,249.45,MCH7482,0,0,0,1,0,0,0
MCH9831,"Nayar, Sridhar and Shankar",5411,Grocery,sole_proprietor,bengaluru,Karnataka,2023-03-05 00:00:00,,ACTIVE,2558.5,MCH9831,0,0,0,1,0,0,0
MCH1183,Rajan LLC,5812,FOOD_SERVICES,PRIVATE_LIMITED,bengaluru,Karnataka,2023-02-02 00:00:00,,ACTIVE,1717.84,MCH1183,0,0,0,1,0,0,0
MCH3880,Gole and Sons,5999,Retail Other,PARTNERSHIP,Hyderabad,Telangana,2024-10-02 00:00:00,,ACTIVE,4989.21,MCH3880,0,0,0,1,0,0,0
MCH1050,Trivedi-Zachariah,5699,Apparel,Sole Proprietor,Jaipur,Rajasthan,2025-01-30 00:00:00,0368449602,ACTIVE,2479.88,mch1050,0,0,0,0,0,0,0
MCH7088,Prabhu-Agarwal,5311,DEPT_STORE,SOLE_PROPRIETOR,Mumbai,Maharashtra,2025-11-30 13:55:45,1353265918,INACTIVE,5426.05,mch7088,0,0,0,0,0,0,0
MCH8436,Sagar PLC,5999,Other,SOLE-PROPRIETOR,Poona,Maharashtra,2025-04-14 00:00:00,6639530850,ACTIVE,642.69,MCH-8436,0,0,0,0,0,0,0
MCH5360,pillai and sons,5912,chemist,Individual,lucknow,Uttar Pradesh,2025-05-07 04:59:14,,ACTIVE,745.28,MCH5360,0,0,0,1,0,0,0
MCH9840,"gara, bedi and dua",9420,Stationery,PRIVATE_LIMITED,amritsar,Punjab,2025-12-09 00:00:00,4627903528,ACTIVE,0.369,MCH 9840,0,0,0,0,0,0,0
MCH7167,"Bir, Kunda and Manne",5942,Stationery,PARTNERSHIP,Hyderabad,Telangana,2023-05-26 00:00:00,DXXE7335968012539,ACTIVE,0.397,MCH7167,0,0,0,0,0,0,0
3520,Jhaveri and Sons,7011,Hotel,Individual,Bangalore,Karnataka,2023-03-22 00:00:00,2637882357,ACTIVE,0.1231,3520,0,0,0,0,0,0,0
MCH3439,"Grewal, Kar and Krishnan",4814,phone service,Partnership,LDH,Punjab,2025-08-08 00:00:00,,INACTIVE,0.761,MCH3439,0,0,0,1,0,0,0
MCH8004,hayre-agate,5999,Miscellaneous,INDIVIDUAL,ASR,Punjab,2025-10-01 20:15:00,2751341092,INACTIVE,934.62,MCH8004,0,0,0,0,0,0,0
MCH4807,"Dutt, Pandey and Tella",5912,Pharmacies,individual,Madras,Tamil Nadu,2024-05-14 00:00:00,RXUW0906720577178,ACTIVE,0.1458,MCH4807,0,0,0,0,0,0,0
MCH7428,VOHRA LTD,5311,Department Store,sole_proprietor,Kolkata,West Bengal,,,ACTIVE,1227.52,MCH7428,0,0,0,1,1,0,0
MCH9431,Madan-Kota,4131,TRAVEL,PRIVATE-LIMITED,Bengaluru,Karnataka,2023-05-02 00:00:00,1678744111,ACTIVE,436.79,MCH9431,0,0,0,0,0,0,0
MCH3887,Pa11a-Sah0ta,7011,Hotel,PARTNERSHIP,Calcutta,West Bengal,2025-11-19 10:50:37,EUVX7549332799238,INACTIVE,1596.95,MCH3887,0,0,0,0,0,0,0
MCH4831,GALA GROUP,5311,Department Store,Sole Proprietor,Poona,Maharashtra,2025-05-05 00:00:00,,ACTIVE,1889.75,MCH4831,0,0,0,1,0,0,0
MCH6683,Pai Inc,4110,Grocery,Individual,Madras,Tamil Nadu,2025-11-29 00:42:00,XSXE7944444672498,ACTIVE,-808.55,MCH6683,1,0,0,0,0,0,0
MCH2199,Subramanian Inc,5311,Department Stores,PRIVATE-LIMITED,Bangalore,Karnataka,2024-01-14 00:00:00,,SUSPENDED,369.25,MCH-2199,0,0,0,1,0,1,0
MCH8481,"Dixit,GeraandGara",4131,Bus/Taxi,Sole Proprietor,JPR,Rajasthan,,COTV7157526007969,ACTIVE,1730.88,MCH8481,0,0,0,0,1,0,0
MCH2047,"KALITA, NAGARAJAN AND JOSHI",5999,Misc Retail,INDIVIDUAL,Pune,Maharashtra,2024-07-07 00:00:00,8653452097,INACTIVE,341.63,mch2047,0,0,0,0,0,0,0
MCH6036,chhabra group,5699,Fashion,sole_proprietor,ASR,Punjab,2024-10-01 00:00:00,XXXX4226,ACTIVE,,MCH-6036,0,1,0,0,0,0,0
MCH6431,"batra, pant and devan",7011,Hotels,Partnership,Bengaluru,Karnataka,2026-01-31 00:00:00,XXXX1013,INACTIVE,0.1564,MCH6431,0,0,0,0,0,0,0
MCH9800,"Om, Rana and Bhatti",5311,DEPT_STORE,Partnership,Hyderabad,Telangana,,XXXX5409,ACTIVE,,MCH9800,0,1,0,0,1,0,0
MCH6527,"Lalla, Bhandari and Mane",5411,Grocery Stores,SOLE_PROPRIETOR,Pune,Maharashtra,2025-09-07 00:00:00,AWSX7915320511081,ACTIVE,-1832.42,MCH6527,1,0,0,0,0,0,0
MCH8920,"Parekh, Srivastava and Choudhury",5311,Department Store,PRIVATE-LIMITED,DELHI,Delhi,2023-12-15 00:00:00,XXXX5523,ACTIVE,19788.99,MCH8920,0,0,0,0,0,0,0
MCH5516,Muni LLC,5699,CLOTHS,Individual,kolkata,West Bengal,2025-11-17 13:15:12,,ACTIVE,0.1139,MCH5516,0,0,0,1,0,0,0
MCH6559,"Master, Dutta and Dash",5999,Misc Retail,individual,LDH,Punjab,2024-05-12 00:00:00,,ACTIVE,0.521,MCH6559,0,0,0,1,0,0,0
MCH9845,Misra-Varghese,9120,Pharmacies,sole_proprietor,ludhiana,Punjab,2025-12-30 00:00:00,,ACTIVE,186.59,MCH9845,0,0,0,1,0,0,0
MCH3964,"Bala, Chanda and Loyal",5942,books,partnership,JPR,Rajasthan,2023-09-05 00:00:00,CFOS0283411374388,INACTIVE,2002.33,MCH3964,0,0,0,0,0,0,0
MCH8953,Narayan-Uppal,5912,Pharmacy,PRIVATE-LIMITED,LDH,Punjab,2025-06-28 10:02:00,AXNQ2993996148384,ACTIVE,2726.98,MCH8953,0,0,0,0,0,0,0
MCH8750,NAIR LTD,5699,Fashion,Individual,JPR,Rajasthan,2024-03-22 00:00:00,,ACTIVE,0.3874,MCH8750,0,0,0,1,0,0,0
MCH3086,Nori-Mishra,5912,chemist,sole_proprietor,kolkata,West Bengal,2023-05-20 00:00:00,,INACTIVE,1788.09,mch3086,0,0,0,1,0,0,0
MCH4990,"Ramakrishnan, Dey and Thakkar",5411,GROCERY_STORE,private_limited,Mumbai,Maharashtra,,OWGO7691795560125,ACTIVE,,MCH4990,0,1,0,0,1,0,0
MCH4794,borra-dutt,7011,Hotels,PRIVATE-LIMITED,JPR,Rajasthan,2024-09-19 22:25:00,XRGH9133437458010,ACTIVE,1006.04,MCH4794,0,0,0,0,0,0,0
MCH6262,Saran Ltd,5311,Department Store,partnership,Mumbay,Maharashtra,2025-08-04 12:06:38,XXXX7596,INACTIVE,0.656,MCH6262,0,0,0,0,0,0,0
MCH8146,Bath-Purohit,5942,Stationery,Sole Proprietor,delhi,Delhi,2025-04-28 17:40:46,XXXX1421,ACTIVE,5566.64,MCH8146,0,0,0,0,0,0,0
MCH5387,Hayre-Chaudry,5699,CLOTHS,SOLE_PROPRIETOR,amritsar,Punjab,2023-06-11 00:00:00,XXXX7071,ACTIVE,1445.17,MCH5387,0,0,0,0,0,0,0
MCH4827,"Deol, Rastogi and Khatri",4814,Mobile Recharge,sole_proprietor,lucknow,Uttar Pradesh,2024-05-10 03:12:00,,ACTIVE,0.81,MCH4827,0,0,0,1,0,0,0
MCH6819,"ARYA, BASSI AND KAUR",,retail other,Partnership,amritsar,Punjab,2025-11-19 00:00:00,,ACTIVE,2433.05,MCH6819,0,0,1,1,0,0,0
MCH9826,RANA AND SONS,,groceries,Private Limited,Bengaluru,Karnataka,2023-07-07 16:29:00,ZBMZ7199667891551,ACTIVE,739.28,MCH9826,0,0,1,0,0,0,0
MCH1349,MITAL-NARASIMHAN,5311,Department Stores,PRIVATE_LIMITED,JPR,Rajasthan,2025-02-14 00:00:00,0965472450,ACTIVE,538.14,MCH1349,0,0,0,0,0,0,0
MCH2582,Lal PLC,5912,chemist,SOLE_PROPRIETOR,Dilli,Delhi,2025-09-13 00:00:00,,ACTIVE,1344.48,MCH2582,0,0,0,1,0,0,0
MCH8268,Krishnamurthy-Chopra,5942,Books,Private Limited,Madras,Tamil Nadu,2025-09-13 00:00:00,9959196450,ACTIVE,1218.95,MCH8268,0,0,0,0,0,0,0
MCH5934,Halder LLC,7011,HOTEL_LODGING,private_limited,ASR,Punjab,2023-03-22 00:00:00,CBWB3662425285759,ACTIVE,1201.69,MCH5934,0,0,0,0,0,0,0
MCH6556,"gala, kale and manne",5699,Clothing,PARTNERSHIP,delhi,Delhi,2025-08-22 00:00:00,,ACTIVE,0.76,MCH6556,0,0,0,1,0,0,0
MCH1072,Kalla-Khalsa,5812,Restaurants,private_limited,mumbai,Maharashtra,2025-11-10 00:00:00,,INACTIVE,422.23,MCH1072,0,0,0,1,0,0,0
MCH5979,Mani Group,4131,TRAVEL,PRIVATE-LIMITED,BLR,Karnataka,2024-07-15 00:00:00,,SUSPENDED,4686.23,MCH5979,0,0,0,1,0,1,0
MCH9802,Kashyap LLC,4814,TELECOM,private_limited,ASR,Punjab,,4417851194,INACTIVE,378.5,MCH9802,0,0,0,0,1,0,0
MCH2817,"hayre, ramesh and parikh",4814,phone service,individual,Calcutta,West Bengal,2025-04-23 01:57:00,HCIS1374268781822,ACTIVE,1790.3,MCH2817,0,0,0,0,0,0,0
MCH2403,Chana-Yohannan,5411,groceries,PARTNERSHIP,Kolkata,West Bengal,2025-07-28 00:00:00,,ACTIVE,574.13,MCH 2403,0,0,0,1,0,0,0
MCH2347,"Dara, Ravel and Soni",5912,Pharmacies,sole_proprietor,ASR,Punjab,2023-12-09 00:00:00,LYBJ8156884625938,ACTIVE,3169.93,MCH 2347,0,0,0,0,0,0,0
MCH3189,Prasad Inc,4814,Telecom,individual,Lucknow,Uttar Pradesh,2025-07-30 00:00:00,,ACTIVE,2516.09,MCH3189,0,0,0,1,0,0,0
MCH1974,Kap00r LLC,4131,Transport,PARTNERSHIP,Chennai,Tamil Nadu,2024-05-12 08:25:13,5931788473,ACTIVE,,MCH 1974,0,1,0,0,0,0,0
MCH2710,"Batta, Shetty and Ka1ita",5699,Apparel,individual,Hyderabad,Telangana,2025-08-17 02:25:30,2640797887,ACTIVE,109.84,MCH 2710,0,0,0,0,0,0,0
MCH2994,Kumar PLC,4814,Mobile Recharge,sole_proprietor,jalandhar,Punjab,2024-11-13 00:00:00,,ACTIVE,653.34,MCH2994,0,0,0,1,0,0,0
1126,"Nayak, Dhaliwal and Soman",5411,Grocery Stores,PARTNERSHIP,Jalandhar,Punjab,2026-12-02 00:00:00,,ACTIVE,564.83,1126,0,0,0,1,0,0,0
MCH2157,PARMER-SINHA,5912,Pharmacies,partnership,New Delhi,Delhi,2023-10-22 03:49:00,,ACTIVE,1536.42,MCH 2157,0,0,0,1,0,0,0
MCH7925,"Bedi, Shroff and Nadkarni",4131,Bus/Taxi,Sole Proprietor,Lucknow,Uttar Pradesh,2023-07-07 00:00:00,BECU4208184850705,ACTIVE,2480.62,mch7925,0,0,0,0,0,0,0
MCH4237,"Deshmukh, Ghose and Chhabra",,eating place,SOLE-PROPRIETOR,Pune,Maharashtra,2024-02-12 12:00:50,,BLOCKED,5905.65,MCH4237,0,0,1,1,0,0,1
MCH2902,SAMRA-KAPUR,5411,GROCERY_STORE,INDIVIDUAL,Chennai,Tamil Nadu,2024-04-24 00:00:00,XXXX9404,ACTIVE,,MCH-2902,0,1,0,0,0,0,0
MCH7744,NATH PLC,5311,Retail,INDIVIDUAL,ASR,Punjab,2026-02-08 11:39:38,,ACTIVE,-283.48,mch7744,1,0,0,1,0,0,0
MCH1806,Thaker-Dutt,,Fashion,INDIVIDUAL,Ludhiana,Punjab,2024-05-02 09:16:54,1201362088,ACTIVE,0.6418,MCH1806,0,0,1,0,0,0,0
MCH1401,Din and Sons,5411,Grocery,Individual,amritsar,Punjab,2025-07-20 20:31:24,2717124397,ACTIVE,286.09,MCH1401,0,0,0,0,0,0,0
9692,Parekh-Kurian,5699,garments,INDIVIDUAL,Jaipur,Rajasthan,2025-10-20 00:00:00,XXXX0036,ACTIVE,,9692,0,1,0,0,0,0,0
MCH5476,Buch Group,,chemist,Private Limited,Delhi,Delhi,2024-08-03 00:00:00,,ACTIVE,1311.87,MCH5476,0,0,1,1,0,0,0
1059,Prasad Ltd,4814,phone service,PARTNERSHIP,Hyd,Telangana,2023-03-18 00:00:00,XXXX9900,ACTIVE,4187.75,1059,0,0,0,0,0,0,0
MCH6585,KARA-NATH,5699,Apparel,PRIVATE-LIMITED,Calcutta,West Bengal,2024-12-29 01:18:00,0436756334,INACTIVE,2202.59,MCH6585,0,0,0,0,0,0,0
MCH7026,Ganesan-Manda,7011,Hotel,Sole Proprietor,MUMBAI,Maharashtra,2025-09-30 00:00:00,6953234378,ACTIVE,0.1364,mch7026,0,0,0,0,0,0,0
MCH7949,Vohra-Chaudhary,4131,Transportation,PRIVATE_LIMITED,Mumbai,Maharashtra,2023-10-14 00:00:00,,ACTIVE,265.37,MCH7949,0,0,0,1,0,0,0
MCH8473,"Tella, Dara and Krish",4814,phone service,private_limited,mumbai,Maharashtra,2025-06-21 06:51:14,,ACTIVE,320.84,mch8473,0,0,0,1,0,0,0
MCH7144,"char, kapadia and palla",5999,Miscellaneous,Private Limited,MUMBAI,Maharashtra,2025-03-23 00:00:00,8545782179,INACTIVE,4555.85,MCH7144,0,0,0,0,0,0,0
MCH1075,Pingle-Mohan,5912,Medical,SOLE-PROPRIETOR,ludhiana,Punjab,2025-02-24 00:00:00,XXXX2118,ACTIVE,1639.19,MCH-1075,0,0,0,0,0,0,0
MCH1736,Barman Inc,4131,Transportation,partnership,JPR,Rajasthan,2025-06-08 20:56:00,,ACTIVE,1937.05,MCH1736,0,0,0,1,0,0,0
MCH1365,Ahluwalia-Choudhary,3110,Retail,Private Limited,LDH,Punjab,2023-10-03 00:00:00,XXXX5844,ACTIVE,4292.21,MCH1365,0,0,0,0,0,0,0
MCH4496,"Shroff,AhujaandKumar",4814,TELECOM,Partnership,amritsar,Punjab,2025-05-11 18:25:00,5684338286,ACTIVE,-497.26,MCH4496,1,0,0,0,0,0,0
MCH9091,"Dewan, Hayre and Kala",4131,Transportation,sole_proprietor,Amritsar,Punjab,,VGTR9380587606414,INACTIVE,4267.28,mch9091,0,0,0,0,1,0,0
MCH6882,"Thaker, Hans and Chandra",4131,Transport,PRIVATE-LIMITED,lucknow,Uttar Pradesh,2025-02-10 06:27:51,XXXX2452,INACTIVE,274.11,MCH-6882,0,0,0,0,0,0,0
MCH4736,Suresh-Gola,5942,Stationery,partnership,mumbai,Maharashtra,2023-08-24 02:12:00,OCLG6376733151298,ACTIVE,885.16,MCH-4736,0,0,0,0,0,0,0
MCH3882,Kannan PLC,5912,Medical,INDIVIDUAL,Poona,Maharashtra,2024-06-08 00:00:00,4780136395,ACTIVE,1470.9,mch3882,0,0,0,0,0,0,0
MCH8568,Krishna-Agrawal,4814,Mobile Recharge,partnership,kolkata,West Bengal,2024-10-25 03:43:00,7283032727,INACTIVE,412.1,MCH 8568,0,0,0,0,0,0,0
MCH2075,"Dhar,DeoandRau",5912,chemist,Individual,delhi,Delhi,2024-09-01 00:59:41,0032289516,ACTIVE,1584.12,MCH 2075,0,0,0,0,0,0,0
MCH4006,Thakur-Narayan,5411,kirana,PRIVATE-LIMITED,amritsar,Punjab,2024-06-23 00:00:00,0693723278,INACTIVE,282.17,MCH 4006,0,0,0,0,0,0,0
MCH5236,Basak-Madan,5999,Other,PRIVATE-LIMITED,delhi,Delhi,,1939509420,ACTIVE,389.03,mch5236,0,0,0,0,1,0,0
MCH9744,Walia Inc,5942,Stationery,Sole Proprietor,BLR,Karnataka,2024-06-24 00:00:00,XXXX8765,ACTIVE,574.28,MCH9744,0,0,0,0,0,0,0
MCH9394,Pal-Taneja,4814,Mobile Recharge,private_limited,ludhiana,Punjab,2024-01-02 00:00:00,,INACTIVE,311.59,MCH9394,0,0,0,1,0,0,0
MCH3817,Subramanian Group,5311,DEPT_STORE,Sole Proprietor,Ludhiana,Punjab,,XXXX6376,ACTIVE,3916.72,mch3817,0,0,0,0,1,0,0
MCH2495,Solanki LLC,,Books,PRIVATE_LIMITED,Delhi,Delhi,2023-05-19 00:00:00,8034024153,ACTIVE,1374.43,MCH2495,0,0,1,0,0,0,0
MCH4712,"ZACHARIA, SHERE AND DHAR",9120,MEDICAL_STORE,Private Limited,jalandhar,Punjab,2023-04-27 04:30:00,XXXX2361,ACTIVE,2235.26,MCH 4712,0,0,0,0,0,0,0
MCH2658,"Parmar, Purohit and Bhasin",5812,Restaurants,Sole Proprietor,Bengaluru,Karnataka,,8958415885,ACTIVE,548.82,MCH2658,0,0,0,0,1,0,0
MCH4922,Cheema Group,5999,Misc Retail,Partnership,Hyderabad,Telangana,2024-03-20 00:00:00,,ACTIVE,324.81,MCH4922,0,0,0,1,0,0,0
MCH6420,Wadhwa and Sons,5912,Medical,PARTNERSHIP,Bangalore,Karnataka,,0724197412,ACTIVE,160.44,MCH6420,0,0,0,0,1,0,0
MCH3167,"grewal, biswas and naidu",5411,Grocery Stores,SOLE_PROPRIETOR,JPR,Rajasthan,2024-02-19 00:00:00,,ACTIVE,2704.22,MCH3167,0,0,0,1,0,0,0
MCH1987,"DORA, SARMA AND BISWAS",4814,Mobile Recharge,partnership,MUMBAI,Maharashtra,2023-01-31 00:00:00,NNVG3490646202999,ACTIVE,3268.84,mch1987,0,0,0,0,0,0,0
MCH5710,Karnik Ltd,5942,Book Store,partnership,jaipur,Rajasthan,2025-12-24 00:00:00,4751773025,ACTIVE,2156.34,mch5710,0,0,0,0,0,0,0
MCH6789,Sanghvi-Garg,5699,Apparel,Individual,kolkata,West Bengal,,XXXX2367,ACTIVE,8043.93,MCH 6789,0,0,0,0,1,0,0
MCH5807,Madan Ltd,5311,Department Store,SOLE-PROPRIETOR,Jalandar,Punjab,2023-11-06 00:00:00,XXXX1600,ACTIVE,1974.14,MCH5807,0,0,0,0,0,0,0
4389,"Bobal, Chakrabarti and Dash",5912,Pharmacy,SOLE_PROPRIETOR,pune,Maharashtra,2026-02-04 00:00:00,,ACTIVE,445.95,4389,0,0,0,1,0,0,0
6072,"Bassi, Sarma and Yohannan",,Other,sole_proprietor,Madras,Tamil Nadu,2024-01-14 00:00:00,OFUG5890068758335,ACTIVE,1959.53,6072,0,0,1,0,0,0,0
MCH9352,Bains Group,,Retail,individual,chennai,Tamil Nadu,2026-01-13 00:00:00,,INACTIVE,1537.37,MCH9352,0,0,1,1,0,0,0
MCH7619,"ranganathan, kumer and pandya",5311,Department Stores,private_limited,Kolkata,West Bengal,2023-02-11 00:00:00,XXXX7479,ACTIVE,,MCH7619,0,1,0,0,0,0,0
MCH6050,"Choudhary, Shanker and Rajan",5812,Restaurants,Individual,LDH,Punjab,2024-03-26 21:03:47,1328212555,ACTIVE,-2324.79,MCH-6050,1,0,0,0,0,0,0
MCH2730,hans llc,,Miscellaneous,Individual,JPR,Rajasthan,2025-06-23 00:00:00,,ACTIVE,1392.27,MCH-2730,0,0,1,1,0,0,0
MCH7773,"Mannan, Rout and Dara",0110,Hotels,INDIVIDUAL,Jalandhar,Punjab,,2874939436,ACTIVE,649.31,MCH7773,0,0,0,0,1,0,0
MCH4490,"DOSHI, RAJ AND BUMB",5411,groceries,PARTNERSHIP,LDH,Punjab,2025-07-28 00:00:00,XXXX2409,ACTIVE,748.4,MCH4490,0,0,0,0,0,0,0
MCH4031,"Mitra, Bali and Rai",5942,BOOKS_STATIONERY,private_limited,lucknow,Uttar Pradesh,2026-01-12 00:00:00,,ACTIVE,9089.26,MCH4031,0,0,0,1,0,0,0
MCH3031,Morar and Sons,5411,groceries,Individual,Pune,Maharashtra,2025-04-23 00:00:00,,ACTIVE,4053.43,MCH 3031,0,0,0,1,0,0,0
MCH4700,"rajan, garg and ray",,Apparel,INDIVIDUAL,chennai,Tamil Nadu,,ZNYW6274259007166,ACTIVE,805.94,MCH4700,0,0,1,0,1,0,0
9517,MENON INC,,Hospitality,sole_proprietor,mumbai,Maharashtra,2023-09-23 00:00:00,XXXX3518,ACTIVE,-1486.34,9517,1,0,1,0,0,0,0
MCH1763,Dhillon Ltd,,DEPT_STORE,PARTNERSHIP,jalandhar,Punjab,2026-02-22 00:00:00,4567982166,ACTIVE,231.69,MCH1763,0,0,1,0,0,0,0
MCH7074,CHAKRABARTI-RAMA,4131,TRAVEL,Individual,Poona,Maharashtra,2025-08-06 00:00:00,3727290380,ACTIVE,0.843,MCH7074,0,0,0,0,0,0,0
MCH1948,"Sundaram, Sami and Jha",4814,Mobile Recharge,private_limited,jaipur,Rajasthan,2024-07-17 00:00:00,4160009756,ACTIVE,634.29,mch1948,0,0,0,0,0,0,0
MCH3680,Pradhan Ltd,4131,TRAVEL,PRIVATE-LIMITED,HYDERABAD,Telangana,2025-11-22 00:00:00,HAKD1990878179577,ACTIVE,519.26,MCH3680,0,0,0,0,0,0,0
MCH1640,Dash Ltd,6990,Clothing,Sole Proprietor,JPR,Rajasthan,2024-11-25 00:00:00,SPQL0474110490629,ACTIVE,0.328,mch1640,0,0,0,0,0,0,0
MCH7095,Deshmukh-Sarna,5999,Miscellaneous,INDIVIDUAL,Bangalore,Karnataka,2023-10-06 00:00:00,,ACTIVE,560.73,MCH7095,0,0,0,1,0,0,0
MCH9457,Som-Ravi,5311,Department Stores,Sole Proprietor,Jaipur,Rajasthan,2025-02-19 05:25:00,,ACTIVE,672.31,MCH9457,0,0,0,1,0,0,0
MCH3442,"Thaman, Tata and Divan",4110,GROCERY_STORE,SOLE-PROPRIETOR,Jalandhar,Punjab,2024-07-01 05:17:00,5904029606,BLOCKED,0.486,MCH3442,0,0,0,0,0,0,1
MCH3974,"Mishra, Baral and Char",5942,Book Store,SOLE-PROPRIETOR,chennai,Tamil Nadu,2026-02-22 00:00:00,XXXX0042,HOLD,2017.65,mch3974,0,0,0,0,0,0,0
MCH7736,Kara PLC,5699,Clothing,INDIVIDUAL,amritsar,Punjab,2024-01-02 00:00:00,,ACTIVE,778.45,MCH7736,0,0,0,1,0,0,0
MCH1872,rege llc,4814,phone service,Partnership,bengaluru,Karnataka,2024-06-26 00:00:00,,ACTIVE,768.52,MCH1872,0,0,0,1,0,0,0
MCH7327,"Krish, Dhar and Choudhury",4814,telecom,Individual,kolkata,West Bengal,2023-05-22 13:42:22,KDMG5541225124685,SUSPENDED,0.44,MCH7327,0,0,0,0,0,1,0
MCH7194,Shan and S0ns,4131,Transport,individual,ludhiana,Punjab,,,ACTIVE,983.19,MCH 7194,0,0,0,1,1,0,0
MCH6904,"dora, buch and dara",5411,kirana,INDIVIDUAL,LKO,Uttar Pradesh,2026-01-27 22:18:05,3574033912,ACTIVE,,MCH 6904,0,1,0,0,0,0,0
MCH6742,"Garde, Chaudhry and Mistry",7011,Hospitality,Sole Proprietor,jalandhar,Punjab,2024-05-03 00:00:00,,ACTIVE,0.646,MCH6742,0,0,0,1,0,0,0
MCH2289,Tank-Datta,5812,Food,PRIVATE_LIMITED,Hyd,Telangana,2025-10-26 00:00:00,2288122436,ACTIVE,372.03,mch2289,0,0,0,0,0,0,0
MCH1674,"Bansal, Babu and Bansal",5699,CLOTHS,individual,chennai,Tamil Nadu,2024-11-03 05:59:00,,ACTIVE,0.811,MCH1674,0,0,0,1,0,0,0
MCH7412,Chand-Bada1,5812,food_services,PRIVATE-LIMITED,MUMBAI,Maharashtra,2025-08-15 00:00:00,,INACTIVE,539.2,MCH7412,0,0,0,1,0,0,0
1107,Sen-Das,,Mobile Recharge,Private Limited,Madras,Tamil Nadu,2024-09-16 00:00:00,VDXT6754486241555,ACTIVE,,1107,0,1,1,0,0,0,0
MCH9858,"Devi, Thaker and Master",5812,Restaurant,Private Limited,amritsar,Punjab,2024-07-20 00:00:00,,ACTIVE,255.83,MCH9858,0,0,0,1,0,0,0
MCH4167,"Thakur, Purohit and Gade",5311,Retail,Individual,lucknow,Uttar Pradesh,2024-08-06 00:00:00,XXXX3875,ACTIVE,642.28,mch4167,0,0,0,0,0,0,0
MCH1581,"Nayak, Verma and Sawhney",5311,Department Stores,Partnership,MUMBAI,Maharashtra,2025-11-01 00:00:00,,ACTIVE,3655.93,MCH1581,0,0,0,1,0,0,0
3678,"Ramanathan, Oza and Aggarwal",6990,Fashion,PARTNERSHIP,Jalandhar,Punjab,2023-04-03 10:00:00,9191196267,ACTIVE,1617.86,3678,0,0,0,0,0,0,0
MCH2200,Choudhry-Vig,4814,TELECOM,Private Limited,jaipur,Rajasthan,2023-04-21 06:16:00,JBNG6240536039384,ACTIVE,207.14,MCH2200,0,0,0,0,0,0,0
MCH8890,"Kumar, Yogi and Seshadri",5999,Miscellaneous,SOLE-PROPRIETOR,Lucknow,Uttar Pradesh,2025-01-12 18:31:00,,ACTIVE,535.53,MCH8890,0,0,0,1,0,0,0
MCH9424,Sur-Bajaj,5311,department store,SOLE-PROPRIETOR,BLR,Karnataka,2025-04-18 00:00:00,XXXX3219,ACTIVE,1902.79,MCH9424,0,0,0,0,0,0,0
MCH2754,Chahal Group,5812,Food,sole_proprietor,Amritsar,Punjab,2023-09-27 00:00:00,,ACTIVE,1452.51,MCH2754,0,0,0,1,0,0,0
MCH5829,Mall LLC,5699,apparel,SOLE_PROPRIETOR,Madras,Tamil Nadu,2023-07-12 00:00:00,,ACTIVE,-940.71,MCH5829,1,0,0,1,0,0,0
MCH7829,"Tara, Deo and More",5812,Restaurant,Private Limited,New Delhi,Delhi,2024-01-13 00:00:00,,ACTIVE,1127.59,MCH7829,0,0,0,1,0,0,0
MCH7577,"Gandhi, Golla and Arora",5699,Clothing,Private Limited,Amritsar,Punjab,2023-01-26 00:00:00,XXXX6249,ACTIVE,,MCH7577,0,1,0,0,0,0,0
MCH8306,"Wason, Saraf and Dube",,hospitality,partnership,BLR,Karnataka,2025-02-15 00:00:00,2587742511,SUSPENDED,67.35,MCH8306,0,0,1,0,0,1,0
MCH5093,Khatri-Kata,5411,GROCERY_STORE,PARTNERSHIP,JPR,Rajasthan,2024-10-28 00:00:00,,INACTIVE,1344.37,MCH-5093,0,0,0,1,0,0,0
MCH1366,"shah, roy and srinivasan",,Grocery,sole_proprietor,Calcutta,West Bengal,2023-08-03 07:31:06,5320028837,ACTIVE,935.11,mch1366,0,0,1,0,0,0,0
MCH2189,"Mammen, Balakrishnan and Prakash",5311,Retail,SOLE_PROPRIETOR,Jaipur,Rajasthan,2025-05-14 00:00:00,,ACTIVE,2363.97,MCH2189,0,0,0,1,0,0,0
MCH9440,Ratti LLC,5311,Retail,Individual,jalandhar,Punjab,,MAUW1308281422202,ACTIVE,186.6,MCH 9440,0,0,0,0,1,0,0
MCH1879,muni-sachdeva,5999,Miscellaneous,Individual,chennai,Tamil Nadu,2023-12-16 00:00:00,XXXX4876,ACTIVE,687.52,MCH1879,0,0,0,0,0,0,0
MCH8933,Karpe Inc,5912,MEDICAL_STORE,Private Limited,amritsar,Punjab,,UYYR5964634247104,ACTIVE,0.2968,MCH8933,0,0,0,0,1,0,0
MCH6809,Reddy-Bhatt,,Clothing,Partnership,BLR,Karnataka,2024-08-05 00:00:00,,ACTIVE,0.2382,mch6809,0,0,1,1,0,0,0
MCH7585,Rattan-Ratti,5699,Clothing,PARTNERSHIP,pune,Maharashtra,2026-10-02 00:00:00,,ACTIVE,-3222.54,MCH 7585,1,0,0,1,0,0,0
MCH3072,Vora-Soman,5699,Clothing,individual,ASR,Punjab,2026-02-13 04:04:19,DNMO7101498768595,ACTIVE,1993.93,MCH3072,0,0,0,0,0,0,0
MCH8352,Tailor and Sons,0110,Hotel,Sole Proprietor,LKO,Uttar Pradesh,2024-11-06 00:00:00,,ACTIVE,1393.59,MCH8352,0,0,0,1,0,0,0
MCH4260,"Kalla, Banerjee and Choudhary",4814,phone service,PARTNERSHIP,LDH,Punjab,,,ACTIVE,389.14,MCH4260,0,0,0,1,1,0,0
MCH3732,"Bhat, Sarin and Wag1e",,Hotel,SOLE-PROPRIETOR,lucknow,Uttar Pradesh,2025-06-23 19:32:43,,ACTIVE,0.604,MCH3732,0,0,1,1,0,0,0
MCH8076,Banerjee Group,4814,phone service,PRIVATE-LIMITED,Lucknow,Uttar Pradesh,2025-06-08 00:00:00,,ACTIVE,1709.68,MCH-8076,0,0,0,1,0,0,0
MCH5490,"Bahl, Kakar and Dara",5699,Fashion,individual,Hyd,Telangana,2025-12-28 00:00:00,JQDE2976951081698,ACTIVE,1917.65,MCH5490,0,0,0,0,0,0,0
MCH3715,BANSAL INC,5942,Books,INDIVIDUAL,Lucknow,Uttar Pradesh,2024-11-27 00:00:00,,SUSPENDED,2025.81,MCH3715,0,0,0,1,0,1,0
MCH1588,Doctor Ltd,4131,Transportation,INDIVIDUAL,ludhiana,Punjab,2025-07-27 00:00:00,XXXX2866,SUSPENDED,1791.21,MCH1588,0,0,0,0,0,1,0
MCH6949,"Dada, Suri and Chhabra",7011,HOTEL_LODGING,SOLE-PROPRIETOR,Poona,Maharashtra,2024-01-26 00:00:00,2829880140,ACTIVE,333.77,MCH 6949,0,0,0,0,0,0,0
MCH4709,DEWAN-JAIN,4131,TRAVEL,PARTNERSHIP,Lucknow,Uttar Pradesh,2025-11-02 05:55:00,KNDG8941878782288,ACTIVE,108.08,MCH4709,0,0,0,0,0,0,0
MCH9919,"Ramaswamy,PallandBahri",5912,Pharmacy,PRIVATE_LIMITED,Mumbai,Maharashtra,2026-02-09 00:00:00,,ACTIVE,1346.24,MCH9919,0,0,0,1,0,0,0
MCH7145,Ratti and Sons,,kirana,SOLE_PROPRIETOR,Pune,Maharashtra,2025-07-01 00:00:00,9050093816,ACTIVE,1161.56,MCH7145,0,0,1,0,0,0,0
MCH7100,Sanghvi-Pandit,5699,Apparel,individual,Pune,Maharashtra,2024-07-09 00:00:00,,ACTIVE,-638.61,mch7100,1,0,0,1,0,0,0
MCH4459,suresh-mane,5311,DEPT_STORE,INDIVIDUAL,Kolkata,West Bengal,2023-12-25 00:00:00,6103544959,INACTIVE,0.3983,MCH4459,0,0,0,0,0,0,0
MCH8968,"Mukherjee,MorarandDesai",5411,kirana,INDIVIDUAL,amritsar,Punjab,2023-04-09 00:00:00,,ACTIVE,8122.94,MCH 8968,0,0,0,1,0,0,0
MCH7653,Sama-Yogi,5999,Miscellaneous,SOLE_PROPRIETOR,Hyd,Telangana,2025-01-05 00:00:00,,ACTIVE,1041.79,MCH7653,0,0,0,1,0,0,0
MCH4055,rai plc,5812,Restaurant,PRIVATE_LIMITED,Ludhiana,Punjab,2023-08-12 00:00:00,XXXX0097,ACTIVE,283.42,mch4055,0,0,0,0,0,0,0
MCH4624,"Loke, Swamy and Mishra",5411,groceries,sole_proprietor,BLR,Karnataka,2023-03-09 15:05:00,,ACTIVE,0.228,mch4624,0,0,0,1,0,0,0
MCH7281,Kalita-Mistry,8140,Mobile Recharge,private_limited,Hyderabad,Telangana,2024-11-24 00:00:00,XXXX5201,ACTIVE,2941.71,MCH 7281,0,0,0,0,0,0,0
MCH2154,"Chhabra, Walla and Ramakrishnan",5942,Book Store,SOLE_PROPRIETOR,Ludhiana,Punjab,2023-10-28 00:00:00,,INACTIVE,0.1662,mch2154,0,0,0,1,0,0,0
MCH7501,Jayaraman Inc,5311,Department Store,PARTNERSHIP,Calcutta,West Bengal,2024-10-03 00:00:00,XXXX9347,ACTIVE,2898.16,MCH 7501,0,0,0,0,0,0,0
MCH6091,Dutt-Nair,5699,CLOTHS,PRIVATE-LIMITED,kolkata,West Bengal,2023-01-30 00:00:00,9792145375,ACTIVE,1466.59,MCH6091,0,0,0,0,0,0,0
MCH7930,"Boase, Barman and Virk",5812,eating place,PRIVATE_LIMITED,amritsar,Punjab,2025-05-02 00:00:00,,ACTIVE,1076.5,MCH7930,0,0,0,1,0,0,0
MCH7549,Narayan PLC,7011,Hotels,SOLE-PROPRIETOR,kolkata,West Bengal,2023-02-22 04:38:14,8324142833,INACTIVE,0.272,MCH7549,0,0,0,0,0,0,0
MCH3172,KumarandSons,3110,Department Store,partnership,Amritsar,Punjab,2026-01-14 00:00:00,,ACTIVE,3144.22,MCH-3172,0,0,0,1,0,0,0
MCH1063,"Samra, Sur and Venkataraman",5999,Retail Other,PRIVATE_LIMITED,Chennai,Tamil Nadu,2023-06-13 00:00:00,2476053551,ACTIVE,1297.7,MCH1063,0,0,0,0,0,0,0
4599,Majumdar-Choudhary,,groceries,PRIVATE_LIMITED,MUMBAI,Maharashtra,2023-03-05 16:37:00,5607530943,INACTIVE,1341.81,4599,0,0,1,0,0,0,0
MCH8345,"Srinivas, Bali and Bhatt",7011,HOTEL_LODGING,sole_proprietor,jalandhar,Punjab,2023-02-08 02:01:40,,INACTIVE,1909.16,MCH8345,0,0,0,1,0,0,0
7846,Chad-Gole,,Miscellaneous,individual,mumbai,Maharashtra,2023-08-24 00:00:00,XXXX4268,ACTIVE,0.228,7846,0,0,1,0,0,0,0
MCH9302,Savant-Dave,5311,Department Stores,PARTNERSHIP,BLR,Karnataka,2025-08-17 00:00:00,,ACTIVE,543.56,MCH 9302,0,0,0,1,0,0,0
MCH3072,Varkey-Shanker,5999,Miscellaneous,PARTNERSHIP,MUMBAI,Maharashtra,2024-11-30 00:00:00,,INACTIVE,852.87,MCH3072,0,0,0,1,0,0,0
9136,Mody Ltd,4110,Grocery Stores,individual,Madras,Tamil Nadu,2024-07-10 00:00:00,MHEB9502738400073,ACTIVE,1976.5,9136,0,0,0,0,0,0,0
MCH3328,"NARANG, LAL AND BHALLA",5942,BOOKS_STATIONERY,SOLE-PROPRIETOR,kolkata,West Bengal,2024-10-20 00:00:00,XXXX6467,ACTIVE,3697.78,MCH3328,0,0,0,0,0,0,0
MCH8145,Dhi110n LLC,7011,Hotel,Private Limited,Chennai,Tamil Nadu,2025-12-10 00:00:00,,ACTIVE,180.43,MCH8145,0,0,0,1,0,0,0
MCH7298,"SANGHA, SANGHA AND KULKARNI",5411,groceries,individual,delhi,Delhi,2024-01-28 17:48:18,VEZZ6158628097451,ACTIVE,1661.92,MCH7298,0,0,0,0,0,0,0
MCH6825,Viswanathan Ltd,5912,chemist,PARTNERSHIP,Mumbai,Maharashtra,2023-10-01 00:00:00,7090133493,ACTIVE,1083.22,MCH6825,0,0,0,0,0,0,0
MCH5704,Biswas-Yohannan,7011,Hotel,SOLE-PROPRIETOR,Calcutta,West Bengal,,XXXX3443,ACTIVE,751.57,MCH5704,0,0,0,0,1,0,0
MCH3055,"Batta, Sha and Dugar",7011,Hotel,private_limited,Madras,Tamil Nadu,2025-08-18 17:51:00,XXXX2455,ACTIVE,262.1,MCH-3055,0,0,0,0,0,0,0
MCH1420,"Hayer, Malhotra and Dugar",5311,Retail,Individual,Pune,Maharashtra,2023-07-08 22:38:55,XXXX5505,ACTIVE,1649.54,MCH1420,0,0,0,0,0,0,0
MCH3796,Swaminathan Ltd,5699,CLOTHS,Partnership,Poona,Maharashtra,2023-02-04 20:17:32,,ACTIVE,1024.22,MCH3796,0,0,0,1,0,0,0
MCH1617,Cherian LLC,5311,DEPT_STORE,INDIVIDUAL,HYDERABAD,Telangana,2024-02-09 07:13:57,4300505477,ACTIVE,-11340.36,MCH1617,1,0,0,0,0,0,0
MCH6743,Patla Inc,4814,Mobile Recharge,PRIVATE_LIMITED,MUMBAI,Maharashtra,2026-02-20 00:00:00,EOKT5528330953242,ACTIVE,,MCH6743,0,1,0,0,0,0,0
MCH9220,"Agate,BoaseandKurian",4131,TRAVEL,SOLE-PROPRIETOR,Delhi,Delhi,,XXXX4686,INACTIVE,-728.01,MCH9220,1,0,0,0,1,0,0
MCH3161,Mittal-Bawa,9990,Other,private_limited,Jalandar,Punjab,2023-04-01 15:06:38,,ACTIVE,2703.14,MCH3161,0,0,0,1,0,0,0
MCH7111,Kohli-Zachariah,5411,kirana,partnership,LDH,Punjab,2025-08-04 00:00:00,XXXX9398,ACTIVE,585.6,MCH7111,0,0,0,0,0,0,0
MCH9665,Baria and Sons,6990,Fashion,SOLE-PROPRIETOR,Chennai,Tamil Nadu,2023-08-09 00:00:00,VFLG7914496362461,SUSPENDED,4561.8,MCH-9665,0,0,0,0,0,1,0
MCH3594,Om-Tiwari,,Bus/Taxi,Partnership,Poona,Maharashtra,2024-07-28 00:22:00,VPIP7717372044916,ACTIVE,-1023.26,MCH3594,1,0,1,0,0,0,0
2094,Ratti Ltd,5411,Grocery,SOLE-PROPRIETOR,bengaluru,Karnataka,,2357394958,ACTIVE,4897.48,2094,0,0,0,0,1,0,0
MCH6255,"GUPTA, KIBE AND AURORA",7011,Hospitality,PARTNERSHIP,lucknow,Uttar Pradesh,2023-10-31 04:07:14,5876602681,ACTIVE,0.3182,MCH6255,0,0,0,0,0,0,0
MCH5278,"Sarraf, Peri and Ratti",5999,Misc Retail,PRIVATE_LIMITED,kolkata,West Bengal,2025-04-27 00:00:00,,ACTIVE,1446.64,MCH5278,0,0,0,1,0,0,0
MCH3559,Chokshi Inc,8120,food,private_limited,bengaluru,Karnataka,2024-12-23 00:00:00,XXXX5330,ACTIVE,-535.7,MCH3559,1,0,0,0,0,0,0
MCH3567,"Ahuja, Mody and Radhakrishnan",5411,Grocery Stores,SOLE_PROPRIETOR,LKO,Uttar Pradesh,2023-09-24 03:33:54,,ACTIVE,1060.67,MCH3567,0,0,0,1,0,0,0
MCH7164,"Tata, Sachdeva and Palan",4131,Bus/Taxi,INDIVIDUAL,jalandhar,Punjab,2023-08-10 05:30:25,FKFD7859864387581,ACTIVE,519.18,MCH-7164,0,0,0,0,0,0,0
MCH5245,"Bhatt, Kakar and Boase",5311,Retail,INDIVIDUAL,jalandhar,Punjab,2025-06-27 04:58:08,4405470614,ACTIVE,2923.74,MCH5245,0,0,0,0,0,0,0
MCH7814,Mallick-Puri,5812,Restaurant,SOLE_PROPRIETOR,jaipur,Rajasthan,2024-03-01 00:00:00,,ACTIVE,-2963.54,MCH7814,1,0,0,1,0,0,0
MCH9082,SESHADRI GROUP,5812,eating place,sole_proprietor,jaipur,Rajasthan,2025-11-24 03:08:55,,ACTIVE,0.862,mch9082,0,0,0,1,0,0,0
MCH2701,"Prabhakar, Saraf and Mand",7011,Hospitality,PRIVATE-LIMITED,HYDERABAD,Telangana,2023-01-25 00:00:00,1250735780,ACTIVE,2599.41,MCH2701,0,0,0,0,0,0,0
MCH1409,Baral LLC,5912,Medical,INDIVIDUAL,Hyd,Telangana,2023-03-06 00:00:00,,ACTIVE,-1891.12,MCH1409,1,0,0,1,0,0,0
MCH6943,Vyas Group,5699,garments,INDIVIDUAL,ASR,Punjab,2023-04-11 00:00:00,KIUE4469872424797,ACTIVE,-651.75,MCH6943,1,0,0,0,0,0,0
MCH1498,Deo-Mand,5999,Retail Other,SOLE_PROPRIETOR,chennai,Tamil Nadu,2025-03-01 00:00:00,,ACTIVE,1460.33,MCH1498,0,0,0,1,0,0,0
MCH5367,REDDY-CHAKRABORTY,5699,Clothing,Sole Proprietor,mumbai,Maharashtra,2025-03-01 03:24:42,WHOV7357855523116,ACTIVE,1679.09,MCH5367,0,0,0,0,0,0,0
MCH7262,Loke LLC,4814,Telecom,Partnership,MUMBAI,Maharashtra,2023-12-13 00:00:00,XXXX0516,ACTIVE,3675.05,MCH7262,0,0,0,0,0,0,0
MCH2157,"Ramaswamy, Sundaram and Sachdev",4131,transprt,INDIVIDUAL,HYDERABAD,Telangana,2023-05-25 00:00:00,,SUSPENDED,0.1899,MCH2157,0,0,0,1,0,1,0
MCH7344,Rama-Shukla,5699,Clothing,SOLE_PROPRIETOR,HYDERABAD,Telangana,2023-10-11 00:00:00,,ACTIVE,1447.45,MCH7344,0,0,0,1,0,0,0
MCH1047,"natarajan, kashyap and goel",,Hotels,PRIVATE-LIMITED,kolkata,West Bengal,2023-08-01 00:00:00,XXXX9448,ACTIVE,0.2594,MCH1047,0,0,1,0,0,0,0
MCH6806,Virk-Batra,7011,Hospitality,SOLE-PROPRIETOR,JPR,Rajasthan,2024-01-04 17:25:45,1113737217,ACTIVE,687.46,MCH6806,0,0,0,0,0,0,0
MCH5704,Bhardwaj and Sons,5942,Book Store,SOLE-PROPRIETOR,New Delhi,Delhi,2024-03-09 10:41:04,XXXX2621,ACTIVE,885.73,MCH-5704,0,0,0,0,0,0,0
MCH4745,"Krishnamurthy, Nath and Chahal",5699,Apparel,SOLE_PROPRIETOR,Madras,Tamil Nadu,,,ACTIVE,1604.97,mch4745,0,0,0,1,1,0,0
MCH6523,Ramanathan-Wali,5999,Other,Private Limited,Bangalore,Karnataka,2024-08-27 00:00:00,CTGF7705622759501,ACTIVE,2272.75,MCH6523,0,0,0,0,0,0,0
MCH2450,bail plc,5812,eating place,PRIVATE-LIMITED,HYDERABAD,Telangana,2024-04-25 12:52:00,XXXX3279,ACTIVE,0.3923,MCH-2450,0,0,0,0,0,0,0
MCH3075,Bedi-Ramanathan,4131,transprt,Individual,jalandhar,Punjab,2023-09-29 00:00:00,XXXX7029,ACTIVE,0.1301,MCH3075,0,0,0,0,0,0,0
MCH9185,Om Ltd,5812,Restaurants,PARTNERSHIP,kolkata,West Bengal,2025-09-22 00:00:00,RKEJ2980134292377,INACTIVE,311.59,MCH9185,0,0,0,0,0,0,0
MCH9836,"Nori, Malhotra and Deep",0110,HOTEL_LODGING,Sole Proprietor,chennai,Tamil Nadu,,XXXX5684,ACTIVE,0.3007,mch9836,0,0,0,0,1,0,0
MCH4421,Sani LLC,5999,Retail Other,Sole Proprietor,ludhiana,Punjab,2023-05-15 00:00:00,7724162998,ACTIVE,901.69,MCH-4421,0,0,0,0,0,0,0
MCH6090,Bahl-Ramanathan,7011,Hotel,sole_proprietor,Jalandar,Punjab,2025-03-10 00:29:05,3270315873,ACTIVE,1685.43,MCH6090,0,0,0,0,0,0,0
MCH3688,"Nayak, Brar and Sahni",4814,Mobile Recharge,Individual,Madras,Tamil Nadu,2025-08-20 00:00:00,,HOLD,2787.88,MCH3688,0,0,0,1,0,0,0
MCH8131,Sekhon-Agrawal,5999,Other,PRIVATE-LIMITED,kolkata,West Bengal,2023-05-15 00:00:00,,INACTIVE,5430.66,MCH8131,0,0,0,1,0,0,0
MCH7276,Talwar-Kant,4131,Bus/Taxi,partnership,jaipur,Rajasthan,2023-06-23 22:04:06,,ACTIVE,692.16,MCH-7276,0,0,0,1,0,0,0
MCH8018,Lad PLC,4110,kirana,Private Limited,Kolkata,West Bengal,2025-03-27 00:00:00,XXXX3019,ACTIVE,655.7,mch8018,0,0,0,0,0,0,0
MCH9102,sastry-wali,9420,BOOKS_STATIONERY,Private Limited,Poona,Maharashtra,2025-06-30 04:03:18,WUTS6822135925592,ACTIVE,1846.0,mch9102,0,0,0,0,0,0,0
MCH3017,Ramanathan and Sons,5311,Department Stores,PARTNERSHIP,DELHI,Delhi,2024-07-06 00:00:00,,ACTIVE,-3967.02,MCH-3017,1,0,0,1,0,0,0
MCH6051,"Prashad, Date and Sodhi",5311,Department Stores,Private Limited,Jalandhar,Punjab,2026-01-18 00:00:00,,ACTIVE,-212.27,MCH 6051,1,0,0,1,0,0,0
MCH2917,Edwin-Ahuja,5411,Grocery Stores,Sole Proprietor,Jalandar,Punjab,2023-06-08 23:40:31,8964022658,INACTIVE,0.49,mch2917,0,0,0,0,0,0,0
MCH4977,ARORA-NAYAK,5999,Other,INDIVIDUAL,LDH,Punjab,2025-03-05 00:00:00,,ACTIVE,1505.38,mch4977,0,0,0,1,0,0,0
MCH9418,"BORA, VENKATESH AND LOKE",5411,groceries,individual,bengaluru,Karnataka,2024-05-22 00:00:00,ZTOW0641939254087,SUSPENDED,1520.21,MCH9418,0,0,0,0,0,1,0
MCH4114,"Pandya, Jayaraman and Ray",4814,Mobile Recharge,SOLE_PROPRIETOR,Hyderabad,Telangana,2025-01-15 00:00:00,SSMR5889038460894,INACTIVE,436.15,MCH-4114,0,0,0,0,0,0,0
MCH5963,Mukhopadhyay Ltd,5999,Other,PARTNERSHIP,pune,Maharashtra,2023-04-09 00:00:00,XXXX5492,INACTIVE,5714.63,mch5963,0,0,0,0,0,0,0
MCH8825,"mandal, chaudhari and savant",5699,garments,individual,jalandhar,Punjab,2025-07-27 00:00:00,8501342789,ACTIVE,1817.3,MCH 8825,0,0,0,0,0,0,0
MCH5776,Date-Mangat,7011,Hospitality,Private Limited,LDH,Punjab,2025-01-15 00:00:00,,ACTIVE,-1509.26,MCH5776,1,0,0,1,0,0,0
1696,Prakash-Dhar,5411,kirana,PARTNERSHIP,BLR,Karnataka,2025-09-01 00:00:00,TXHI7483173386178,ACTIVE,567.04,1696,0,0,0,0,0,0,0
MCH4090,Panchal-Gera,5942,Books,PRIVATE-LIMITED,Mumbay,Maharashtra,2023-11-23 00:00:00,XXXX0223,INACTIVE,976.5,MCH4090,0,0,0,0,0,0,0
MCH4440,"Krishna, Bora and Swaminathan",5699,Apparel,PRIVATE_LIMITED,Jalandar,Punjab,2023-04-29 00:00:00,5872380651,HOLD,749.44,MCH4440,0,0,0,0,0,0,0
MCH8281,Tara-Mander,4131,Bus/Taxi,PRIVATE_LIMITED,Pune,Maharashtra,2023-11-03 00:00:00,TEPW4553100153492,ACTIVE,3216.91,MCH8281,0,0,0,0,0,0,0
4811,"rege, misra and mander",7011,Hospitality,Sole Proprietor,ASR,Punjab,,,ACTIVE,458.06,4811,0,0,0,1,1,0,0
MCH1830,shan llc,7011,HOTEL_LODGING,private_limited,lucknow,Uttar Pradesh,,8821748714,ACTIVE,405.35,MCH1830,0,0,0,0,1,0,0
MCH8449,Mani-Ramachandran,5912,Pharmacies,PARTNERSHIP,delhi,Delhi,2024-12-27 07:20:47,XXXX6183,ACTIVE,461.73,MCH 8449,0,0,0,0,0,0,0
MCH2896,"Date, Sahota and Hayre",4131,Transport,individual,Madras,Tamil Nadu,,KPBN8019714054804,ACTIVE,1484.62,MCH2896,0,0,0,0,1,0,0
MCH1093,"dubey, uppal and bhatt",5812,FOOD_SERVICES,PRIVATE_LIMITED,Poona,Maharashtra,2025-04-26 00:00:00,,INACTIVE,4005.67,mch1093,0,0,0,1,0,0,0
MCH9984,Samra and Sons,5942,Stationery,PRIVATE-LIMITED,ludhiana,Punjab,2025-09-02 00:00:00,QLUY8246015665493,ACTIVE,983.46,MCH9984,0,0,0,0,0,0,0
MCH3008,"Datta, Sarkar and Nori",5311,Department Store,Partnership,LDH,Punjab,2024-11-11 00:00:00,,ACTIVE,-522.31,MCH3008,1,0,0,1,0,0,0
MCH5159,"Boase, Nadkarni and Kala",4131,Bus/Taxi,PRIVATE_LIMITED,JPR,Rajasthan,2025-05-18 00:00:00,DDIU4780752450137,ACTIVE,214.1,mch5159,0,0,0,0,0,0,0
MCH5333,Rajagopal-Agate,4814,TELECOM,sole_proprietor,ASR,Punjab,,,INACTIVE,15510.71,mch5333,0,0,0,1,1,0,0
MCH2498,Peri-Sachdeva,0110,Hospitality,individual,lucknow,Uttar Pradesh,2024-07-22 00:00:00,7968546113,ACTIVE,1576.69,MCH2498,0,0,0,0,0,0,0
MCH4235,NAGAR-SHARMA,5311,Retail,SOLE-PROPRIETOR,Kolkata,West Bengal,2024-02-10 00:00:00,,ACTIVE,1671.65,MCH4235,0,0,0,1,0,0,0
MCH6148,KEER AND SONS,4814,phone service,PRIVATE_LIMITED,Kolkata,West Bengal,2024-10-08 00:00:00,,ACTIVE,2790.1,MCH6148,0,0,0,1,0,0,0
MCH4636,Sura and Sons,5699,Apparel,Partnership,mumbai,Maharashtra,2023-12-17 17:58:35,8723730767,ACTIVE,,MCH4636,0,1,0,0,0,0,0
MCH1124,"Hayre, Chana and Bhasin",5699,Clothing,Sole Proprietor,jaipur,Rajasthan,2024-05-10 00:00:00,,ACTIVE,843.01,MCH 1124,0,0,0,1,0,0,0
MCH7828,Jhaveri and Sons,6990,garments,Individual,kolkata,West Bengal,2026-02-23 00:00:00,3888843924,ACTIVE,3105.54,MCH7828,0,0,0,0,0,0,0
MCH6277,"MANGAT, KAUR AND GUHA",7011,Hospitality,PARTNERSHIP,New Delhi,Delhi,2024-04-07 03:31:48,,ACTIVE,0.1786,MCH6277,0,0,0,1,0,0,0
MCH4690,"Dutt, Mukhopadhyay and Dara",5999,Other,SOLE_PROPRIETOR,amritsar,Punjab,2023-04-24 22:55:00,HYJC1967089654932,HOLD,-390.23,MCH4690,1,0,0,0,0,0,0
MCH8110,Kamdar-Raval,5999,other,partnership,lucknow,Uttar Pradesh,2023-07-13 00:00:00,,INACTIVE,768.59,mch8110,0,0,0,1,0,0,0
MCH1243,"Buch, Atwal and Roy",9120,MEDICAL_STORE,PARTNERSHIP,ludhiana,Punjab,2025-06-12 08:43:00,,ACTIVE,1323.94,MCH-1243,0,0,0,1,0,0,0
MCH5851,"Dugar, Shanker and Bedi",,Miscellaneous,Sole Proprietor,Pune,Maharashtra,2024-07-24 00:00:00,,ACTIVE,-1000.2,MCH5851,1,0,1,1,0,0,0
MCH4064,"Sastry, Sibal and Rajagopal",4131,Transportation,PARTNERSHIP,Lucknow,Uttar Pradesh,2024-11-23 00:00:00,XXXX7853,INACTIVE,-460.13,MCH4064,1,0,0,0,0,0,0
MCH8389,Thaman Group,,Restaurants,INDIVIDUAL,MUMBAI,Maharashtra,2024-02-17 16:36:00,XXXX0828,INACTIVE,1716.78,MCH8389,0,0,1,0,0,0,0
8601,CHAHAL-PAREKH,5812,Food,PRIVATE-LIMITED,ASR,Punjab,2025-02-20 00:00:00,SPNT7219401023773,ACTIVE,-600.58,8601,1,0,0,0,0,0,0
MCH7997,"Rattan, Naik and Singh",5999,Miscellaneous,Individual,Poona,Maharashtra,2024-05-31 14:52:38,MFLT0388804537888,ACTIVE,-397.79,MCH7997,1,0,0,0,0,0,0
MCH6078,Oza-Srinivasan,4814,Telecom,Individual,Bombay,Maharashtra,2023-10-15 19:51:00,,ACTIVE,4379.06,mch6078,0,0,0,1,0,0,0
MCH7058,"Barad,PalandBoase",3110,Department Store,INDIVIDUAL,Kolkata,West Bengal,2025-12-06 04:07:00,XXXX2802,ACTIVE,1284.51,MCH7058,0,0,0,0,0,0,0
MCH7042,Halder-Kalla,,Misc Retail,PRIVATE_LIMITED,pune,Maharashtra,2023-09-26 00:00:00,,ACTIVE,1230.3,MCH7042,0,0,1,1,0,0,0
9415,Krishnamurthy-Warrior,0110,Hotels,sole_proprietor,Ludhiana,Punjab,2023-02-21 00:00:00,,ACTIVE,438.69,9415,0,0,0,1,0,0,0
MCH4364,SASTRY-SHETTY,4131,Transport,sole_proprietor,kolkata,West Bengal,2024-06-14 00:00:00,BYKR5512266480306,ACTIVE,0.1128,MCH4364,0,0,0,0,0,0,0
MCH2120,"Yohannan, Patla and Parmer",7011,hotel_lodging,Partnership,Delhi,Delhi,2024-01-01 00:00:00,XXXX7380,ACTIVE,-3366.53,MCH2120,1,0,0,0,0,0,0
MCH9778,"chandra, subramanian and borde",5942,Book Store,PRIVATE_LIMITED,Bengaluru,Karnataka,2025-05-20 15:00:27,2832098556,ACTIVE,2313.1,MCH 9778,0,0,0,0,0,0,0
MCH6507,Kadakia PLC,5812,food_services,PARTNERSHIP,chennai,Tamil Nadu,2023-01-05 00:00:00,XXXX3350,SUSPENDED,740.55,MCH 6507,0,0,0,0,0,1,0
2730,Nayar and Sons,7011,Hotels,SOLE_PROPRIETOR,Jaipur,Rajasthan,2023-06-30 00:00:00,,ACTIVE,1113.62,2730,0,0,0,1,0,0,0
MCH3743,doctor ltd,5912,Pharmacy,sole_proprietor,Hyd,Telangana,2023-01-16 20:06:00,BRVO9557812490695,ACTIVE,12417.3,MCH3743,0,0,0,0,0,0,0
MCH9074,Thaman-Ramesh,,kirana,private_limited,New Delhi,Delhi,2024-08-04 00:00:00,YVFC7381559709766,ACTIVE,2298.62,mch9074,0,0,1,0,0,0,0
1730,Buch Ltd,5699,Fashion,individual,Kolkata,West Bengal,2023-04-25 00:00:00,,ACTIVE,813.32,1730,0,0,0,1,0,0,0
MCH8953,Oak Inc,5912,Medical,PARTNERSHIP,Mumbai,Maharashtra,2025-04-18 00:00:00,,ACTIVE,-1051.63,MCH8953,1,0,0,1,0,0,0
MCH1122,Bakshi and Sons,,Department Store,private_limited,chennai,Tamil Nadu,2023-09-03 00:00:00,,ACTIVE,638.59,mch1122,0,0,1,1,0,0,0
MCH5281,RAMASWAMY-BHANDARI,5411,kirana,partnership,Bangalore,Karnataka,2023-04-04 00:00:00,,ACTIVE,113.91,MCH5281,0,0,0,1,0,0,0
MCH1336,"NARAYANAN, ANAND AND KALITA",9990,Other,SOLE-PROPRIETOR,Ludhiana,Punjab,,XXXX4236,ACTIVE,0.699,mch1336,0,0,0,0,1,0,0
MCH1921,Raj LLC,5999,Miscellaneous,PARTNERSHIP,lucknow,Uttar Pradesh,2024-02-12 00:00:00,5917860419,ACTIVE,2280.24,MCH1921,0,0,0,0,0,0,0
MCH3795,Sinha-Ramesh,4814,TELECOM,Partnership,Hyderabad,Telangana,2024-06-19 00:00:00,XXXX9092,ACTIVE,1083.1,MCH3795,0,0,0,0,0,0,0
MCH7236,"Ramanathan, Varkey and Iyengar",8120,Restaurant,partnership,ludhiana,Punjab,2024-01-17 20:37:00,8807064129,ACTIVE,843.44,MCH7236,0,0,0,0,0,0,0
MCH7057,"Lad, Kala and Bhagat",8140,TELECOM,PARTNERSHIP,jaipur,Rajasthan,2026-02-10 15:50:00,,ACTIVE,1333.8,MCH7057,0,0,0,1,0,0,0
MCH9560,Puri-Ahluwalia,5999,Misc Retail,Partnership,ludhiana,Punjab,2025-06-21 05:09:56,XXXX3305,ACTIVE,1176.68,MCH9560,0,0,0,0,0,0,0
MCH3129,"Ghose,HariandGarde",5411,GROCERY_STORE,SOLE_PROPRIETOR,Ludhiana,Punjab,2025-06-27 03:24:00,GWXI4589298577824,ACTIVE,1908.27,MCH3129,0,0,0,0,0,0,0
8549,"Tandon, Tella and Srinivas",5311,Department Store,PARTNERSHIP,jalandhar,Punjab,2025-09-22 11:22:00,,ACTIVE,-649.65,8549,1,0,0,1,0,0,0
MCH3163,Hora-Peri,5999,Retail Other,Partnership,Kolkata,West Bengal,2025-08-22 19:53:51,CRLP7276100496707,ACTIVE,,mch3163,0,1,0,0,0,0,0
MCH5857,"VARUGHESE, VORA AND CHOKSHI",4814,TELECOM,individual,lucknow,Uttar Pradesh,2025-11-21 00:00:00,,INACTIVE,687.33,mch5857,0,0,0,1,0,0,0
MCH6200,"Kapadia, Bail and Badal",4131,TRAVEL,PRIVATE_LIMITED,Chennai,Tamil Nadu,2023-09-12 00:00:00,,ACTIVE,1183.13,MCH6200,0,0,0,1,0,0,0
MCH3328,Yadav and Sons,8140,Telecom,PARTNERSHIP,LKO,Uttar Pradesh,2023-04-20 00:00:00,FIFX0642566792123,ACTIVE,1324.81,MCH3328,0,0,0,0,0,0,0
MCH5631,"Bhattacharyya, Behl and Barad",5699,CLOTHS,SOLE_PROPRIETOR,Bangalore,Karnataka,2025-08-30 16:56:41,XXXX1656,ACTIVE,0.857,MCH5631,0,0,0,0,0,0,0
MCH9430,"Shetty, Pau and Chhabra",4814,phone service,Partnership,Poona,Maharashtra,2023-10-31 00:00:00,,ACTIVE,927.24,MCH9430,0,0,0,1,0,0,0
MCH4211,Amb1e-Saha,,groceries,sole_proprietor,Dilli,Delhi,2023-06-27 00:00:00,,ACTIVE,0.525,MCH-4211,0,0,1,1,0,0,0
MCH8076,Seshadri LLC,5942,Books,PARTNERSHIP,Jaipur,Rajasthan,2025-02-21 13:03:15,,INACTIVE,4406.44,mch8076,0,0,0,1,0,0,0
MCH6366,"hora, edwin and zacharia",4814,Mobile Recharge,sole_proprietor,ludhiana,Punjab,2025-03-29 00:00:00,8367872742,ACTIVE,780.59,MCH6366,0,0,0,0,0,0,0
MCH3637,Pai-Parikh,5812,eating place,SOLE_PROPRIETOR,HYDERABAD,Telangana,2024-06-26 00:00:00,,ACTIVE,3420.81,MCH3637,0,0,0,1,0,0,0
MCH8446,Kuruvi11a Gr0up,5999,Miscellaneous,sole_proprietor,Madras,Tamil Nadu,2025-07-07 00:00:00,,ACTIVE,979.24,MCH8446,0,0,0,1,0,0,0
MCH1454,Mishra-Batra,5999,Other,sole_proprietor,Hyd,Telangana,2025-12-02 20:43:00,ARMV5646544388660,ACTIVE,163.44,MCH1454,0,0,0,0,0,0,0
MCH8038,"sane, bir and singhal",5311,Department Store,individual,amritsar,Punjab,,,INACTIVE,1346.16,MCH8038,0,0,0,1,1,0,0
MCH7919,"Dugar, Buch and Bhatti",5812,Restaurant,PRIVATE_LIMITED,Hyd,Telangana,2023-11-17 17:05:00,,ACTIVE,3138.05,MCH7919,0,0,0,1,0,0,0
MCH1968,Shroff-Mani,,kirana,partnership,MUMBAI,Maharashtra,2024-04-10 00:00:00,FIQR5425866491953,ACTIVE,0.1674,mch1968,0,0,1,0,0,0,0
MCH7955,"Andra, Oommen and Salvi",5699,garments,PARTNERSHIP,ASR,Punjab,2023-02-02 00:00:00,XXXX5039,ACTIVE,-2313.71,MCH7955,1,0,0,0,0,0,0
MCH4102,Dass LLC,9120,chemist,PARTNERSHIP,kolkata,West Bengal,2026-02-19 00:00:00,XXXX9287,ACTIVE,375.32,MCH4102,0,0,0,0,0,0,0
9153,Amble and Sons,4131,Bus/Taxi,sole_proprietor,ASR,Punjab,2025-04-11 00:00:00,RQJV0029687316825,ACTIVE,,9153,0,1,0,0,0,0,0
MCH2724,Saha Group,,Department Store,Individual,Jaipur,Rajasthan,2026-02-09 01:33:05,LOPJ0201883436603,INACTIVE,,MCH2724,0,1,1,0,0,0,0
MCH2237,Chatterjee-Din,4814,TELECOM,SOLE_PROPRIETOR,Lucknow,Uttar Pradesh,2023-01-23 00:00:00,4350832934,ACTIVE,,MCH2237,0,1,0,0,0,0,0
MCH6630,"Kalla, Vyas and Lanka",5942,Stationery,Sole Proprietor,JPR,Rajasthan,,,ACTIVE,257.87,mch6630,0,0,0,1,1,0,0
MCH3512,"Bhatti, Khosla and Chhabra",,phone service,PRIVATE_LIMITED,Amritsar,Punjab,2023-05-04 23:36:19,,ACTIVE,0.1112,MCH3512,0,0,1,1,0,0,0
MCH2196,Badal-Ghosh,1310,transprt,INDIVIDUAL,delhi,Delhi,2024-04-07 00:00:00,XXXX7232,ACTIVE,188.84,MCH2196,0,0,0,0,0,0,0
MCH4340,"Nadig, Kothari and Khalsa",7011,Hotels,partnership,mumbai,Maharashtra,,,ACTIVE,1756.35,MCH4340,0,0,0,1,1,0,0
MCH5546,"Brar, Rajan and Bhat",4814,phone service,Private Limited,Bengaluru,Karnataka,2024-10-16 00:00:00,,ACTIVE,843.23,MCH5546,0,0,0,1,0,0,0
MCH6998,Jani-Nayak,5311,DEPT_STORE,individual,DELHI,Delhi,2026-01-27 00:00:00,,ACTIVE,3349.13,mch6998,0,0,0,1,0,0,0
MCH6746,"Tank, Chanda and Kothari",4110,Grocery Stores,PRIVATE_LIMITED,Ludhiana,Punjab,2024-02-04 00:00:00,2882499145,ACTIVE,2445.51,MCH6746,0,0,0,0,0,0,0
MCH6730,"Babu, Sarma and Setty",5912,chemist,Partnership,Lucknow,Uttar Pradesh,2023-10-28 00:00:00,XXXX4738,ACTIVE,1118.53,MCH6730,0,0,0,0,0,0,0
MCH8982,deo-nath,5812,FOOD_SERVICES,PRIVATE-LIMITED,Amritsar,Punjab,2023-07-18 09:15:26,,ACTIVE,1840.43,MCH8982,0,0,0,1,0,0,0
MCH8725,Ganesan Inc,5411,Grocery Stores,PRIVATE_LIMITED,Jalandar,Punjab,2023-02-24 14:18:57,,INACTIVE,-1002.32,MCH8725,1,0,0,1,0,0,0
MCH9946,Jain LLC,5912,Medical,Partnership,pune,Maharashtra,2024-12-10 16:23:14,WESP3308956963595,ACTIVE,0.1421,MCH9946,0,0,0,0,0,0,0
MCH9406,Goyal-Bhakta,5912,MEDICAL_STORE,individual,Dilli,Delhi,2023-11-20 00:00:00,,ACTIVE,280.93,MCH9406,0,0,0,1,0,0,0
MCH6520,Manda-Shah,5912,MEDICAL_STORE,Individual,kolkata,West Bengal,2024-08-01 00:55:00,,ACTIVE,1457.02,MCH6520,0,0,0,1,0,0,0
MCH1959,"Barad, Bala and Chad",5999,Retail Other,INDIVIDUAL,Pune,Maharashtra,2025-10-12 19:55:24,,ACTIVE,578.42,MCH1959,0,0,0,1,0,0,0
MCH1388,"Kala, Kunda and Pandit",5912,Medical,SOLE_PROPRIETOR,bengaluru,Karnataka,2025-07-22 00:00:00,PZDL0297294331143,ACTIVE,3155.43,MCH1388,0,0,0,0,0,0,0
MCH6155,"Varghese, Mahal and Nadkarni",5812,Restaurants,PRIVATE-LIMITED,jaipur,Rajasthan,2024-07-20 05:18:20,MGRT6859674527943,ACTIVE,,MCH-6155,0,1,0,0,0,0,0
MCH9459,BATTA-HANDA,4131,Transport,PARTNERSHIP,Hyderabad,Telangana,2025-06-03 00:00:00,,ACTIVE,11281.97,MCH 9459,0,0,0,1,0,0,0
MCH7735,Nanda PLC,5912,chemist,INDIVIDUAL,kolkata,West Bengal,,4101693364,ACTIVE,763.99,MCH7735,0,0,0,0,1,0,0
MCH9609,Saran-Iyengar,,Restaurant,SOLE_PROPRIETOR,bengaluru,Karnataka,2023-11-14 00:00:00,,ACTIVE,3223.75,MCH9609,0,0,1,1,0,0,0
MCH6450,Mishra PLC,5411,kirana,Individual,Madras,Tamil Nadu,2024-04-02 01:49:04,,INACTIVE,,MCH6450,0,1,0,1,0,0,0
MCH8365,Banik PLC,5999,Miscellaneous,Private Limited,Jalandhar,Punjab,2024-11-01 00:00:00,XXXX2609,ACTIVE,0.3523,MCH8365,0,0,0,0,0,0,0
MCH1756,Ben and Sons,9990,Miscellaneous,Private Limited,HYDERABAD,Telangana,2023-08-02 00:00:00,XXXX4519,ACTIVE,1706.9,MCH1756,0,0,0,0,0,0,0
MCH2092,"Dubey, Tara and Thaker",4131,Transportation,individual,Kolkata,West Bengal,2023-11-09 00:00:00,6682311847,ACTIVE,1262.97,MCH 2092,0,0,0,0,0,0,0
MCH9067,Korpal-Som,4814,TELECOM,PRIVATE-LIMITED,amritsar,Punjab,2024-10-04 00:00:00,5383470268,INACTIVE,1246.81,MCH9067,0,0,0,0,0,0,0
MCH1751,"Keer, Dara and Gour",5942,BOOKS_STATIONERY,INDIVIDUAL,LDH,Punjab,2023-06-29 00:00:00,,SUSPENDED,1719.3,MCH1751,0,0,0,1,0,1,0
8437,Sinha LLC,7011,HOTEL_LODGING,Sole Proprietor,Kolkata,West Bengal,2025-12-04 08:30:12,,INACTIVE,761.27,8437,0,0,0,1,0,0,0
MCH3541,"SRIVASTAVA, TELLA AND KONDA",4814,Mobile Recharge,PRIVATE-LIMITED,DELHI,Delhi,2024-10-31 00:00:00,XXXX6960,ACTIVE,2341.43,MCH 3541,0,0,0,0,0,0,0
MCH8777,Kibe PLC,7011,Hotel,PARTNERSHIP,MUMBAI,Maharashtra,2023-06-16 00:00:00,3399976956,INACTIVE,1945.67,MCH8777,0,0,0,0,0,0,0
MCH1806,dugar-rege,5912,chemist,PRIVATE-LIMITED,New Delhi,Delhi,,7841679256,SUSPENDED,0.1498,MCH1806,0,0,0,0,1,1,0
MCH8692,"Dubey, Nair and Bobal",5812,eating place,sole_proprietor,ludhiana,Punjab,2023-04-17 00:00:00,9956125917,ACTIVE,2839.54,mch8692,0,0,0,0,0,0,0
MCH9009,Badami-Sani,5411,groceries,Individual,Mumbay,Maharashtra,2024-03-31 00:00:00,XXXX8465,ACTIVE,1732.46,MCH9009,0,0,0,0,0,0,0
MCH9975,Nadkarni-Sane,5999,misc retail,SOLE-PROPRIETOR,New Delhi,Delhi,2025-08-02 00:00:00,XXXX7415,SUSPENDED,4465.19,MCH 9975,0,0,0,0,0,1,0
MCH6473,Tata Group,5812,Restaurants,PRIVATE_LIMITED,LKO,Uttar Pradesh,2023-04-09 00:00:00,3128582685,SUSPENDED,2924.69,MCH6473,0,0,0,0,0,1,0
MCH2915,"Vohra, Pathak and Bumb",5912,Pharmacies,INDIVIDUAL,Kolkata,West Bengal,2025-09-06 00:00:00,,ACTIVE,459.58,MCH2915,0,0,0,1,0,0,0
MCH1782,Kari PLC,4110,Grocery,SOLE_PROPRIETOR,MUMBAI,Maharashtra,2024-06-26 00:00:00,,ACTIVE,-4762.58,MCH1782,1,0,0,1,0,0,0
MCH3487,Soni and Sons,5912,Medical,sole_proprietor,lucknow,Uttar Pradesh,2023-05-16 03:23:00,XXXX5287,ACTIVE,1671.71,MCH3487,0,0,0,0,0,0,0
MCH5423,"Chanda, Mallick and Butala",5311,Department Store,sole_proprietor,Jaipur,Rajasthan,2024-08-25 00:00:00,XXXX3345,ACTIVE,458.56,MCH5423,0,0,0,0,0,0,0
MCH4431,"Wali, Zachariah and Toor",5411,GROCERY_STORE,SOLE_PROPRIETOR,Bombay,Maharashtra,2023-05-13 00:00:00,,BLOCKED,3595.68,MCH 4431,0,0,0,1,0,0,1
MCH5565,Chatterjee and Sons,5411,Grocery,SOLE-PROPRIETOR,Poona,Maharashtra,2025-11-12 00:00:00,NMWT6772454974745,ACTIVE,1083.09,MCH5565,0,0,0,0,0,0,0
MCH7273,Keer and S0ns,7011,HOTEL_LODGING,private_limited,chennai,Tamil Nadu,2024-08-24 09:54:21,,ACTIVE,3146.24,MCH7273,0,0,0,1,0,0,0
MCH2133,Bose-Saraf,5999,misc retail,SOLE-PROPRIETOR,MUMBAI,Maharashtra,2024-09-19 00:00:00,6035698626,SUSPENDED,-434.11,MCH2133,1,0,0,0,0,1,0
MCH9278,Oza-Gera,4131,Transport,partnership,Mumbai,Maharashtra,2024-04-20 00:00:00,,ACTIVE,0.13241,MCH9278,0,0,0,1,0,0,0
MCH7204,Thaman Ltd,,Stationery,individual,jalandhar,Punjab,2023-09-05 00:00:00,,ACTIVE,0.937,MCH7204,0,0,1,1,0,0,0
MCH6107,"Bhattacharyya, Narayanan and Samra",5812,Food,PARTNERSHIP,pune,Maharashtra,2025-02-21 00:00:00,,ACTIVE,1215.85,MCH6107,0,0,0,1,0,0,0
MCH6541,"Mahal, Panchal and Doshi",5912,chemist,INDIVIDUAL,Mumbay,Maharashtra,2024-06-12 16:15:10,XXXX5174,ACTIVE,0.307,MCH6541,0,0,0,0,0,0,0
MCH6607,Bedi-Bhandari,5812,Food,SOLE-PROPRIETOR,ludhiana,Punjab,2023-12-30 00:00:00,,ACTIVE,1203.0,mch6607,0,0,0,1,0,0,0
MCH3281,Thakur-Gade,5912,Pharmacy,SOLE-PROPRIETOR,Dilli,Delhi,,XXXX4216,INACTIVE,432.42,MCH3281,0,0,0,0,1,0,0
MCH6843,Gupta Gr0up,5942,Book Store,SOLE-PROPRIETOR,Jaipur,Rajasthan,,WRES2664733004628,ACTIVE,825.48,MCH6843,0,0,0,0,1,0,0
MCH3093,Keer Inc,4814,Mobile Recharge,Individual,Jalandhar,Punjab,,5623610175,INACTIVE,-881.76,MCH-3093,1,0,0,0,1,0,0
MCH8879,Raju and Sons,,MEDICAL_STORE,sole_proprietor,Lucknow,Uttar Pradesh,2023-08-30 05:18:50,,ACTIVE,0.906,MCH8879,0,0,1,1,0,0,0
MCH4994,"Uppal, Bawa and Gera",5812,eating place,sole_proprietor,DELHI,Delhi,2023-04-21 00:00:00,,ACTIVE,0.171,MCH 4994,0,0,0,1,0,0,0
MCH4322,Patla PLC,4814,telecom,PRIVATE-LIMITED,pune,Maharashtra,2025-10-17 00:00:00,XXXX9948,ACTIVE,0.274,MCH4322,0,0,0,0,0,0,0
MCH1865,Chandra-Pandey,5942,Books,individual,pune,Maharashtra,2025-11-15 00:00:00,,ACTIVE,3847.74,MCH1865,0,0,0,1,0,0,0
MCH6213,Sangha LLC,,Retail Other,PRIVATE_LIMITED,delhi,Delhi,2025-12-03 12:46:00,,ACTIVE,0.722,MCH6213,0,0,1,1,0,0,0
MCH5518,Bhalla-Chaudhuri,5812,Food,Individual,LKO,Uttar Pradesh,2025-04-19 00:00:00,,ACTIVE,1038.42,MCH5518,0,0,0,1,0,0,0
MCH5484,Vasa PLC,0110,HOTEL_LODGING,individual,Lucknow,Uttar Pradesh,2023-01-06 00:00:00,KFFT4078081558704,ACTIVE,,MCH 5484,0,1,0,0,0,0,0
MCH1591,Ramaswamy-Babu,5311,DEPT_STORE,PARTNERSHIP,amritsar,Punjab,2024-04-18 00:00:00,,ACTIVE,1638.46,MCH1591,0,0,0,1,0,0,0
MCH4273,Bava Group,5999,Misc Retail,Private Limited,Ludhiana,Punjab,2024-12-28 15:12:00,OCKK9490643242644,INACTIVE,2773.64,MCH4273,0,0,0,0,0,0,0
MCH4101,"Sani, Ben and Subramaniam",5311,Department Stores,private_limited,pune,Maharashtra,2025-10-20 20:35:21,XXXX9217,ACTIVE,1377.51,MCH4101,0,0,0,0,0,0,0
MCH6102,"hayre, peri and sura",7011,Hotel,private_limited,Ludhiana,Punjab,2024-01-26 00:00:00,FLWX5559304020457,ACTIVE,-4593.66,MCH6102,1,0,0,0,0,0,0
MCH5160,subramanian inc,7011,Hotel,partnership,amritsar,Punjab,2025-11-17 00:00:00,,ACTIVE,1435.76,MCH5160,0,0,0,1,0,0,0
MCH1101,Seshadri-Rajagopalan,8140,phone service,INDIVIDUAL,Calcutta,West Bengal,2023-06-28 00:00:00,,INACTIVE,3516.26,mch1101,0,0,0,1,0,0,0
MCH7517,"Banik, Kamdar and Dada",5699,CLOTHS,individual,ASR,Punjab,2025-07-20 00:00:00,YYXV9001319720217,ACTIVE,2046.69,MCH7517,0,0,0,0,0,0,0
MCH6187,"Shanker, Sastry and Rattan",4131,TRAVEL,Individual,Dilli,Delhi,2025-11-17 00:00:00,,ACTIVE,327.19,MCH6187,0,0,0,1,0,0,0
MCH8614,Singhal Group,5912,Medical,sole_proprietor,BLR,Karnataka,2025-03-27 00:00:00,XXXX4582,ACTIVE,4570.35,MCH8614,0,0,0,0,0,0,0
MCH6390,barman plc,,MEDICAL_STORE,INDIVIDUAL,kolkata,West Bengal,2023-11-24 00:00:00,XXXX9714,ACTIVE,-904.29,mch6390,1,0,1,0,0,0,0
MCH4835,Hari Inc,5912,MEDICAL_STORE,individual,HYDERABAD,Telangana,2024-06-10 00:00:00,XXXX3222,ACTIVE,348.86,MCH 4835,0,0,0,0,0,0,0
MCH2731,Krishna-Kumar,5311,Department Store,PRIVATE_LIMITED,ludhiana,Punjab,2025-12-18 00:00:00,XXXX8549,ACTIVE,1031.53,MCH-2731,0,0,0,0,0,0,0
MCH5040,Lala-Pandit,5411,Grocery Stores,INDIVIDUAL,kolkata,West Bengal,,,ACTIVE,709.71,mch5040,0,0,0,1,1,0,0
MCH4086,"Kannan, Varghese and Lalla",5311,Retail,private_limited,mumbai,Maharashtra,2024-08-12 00:00:00,0493830742,ACTIVE,1459.96,MCH4086,0,0,0,0,0,0,0
MCH1033,Sidhu and Sons,4814,phone service,individual,Jalandhar,Punjab,2023-09-11 00:00:00,WXKC0706100279623,ACTIVE,1871.48,MCH-1033,0,0,0,0,0,0,0
MCH6360,"Desai, Shroff and Goel",7011,Hotel,private_limited,Jalandhar,Punjab,2025-11-11 00:00:00,7990572488,INACTIVE,635.23,MCH6360,0,0,0,0,0,0,0
MCH7514,Ahuja-Bobal,5311,Retail,Sole Proprietor,lucknow,Uttar Pradesh,2024-04-19 10:36:48,,ACTIVE,1943.52,MCH7514,0,0,0,1,0,0,0
MCH1193,"Padmanabhan, Sekhon and Dhawan",5812,Restaurants,PARTNERSHIP,lucknow,Uttar Pradesh,2025-01-16 00:00:00,,ACTIVE,1712.05,MCH1193,0,0,0,1,0,0,0
MCH1154,"oommen, tata and randhawa",,hotel,PARTNERSHIP,Kolkata,West Bengal,2025-04-18 00:00:00,RBFJ6015227406897,ACTIVE,655.3,MCH1154,0,0,1,0,0,0,0
MCH6256,MANDA INC,5912,Pharmacy,PARTNERSHIP,Ludhiana,Punjab,2024-09-27 22:23:00,,ACTIVE,574.96,MCH6256,0,0,0,1,0,0,0
MCH8337,padmanabhan-nanda,5999,Misc Retail,INDIVIDUAL,BLR,Karnataka,2024-08-20 08:14:01,OIGZ3615629643358,ACTIVE,694.67,MCH8337,0,0,0,0,0,0,0
MCH9797,"Basu, Kota and Hora",7011,HOTEL_LODGING,INDIVIDUAL,jaipur,Rajasthan,,,ACTIVE,3455.43,MCH9797,0,0,0,1,1,0,0
MCH8939,"DHAWAN, KAMDAR AND DALAL",5812,Restaurants,individual,Bangalore,Karnataka,2023-01-06 17:37:02,0807622113,ACTIVE,0.729,MCH 8939,0,0,0,0,0,0,0
MCH6112,LUTHRA-GROVER,5942,Books,partnership,Jaipur,Rajasthan,2024-06-22 00:00:00,,ACTIVE,0.1366,MCH6112,0,0,0,1,0,0,0
MCH8308,"Ganguly, Raj and Keer",,Mobile Recharge,INDIVIDUAL,ASR,Punjab,2023-02-04 00:00:00,5508076719,ACTIVE,3204.8,MCH8308,0,0,1,0,0,0,0
MCH6493,"SUBRAMANIAM, PRASHAD AND PARMER",,Bus/Taxi,SOLE_PROPRIETOR,Mumbay,Maharashtra,2025-04-13 00:00:00,XXXX8820,INACTIVE,,MCH-6493,0,1,1,0,0,0,0
MCH2825,Ku1karni Inc,4814,phone service,INDIVIDUAL,ludhiana,Punjab,2023-07-18 00:00:00,QGWN3520325181186,ACTIVE,1291.01,mch2825,0,0,0,0,0,0,0
MCH2404,Mutti-Seshadri,5411,GROCERY_STORE,INDIVIDUAL,Ludhiana,Punjab,2026-01-13 07:54:00,,ACTIVE,233.4,MCH2404,0,0,0,1,0,0,0
MCH7912,Som-Mistry,,Misc Retail,PARTNERSHIP,jaipur,Rajasthan,2025-08-29 09:32:35,,ACTIVE,,MCH7912,0,1,1,1,0,0,0
MCH4674,Sachar-Loke,5699,Apparel,Private Limited,Jalandhar,Punjab,,,ACTIVE,1222.52,MCH4674,0,0,0,1,1,0,0
MCH3705,Vig Ltd,5942,Stationery,INDIVIDUAL,Chennai,Tamil Nadu,,,ACTIVE,1102.78,MCH3705,0,0,0,1,1,0,0
MCH3637,"Lalla, Deep and Sama",5699,Fashion,INDIVIDUAL,Poona,Maharashtra,2023-05-27 00:00:00,GKWZ9818461335290,ACTIVE,560.03,MCH3637,0,0,0,0,0,0,0
MCH8553,Kumar and Sons,4110,Grocery Stores,Partnership,Jalandhar,Punjab,2025-11-15 00:00:00,,ACTIVE,1412.27,MCH8553,0,0,0,1,0,0,0
MCH1071,ShankarGroup,7011,Hotel,INDIVIDUAL,MUMBAI,Maharashtra,2024-06-23 13:38:43,6765564160,ACTIVE,-389.19,MCH 1071,1,0,0,0,0,0,0
MCH7862,Pandit-Ratti,5912,MEDICAL_STORE,INDIVIDUAL,Amritsar,Punjab,2023-04-23 00:00:00,,ACTIVE,558.23,MCH7862,0,0,0,1,0,0,0
MCH7965,Magar-Kant,5311,Department Stores,SOLE_PROPRIETOR,Pune,Maharashtra,2024-05-13 00:00:00,XXXX3832,ACTIVE,567.32,MCH7965,0,0,0,0,0,0,0
MCH3269,Kara-Ramaswamy,,eating place,Partnership,Poona,Maharashtra,2023-12-07 00:00:00,,ACTIVE,1481.0,MCH3269,0,0,1,1,0,0,0
MCH2501,ravel inc,,Pharmacies,partnership,ludhiana,Punjab,2024-08-13 00:00:00,XXXX9432,ACTIVE,2494.94,MCH2501,0,0,1,0,0,0,0
MCH5502,KAUL-NAYAR,5912,Pharmacy,sole_proprietor,Madras,Tamil Nadu,2024-10-18 20:35:14,0267393457,ACTIVE,0.716,MCH5502,0,0,0,0,0,0,0
MCH3983,Behl-Viswanathan,4110,Grocery Stores,PARTNERSHIP,ludhiana,Punjab,2024-04-23 00:00:00,PHDB4189535389714,ACTIVE,1037.83,MCH3983,0,0,0,0,0,0,0
MCH3610,KHANNA-GOSWAMI,,TELECOM,sole_proprietor,amritsar,Punjab,2023-07-11 00:00:00,,ACTIVE,940.6,MCH3610,0,0,1,1,0,0,0
MCH8607,Sachdeva-Dutta,4814,Telecom,PARTNERSHIP,Jalandhar,Punjab,2026-02-16 21:14:26,HBCE1328673504211,ACTIVE,699.07,MCH 8607,0,0,0,0,0,0,0
MCH7900,Lala-Kashyap,,MEDICAL_STORE,individual,Madras,Tamil Nadu,2024-06-01 00:00:00,DYCG4683635893934,ACTIVE,0.1298,MCH7900,0,0,1,0,0,0,0
MCH3259,Bajaj-Mann,4131,transprt,Individual,Amritsar,Punjab,2024-05-09 00:00:00,VUFB9274060732272,ACTIVE,0.426,MCH3259,0,0,0,0,0,0,0
MCH1697,Sodhi-Ramakrishnan,8140,Telecom,private_limited,lucknow,Uttar Pradesh,2023-04-13 07:04:31,QYQC0323724202438,SUSPENDED,1234.06,MCH-1697,0,0,0,0,0,1,0
MCH5825,Bhardwaj-Sachdeva,5942,Stationery,PARTNERSHIP,Bangalore,Karnataka,2024-05-17 00:03:40,,ACTIVE,-1108.32,MCH5825,1,0,0,1,0,0,0
MCH8159,"Gade, Gala and Bhatti",5812,Restaurant,INDIVIDUAL,JPR,Rajasthan,2024-01-31 09:10:22,,ACTIVE,1186.29,MCH 8159,0,0,0,1,0,0,0
MCH9193,Ramachandran-Rao,5699,garments,INDIVIDUAL,bengaluru,Karnataka,2024-04-07 00:00:00,XXXX3147,ACTIVE,1693.53,MCH9193,0,0,0,0,0,0,0
MCH8832,Gour Ltd,5942,book store,INDIVIDUAL,Pune,Maharashtra,2024-10-19 08:26:23,9524602047,ACTIVE,,MCH8832,0,1,0,0,0,0,0
9637,Handa-Basu,5699,Clothing,PARTNERSHIP,Poona,Maharashtra,2025-09-17 00:00:00,,ACTIVE,515.71,9637,0,0,0,1,0,0,0
MCH8698,"Boase, Bal and Mand",5311,Department Stores,Private Limited,Calcutta,West Bengal,2025-06-13 00:00:00,,ACTIVE,3054.52,MCH8698,0,0,0,1,0,0,0
MCH7383,"SRIVASTAVA, VENKATARAMAN AND ROY",5699,garments,INDIVIDUAL,Chennai,Tamil Nadu,2023-07-10 00:00:00,,ACTIVE,241.13,MCH7383,0,0,0,1,0,0,0
MCH6372,G0da and S0ns,6990,Apparel,Individual,chennai,Tamil Nadu,2024-05-14 00:00:00,WEUJ5834386997769,ACTIVE,515.6,MCH6372,0,0,0,0,0,0,0
MCH5129,"kant, chaudhari and sarna",4131,Transport,SOLE-PROPRIETOR,chennai,Tamil Nadu,2025-07-19 00:00:00,QYZU2715177783366,ACTIVE,4873.16,MCH 5129,0,0,0,0,0,0,0
MCH5293,Varma Inc,,Bus/Taxi,INDIVIDUAL,bengaluru,Karnataka,2025-12-26 00:00:00,LBEZ4327128100737,ACTIVE,-1266.49,MCH 5293,1,0,1,0,0,0,0
2436,"Bhagat, Amble and Dixit",4131,Transportation,INDIVIDUAL,LKO,Uttar Pradesh,2024-07-27 10:21:56,XXXX8612,ACTIVE,2085.74,2436,0,0,0,0,0,0,0
MCH4965,"Shukla, Brahmbhatt and Natarajan",5699,CLOTHS,INDIVIDUAL,pune,Maharashtra,2024-11-20 08:09:00,3036734144,ACTIVE,168.46,MCH4965,0,0,0,0,0,0,0
MCH8974,"Kota, Varty and Mangal",7011,Hotels,INDIVIDUAL,Jaipur,Rajasthan,2024-06-27 23:13:00,,ACTIVE,1353.93,MCH8974,0,0,0,1,0,0,0
MCH8996,Bala-Bhalla,,Other,PRIVATE_LIMITED,lucknow,Uttar Pradesh,2025-08-18 00:00:00,,ACTIVE,1146.92,MCH8996,0,0,1,1,0,0,0
MCH9732,"Srinivasan,EdwinandRattan",,TRAVEL,SOLE_PROPRIETOR,Amritsar,Punjab,2025-04-19 12:04:14,,ACTIVE,3076.5,MCH9732,0,0,1,1,0,0,0
MCH2384,"Savant, Kant and Chokshi",5699,Fashion,PARTNERSHIP,chennai,Tamil Nadu,2024-02-05 00:00:00,,SUSPENDED,0.1196,MCH 2384,0,0,0,1,0,1,0
MCH6877,Jain PLC,5699,Apparel,partnership,Dilli,Delhi,2023-11-23 17:40:08,,ACTIVE,3249.89,mch6877,0,0,0,1,0,0,0
MCH5762,Dyal-Loke,5812,Food,INDIVIDUAL,Calcutta,West Bengal,2023-06-29 00:00:00,,ACTIVE,5081.8,MCH5762,0,0,0,1,0,0,0
MCH6828,Warrior-Bhardwaj,4814,Telecom,Partnership,Lucknow,Uttar Pradesh,2023-06-01 00:00:00,NTMS5038197940684,ACTIVE,2500.44,MCH6828,0,0,0,0,0,0,0
8370,Tandon-Khosla,4131,Transport,PARTNERSHIP,Hyderabad,Telangana,2024-09-15 22:48:07,2595692413,ACTIVE,0.574,8370,0,0,0,0,0,0,0
MCH5559,Grewal-Mohanty,5999,Misc Retail,PRIVATE-LIMITED,Jalandar,Punjab,2024-04-23 00:00:00,,ACTIVE,1466.58,MCH5559,0,0,0,1,0,0,0
MCH4027,"Hegde, Ratti and Gera",5411,GROCERY_STORE,PRIVATE-LIMITED,Hyd,Telangana,2025-02-08 00:00:00,,ACTIVE,-659.89,MCH-4027,1,0,0,1,0,0,0
MCH8261,"Sridhar, Manda and Arora",5812,Food,SOLE_PROPRIETOR,jaipur,Rajasthan,2023-12-02 15:30:00,,SUSPENDED,8032.44,MCH8261,0,0,0,1,0,1,0
MCH5874,Pathak Group,4814,Telecom,INDIVIDUAL,Jalandhar,Punjab,2025-03-16 00:00:00,,INACTIVE,814.38,MCH5874,0,0,0,1,0,0,0
MCH9481,Kata LLC,8140,phone service,partnership,Amritsar,Punjab,2025-11-25 00:00:00,,ACTIVE,1054.88,MCH-9481,0,0,0,1,0,0,0
MCH4677,"Sethi, Bora and Karpe",5942,Stationery,Individual,Poona,Maharashtra,,,INACTIVE,5089.5,MCH4677,0,0,0,1,1,0,0
MCH9258,Edwin Inc,5942,Stationery,PARTNERSHIP,Lucknow,Uttar Pradesh,2024-09-26 00:00:00,0028974564,ACTIVE,1647.77,MCH9258,0,0,0,0,0,0,0
MCH2825,Koshy-Gola,5812,Restaurant,PARTNERSHIP,Bangalore,Karnataka,2025-09-25 00:14:43,YLMF2374015161502,ACTIVE,-3012.53,MCH2825,1,0,0,0,0,0,0
MCH2474,"Setty, Reddy and Singh",,MEDICAL_STORE,SOLE-PROPRIETOR,kolkata,West Bengal,2023-12-11 00:00:00,XXXX1604,ACTIVE,3043.1,MCH2474,0,0,1,0,0,0,0
MCH1533,Wason and Sons,5812,eating place,partnership,Amritsar,Punjab,2025-03-27 07:32:49,,INACTIVE,419.64,MCH1533,0,0,0,1,0,0,0
MCH9112,Saini-Sinha,5699,garments,PRIVATE-LIMITED,Pune,Maharashtra,2024-08-03 00:00:00,,ACTIVE,1129.73,mch9112,0,0,0,1,0,0,0
MCH2096,"Taneja, Basu and Bal",4814,Telecom,PRIVATE-LIMITED,pune,Maharashtra,2024-09-28 00:00:00,6426260442,ACTIVE,1660.3,MCH2096,0,0,0,0,0,0,0
MCH1718,Wason-Vaidya,5311,retail,PRIVATE_LIMITED,Jalandhar,Punjab,2025-04-04 17:19:00,,INACTIVE,705.66,MCH1718,0,0,0,1,0,0,0
MCH7524,"Sarna, Mital and Deo",7011,Hospitality,Private Limited,BLR,Karnataka,2025-07-13 10:56:49,XXXX6292,ACTIVE,1847.0,MCH7524,0,0,0,0,0,0,0
MCH9147,Bedi-Dugar,5912,Pharmacies,SOLE-PROPRIETOR,bengaluru,Karnataka,2024-05-31 05:15:00,,ACTIVE,1264.98,MCH9147,0,0,0,1,0,0,0
9642,Sarin Group,4814,TELECOM,INDIVIDUAL,MUMBAI,Maharashtra,2025-10-09 00:00:00,LEVP3171266345624,ACTIVE,11510.93,9642,0,0,0,0,0,0,0
6776,Hari-Tak,4131,Transport,SOLE-PROPRIETOR,Jalandhar,Punjab,2025-05-25 00:00:00,MRFF6144887569600,INACTIVE,1189.41,6776,0,0,0,0,0,0,0
MCH7803,Mukherjee-Sha,4814,TELECOM,PRIVATE_LIMITED,jaipur,Rajasthan,2023-02-16 00:00:00,7883892457,ACTIVE,0.763,MCH7803,0,0,0,0,0,0,0
MCH2973,"Bhargava, Dani and Krishnamurthy",4131,transprt,PARTNERSHIP,ludhiana,Punjab,2023-08-30 00:00:00,,ACTIVE,3748.31,MCH-2973,0,0,0,1,0,0,0
MCH2293,"pandit, bhavsar and barman",4814,TELECOM,PRIVATE_LIMITED,Pune,Maharashtra,2023-03-20 00:50:23,,ACTIVE,792.61,MCH2293,0,0,0,1,0,0,0
MCH6645,buch llc,4131,transprt,PRIVATE-LIMITED,Amritsar,Punjab,2024-09-25 00:00:00,,ACTIVE,102.32,MCH6645,0,0,0,1,0,0,0
MCH3941,"Khanna, Sama and Korpal",,Retail Other,Sole Proprietor,pune,Maharashtra,,,ACTIVE,1016.43,MCH3941,0,0,1,1,1,0,0
MCH2419,Suri Ltd,5999,Misc Retail,INDIVIDUAL,Mumbai,Maharashtra,2024-02-05 00:00:00,2248391109,ACTIVE,-5184.52,MCH 2419,1,0,0,0,0,0,0
MCH8762,Dani-Saha,4131,Transport,PARTNERSHIP,Calcutta,West Bengal,,,ACTIVE,778.15,MCH8762,0,0,0,1,1,0,0
MCH7428,Chand Inc,5699,CLOTHS,Individual,Bangalore,Karnataka,2025-10-11 00:00:00,XXXX8001,ACTIVE,1254.86,MCH7428,0,0,0,0,0,0,0
MCH7784,DAYAL PLC,4814,phone service,PARTNERSHIP,pune,Maharashtra,2024-09-23 00:20:11,XXXX9570,ACTIVE,,MCH 7784,0,1,0,0,0,0,0
MCH1917,"Chowdhury, Krishna and Rajagopal",5699,Fashion,SOLE_PROPRIETOR,amritsar,Punjab,2024-10-20 00:00:00,,SUSPENDED,909.84,MCH-1917,0,0,0,1,0,1,0
MCH5641,Thaker and Sons,1310,Transportation,Partnership,Madras,Tamil Nadu,2024-02-20 00:00:00,4665430270,ACTIVE,1143.48,MCH-5641,0,0,0,0,0,0,0
MCH7192,Subramaniam and S0ns,5942,Book Store,PRIVATE-LIMITED,Dilli,Delhi,2025-09-20 00:00:00,,ACTIVE,2702.97,mch7192,0,0,0,1,0,0,0
MCH6904,DIXIT-MALLICK,7011,Hotel,SOLE-PROPRIETOR,Hyd,Telangana,2023-03-25 00:00:00,UXIZ6468526873602,INACTIVE,402.95,MCH6904,0,0,0,0,0,0,0
MCH4043,choudhry and sons,5912,Pharmacies,Private Limited,Bangalore,Karnataka,2024-02-05 18:00:28,XXXX3422,ACTIVE,367.6,MCH4043,0,0,0,0,0,0,0
MCH7661,Brahmbhatt and Sons,,Fashion,Individual,JPR,Rajasthan,2024-02-13 00:00:00,,ACTIVE,825.29,MCH7661,0,0,1,1,0,0,0
MCH1845,Goel Inc,4131,Bus/Taxi,private_limited,Dilli,Delhi,2023-10-17 00:00:00,6579207527,ACTIVE,1675.96,MCH1845,0,0,0,0,0,0,0
MCH1459,"Palla, Saini and Date",7011,Hotel,individual,Ludhiana,Punjab,2024-02-20 00:00:00,,SUSPENDED,1582.79,mch1459,0,0,0,1,0,1,0
MCH1611,Karan-Kibe,,groceries,sole_proprietor,Jalandhar,Punjab,2024-03-06 00:00:00,,ACTIVE,343.64,MCH1611,0,0,1,1,0,0,0
MCH2844,Misra-Seth,4131,Transportation,Individual,ASR,Punjab,2023-05-24 00:00:00,XXXX4860,ACTIVE,162.5,MCH 2844,0,0,0,0,0,0,0
MCH1101,Ramaswamy-Prabhakar,5912,Pharmacies,SOLE_PROPRIETOR,chennai,Tamil Nadu,2025-06-02 00:00:00,,ACTIVE,0.8687,MCH1101,0,0,0,1,0,0,0
MCH4250,"SUBRAMANIAM, DATTA AND PATEL",5411,Grocery,PARTNERSHIP,Kolkata,West Bengal,2023-06-07 00:00:00,,ACTIVE,1320.67,MCH4250,0,0,0,1,0,0,0
MCH5558,"Rao, Sidhu and Barad",7011,Hospitality,partnership,ASR,Punjab,2024-09-14 00:00:00,,ACTIVE,0.626,MCH5558,0,0,0,1,0,0,0
MCH2767,"Patel, Jhaveri and Dugar",4814,Telecom,Private Limited,Jalandhar,Punjab,2025-06-16 00:00:00,,ACTIVE,1222.94,MCH2767,0,0,0,1,0,0,0
MCH6681,Baria PLC,4131,Bus/Taxi,INDIVIDUAL,DELHI,Delhi,2026-02-17 00:00:00,0443076547,INACTIVE,0.1343,MCH6681,0,0,0,0,0,0,0
MCH1709,sachdeva-khanna,5999,Other,PARTNERSHIP,Madras,Tamil Nadu,2023-08-25 07:56:38,XXXX5946,ACTIVE,481.17,MCH1709,0,0,0,0,0,0,0
MCH1610,Sodhi-Parekh,5411,GROCERY_STORE,partnership,Amritsar,Punjab,,XXXX7277,ACTIVE,1488.13,mch1610,0,0,0,0,1,0,0
MCH5918,bora-rege,5699,garments,Partnership,pune,Maharashtra,2024-09-23 00:00:00,USII8978521648386,ACTIVE,-203.17,MCH5918,1,0,0,0,0,0,0
MCH6812,"Gade, Badami and Choudhary",4814,Mobile Recharge,sole_proprietor,ASR,Punjab,2023-12-21 00:00:00,,ACTIVE,-200.21,MCH6812,1,0,0,1,0,0,0
MCH7290,"Subramanian, B0rde and Ba1akrishnan",5699,Clothing,Individual,Lucknow,Uttar Pradesh,2023-03-17 00:00:00,IRWT0239440992204,ACTIVE,0.2695,MCH7290,0,0,0,0,0,0,0
MCH7981,"Singhal, Manne and Ray",5699,CLOTHS,Private Limited,jalandhar,Punjab,2023-11-02 00:00:00,IOCQ7344534204502,ACTIVE,234.87,MCH7981,0,0,0,0,0,0,0
9121,Divan-Char,5942,BOOKS_STATIONERY,PARTNERSHIP,Amritsar,Punjab,2025-02-18 00:00:00,YDYC9354203967320,INACTIVE,-339.98,9121,1,0,0,0,0,0,0
MCH3806,Thakkar-Kara,5942,Books,sole_proprietor,jaipur,Rajasthan,2024-09-06 10:40:33,SOII5443407300788,ACTIVE,2156.0,mch3806,0,0,0,0,0,0,0
MCH6568,MINHAS PLC,7011,HOTEL_LODGING,Sole Proprietor,Amritsar,Punjab,2024-04-10 18:11:31,8442730412,ACTIVE,0.1486,MCH6568,0,0,0,0,0,0,0
MCH1894,Tara-Gupta,5812,FOOD_SERVICES,individual,Hyderabad,Telangana,2024-11-27 16:55:26,,INACTIVE,0.2112,MCH1894,0,0,0,1,0,0,0
8050,Bora-Oommen,5311,Department Store,individual,jalandhar,Punjab,2023-12-16 05:28:51,YBIM5056880883544,ACTIVE,587.46,8050,0,0,0,0,0,0,0
MCH8470,"GARG, SURI AND SAGAR",5699,Fashion,individual,ludhiana,Punjab,2023-11-19 00:00:00,,ACTIVE,,MCH8470,0,1,0,1,0,0,0
MCH5833,Deep and Sons,5411,Grocery,partnership,jaipur,Rajasthan,2024-04-04 00:00:00,,ACTIVE,4335.22,MCH5833,0,0,0,1,0,0,0
MCH1497,Lanka PLC,9120,Medical,Private Limited,ASR,Punjab,2025-09-24 00:00:00,,ACTIVE,0.1817,MCH 1497,0,0,0,1,0,0,0
MCH5705,"PALAN, BHARGAVA AND JAGGI",4131,Transport,INDIVIDUAL,Lucknow,Uttar Pradesh,2026-02-05 00:00:00,,ACTIVE,1360.45,mch5705,0,0,0,1,0,0,0
MCH9147,BORDE GROUP,5942,Book Store,SOLE_PROPRIETOR,Madras,Tamil Nadu,,,ACTIVE,0.193,MCH9147,0,0,0,1,1,0,0
MCH7912,"Raju, Bhakta and Kaul",5942,Books,Partnership,Jaipur,Rajasthan,2024-10-13 23:08:28,,ACTIVE,1561.88,MCH7912,0,0,0,1,0,0,0
MCH8416,"Bal, Kant and Gola",5411,kirana,PRIVATE_LIMITED,Chennai,Tamil Nadu,2025-03-31 00:00:00,XXXX9605,ACTIVE,5069.39,MCH8416,0,0,0,0,0,0,0
MCH4129,"Lad, Raja and Sachdev",7011,Hotel,Partnership,MUMBAI,Maharashtra,2023-09-11 00:00:00,0929537946,ACTIVE,954.07,MCH4129,0,0,0,0,0,0,0
MCH9027,"Dani, Soni and Nagy",7011,Hotels,partnership,Jalandhar,Punjab,2023-10-26 00:00:00,XXXX0115,ACTIVE,-905.68,MCH9027,1,0,0,0,0,0,0
MCH7574,Loke Ltd,,DEPT_STORE,SOLE_PROPRIETOR,kolkata,West Bengal,,XXXX9656,ACTIVE,-302.53,MCH7574,1,0,1,0,1,0,0
MCH9234,"Jhaveri, Chandran and Shukla",7011,hospitality,Partnership,Lucknow,Uttar Pradesh,2024-07-26 00:00:00,XXXX3221,INACTIVE,762.04,MCH9234,0,0,0,0,0,0,0
MCH6113,Tara-Kala,5699,garments,Private Limited,Amritsar,Punjab,,,ACTIVE,915.2,MCH6113,0,0,0,1,1,0,0
MCH5586,Andra-Sha,5699,CLOTHS,PRIVATE_LIMITED,amritsar,Punjab,2023-07-03 00:00:00,4565854983,SUSPENDED,-349.98,MCH5586,1,0,0,0,0,1,0
MCH4782,Salvi-Comar,7011,Hotel,SOLE_PROPRIETOR,jalandhar,Punjab,2025-07-13 09:44:30,XXXX1728,ACTIVE,876.5,MCH4782,0,0,0,0,0,0,0
MCH1518,Saini-Gole,5999,Other,PRIVATE_LIMITED,jalandhar,Punjab,2023-07-08 00:00:00,,ACTIVE,957.31,MCH1518,0,0,0,1,0,0,0
MCH8566,Magar-Kota,4131,transprt,PARTNERSHIP,ASR,Punjab,2026-01-03 12:47:00,,ACTIVE,1353.18,MCH8566,0,0,0,1,0,0,0
MCH8890,Halder Inc,0110,Hotels,PRIVATE_LIMITED,lucknow,Uttar Pradesh,2026-01-15 00:00:00,XXXX3843,BLOCKED,2352.14,MCH8890,0,0,0,0,0,0,1
6586,Pandya PLC,5999,Miscellaneous,individual,bengaluru,Karnataka,2024-04-29 00:00:00,ADLW1268933500473,ACTIVE,0.52,6586,0,0,0,0,0,0,0
MCH4212,Raman-Kohli,4110,Grocery Stores,PARTNERSHIP,ludhiana,Punjab,2024-10-27 10:39:27,AIWO1178745904405,ACTIVE,0.3361,MCH4212,0,0,0,0,0,0,0
MCH5602,Kaul PLC,5411,Grocery Stores,private_limited,Hyderabad,Telangana,2023-05-17 00:00:00,2312889197,INACTIVE,469.06,MCH-5602,0,0,0,0,0,0,0
MCH8291,walia inc,7011,HOTEL_LODGING,PRIVATE_LIMITED,Ludhiana,Punjab,2023-01-04 19:11:00,,ACTIVE,1898.37,MCH-8291,0,0,0,1,0,0,0
MCH3545,"CHACKO, OZA AND JAGGI",7011,Hotels,Sole Proprietor,Hyd,Telangana,2023-09-30 00:00:00,,ACTIVE,867.82,MCH3545,0,0,0,1,0,0,0
MCH3889,upadhyay-chaudhry,4131,Bus/Taxi,Individual,ludhiana,Punjab,2026-01-16 00:00:00,5975404049,ACTIVE,,MCH 3889,0,1,0,0,0,0,0
MCH5413,"K0shy, Batra and K0h1i",5311,Department Store,SOLE_PROPRIETOR,LKO,Uttar Pradesh,2023-09-04 00:00:00,,ACTIVE,0.608,mch5413,0,0,0,1,0,0,0
MCH7533,"Boase, Krishnan and Tiwari",,Clothing,partnership,LKO,Uttar Pradesh,2025-04-06 21:09:50,YYIV1816207811981,ACTIVE,0.1221,MCH7533,0,0,1,0,0,0,0
MCH3412,Tak and Sons,0110,HOTEL_LODGING,sole_proprietor,JPR,Rajasthan,2024-10-31 00:00:00,XXXX3873,ACTIVE,4884.39,MCH3412,0,0,0,0,0,0,0
MCH1095,Mander Group,4814,phone service,PARTNERSHIP,kolkata,West Bengal,2023-01-30 03:08:00,XXXX5510,ACTIVE,1277.94,MCH 1095,0,0,0,0,0,0,0
MCH5775,Aurora-Dhillon,1310,TRAVEL,individual,Bangalore,Karnataka,2024-01-15 00:58:00,,INACTIVE,470.32,MCH5775,0,0,0,1,0,0,0
MCH2492,"dhawan, salvi and dara",5812,Food,partnership,Lucknow,Uttar Pradesh,2025-08-07 00:00:00,XXXX8560,INACTIVE,3500.9,MCH2492,0,0,0,0,0,0,0
MCH6890,Pandit-Narasimhan,7011,hotel,private_limited,Calcutta,West Bengal,2024-04-21 00:00:00,XXXX8046,INACTIVE,525.87,MCH6890,0,0,0,0,0,0,0
MCH9038,NAIDU GROUP,4131,Transport,private_limited,MUMBAI,Maharashtra,2024-07-12 00:00:00,,ACTIVE,225.16,MCH9038,0,0,0,1,0,0,0
MCH1010,Menon-Andra,,Grocery,PRIVATE-LIMITED,delhi,Delhi,2024-11-17 00:00:00,XXXX4837,ACTIVE,678.36,MCH1010,0,0,1,0,0,0,0
MCH9133,"Rai, Nadig and Karpe",4131,transprt,PRIVATE-LIMITED,ludhiana,Punjab,2025-09-03 00:00:00,,ACTIVE,-268.65,MCH9133,1,0,0,1,0,0,0
MCH9363,Mannan Group,4131,Transport,PRIVATE_LIMITED,Mumbai,Maharashtra,2024-07-29 00:00:00,,ACTIVE,,MCH9363,0,1,0,1,0,0,0
MCH9035,Merchant PLC,5411,Grocery Stores,Private Limited,JPR,Rajasthan,2023-02-04 00:00:00,UCPE5658691269773,ACTIVE,-1280.34,MCH9035,1,0,0,0,0,0,0
MCH5642,Swaminathan-Ratti,7011,Hospitality,Sole Proprietor,Bangalore,Karnataka,2024-09-16 00:00:00,,ACTIVE,1651.14,mch5642,0,0,0,1,0,0,0
MCH2695,Patil Inc,5411,kirana,Partnership,Pune,Maharashtra,2024-06-26 00:00:00,9565066028,ACTIVE,792.09,MCH2695,0,0,0,0,0,0,0
MCH8792,CHOPRA-NORI,5699,garments,PRIVATE-LIMITED,Lucknow,Uttar Pradesh,2025-01-09 00:00:00,XXXX7970,ACTIVE,-793.52,MCH8792,1,0,0,0,0,0,0
MCH7281,Kalita-Mistry,8140,mobile recharge,private_limited,Hyderabad,Telangana,2024-11-24 00:00:00,XXXX5201,INACTIVE,2941.71,MCH 7281,0,0,0,0,0,0,0
MCH4952,"Anne,ChoudhryandBhattacharyya",5812,Restaurants,Individual,Dilli,Delhi,,XAPW5259361506192,ACTIVE,0.4302,MCH-4952,0,0,0,0,1,0,0
MCH9739,"Gupta, Bhatia and Dhillon",4131,transprt,PRIVATE-LIMITED,jaipur,Rajasthan,2025-03-20 00:00:00,,ACTIVE,-374.45,MCH9739,1,0,0,1,0,0,0
MCH1268,Vyas Ltd,5311,Retail,Individual,Amritsar,Punjab,2023-06-28 00:00:00,,ACTIVE,,MCH1268,0,1,0,1,0,0,0
MCH8242,Choudhary-Pall,7011,Hotel,PRIVATE_LIMITED,Ludhiana,Punjab,2023-06-27 07:50:14,XXXX7286,ACTIVE,607.04,MCH-8242,0,0,0,0,0,0,0
MCH5233,Raghavan-Mall,4814,Mobile Recharge,partnership,Bengaluru,Karnataka,2026-02-11 05:56:00,,ACTIVE,3087.5,MCH5233,0,0,0,1,0,0,0
MCH2131,Boase-Varghese,5699,Clothing,SOLE-PROPRIETOR,Poona,Maharashtra,2025-03-29 00:00:00,,ACTIVE,2157.11,MCH2131,0,0,0,1,0,0,0
MCH1917,"Bera, Bhakta and Dhillon",5942,Books,SOLE_PROPRIETOR,MUMBAI,Maharashtra,2023-08-06 01:48:07,9839969668,ACTIVE,0.293,MCH1917,0,0,0,0,0,0,0
MCH1377,Sinha-Gaba,5411,kirana,PRIVATE-LIMITED,Poona,Maharashtra,2025-12-04 06:37:25,YBUL0961027329909,INACTIVE,1471.43,MCH1377,0,0,0,0,0,0,0
MCH4842,Lall-Bakshi,7011,HOTEL_LODGING,Sole Proprietor,jaipur,Rajasthan,2023-04-11 04:37:40,,ACTIVE,346.23,MCH4842,0,0,0,1,0,0,0
5911,Chacko-Kota,5311,Retail,Partnership,Hyd,Telangana,2023-09-07 00:00:00,,ACTIVE,797.25,5911,0,0,0,1,0,0,0
MCH5678,Kumar and Sons,5311,Department Store,PRIVATE-LIMITED,JPR,Rajasthan,2024-03-25 00:00:00,JJQM4342551832633,ACTIVE,0.6122,MCH5678,0,0,0,0,0,0,0
MCH1944,Morar Ltd,5812,FOOD_SERVICES,Individual,Pune,Maharashtra,2023-04-23 00:00:00,XXXX8672,ACTIVE,1207.98,MCH1944,0,0,0,0,0,0,0
MCH5497,Dayal and Sons,5999,Miscellaneous,Private Limited,DELHI,Delhi,2024-04-28 22:58:00,XXXX0595,ACTIVE,1767.24,MCH5497,0,0,0,0,0,0,0
MCH4002,"Bora, Kant and Chauhan",4110,GROCERY_STORE,INDIVIDUAL,bengaluru,Karnataka,2023-06-16 12:46:40,7171127147,ACTIVE,,MCH4002,0,1,0,0,0,0,0
MCH6903,Lata-Raja,4131,transprt,Sole Proprietor,Pune,Maharashtra,2023-06-08 00:00:00,XXXX0937,ACTIVE,0.2296,MCH6903,0,0,0,0,0,0,0
MCH6137,"Saxena, Aggarwa1 and Sem",5812,eating place,INDIVIDUAL,HYDERABAD,Telangana,,3824594690,ACTIVE,421.31,MCH-6137,0,0,0,0,1,0,0
MCH6147,Singhal-Murthy,1310,Transport,Partnership,Mumbay,Maharashtra,2023-06-01 00:00:00,,ACTIVE,-1814.59,mch6147,1,0,0,1,0,0,0
MCH9325,"Patel, Parikh and Kaul",4814,TELECOM,PRIVATE_LIMITED,Lucknow,Uttar Pradesh,2023-03-13 00:58:46,9323786200,ACTIVE,1538.45,MCH9325,0,0,0,0,0,0,0
MCH6795,"Hans, Majumdar and Mangat",5999,Misc Retail,individual,Hyderabad,Telangana,2023-06-05 00:00:00,,ACTIVE,1573.9,MCH6795,0,0,0,1,0,0,0
MCH7986,Pathak Inc,,Retail Other,INDIVIDUAL,Chennai,Tamil Nadu,2024-05-30 00:00:00,,INACTIVE,1602.91,MCH7986,0,0,1,1,0,0,0
MCH5740,Dayal-Desai,5699,CLOTHS,SOLE-PROPRIETOR,chennai,Tamil Nadu,2025-04-10 00:00:00,,ACTIVE,0.4887,MCH 5740,0,0,0,1,0,0,0
MCH2902,Karpe LLC,,Medical,PRIVATE_LIMITED,Jaipur,Rajasthan,2023-07-25 18:13:40,JHGQ1740219623528,ACTIVE,1088.17,MCH2902,0,0,1,0,0,0,0
MCH6683,Konda-Nagar,4814,Telecom,individual,LDH,Punjab,2025-09-20 10:19:00,,ACTIVE,4740.89,mch6683,0,0,0,1,0,0,0
MCH2755,Wason and Sons,5699,Fashion,PARTNERSHIP,BLR,Karnataka,,,ACTIVE,-3396.06,MCH 2755,1,0,0,1,1,0,0
MCH6400,Sem-Keer,5411,Grocery Stores,PARTNERSHIP,ludhiana,Punjab,2025-12-21 00:00:00,4217077300,ACTIVE,13683.2,MCH6400,0,0,0,0,0,0,0
MCH8951,Golla-Venkataraman,4814,phone service,individual,Mumbai,Maharashtra,2023-09-02 00:00:00,2811788004,ACTIVE,436.83,mch8951,0,0,0,0,0,0,0
MCH8157,Lall-Char,,Books,Private Limited,Jalandhar,Punjab,2023-07-08 23:15:42,CLWX6992397328584,ACTIVE,3861.94,mch8157,0,0,1,0,0,0,0
MCH7810,Bail Inc,5942,Books,Sole Proprietor,Ludhiana,Punjab,2025-01-25 00:00:00,9018773100,INACTIVE,-529.29,MCH7810,1,0,0,0,0,0,0
MCH7044,Chanda-Gaba,5812,Restaurants,Private Limited,Bangalore,Karnataka,2023-06-04 10:26:47,SOPQ0539518853543,ACTIVE,402.62,MCH7044,0,0,0,0,0,0,0
MCH5573,"GUHA, DAYAL AND MUTTI",5411,groceries,sole_proprietor,chennai,Tamil Nadu,,XXXX9546,ACTIVE,2684.58,MCH5573,0,0,0,0,1,0,0
MCH2764,"Yogi, Jani and Choudhry",4814,phone service,INDIVIDUAL,Ludhiana,Punjab,2024-04-19 00:00:00,3163531350,ACTIVE,516.18,MCH2764,0,0,0,0,0,0,0
MCH8436,"Seshadri, Minhas and Subramanian",4814,Mobile Recharge,INDIVIDUAL,DELHI,Delhi,2025-12-21 00:00:00,XXXX8739,ACTIVE,1427.93,MCH8436,0,0,0,0,0,0,0
MCH6369,"Chaudhry, Batra and Rama",4131,Transportation,PARTNERSHIP,jalandhar,Punjab,2024-04-15 00:00:00,3514628122,INACTIVE,612.29,MCH6369,0,0,0,0,0,0,0
MCH5934,"bandi, devi and gulati",4131,Bus/Taxi,Individual,chennai,Tamil Nadu,2023-08-08 00:06:00,,ACTIVE,306.36,MCH5934,0,0,0,1,0,0,0
MCH1326,"Chaudhry, Agrawa1 and Sridhar",5942,Books,sole_proprietor,Bangalore,Karnataka,2024-05-20 00:00:00,ZQNQ7613300121760,ACTIVE,177.58,MCH1326,0,0,0,0,0,0,0
MCH9048,Sastry-Prakash,,Restaurants,private_limited,Pune,Maharashtra,2023-02-01 00:00:00,,SUSPENDED,469.83,mch9048,0,0,1,1,0,1,0
MCH9844,MENON AND SONS,4131,Bus/Taxi,Sole Proprietor,Bombay,Maharashtra,2024-04-14 00:00:00,,ACTIVE,0.1083,MCH9844,0,0,0,1,0,0,0
MCH3911,"Majumdar, Sane and Raval",8120,Restaurant,SOLE-PROPRIETOR,Poona,Maharashtra,2025-09-05 21:26:37,2993218520,HOLD,2093.32,MCH3911,0,0,0,0,0,0,0
MCH7164,lata-parmar,,Food,individual,Madras,Tamil Nadu,2023-11-18 00:00:00,8876915291,ACTIVE,,MCH7164,0,1,1,0,0,0,0
MCH6548,"Nayak, Kannan and Chatterjee",5999,Retail Other,private_limited,Jaipur,Rajasthan,2025-07-28 00:00:00,,ACTIVE,2065.28,MCH6548,0,0,0,1,0,0,0
MCH1908,Tara-Babu,5942,BOOKS_STATIONERY,sole_proprietor,chennai,Tamil Nadu,2023-12-13 15:54:11,,ACTIVE,0.4659,MCH1908,0,0,0,1,0,0,0
MCH2444,Barman-Prakash,5999,Misc Retail,Individual,chennai,Tamil Nadu,,,ACTIVE,,MCH-2444,0,1,0,1,1,0,0
MCH9151,Ravi Ltd,4131,Transport,PARTNERSHIP,Jalandhar,Punjab,2025-06-26 08:37:00,,INACTIVE,779.12,MCH9151,0,0,0,1,0,0,0
MCH8555,Gopal LLC,9420,Book Store,PRIVATE-LIMITED,Madras,Tamil Nadu,2025-06-13 00:00:00,3381139283,ACTIVE,,MCH-8555,0,1,0,0,0,0,0
MCH2289,Sinha-Purohit,5699,Fashion,sole_proprietor,LKO,Uttar Pradesh,,4542627557,SUSPENDED,2284.55,MCH2289,0,0,0,0,1,1,0
8283,Nagar Group,4814,Mobile Recharge,partnership,Kolkata,West Bengal,2026-02-08 06:11:47,,ACTIVE,1032.5,8283,0,0,0,1,0,0,0
7919,Nadkarni Group,5912,MEDICAL_STORE,PRIVATE-LIMITED,MUMBAI,Maharashtra,2023-05-22 17:33:55,,ACTIVE,-4687.28,7919,1,0,0,1,0,0,0
MCH8496,Sandhu PLC,5942,Book Store,partnership,Hyderabad,Telangana,2025-01-10 19:16:00,PCDO3725942171870,INACTIVE,,MCH8496,0,1,0,0,0,0,0
MCH6843,"Thakkar, Date and Balasubramanian",5699,Apparel,INDIVIDUAL,Mumbay,Maharashtra,2024-06-19 00:00:00,CATP2399171338860,ACTIVE,2750.74,MCH6843,0,0,0,0,0,0,0
MCH1335,"Wagle, Kamdar and Mallick",7011,Hospitality,SOLE_PROPRIETOR,Mumbai,Maharashtra,2024-03-05 01:55:00,OQHA9321120180853,SUSPENDED,0.398,MCH1335,0,0,0,0,0,1,0
MCH4531,bail-ramachandran,4814,Telecom,Private Limited,JPR,Rajasthan,2025-05-11 18:13:55,XXXX9300,ACTIVE,597.69,MCH-4531,0,0,0,0,0,0,0
MCH3351,"Loke, Narasimhan and Gandhi",5912,chemist,PARTNERSHIP,ASR,Punjab,2023-06-22 00:00:00,,SUSPENDED,1029.99,MCH3351,0,0,0,1,0,1,0
MCH8425,"Bhatnagar,ComarandHans",7011,Hotels,Individual,Jalandar,Punjab,2025-06-12 00:00:00,NAVX0262232106872,ACTIVE,637.53,MCH8425,0,0,0,0,0,0,0
MCH4913,Baral-Bhattacharyya,1310,Transport,Individual,amritsar,Punjab,2023-05-19 19:12:00,MXBT0588021899874,INACTIVE,697.03,MCH4913,0,0,0,0,0,0,0
MCH1448,TAK AND SONS,5999,Other,sole_proprietor,Mumbay,Maharashtra,2024-03-30 02:02:17,XXXX9348,ACTIVE,2897.23,MCH1448,0,0,0,0,0,0,0
MCH7013,"Menon, Bahri and Pal",,HOTEL_LODGING,Partnership,Lucknow,Uttar Pradesh,2024-02-23 00:00:00,YKID8300912408123,ACTIVE,419.34,MCH-7013,0,0,1,0,0,0,0
MCH8192,"oza, sant and loke",4110,Grocery Stores,PRIVATE-LIMITED,kolkata,West Bengal,2024-05-11 00:46:00,XXXX6524,INACTIVE,0.408,MCH 8192,0,0,0,0,0,0,0
MCH4274,BHAT-TAILOR,,GROCERY_STORE,Private Limited,LDH,Punjab,2025-03-17 00:00:00,0718437905,INACTIVE,168.98,MCH4274,0,0,1,0,0,0,0
MCH7294,"Kuruvilla, Ahluwalia and Gole",5912,Medical,Partnership,pune,Maharashtra,2023-06-11 00:00:00,FATQ4333129690113,ACTIVE,1573.98,MCH7294,0,0,0,0,0,0,0
MCH4815,"Mohan, Gaba and Banik",4131,Transportation,SOLE-PROPRIETOR,jalandhar,Punjab,2025-01-13 00:00:00,,ACTIVE,4426.57,MCH4815,0,0,0,1,0,0,0
MCH2624,Pandya Group,5311,Department Store,Individual,Bombay,Maharashtra,2023-12-09 00:00:00,3278618323,HOLD,606.95,mch2624,0,0,0,0,0,0,0
MCH1558,Shroff-Khanna,4814,Telecom,PARTNERSHIP,BLR,Karnataka,2023-01-20 12:52:42,,ACTIVE,1953.35,MCH1558,0,0,0,1,0,0,0
MCH5631,CHADA-BUCH,7011,Hotel,SOLE_PROPRIETOR,LKO,Uttar Pradesh,2023-03-06 00:00:00,YVOF0855521464981,BLOCKED,2202.48,MCH5631,0,0,0,0,0,0,1
MCH5587,"Rama, Bail and Garde",5812,Restaurants,SOLE_PROPRIETOR,Jaipur,Rajasthan,2024-11-26 10:05:00,,INACTIVE,0.3401,MCH 5587,0,0,0,1,0,0,0
MCH4306,"Narula, Hegde and Minhas",4110,Grocery Stores,private_limited,BLR,Karnataka,2025-08-03 01:58:17,,ACTIVE,-2023.94,MCH4306,1,0,0,1,0,0,0
MCH4487,RANDHAWA-MALLICK,5311,Department Stores,INDIVIDUAL,ludhiana,Punjab,2023-08-22 21:49:04,,ACTIVE,1290.99,MCH4487,0,0,0,1,0,0,0
MCH9930,Kale LLC,5699,CLOTHS,SOLE_PROPRIETOR,jaipur,Rajasthan,,,ACTIVE,1917.92,mch9930,0,0,0,1,1,0,0
MCH9605,Chokshi LLC,5812,Restaurants,sole_proprietor,Bangalore,Karnataka,2026-01-31 00:00:00,,ACTIVE,0.2523,MCH9605,0,0,0,1,0,0,0
MCH5042,Narasimhan Ltd,7011,Hospitality,Private Limited,pune,Maharashtra,2025-03-11 00:00:00,,ACTIVE,,MCH5042,0,1,0,1,0,0,0
MCH1842,"Singh, Dhillon and Garg",4814,Telecom,partnership,Lucknow,Uttar Pradesh,2024-10-21 00:00:00,6092011664,INACTIVE,-182.82,MCH-1842,1,0,0,0,0,0,0
MCH2859,"Doctor, Bir and Lanka",5411,GROCERY_STORE,Private Limited,HYDERABAD,Telangana,2025-04-03 00:00:00,,ACTIVE,2296.45,MCH2859,0,0,0,1,0,0,0
MCH5129,dayal-saran,5912,Pharmacy,Sole Proprietor,Chennai,Tamil Nadu,2024-09-30 00:00:00,1476589127,ACTIVE,1504.46,MCH5129,0,0,0,0,0,0,0
MCH3469,Ha1der-Bains,,Telecom,Private Limited,Ludhiana,Punjab,,AHBB0158183764134,ACTIVE,943.76,mch3469,0,0,1,0,1,0,0
3402,"Lala, Loyal and Trivedi",5999,Miscellaneous,PARTNERSHIP,Poona,Maharashtra,2025-12-14 00:00:00,4812392751,INACTIVE,1152.61,3402,0,0,0,0,0,0,0
MCH5111,Ramachandran Group,,Department Stores,private_limited,ludhiana,Punjab,2026-01-05 10:29:00,9740232667,ACTIVE,541.94,MCH 5111,0,0,1,0,0,0,0
MCH4413,Bedi-Chanda,4131,Transport,private_limited,Madras,Tamil Nadu,2024-01-16 00:17:39,,ACTIVE,3646.52,MCH4413,0,0,0,1,0,0,0
MCH9394,Balay Group,5311,Department Store,Sole Proprietor,chennai,Tamil Nadu,2023-08-08 00:00:00,,ACTIVE,0.279,MCH9394,0,0,0,1,0,0,0
MCH7163,"Chowdhury, Goyal and Pradhan",4131,Transportation,Sole Proprietor,pune,Maharashtra,2023-11-08 00:00:00,5098805593,ACTIVE,-806.17,MCH7163,1,0,0,0,0,0,0
MCH8198,Buch-Sengupta,5311,Department Stores,individual,Kolkata,West Bengal,2023-01-18 00:00:00,,ACTIVE,2004.67,mch8198,0,0,0,1,0,0,0
MCH6268,"yogi, sachar and mammen",5411,Grocery Stores,Sole Proprietor,Jalandhar,Punjab,2025-11-05 00:00:00,XXXX1380,ACTIVE,0.1773,MCH6268,0,0,0,0,0,0,0
MCH1710,"talwar, goyal and dhillon",5812,Food,PARTNERSHIP,Dilli,Delhi,2025-11-26 00:00:00,,ACTIVE,542.31,MCH1710,0,0,0,1,0,0,0
MCH1714,Kalita Group,5699,CLOTHS,SOLE_PROPRIETOR,amritsar,Punjab,2024-03-31 14:28:04,XXXX3148,ACTIVE,3974.77,MCH1714,0,0,0,0,0,0,0
MCH5712,Goda-Kashyap,9420,books,private_limited,Amritsar,Punjab,2025-01-12 00:00:00,ILKC7960163227117,ACTIVE,,MCH5712,0,1,0,0,0,0,0
1084,Krishnamurthy Inc,9990,Other,PRIVATE_LIMITED,Jalandar,Punjab,2025-04-21 00:00:00,7207827487,ACTIVE,4469.21,1084,0,0,0,0,0,0,0
MCH8132,BISWAS PLC,5411,Grocery,SOLE-PROPRIETOR,Pune,Maharashtra,2024-11-22 00:00:00,CXST4288098118218,ACTIVE,1347.49,MCH8132,0,0,0,0,0,0,0
MCH2723,Mandal PLC,,eating place,individual,ludhiana,Punjab,2023-07-28 19:33:37,1234084041,ACTIVE,6532.68,MCH-2723,0,0,1,0,0,0,0
MCH6221,Dey-Maharaj,5912,chemist,PRIVATE-LIMITED,ludhiana,Punjab,2026-01-22 00:00:00,8909550882,INACTIVE,-402.9,MCH6221,1,0,0,0,0,0,0
MCH9114,Narayan-Kalita,6990,Apparel,INDIVIDUAL,bengaluru,Karnataka,2025-03-08 21:47:49,PHUX7313608770713,ACTIVE,0.2471,MCH9114,0,0,0,0,0,0,0
MCH3788,BHARGAVA AND SONS,4131,Bus/Taxi,partnership,Bengaluru,Karnataka,2025-12-18 00:00:00,SFPS7075877461991,ACTIVE,2495.65,MCH3788,0,0,0,0,0,0,0
MCH3061,Viswanathan Ltd,5942,BOOKS_STATIONERY,PRIVATE_LIMITED,Lucknow,Uttar Pradesh,2025-04-25 00:00:00,,INACTIVE,574.59,MCH3061,0,0,0,1,0,0,0
MCH2376,"Lata, Krishnamurthy and Lal",5311,Retail,PARTNERSHIP,Jalandhar,Punjab,2025-12-05 00:00:00,,ACTIVE,0.113,MCH2376,0,0,0,1,0,0,0
MCH8933,magar inc,7011,Hotel,Sole Proprietor,lucknow,Uttar Pradesh,2025-03-08 00:00:00,XXXX1861,ACTIVE,1568.46,MCH8933,0,0,0,0,0,0,0
MCH3438,Kapur-Mangat,4131,Transport,partnership,HYDERABAD,Telangana,,XXXX6916,ACTIVE,1153.19,MCH3438,0,0,0,0,1,0,0
MCH4040,"Bahri, Solanki and Magar",5311,Department Stores,Private Limited,Chennai,Tamil Nadu,2025-01-28 03:48:23,DNQF3989342164675,ACTIVE,0.1173,mch4040,0,0,0,0,0,0,0
9912,"Gade, Bajaj and Zachariah",7011,Hotels,Sole Proprietor,LDH,Punjab,2023-02-22 18:06:00,,ACTIVE,0.564,9912,0,0,0,1,0,0,0
MCH9846,Mukherjee Ltd,5812,Restaurant,SOLE-PROPRIETOR,Chennai,Tamil Nadu,2024-09-15 00:00:00,XXXX2201,ACTIVE,1799.62,MCH9846,0,0,0,0,0,0,0
3242,"upadhyay, dash and vaidya",9990,Misc Retail,PARTNERSHIP,JPR,Rajasthan,,,ACTIVE,1731.73,3242,0,0,0,1,1,0,0
MCH2701,BAIL LTD,,Other,Individual,JPR,Rajasthan,2025-02-27 08:06:00,JFSQ7616747260509,ACTIVE,863.24,MCH-2701,0,0,1,0,0,0,0
MCH5371,Tailor Ltd,,Department Store,SOLE-PROPRIETOR,Jalandhar,Punjab,2024-10-08 00:00:00,3819002392,ACTIVE,2851.53,MCH5371,0,0,1,0,0,0,0
MCH4324,Choudhury Group,5311,DEPT_STORE,Individual,chennai,Tamil Nadu,2024-11-02 00:00:00,ZMED4163796029617,ACTIVE,0.1068,mch4324,0,0,0,0,0,0,0
MCH9358,Shroff Ltd,5311,Department Store,SOLE_PROPRIETOR,Kolkata,West Bengal,2023-05-21 00:00:00,RLLU5222765967468,ACTIVE,1856.54,mch9358,0,0,0,0,0,0,0
MCH1352,MUKHERJEE-SETHI,8120,Food,SOLE_PROPRIETOR,pune,Maharashtra,2024-03-19 01:21:36,,ACTIVE,-737.77,mch1352,1,0,0,1,0,0,0
MCH8277,"Patil, Goyal and Sarin",5912,Pharmacies,INDIVIDUAL,ASR,Punjab,2025-07-04 00:00:00,XXXX6940,INACTIVE,1542.69,MCH8277,0,0,0,0,0,0,0
MCH4124,kakar-prabhu,7011,HOTEL_LODGING,PARTNERSHIP,Jalandar,Punjab,2023-01-21 00:00:00,DOCW0340939340492,ACTIVE,0.93,MCH4124,0,0,0,0,0,0,0
MCH4444,Kara-Murty,,Misc Retail,PARTNERSHIP,Jaipur,Rajasthan,2023-11-24 00:00:00,SVOB9088353520562,ACTIVE,1214.6,MCH4444,0,0,1,0,0,0,0
MCH9041,Kade-Sahota,4131,transprt,Individual,Poona,Maharashtra,,8030172107,ACTIVE,2738.21,MCH9041,0,0,0,0,1,0,0
MCH1288,"jain, loke and zacharia",4131,transprt,SOLE-PROPRIETOR,BLR,Karnataka,2023-07-17 08:08:00,XXXX2041,ACTIVE,915.81,MCH-1288,0,0,0,0,0,0,0
MCH8137,"Sankar,GuhaandKara",5912,MEDICAL_STORE,PRIVATE_LIMITED,Hyd,Telangana,2023-08-20 00:00:00,OYZH8287026186914,ACTIVE,425.78,MCH8137,0,0,0,0,0,0,0
MCH1873,Oak-Ramachandran,,phone service,private_limited,Amritsar,Punjab,2024-05-23 15:31:00,XXXX5817,ACTIVE,942.83,MCH1873,0,0,1,0,0,0,0
MCH8928,Deo PLC,4131,transport,PARTNERSHIP,Chennai,Tamil Nadu,2024-10-18 05:30:00,XXXX5889,ACTIVE,1547.93,MCH8928,0,0,0,0,0,0,0
MCH2634,"KARNIK, BAINS AND RATTI",5311,Retail,INDIVIDUAL,bengaluru,Karnataka,2025-03-20 07:33:00,3474601890,ACTIVE,581.71,MCH2634,0,0,0,0,0,0,0
MCH1101,Sethi Ltd,5812,Restaurant,PARTNERSHIP,kolkata,West Bengal,2023-10-08 00:00:00,,ACTIVE,840.25,MCH1101,0,0,0,1,0,0,0
MCH6409,Wason and Sons,5699,Clothing,PRIVATE_LIMITED,BLR,Karnataka,2024-07-10 00:00:00,TVOP0202048560476,SUSPENDED,1111.14,MCH6409,0,0,0,0,0,1,0
MCH1612,Khare-Jha,7011,HOTEL_LODGING,SOLE_PROPRIETOR,pune,Maharashtra,2024-05-07 13:44:00,XXXX6820,ACTIVE,3967.18,MCH1612,0,0,0,0,0,0,0
MCH1567,Bhargava-Bora,5812,Food,PRIVATE_LIMITED,Jalandhar,Punjab,2024-12-20 00:00:00,PRCN9599813480981,ACTIVE,101.33,MCH1567,0,0,0,0,0,0,0
2928,"Hans, Parmer and Buch",5812,FOOD_SERVICES,PRIVATE-LIMITED,ludhiana,Punjab,2025-12-04 00:00:00,,INACTIVE,0.1903,2928,0,0,0,1,0,0,0
MCH4746,"Srivastava, Bhattacharyya and Morar",5999,Miscellaneous,SOLE-PROPRIETOR,Madras,Tamil Nadu,2025-07-29 00:00:00,,INACTIVE,402.85,MCH4746,0,0,0,1,0,0,0
MCH9729,Prabhakar Ltd,5812,Restaurants,Individual,Bengaluru,Karnataka,2025-12-28 11:50:57,,ACTIVE,0.1127,MCH9729,0,0,0,1,0,0,0
MCH5727,"Sandal, Deshmukh and Lata",5699,Clothing,PARTNERSHIP,Bangalore,Karnataka,2024-04-21 23:21:20,9631209751,ACTIVE,411.34,MCH5727,0,0,0,0,0,0,0
MCH3079,anne-sen,5942,Book Store,Individual,Poona,Maharashtra,2025-08-04 00:00:00,,ACTIVE,,MCH-3079,0,1,0,1,0,0,0
MCH9772,Vyas-Ganguly,9420,Books,PARTNERSHIP,Jalandhar,Punjab,2023-12-25 00:00:00,1012219749,ACTIVE,1198.91,MCH9772,0,0,0,0,0,0,0
MCH9045,"Kaul, Sethi and Vaidya",4814,Telecom,PARTNERSHIP,Bangalore,Karnataka,,6906668934,INACTIVE,0.1488,mch9045,0,0,0,0,1,0,0
MCH7335,Keer-Goyal,5411,groceries,sole_proprietor,MUMBAI,Maharashtra,2025-01-25 13:25:00,XXXX8870,ACTIVE,470.18,MCH7335,0,0,0,0,0,0,0
MCH8934,Dubey and Sons,5411,groceries,sole_proprietor,Bengaluru,Karnataka,2025-09-12 05:11:51,,INACTIVE,0.1359,MCH 8934,0,0,0,1,0,0,0
MCH7574,"Saini, Dubey and Bava",,DEPT_STORE,Private Limited,pune,Maharashtra,2024-09-28 01:58:00,,ACTIVE,1109.44,MCH7574,0,0,1,1,0,0,0
MCH6095,"Sahota, Misra and Kata",,Stationery,PARTNERSHIP,Hyd,Telangana,2024-11-29 00:00:00,,ACTIVE,0.665,MCH-6095,0,0,1,1,0,0,0
MCH5121,Din-Dar,5812,eating place,individual,Jalandhar,Punjab,,,ACTIVE,2367.99,mch5121,0,0,0,1,1,0,0
MCH4964,SARKAR-GODA,5311,dept_store,PRIVATE_LIMITED,Poona,Maharashtra,2025-07-14 00:00:00,,ACTIVE,0.1517,MCH4964,0,0,0,1,0,0,0
MCH7729,Keer LLC,5942,Books,Private Limited,Mumbai,Maharashtra,,,ACTIVE,0.884,MCH7729,0,0,0,1,1,0,0
MCH8741,VenkateshGroup,4110,Grocery,Private Limited,Ludhiana,Punjab,2024-08-03 03:48:35,,ACTIVE,0.1511,MCH8741,0,0,0,1,0,0,0
MCH6917,"Deshmukh, Parmar and Lad",4814,phone service,Sole Proprietor,Jaipur,Rajasthan,2023-07-29 00:00:00,KZXC7074900980989,ACTIVE,1543.47,MCH6917,0,0,0,0,0,0,0
MCH1214,Patel-Bhatti,5311,Department Store,individual,jalandhar,Punjab,2024-10-05 17:31:40,XXXX0366,ACTIVE,1829.91,MCH1214,0,0,0,0,0,0,0
MCH1605,ShethandSons,4131,TRAVEL,Sole Proprietor,mumbai,Maharashtra,,9021316639,ACTIVE,1128.85,MCH-1605,0,0,0,0,1,0,0
MCH7495,DHINGRA AND SONS,5999,Miscellaneous,Sole Proprietor,Jalandhar,Punjab,,XXXX0797,INACTIVE,3168.53,MCH7495,0,0,0,0,1,0,0
MCH8600,Lata-Khurana,5411,groceries,INDIVIDUAL,Jalandar,Punjab,2023-06-16 00:00:00,5082992374,ACTIVE,861.64,MCH8600,0,0,0,0,0,0,0
MCH2618,"Loyal, Nadkarni and Mangal",5942,Books,PARTNERSHIP,Bangalore,Karnataka,2026-01-27 20:44:00,NZSX7829638547170,ACTIVE,0.816,MCH2618,0,0,0,0,0,0,0
MCH8555,Ar0ra PLC,9990,Other,PRIVATE-LIMITED,DELHI,Delhi,2023-04-15 00:00:00,9465965379,ACTIVE,0.1643,MCH8555,0,0,0,0,0,0,0
MCH5683,"ramesh, bhalla and murthy",4131,transprt,private_limited,kolkata,West Bengal,2025-12-02 00:00:00,,ACTIVE,0.3635,MCH5683,0,0,0,1,0,0,0
MCH8697,Karnik Ltd,5999,Miscellaneous,SOLE_PROPRIETOR,HYDERABAD,Telangana,2023-01-19 11:39:00,ELBE1390395985700,ACTIVE,353.31,MCH8697,0,0,0,0,0,0,0
MCH7540,Solanki Inc,5999,Miscellaneous,Partnership,jalandhar,Punjab,2024-08-04 07:31:00,XXXX7550,ACTIVE,579.73,MCH-7540,0,0,0,0,0,0,0
MCH4658,Kapadia Inc,5311,Retail,INDIVIDUAL,HYDERABAD,Telangana,2023-05-21 00:00:00,OORB1075233391671,ACTIVE,2693.95,MCH4658,0,0,0,0,0,0,0
2503,DATE LLC,4814,TELECOM,Private Limited,jaipur,Rajasthan,2023-08-06 00:20:53,,ACTIVE,1656.27,2503,0,0,0,1,0,0,0
MCH1179,Suresh-Chand,5942,Books,Partnership,Madras,Tamil Nadu,2025-11-19 00:00:00,,ACTIVE,,MCH1179,0,1,0,1,0,0,0
MCH5166,Rastogi Ltd,,Grocery,Individual,Hyd,Telangana,2025-11-10 00:00:00,XXXX4606,ACTIVE,1432.96,MCH5166,0,0,1,0,0,0,0
MCH2598,Sani Gr0up,,Clothing,Partnership,Pune,Maharashtra,2025-11-27 17:05:19,1059212674,ACTIVE,0.489,MCH2598,0,0,1,0,0,0,0
MCH7648,"Trivedi, Ramachandran and Keer",,Retail Other,private_limited,Hyd,Telangana,2024-11-12 16:04:31,7503405109,SUSPENDED,1840.11,MCH7648,0,0,1,0,0,1,0
MCH7105,"PALAN, DOCTOR AND ARORA",5942,BOOKS_STATIONERY,SOLE_PROPRIETOR,HYDERABAD,Telangana,2025-04-18 00:00:00,1349306323,ACTIVE,969.67,mch7105,0,0,0,0,0,0,0
MCH1774,patla-warrior,5912,chemist,PARTNERSHIP,Mumbai,Maharashtra,2023-01-02 11:10:48,XREO9787326188727,ACTIVE,442.29,mch1774,0,0,0,0,0,0,0
MCH2772,Rajagopalan-Lal,5699,CLOTHS,partnership,Jalandar,Punjab,2025-05-03 00:00:00,YDTF9778396986125,SUSPENDED,594.07,mch2772,0,0,0,0,0,1,0
MCH5597,"Shankar, Pandey and Sridhar",8120,eating place,PRIVATE-LIMITED,Lucknow,Uttar Pradesh,,,ACTIVE,380.65,MCH5597,0,0,0,1,1,0,0
MCH4774,Wadhwa PLC,5311,DEPT_STORE,PARTNERSHIP,jalandhar,Punjab,2026-01-09 14:20:47,4049174087,ACTIVE,374.94,MCH 4774,0,0,0,0,0,0,0
MCH6731,Wagle-Pau,5812,eating place,Private Limited,amritsar,Punjab,2025-09-26 23:01:57,,ACTIVE,2980.89,MCH6731,0,0,0,1,0,0,0
MCH9015,PRASHAD INC,5812,Restaurants,SOLE-PROPRIETOR,Madras,Tamil Nadu,2025-08-05 00:00:00,ZMCX8700350444666,ACTIVE,787.45,MCH9015,0,0,0,0,0,0,0
MCH8727,Vig-Mann,5999,Retail Other,PARTNERSHIP,DELHI,Delhi,,PYLB7387354028266,ACTIVE,157.65,MCH 8727,0,0,0,0,1,0,0
MCH9968,Kata-Bawa,5311,Department Stores,Private Limited,lucknow,Uttar Pradesh,2025-09-01 12:08:34,,ACTIVE,2070.31,MCH9968,0,0,0,1,0,0,0
MCH4250,"Mani, Roy and Manne",4131,Bus/Taxi,PRIVATE-LIMITED,Bangalore,Karnataka,2023-12-04 00:00:00,,ACTIVE,0.77,MCH4250,0,0,0,1,0,0,0
MCH7444,Lanka-Shukla,5699,Fashion,PRIVATE_LIMITED,Mumbai,Maharashtra,2023-03-13 03:58:00,7637285335,ACTIVE,2750.67,MCH7444,0,0,0,0,0,0,0
MCH1674,Kari-Tara,4814,TELECOM,Partnership,Mumbay,Maharashtra,2024-08-16 00:00:00,XXXX5872,ACTIVE,1266.21,MCH1674,0,0,0,0,0,0,0
MCH6626,Zacharia-Kapadia,5912,Pharmacy,Private Limited,LKO,Uttar Pradesh,2024-07-25 00:00:00,,INACTIVE,2864.89,mch6626,0,0,0,1,0,0,0
MCH5493,ROY GROUP,5812,eating place,partnership,lucknow,Uttar Pradesh,2024-05-11 12:32:56,8876014777,ACTIVE,,MCH5493,0,1,0,0,0,0,0
MCH5937,"Babu, Contractor and Sem",5411,Grocery,PRIVATE_LIMITED,Hyd,Telangana,2023-01-04 00:00:00,,INACTIVE,415.88,MCH-5937,0,0,0,1,0,0,0
MCH9986,tak ltd,4131,transprt,Partnership,DELHI,Delhi,2025-01-21 00:00:00,PVFQ1310778139722,ACTIVE,-1750.99,MCH9986,1,0,0,0,0,0,0
MCH2726,"Rastogi, Behl and Purohit",5942,Stationery,SOLE_PROPRIETOR,mumbai,Maharashtra,2025-04-04 00:00:00,XYEE0098710788916,ACTIVE,1692.27,MCH2726,0,0,0,0,0,0,0
MCH6926,Bhattacharyya and S0ns,,MEDICAL_STORE,PRIVATE-LIMITED,jaipur,Rajasthan,2025-08-28 10:51:00,,ACTIVE,3997.27,MCH-6926,0,0,1,1,0,0,0
MCH3080,lad-soman,5411,groceries,SOLE_PROPRIETOR,jalandhar,Punjab,2024-12-01 13:22:52,,ACTIVE,-152.69,MCH-3080,1,0,0,1,0,0,0
MCH8240,Sur LLC,5912,Pharmacies,partnership,lucknow,Uttar Pradesh,2025-08-10 00:00:00,0641477724,ACTIVE,1777.69,MCH8240,0,0,0,0,0,0,0
1204,Rana Group,5311,Department Store,PRIVATE-LIMITED,JPR,Rajasthan,2025-05-24 15:30:29,,ACTIVE,733.33,1204,0,0,0,1,0,0,0
MCH1347,D’ALIA GROUP,0110,Hospitality,PRIVATE_LIMITED,chennai,Tamil Nadu,2023-07-02 00:00:00,XXXX4418,ACTIVE,0.1739,MCH1347,0,0,0,0,0,0,0
MCH2040,ATWAL-VARUGHESE,5311,DEPT_STORE,INDIVIDUAL,BLR,Karnataka,2025-06-26 00:00:00,,ACTIVE,2009.33,MCH2040,0,0,0,1,0,0,0
MCH2831,Rastogi-Devi,,Miscellaneous,Private Limited,Delhi,Delhi,2023-10-20 00:00:00,XXXX4746,ACTIVE,501.88,MCH2831,0,0,1,0,0,0,0
MCH4727,Dua-Mishra,5311,department store,sole_proprietor,pune,Maharashtra,2024-05-18 00:00:00,9730998246,INACTIVE,0.1242,mch4727,0,0,0,0,0,0,0
MCH4623,Bath-Keer,5942,Stationery,SOLE_PROPRIETOR,MUMBAI,Maharashtra,2023-07-08 23:12:59,,ACTIVE,233.65,MCH4623,0,0,0,1,0,0,0
5502,Dutta and Sons,5311,Department Stores,partnership,Kolkata,West Bengal,2025-04-08 00:00:00,5772238249,ACTIVE,-595.34,5502,1,0,0,0,0,0,0
MCH5390,bajwa group,5942,Stationery,sole_proprietor,Jaipur,Rajasthan,,XXXX7220,ACTIVE,0.2643,MCH5390,0,0,0,0,1,0,0
MCH2607,"Deep, Prasad and Dass",,CLOTHS,PRIVATE_LIMITED,Hyd,Telangana,2023-05-29 00:00:00,4668596918,INACTIVE,1570.82,MCH2607,0,0,1,0,0,0,0
MCH3308,Misra Inc,5311,Retail,SOLE_PROPRIETOR,LDH,Punjab,,2104958437,ACTIVE,8756.33,MCH-3308,0,0,0,0,1,0,0
MCH8245,BRAR LLC,5942,Books,INDIVIDUAL,BLR,Karnataka,2024-01-18 00:00:00,,ACTIVE,,MCH8245,0,1,0,1,0,0,0
MCH4200,"Sood, Kurian and Raghavan",5699,Apparel,INDIVIDUAL,jaipur,Rajasthan,2024-08-18 00:00:00,4567697450,ACTIVE,2010.35,MCH4200,0,0,0,0,0,0,0
MCH3288,Kuruvilla-Kala,4814,phone service,PARTNERSHIP,Calcutta,West Bengal,2025-07-17 06:27:40,HFDT8427341893769,ACTIVE,,MCH3288,0,1,0,0,0,0,0
MCH8448,"Roy, Parekh and Ratti",7011,HOTEL_LODGING,PRIVATE_LIMITED,Jaipur,Rajasthan,2024-07-25 22:15:50,,ACTIVE,364.74,MCH8448,0,0,0,1,0,0,0
MCH1491,"Sarna, Chand and Goda",4814,Telecom,Sole Proprietor,ludhiana,Punjab,2026-01-27 00:00:00,,ACTIVE,1075.6,MCH 1491,0,0,0,1,0,0,0
MCH5183,Chandra LLC,5942,Stationery,INDIVIDUAL,jaipur,Rajasthan,2023-10-16 12:28:48,,ACTIVE,578.29,MCH5183,0,0,0,1,0,0,0
MCH3089,Tata PLC,5942,Stationery,SOLE_PROPRIETOR,Jalandhar,Punjab,2025-08-30 00:00:00,XXXX2474,ACTIVE,-2328.32,MCH3089,1,0,0,0,0,0,0
MCH3369,"yadav, deep and bassi",5999,Misc Retail,INDIVIDUAL,LKO,Uttar Pradesh,2024-05-16 00:00:00,0407364103,ACTIVE,0.786,MCH3369,0,0,0,0,0,0,0
MCH7700,"Lanka, Setty and Muni",5812,eating place,PARTNERSHIP,DELHI,Delhi,2025-06-14 00:00:00,,INACTIVE,-4782.98,MCH7700,1,0,0,1,0,0,0
MCH2261,Gr0ver Inc,5812,Restaurant,Sole Proprietor,Mumbai,Maharashtra,2025-11-25 01:19:55,,ACTIVE,0.1519,mch2261,0,0,0,1,0,0,0
MCH3561,"KEER, NATT AND KADAKIA",4814,phone service,Individual,kolkata,West Bengal,2023-04-03 00:00:00,,ACTIVE,0.277,MCH3561,0,0,0,1,0,0,0
MCH8603,mane ltd,5812,Restaurant,SOLE_PROPRIETOR,ludhiana,Punjab,2023-04-01 16:26:07,9861979521,ACTIVE,258.46,mch8603,0,0,0,0,0,0,0
MCH5084,Doshi LLC,5942,BOOKS_STATIONERY,Individual,Jalandhar,Punjab,2025-06-11 20:48:00,5224325531,ACTIVE,0.182,MCH5084,0,0,0,0,0,0,0
MCH1605,"Patla, Thaman and Chatterjee",1310,Transport,PARTNERSHIP,Bangalore,Karnataka,2025-09-22 00:00:00,XXXX0679,ACTIVE,932.8,MCH1605,0,0,0,0,0,0,0
MCH3096,"Pradhan, Anne and Dhillon",5812,Food,INDIVIDUAL,kolkata,West Bengal,2025-02-25 00:00:00,XXXX9447,ACTIVE,,MCH3096,0,1,0,0,0,0,0
MCH8554,MANGAT PLC,5999,Miscellaneous,SOLE_PROPRIETOR,mumbai,Maharashtra,2023-04-03 00:00:00,,INACTIVE,,MCH8554,0,1,0,1,0,0,0
MCH9095,Mital-Reddy,4814,Mobile Recharge,PARTNERSHIP,lucknow,Uttar Pradesh,2025-07-12 00:00:00,,SUSPENDED,1105.17,mch9095,0,0,0,1,0,1,0
MCH9855,Samra-Manda,4814,Mobile Recharge,PRIVATE_LIMITED,Chennai,Tamil Nadu,2025-02-01 00:00:00,PEIX9794404707965,ACTIVE,1167.22,MCH9855,0,0,0,0,0,0,0
MCH3987,Pandya Inc,,Pharmacy,Partnership,Amritsar,Punjab,2025-10-14 00:00:00,,ACTIVE,,MCH3987,0,1,1,1,0,0,0
3968,"Peri, Sane and Mohanty",5812,eating place,INDIVIDUAL,MUMBAI,Maharashtra,2024-06-10 04:21:00,,ACTIVE,1174.15,3968,0,0,0,1,0,0,0
MCH4600,Devi Group,5311,Department Stores,INDIVIDUAL,New Delhi,Delhi,2024-02-17 00:00:00,2508192627,INACTIVE,1126.47,MCH4600,0,0,0,0,0,0,0
MCH2124,"Chander, Kohli and Dube",4131,Transport,Individual,delhi,Delhi,2024-02-15 00:00:00,XXXX2531,ACTIVE,1551.09,MCH2124,0,0,0,0,0,0,0
MCH3442,Garg-Borah,4131,TRAVEL,partnership,chennai,Tamil Nadu,2023-09-29 10:20:54,2231701583,ACTIVE,3562.63,mch3442,0,0,0,0,0,0,0
MCH8316,Bakshi-Rout,5311,DEPT_STORE,private_limited,Dilli,Delhi,2024-11-10 02:40:36,,ACTIVE,0.618,MCH8316,0,0,0,1,0,0,0
MCH5390,Pall-Vig,4131,Transport,private_limited,ASR,Punjab,2024-02-18 13:47:07,9048380759,ACTIVE,6624.25,MCH5390,0,0,0,0,0,0,0
MCH3586,"Ghose, Ganesh and Edwin",4814,Telecom,SOLE_PROPRIETOR,Kolkata,West Bengal,2023-09-15 06:20:33,ZJVL8370026948243,INACTIVE,0.1437,MCH3586,0,0,0,0,0,0,0
MCH2690,nagarajan inc,9120,Medical,Sole Proprietor,LKO,Uttar Pradesh,2023-06-22 00:00:00,LDEV4758391652112,SUSPENDED,3091.83,MCH2690,0,0,0,0,0,1,0
MCH7478,"Sami, Brahmbhatt and Khurana",5699,Clothing,private_limited,Mumbay,Maharashtra,2024-08-19 11:01:33,,INACTIVE,,MCH7478,0,1,0,1,0,0,0
MCH9815,"NARASIMHAN, VASA AND GOSWAMI",5942,book store,INDIVIDUAL,DELHI,Delhi,2025-11-10 04:53:00,MZNM1643262942719,ACTIVE,-528.91,MCH9815,1,0,0,0,0,0,0
MCH5090,Chacko-Dora,4110,Grocery,SOLE_PROPRIETOR,HYDERABAD,Telangana,2023-12-27 00:00:00,DVGQ3463891046958,ACTIVE,-658.73,MCH-5090,1,0,0,0,0,0,0
MCH8944,"Zachariah, Ratta and Contractor",5311,Department Stores,PRIVATE-LIMITED,Hyderabad,Telangana,2024-07-16 13:53:35,0653764901,ACTIVE,0.2179,MCH8944,0,0,0,0,0,0,0
MCH5106,Sagar LLC,5912,chemist,individual,jalandhar,Punjab,2026-02-23 06:38:00,,ACTIVE,1707.71,MCH5106,0,0,0,1,0,0,0
MCH8211,Seth LLC,5999,Misc Retail,PARTNERSHIP,Pune,Maharashtra,2024-09-08 00:27:35,,ACTIVE,2939.69,MCH8211,0,0,0,1,0,0,0
MCH3088,Suresh LLC,5411,Grocery,partnership,chennai,Tamil Nadu,2024-03-08 00:00:00,,ACTIVE,4739.6,MCH3088,0,0,0,1,0,0,0
MCH5388,Mann-Oza,5942,Books,PRIVATE_LIMITED,Hyderabad,Telangana,,,ACTIVE,0.1696,MCH5388,0,0,0,1,1,0,0
MCH2591,"Deol, Palla and Goel",,Grocery,Individual,HYDERABAD,Telangana,2025-08-22 00:00:00,2241068743,ACTIVE,468.59,MCH 2591,0,0,1,0,0,0,0
MCH5784,"Kakar, Palla and Vyas",5699,garments,PRIVATE-LIMITED,Jalandhar,Punjab,2024-06-01 22:17:58,,ACTIVE,220.77,MCH5784,0,0,0,1,0,0,0
MCH1441,"Kakar, Parsa and Sodhi",5999,Miscellaneous,partnership,LKO,Uttar Pradesh,2024-06-09 00:00:00,SBUL4886955523512,ACTIVE,1723.15,MCH1441,0,0,0,0,0,0,0
MCH5560,"D’Alia, Dasgupta and Chakrabarti",1310,Transportation,sole_proprietor,jalandhar,Punjab,2023-02-09 00:00:00,,INACTIVE,1247.75,mch5560,0,0,0,1,0,0,0
MCH2818,Sibal Inc,5411,GROCERY_STORE,SOLE_PROPRIETOR,jalandhar,Punjab,2025-06-03 00:00:00,HHRP3016788161129,ACTIVE,600.04,MCH2818,0,0,0,0,0,0,0
MCH6391,"BHATTI, KEER AND GUPTA",4814,Telecom,INDIVIDUAL,MUMBAI,Maharashtra,2025-08-22 10:17:00,,ACTIVE,0.684,MCH6391,0,0,0,1,0,0,0
MCH7228,SwaminathanLtd,,TELECOM,PARTNERSHIP,ludhiana,Punjab,2024-03-13 00:00:00,XXXX9584,ACTIVE,,MCH7228,0,1,1,0,0,0,0
MCH4501,BARMAN AND SONS,5812,Restaurant,private_limited,Dilli,Delhi,2025-04-24 00:00:00,,ACTIVE,523.04,MCH4501,0,0,0,1,0,0,0
MCH6722,Khalsa-Kapadia,5912,MEDICAL_STORE,partnership,bengaluru,Karnataka,2023-06-03 00:00:00,4686133127,ACTIVE,2042.78,MCH6722,0,0,0,0,0,0,0
MCH2013,"Nanda, Saraf and Halder",5411,groceries,Individual,kolkata,West Bengal,2025-04-22 00:00:00,,ACTIVE,-1721.62,MCH2013,1,0,0,1,0,0,0
MCH7524,"Babu, Banerjee and Parsa",5812,Restaurant,INDIVIDUAL,Calcutta,West Bengal,2023-06-04 00:00:00,XXXX7557,ACTIVE,811.7,mch7524,0,0,0,0,0,0,0
MCH4524,Tara Ltd,5999,Miscellaneous,private_limited,Hyderabad,Telangana,2025-07-23 17:42:29,,ACTIVE,1296.94,MCH4524,0,0,0,1,0,0,0
MCH3012,Sathe LLC,,groceries,PRIVATE-LIMITED,Chennai,Tamil Nadu,2024-10-23 02:09:00,,HOLD,448.76,MCH3012,0,0,1,1,0,0,0
MCH3564,"Konda, Natarajan and Chawla",9990,Misc Retail,PRIVATE_LIMITED,amritsar,Punjab,2025-10-08 00:00:00,,ACTIVE,982.65,MCH3564,0,0,0,1,0,0,0
MCH4373,Raman-Karnik,5942,Books,Partnership,DELHI,Delhi,2023-08-09 15:36:00,IPHA4538122781630,ACTIVE,,MCH4373,0,1,0,0,0,0,0
MCH8337,Date-Mand,5999,Misc Retail,PARTNERSHIP,LDH,Punjab,2023-01-31 03:03:00,UXDC3751207514110,INACTIVE,333.78,MCH8337,0,0,0,0,0,0,0
MCH6351,Mahal-Padmanabhan,5812,Restaurant,PARTNERSHIP,BLR,Karnataka,2025-03-30 00:00:00,IXWO1858083433710,ACTIVE,3129.06,MCH6351,0,0,0,0,0,0,0
MCH7268,Mand-Char,5912,Pharmacies,private_limited,Mumbay,Maharashtra,2025-06-20 02:06:05,,ACTIVE,1359.5,MCH7268,0,0,0,1,0,0,0
MCH5684,Dua-Ghose,5311,Department Stores,PARTNERSHIP,pune,Maharashtra,2024-10-07 04:56:00,,ACTIVE,465.0,MCH5684,0,0,0,1,0,0,0
MCH4179,"Choudhry, Bera and Pandit",5699,Fashion,PARTNERSHIP,Kolkata,West Bengal,2025-08-14 04:33:40,ABQY2242292056782,ACTIVE,1930.08,MCH4179,0,0,0,0,0,0,0
7149,Keer-Dua,4131,transportation,private_limited,Dilli,Delhi,2026-02-10 17:58:00,,SUSPENDED,-852.06,7149,1,0,0,1,0,1,0
MCH1646,"Sane, Zacharia and Samra",5912,Medical,INDIVIDUAL,JPR,Rajasthan,2023-12-31 00:00:00,5847905998,ACTIVE,1891.86,mch1646,0,0,0,0,0,0,0
MCH7567,Bora-Venkatesh,5912,MEDICAL_STORE,PARTNERSHIP,LKO,Uttar Pradesh,,,ACTIVE,664.14,MCH7567,0,0,0,1,1,0,0
MCH5965,Wason LLC,4814,phone service,Partnership,Hyderabad,Telangana,2025-06-03 21:59:21,,ACTIVE,0.2365,MCH5965,0,0,0,1,0,0,0
MCH9112,Pingle-Natt,3110,Department Stores,SOLE-PROPRIETOR,lucknow,Uttar Pradesh,2023-09-18 08:56:52,GWBM3117902848580,INACTIVE,0.356,MCH9112,0,0,0,0,0,0,0
MCH3039,Murty Inc,4110,Grocery Stores,INDIVIDUAL,Dilli,Delhi,2023-12-03 08:34:21,SVKA2268543185915,ACTIVE,1465.47,MCH3039,0,0,0,0,0,0,0
MCH6079,"Chaudhuri, Mody and Goswami",5912,MEDICAL_STORE,Partnership,LDH,Punjab,2025-10-04 05:27:15,IGWP7360975530260,INACTIVE,,MCH6079,0,1,0,0,0,0,0
MCH1484,"Uppal, Butala and Tata",7011,Hospitality,individual,Bangalore,Karnataka,2025-02-18 00:00:00,,ACTIVE,-3825.1,mch1484,1,0,0,1,0,0,0
MCH7847,Ramakrishnan-Misra,5411,groceries,individual,Mumbay,Maharashtra,2025-12-04 00:00:00,,ACTIVE,0.2108,MCH7847,0,0,0,1,0,0,0
MCH6896,Dugar-Minhas,,Apparel,sole_proprietor,mumbai,Maharashtra,2025-03-17 00:00:00,XXXX5745,ACTIVE,,mch6896,0,1,1,0,0,0,0
MCH7289,Rajagopal-Contractor,,Food,PRIVATE-LIMITED,lucknow,Uttar Pradesh,2023-04-20 01:30:24,7395909166,ACTIVE,1484.26,MCH7289,0,0,1,0,0,0,0
4613,"Kapadia, Sankar and Nadig",5311,Retail,INDIVIDUAL,LKO,Uttar Pradesh,2023-09-02 15:38:00,ALEY9883118921328,ACTIVE,1451.15,4613,0,0,0,0,0,0,0
MCH8080,Brar PLC,4814,Telecom,Individual,pune,Maharashtra,2025-02-02 00:00:00,,ACTIVE,0.1241,MCH8080,0,0,0,1,0,0,0
MCH7452,Kala LLC,5311,Department Store,Sole Proprietor,Bengaluru,Karnataka,2025-07-07 00:00:00,4973608976,ACTIVE,1838.62,MCH 7452,0,0,0,0,0,0,0
MCH4170,Bassi Group,5999,Misc Retail,SOLE-PROPRIETOR,Ludhiana,Punjab,2024-10-13 06:13:37,7567135746,ACTIVE,591.58,MCH4170,0,0,0,0,0,0,0
MCH9080,Jani and Sons,5699,Apparel,partnership,LKO,Uttar Pradesh,2025-05-13 00:00:00,XXXX8347,SUSPENDED,672.43,MCH9080,0,0,0,0,0,1,0
MCH3468,Aurora-Ben,,Hospitality,private_limited,Hyd,Telangana,2025-03-16 00:00:00,,ACTIVE,0.199,mch3468,0,0,1,1,0,0,0
MCH4871,KUNDA LTD,8120,Food,partnership,Lucknow,Uttar Pradesh,2024-09-02 06:08:34,,BLOCKED,648.87,MCH4871,0,0,0,1,0,0,1
MCH3787,Rajan-Swaminathan,7011,Hotels,Private Limited,Kolkata,West Bengal,2024-02-07 11:49:11,,ACTIVE,,MCH 3787,0,1,0,1,0,0,0
2737,"Sani, Chowdhury and Ganesan",5999,Retail Other,Partnership,Bengaluru,Karnataka,2023-05-01 00:00:00,1105547451,ACTIVE,610.07,2737,0,0,0,0,0,0,0
MCH2076,Chad Ltd,5942,Book Store,SOLE_PROPRIETOR,jalandhar,Punjab,2024-07-03 02:08:00,7969775416,ACTIVE,579.16,MCH 2076,0,0,0,0,0,0,0
MCH3499,"Mand, Munshi and Bali",5311,Retail,Sole Proprietor,Chennai,Tamil Nadu,2026-02-01 00:00:00,,ACTIVE,1115.88,MCH3499,0,0,0,1,0,0,0
9713,"Toor, Nayak and Varma",5699,Fashion,individual,jalandhar,Punjab,,,ACTIVE,-297.05,9713,1,0,0,1,1,0,0
MCH9083,Vohra-Mishra,5812,FOOD_SERVICES,PARTNERSHIP,Pune,Maharashtra,2024-06-16 00:00:00,,ACTIVE,0.2189,MCH9083,0,0,0,1,0,0,0
MCH1097,"Narayan, Datta and Chowdhury",5999,Other,INDIVIDUAL,LKO,Uttar Pradesh,2025-09-05 00:00:00,,ACTIVE,343.8,MCH1097,0,0,0,1,0,0,0
MCH1816,"Dass, Chaudhry and Peri",5999,Misc Retail,SOLE-PROPRIETOR,jaipur,Rajasthan,2024-03-05 17:11:00,,ACTIVE,800.46,MCH1816,0,0,0,1,0,0,0
MCH4975,"NAGY, KURUVILLA AND SAXENA",7011,HOTEL_LODGING,Sole Proprietor,DELHI,Delhi,2025-05-25 00:00:00,,ACTIVE,621.98,MCH4975,0,0,0,1,0,0,0
MCH3163,Majumdar-Minhas,5999,Other,SOLE_PROPRIETOR,Madras,Tamil Nadu,2025-04-05 12:08:30,OGEJ6099307050342,SUSPENDED,2179.72,MCH3163,0,0,0,0,0,1,0
8837,Tata-Rajagopal,5411,Grocery,partnership,Ludhiana,Punjab,2023-09-03 00:00:00,,SUSPENDED,2586.19,8837,0,0,0,1,0,1,0
MCH7034,Kohli Inc,,Grocery,PARTNERSHIP,Bengaluru,Karnataka,2023-03-27 00:00:00,2103247749,ACTIVE,0.4369,MCH7034,0,0,1,0,0,0,0
MCH5529,"Ganguly, Mukherjee and Boase",,groceries,private_limited,Madras,Tamil Nadu,2025-04-01 00:00:00,EMNT5419387001495,ACTIVE,0.879,MCH5529,0,0,1,0,0,0,0
MCH7558,Lanka-Dixit,5812,eating place,SOLE-PROPRIETOR,Poona,Maharashtra,2024-04-21 08:12:32,DPGO5407180491231,ACTIVE,1010.63,MCH7558,0,0,0,0,0,0,0
MCH1262,Lad and Sons,7011,Hospitality,INDIVIDUAL,Jalandar,Punjab,2025-11-17 01:26:45,XXXX6412,ACTIVE,503.65,MCH 1262,0,0,0,0,0,0,0
MCH2302,"Sekhon, Tak and Dhingra",5942,Book Store,SOLE-PROPRIETOR,amritsar,Punjab,2023-11-11 00:00:00,8509370195,ACTIVE,852.28,MCH2302,0,0,0,0,0,0,0
MCH1247,"Nayak, Lala and Pillai",5411,groceries,SOLE-PROPRIETOR,Bengaluru,Karnataka,2023-01-19 00:00:00,9109437765,INACTIVE,677.02,MCH1247,0,0,0,0,0,0,0
MCH1675,chokshi-mukherjee,5411,Grocery Stores,INDIVIDUAL,LDH,Punjab,2023-11-01 15:46:00,XXXX1927,ACTIVE,1694.04,MCH1675,0,0,0,0,0,0,0
MCH4951,Cheema-Dugal,3110,Department Stores,Individual,Amritsar,Punjab,2024-03-04 00:00:00,,ACTIVE,,MCH4951,0,1,0,1,0,0,0
MCH9613,Tella Group,5912,Pharmacy,partnership,Hyderabad,Telangana,2024-07-29 00:00:00,IJFC0895713811161,ACTIVE,,MCH9613,0,1,0,0,0,0,0
MCH9928,KrishnanInc,,Hospitality,PRIVATE-LIMITED,JPR,Rajasthan,2025-05-06 06:23:57,8263891927,ACTIVE,477.53,MCH9928,0,0,1,0,0,0,0
MCH7211,Nagar-Bhagat,5699,Apparel,Partnership,BLR,Karnataka,2024-01-16 09:01:52,,ACTIVE,585.46,MCH7211,0,0,0,1,0,0,0
MCH5114,Sarraf-Iyengar,5912,chemist,INDIVIDUAL,delhi,Delhi,2025-02-26 09:24:05,XRZF4644234669872,ACTIVE,452.11,MCH-5114,0,0,0,0,0,0,0
MCH2897,Bath Ltd,5999,Other,private_limited,HYDERABAD,Telangana,2025-07-23 05:48:07,,ACTIVE,2239.12,MCH2897,0,0,0,1,0,0,0
MCH6535,Nagy and Sons,5411,Grocery,SOLE_PROPRIETOR,Hyd,Telangana,2023-11-24 00:00:00,,ACTIVE,291.26,MCH6535,0,0,0,1,0,0,0
MCH7465,Bhatt Group,,Misc Retail,INDIVIDUAL,pune,Maharashtra,2023-04-10 00:00:00,XXXX7739,ACTIVE,3040.67,MCH7465,0,0,1,0,0,0,0
MCH7458,"hans, som and krish",,eating place,sole_proprietor,BLR,Karnataka,2025-09-20 20:06:00,,ACTIVE,8448.66,MCH7458,0,0,1,1,0,0,0
MCH5019,"Mahajan, Gulati and Chakrabarti",5411,GROCERY_STORE,partnership,ASR,Punjab,2024-08-08 00:00:00,,ACTIVE,448.34,MCH5019,0,0,0,1,0,0,0
MCH9083,"Gera, Varghese and Karpe",3110,Department Store,Private Limited,jaipur,Rajasthan,2025-05-19 00:31:00,9824715725,ACTIVE,3755.09,MCH9083,0,0,0,0,0,0,0
MCH2962,"Naik, Ranganathan and Sahota",4814,Telecom,PARTNERSHIP,Pune,Maharashtra,2024-08-23 00:00:00,XXXX5665,ACTIVE,174.64,MCH 2962,0,0,0,0,0,0,0
MCH6758,"Kaul, Vyas and Bobal",5912,chemist,Sole Proprietor,jaipur,Rajasthan,,OLOU3337406191926,ACTIVE,1560.09,MCH6758,0,0,0,0,1,0,0
MCH9070,"buch, samra and tata",9120,Medical,partnership,Lucknow,Uttar Pradesh,2023-11-19 07:02:51,6049785311,ACTIVE,5075.53,MCH9070,0,0,0,0,0,0,0
MCH9928,Kalita-Dave,5999,Miscellaneous,PRIVATE_LIMITED,Mumbay,Maharashtra,2023-02-14 00:00:00,,ACTIVE,2034.32,MCH 9928,0,0,0,1,0,0,0
MCH6251,"Sodhi, Handa and Venkatesh",5411,Grocery Stores,Sole Proprietor,LKO,Uttar Pradesh,2025-09-18 00:00:00,2729847488,SUSPENDED,291.55,MCH6251,0,0,0,0,0,1,0
MCH7863,"Lal, Hegde and Hora",5812,eating place,Partnership,LKO,Uttar Pradesh,2024-11-18 00:00:00,BRCS2990278425539,ACTIVE,673.1,MCH7863,0,0,0,0,0,0,0
MCH8602,Raghavan-Ah1uwa1ia,5411,groceries,Individual,Madras,Tamil Nadu,2023-01-19 00:00:00,,ACTIVE,-292.78,mch8602,1,0,0,1,0,0,0
MCH6315,"Pal, Zacharia and Narayan",7011,HOTEL_LODGING,Sole Proprietor,mumbai,Maharashtra,2023-04-01 00:00:00,5478307805,ACTIVE,529.2,MCH6315,0,0,0,0,0,0,0
MCH7558,Keer-Krish,5942,Book Store,PRIVATE-LIMITED,chennai,Tamil Nadu,2024-03-29 10:23:34,XXXX0444,ACTIVE,777.64,MCH7558,0,0,0,0,0,0,0
MCH2886,"Raja, Hayre and Deshmukh",5912,Medical,private_limited,Calcutta,West Bengal,2024-07-04 00:00:00,,ACTIVE,0.511,MCH2886,0,0,0,1,0,0,0
MCH8219,Devi Group,4814,Mobile Recharge,INDIVIDUAL,ludhiana,Punjab,2023-01-06 05:16:57,,ACTIVE,0.198,MCH8219,0,0,0,1,0,0,0
MCH9075,BHAKTA INC,4814,phone service,partnership,New Delhi,Delhi,2023-10-20 00:00:00,,INACTIVE,1186.46,mch9075,0,0,0,1,0,0,0
MCH7029,"Vasa, Zachariah and Narula",5812,Restaurants,PRIVATE-LIMITED,kolkata,West Bengal,2025-01-15 00:00:00,6099382833,ACTIVE,2526.83,MCH7029,0,0,0,0,0,0,0
MCH9738,Barman-Rastogi,4110,Grocery,Partnership,Madras,Tamil Nadu,2024-11-19 00:00:00,XXXX3047,ACTIVE,2419.77,MCH9738,0,0,0,0,0,0,0
MCH6280,Khanna-Kanda,5699,garments,SOLE-PROPRIETOR,pune,Maharashtra,,1584508627,ACTIVE,243.27,MCH6280,0,0,0,0,1,0,0
MCH9542,"Singh, Johal and Khalsa",5942,Book Store,INDIVIDUAL,HYDERABAD,Telangana,2025-06-18 21:51:23,XXXX3154,ACTIVE,2463.46,MCH9542,0,0,0,0,0,0,0
MCH4009,Deo PLC,4814,phone service,sole_proprietor,Kolkata,West Bengal,2025-10-10 23:14:50,,ACTIVE,0.1937,mch4009,0,0,0,1,0,0,0
MCH7796,"Kari, Sridhar and J0ha1",4110,kirana,Partnership,Poona,Maharashtra,2024-12-09 00:00:00,5623137802,ACTIVE,489.31,MCH7796,0,0,0,0,0,0,0
MCH2046,Konda-Garde,5411,kirana,SOLE_PROPRIETOR,lucknow,Uttar Pradesh,2026-01-28 00:00:00,,ACTIVE,1405.98,MCH2046,0,0,0,1,0,0,0
2842,Patel-Chacko,,Hotels,INDIVIDUAL,Bangalore,Karnataka,2025-08-13 00:00:00,,ACTIVE,2354.89,2842,0,0,1,1,0,0,0
MCH7034,BHAVSAR LLC,9990,Misc Retail,partnership,New Delhi,Delhi,2025-11-06 00:00:00,,ACTIVE,0.251,MCH7034,0,0,0,1,0,0,0
MCH5180,"Gaba, Chacko and Khatri",5699,Fashion,private_limited,Poona,Maharashtra,2025-02-12 00:00:00,XXXX8144,ACTIVE,753.85,MCH5180,0,0,0,0,0,0,0
MCH1995,"Sandhu, Kar and Chaudry",5699,Apparel,PARTNERSHIP,mumbai,Maharashtra,2024-01-25 00:00:00,,ACTIVE,4626.93,MCH1995,0,0,0,1,0,0,0
MCH2390,Bandi-Sidhu,5311,Retail,Sole Proprietor,JPR,Rajasthan,,XXXX9688,ACTIVE,1091.1,MCH2390,0,0,0,0,1,0,0
MCH7353,Gh0se LLC,,groceries,PRIVATE-LIMITED,Pune,Maharashtra,2025-11-01 00:00:00,,HOLD,1477.74,MCH 7353,0,0,1,1,0,0,0
MCH5305,taneja inc,7011,Hotels,SOLE-PROPRIETOR,Chennai,Tamil Nadu,2024-01-06 00:00:00,XXXX9718,ACTIVE,1731.48,MCH5305,0,0,0,0,0,0,0
MCH4848,"Borra, Balakrishnan and Chad",5699,Apparel,PARTNERSHIP,DELHI,Delhi,2024-06-18 00:00:00,5183213301,ACTIVE,3072.49,MCH 4848,0,0,0,0,0,0,0
MCH7597,Vohra-Mitter,,Bus/Taxi,Sole Proprietor,pune,Maharashtra,2025-07-31 00:00:00,BWIV7516426838159,ACTIVE,2111.86,MCH7597,0,0,1,0,0,0,0
MCH3023,Raj-Bajwa,4131,Transport,partnership,Lucknow,Uttar Pradesh,2024-10-11 00:00:00,YYPA0272541440376,ACTIVE,0.6135,MCH3023,0,0,0,0,0,0,0
MCH7017,"Roy, Khosla and Oak",,Misc Retail,SOLE_PROPRIETOR,Lucknow,Uttar Pradesh,2025-09-14 00:00:00,XXXX0409,ACTIVE,952.71,MCH7017,0,0,1,0,0,0,0
MCH3661,"Deshmukh, Patla and Goel",1310,Transportation,Individual,Ludhiana,Punjab,2023-11-17 00:00:00,XXXX0412,SUSPENDED,0.1439,MCH3661,0,0,0,0,0,1,0
MCH8910,Hayer-Mandal,5411,groceries,Sole Proprietor,LDH,Punjab,,XXXX1730,ACTIVE,597.8,MCH8910,0,0,0,0,1,0,0
MCH7128,Agarwal Group,5912,chemist,PRIVATE-LIMITED,Jalandhar,Punjab,2023-06-06 20:54:00,,ACTIVE,6405.9,MCH7128,0,0,0,1,0,0,0
MCH5758,"aggarwal, hayer and nayar",5999,Retail Other,individual,ASR,Punjab,2023-09-22 00:00:00,XXXX0401,ACTIVE,3630.79,mch5758,0,0,0,0,0,0,0
MCH6119,"Hans, Gokhale and Shanker",9990,Other,PARTNERSHIP,Bombay,Maharashtra,2024-01-28 00:00:00,,INACTIVE,1753.67,MCH6119,0,0,0,1,0,0,0
MCH5316,"Mand, Banerjee and Bhandari",5699,Clothing,PRIVATE-LIMITED,Chennai,Tamil Nadu,,MZUJ8841043737441,ACTIVE,1934.84,MCH-5316,0,0,0,0,1,0,0
MCH7502,GOKHALE LLC,5311,DEPT_STORE,INDIVIDUAL,ASR,Punjab,2024-06-07 00:00:00,5976838930,ACTIVE,1185.45,mch7502,0,0,0,0,0,0,0
MCH6180,Thakur and Sons,6990,Apparel,Private Limited,LKO,Uttar Pradesh,2025-05-24 02:59:23,MWYN7782824521830,ACTIVE,699.96,MCH6180,0,0,0,0,0,0,0
MCH9335,srinivasan-shere,,Department Store,PARTNERSHIP,ludhiana,Punjab,2024-04-13 00:00:00,,ACTIVE,1875.12,MCH9335,0,0,1,1,0,0,0
MCH9710,"Mohanty, Lanka and Kamdar",5311,DEPT_STORE,Individual,Bombay,Maharashtra,2024-11-13 00:00:00,EZNF2282969074066,INACTIVE,1462.25,MCH9710,0,0,0,0,0,0,0
MCH7591,Gour-Hora,8120,FOOD_SERVICES,Sole Proprietor,ASR,Punjab,2023-07-12 05:34:00,XXXX5661,ACTIVE,1230.68,MCH7591,0,0,0,0,0,0,0
MCH2754,"Rastogi, Kamdar and Kumer",5912,Medical,SOLE_PROPRIETOR,Madras,Tamil Nadu,2023-04-27 00:00:00,,ACTIVE,2871.91,MCH2754,0,0,0,1,0,0,0
MCH7370,Peri LLC,1310,Bus/Taxi,Private Limited,Calcutta,West Bengal,2023-09-28 00:00:00,0713043152,ACTIVE,1188.42,MCH7370,0,0,0,0,0,0,0
MCH8588,"Kala, Kant and Gola",,Bus/Taxi,INDIVIDUAL,chennai,Tamil Nadu,2025-11-24 00:00:00,5957904984,ACTIVE,,MCH8588,0,1,1,0,0,0,0
MCH2244,Master PLC,5912,chemist,private_limited,Jalandar,Punjab,2024-06-10 01:44:00,,INACTIVE,0.2383,MCH2244,0,0,0,1,0,0,0
MCH9565,Gaba LLC,5912,Pharmacy,Individual,Calcutta,West Bengal,2025-03-08 00:00:00,5752723069,INACTIVE,715.93,MCH9565,0,0,0,0,0,0,0
MCH6551,Oza LLC,7011,HOTEL_LODGING,PRIVATE-LIMITED,lucknow,Uttar Pradesh,2023-07-11 00:00:00,,ACTIVE,578.45,MCH6551,0,0,0,1,0,0,0
MCH7972,Lata Inc,5411,Grocery Stores,Partnership,Bangalore,Karnataka,2024-12-16 00:00:00,6873256015,ACTIVE,-401.1,MCH7972,1,0,0,0,0,0,0
MCH3787,"Boase, Mand and Khatri",5411,kirana,partnership,Pune,Maharashtra,2025-03-21 00:49:00,4292433603,ACTIVE,1436.68,MCH3787,0,0,0,0,0,0,0
MCH2583,Gole-Prabhakar,4814,Telecom,private_limited,Bangalore,Karnataka,2025-04-21 00:00:00,XXXX1523,ACTIVE,0.323,MCH2583,0,0,0,0,0,0,0
MCH5707,varughese-hegde,,TELECOM,PRIVATE-LIMITED,lucknow,Uttar Pradesh,2025-07-12 22:37:37,VFHE9510842870262,ACTIVE,,MCH5707,0,1,1,0,0,0,0
MCH1478,Sah0ta LLC,5912,Pharmacies,individual,jaipur,Rajasthan,2024-09-12 18:14:03,1321864172,INACTIVE,0.2037,MCH1478,0,0,0,0,0,0,0
MCH5190,Karpe Inc,5942,BOOKS_STATIONERY,Sole Proprietor,New Delhi,Delhi,2024-06-07 13:34:28,AIVF4646117807271,ACTIVE,2042.93,MCH5190,0,0,0,0,0,0,0
MCH5645,Dey Ltd,4814,Telecom,PRIVATE-LIMITED,Jalandhar,Punjab,2025-12-18 00:00:00,9437173245,ACTIVE,1164.31,mch5645,0,0,0,0,0,0,0
MCH5872,KaleLLC,1310,Transport,Partnership,Bangalore,Karnataka,,,ACTIVE,1429.88,mch5872,0,0,0,1,1,0,0
MCH6239,Varkey-More,5699,Clothing,PRIVATE-LIMITED,LKO,Uttar Pradesh,2025-08-20 00:00:00,,ACTIVE,849.3,MCH-6239,0,0,0,1,0,0,0
MCH5188,"Dube, Nair and Datta",4131,Bus/Taxi,INDIVIDUAL,Jalandhar,Punjab,2023-03-22 00:00:00,4717131081,ACTIVE,2008.92,MCH5188,0,0,0,0,0,0,0
MCH2551,"Krishnamurthy, Murthy and Savant",5699,Fashion,PRIVATE_LIMITED,Pune,Maharashtra,2023-09-27 00:00:00,XXXX9848,ACTIVE,0.3427,MCH2551,0,0,0,0,0,0,0
MCH8241,"MANE, WAGLE AND GANESAN",5311,Department Stores,partnership,Kolkata,West Bengal,2024-09-22 06:26:59,GUGG0514416234988,ACTIVE,814.25,MCH8241,0,0,0,0,0,0,0
MCH3267,Balasubramanian-Butala,,CLOTHS,INDIVIDUAL,Chennai,Tamil Nadu,2025-10-20 00:00:00,XXXX4438,ACTIVE,1843.39,MCH3267,0,0,1,0,0,0,0
MCH9404,BARAL AND SONS,4131,TRAVEL,private_limited,Calcutta,West Bengal,2025-02-10 00:00:00,,ACTIVE,,MCH 9404,0,1,0,1,0,0,0
MCH1667,dalal ltd,7011,Hospitality,Sole Proprietor,Hyderabad,Telangana,2025-02-16 00:00:00,,ACTIVE,3517.09,MCH1667,0,0,0,1,0,0,0
MCH4275,"Boase, Chanda and Bajaj",3110,DEPT_STORE,INDIVIDUAL,New Delhi,Delhi,2025-06-29 18:15:12,XXXX6193,ACTIVE,684.1,MCH 4275,0,0,0,0,0,0,0
MCH8065,Parekh Group,1310,Transport,PRIVATE-LIMITED,jaipur,Rajasthan,2024-03-11 16:19:57,,ACTIVE,1217.53,MCH 8065,0,0,0,1,0,0,0
MCH8355,DADA AND SONS,5699,Apparel,SOLE_PROPRIETOR,Chennai,Tamil Nadu,2023-01-27 00:00:00,,ACTIVE,1302.55,MCH 8355,0,0,0,1,0,0,0
MCH9343,Sridhar-Sarna,7011,Hospitality,partnership,Chennai,Tamil Nadu,2025-08-16 00:00:00,XXXX5274,ACTIVE,287.96,mch9343,0,0,0,0,0,0,0
MCH2155,Vig-Bobal,4814,Mobile Recharge,PRIVATE_LIMITED,New Delhi,Delhi,2023-03-05 00:00:00,XXXX5202,ACTIVE,0.8483,MCH 2155,0,0,0,0,0,0,0
8377,"garde, varty and vyas",1310,Transport,INDIVIDUAL,MUMBAI,Maharashtra,2025-08-01 20:50:41,,ACTIVE,1200.23,8377,0,0,0,1,0,0,0
MCH6274,Mall Inc,7011,HOTEL_LODGING,PARTNERSHIP,Amritsar,Punjab,2025-06-21 00:00:00,XXXX1310,ACTIVE,1700.39,MCH-6274,0,0,0,0,0,0,0
MCH5698,Rana Ltd,5942,Stationery,PRIVATE-LIMITED,chennai,Tamil Nadu,2025-01-07 00:00:00,,ACTIVE,2808.27,MCH5698,0,0,0,1,0,0,0
MCH1940,ANNE GROUP,4131,Transport,Sole Proprietor,HYDERABAD,Telangana,2025-01-16 19:34:00,XXXX3192,ACTIVE,2525.67,MCH1940,0,0,0,0,0,0,0
MCH1817,Wadhwa Group,,Telecom,Partnership,kolkata,West Bengal,2024-06-30 00:00:00,XZWP2134363743881,ACTIVE,200.17,MCH1817,0,0,1,0,0,0,0
MCH8852,Bali-Hora,,Pharmacies,Individual,Dilli,Delhi,2024-09-07 00:00:00,,ACTIVE,2821.74,MCH8852,0,0,1,1,0,0,0
MCH9143,Prakash Inc,5812,Restaurants,PARTNERSHIP,lucknow,Uttar Pradesh,2023-02-03 00:00:00,XXXX9977,ACTIVE,1791.89,MCH9143,0,0,0,0,0,0,0
MCH7338,"Verma, Rai and Patla",,Medical,private_limited,Bangalore,Karnataka,2024-06-05 00:00:00,XXXX7454,ACTIVE,2235.57,MCH7338,0,0,1,0,0,0,0
MCH9888,"Contractor, Mohanty and Devi",5912,pharmacy,SOLE-PROPRIETOR,Madras,Tamil Nadu,2025-09-23 23:00:00,XXXX3253,SUSPENDED,1367.96,MCH9888,0,0,0,0,0,1,0
MCH5496,Bhagat and Sons,5912,Medical,PARTNERSHIP,lucknow,Uttar Pradesh,2024-08-13 00:00:00,DOMQ3055982121356,ACTIVE,-199.73,MCH5496,1,0,0,0,0,0,0
MCH5361,"Baria,SantandMunshi",5942,Stationery,private_limited,DELHI,Delhi,2025-02-01 00:00:00,XXXX6510,ACTIVE,-1636.11,MCH5361,1,0,0,0,0,0,0
MCH1199,"Chatterjee, Chada and Ghose",5812,eating place,PRIVATE_LIMITED,Madras,Tamil Nadu,2025-04-14 01:46:00,,ACTIVE,6574.56,MCH-1199,0,0,0,1,0,0,0
7350,Toor-Sachar,4814,Telecom,partnership,Bangalore,Karnataka,2023-10-29 00:11:00,8049687567,ACTIVE,1079.19,7350,0,0,0,0,0,0,0
MCH3970,"Chawla, Sami and Mani",5942,BOOKS_STATIONERY,SOLE_PROPRIETOR,Poona,Maharashtra,2023-04-25 00:00:00,XXXX3871,ACTIVE,2506.67,MCH3970,0,0,0,0,0,0,0
MCH3509,Tandon-Thakur,9990,Other,Private Limited,Poona,Maharashtra,2024-03-27 19:41:52,TBRS8526244076916,ACTIVE,253.7,MCH-3509,0,0,0,0,0,0,0
MCH8188,"ram, krish and pai",5999,Retail Other,PARTNERSHIP,LKO,Uttar Pradesh,2025-02-16 00:00:00,XXXX6724,INACTIVE,734.28,MCH8188,0,0,0,0,0,0,0
MCH3893,"Kapadia, Keer and Oak",5812,Food,Private Limited,amritsar,Punjab,2023-12-10 00:00:00,LOCC9278519241012,ACTIVE,-590.57,MCH3893,1,0,0,0,0,0,0
MCH5465,"KEER, GILL AND TANK",4814,TELECOM,individual,JPR,Rajasthan,2023-10-23 00:00:00,WBGT3042878113023,ACTIVE,0.317,MCH5465,0,0,0,0,0,0,0
MCH9837,Raval-Aurora,5812,Restaurants,sole_proprietor,Calcutta,West Bengal,2023-04-26 00:00:00,,ACTIVE,0.299,MCH-9837,0,0,0,1,0,0,0
MCH3145,Chaudry and Sons,3110,Department Store,individual,bengaluru,Karnataka,2026-01-29 00:00:00,,ACTIVE,,MCH3145,0,1,0,1,0,0,0
MCH5100,Garde-Mody,,grocery_store,sole_proprietor,Hyderabad,Telangana,2023-02-12 00:00:00,HBWM0411273165352,ACTIVE,347.68,MCH5100,0,0,1,0,0,0,0
MCH1122,"Rana, Choudhury and Garde",5912,Medical,PARTNERSHIP,LDH,Punjab,2024-11-30 00:00:00,XXXX6047,ACTIVE,4792.92,MCH-1122,0,0,0,0,0,0,0
MCH1874,KANDA-MANE,5942,Book Store,PARTNERSHIP,Ludhiana,Punjab,2024-12-06 00:00:00,0940514966,ACTIVE,2286.66,MCH-1874,0,0,0,0,0,0,0
MCH7881,MENON PLC,5311,Department Store,Partnership,pune,Maharashtra,2024-02-04 00:00:00,1137446678,ACTIVE,1357.1,MCH7881,0,0,0,0,0,0,0
MCH7395,Bera Group,9120,Pharmacy,PARTNERSHIP,Jalandar,Punjab,,,ACTIVE,-307.59,MCH7395,1,0,0,1,1,0,0
MCH4547,rout inc,5812,Restaurant,private_limited,bengaluru,Karnataka,2026-01-28 00:00:00,4666460002,ACTIVE,307.37,mch4547,0,0,0,0,0,0,0
8680,Bhatt-Toor,5311,DEPT_STORE,private_limited,Jaipur,Rajasthan,2025-12-02 00:00:00,,ACTIVE,1399.6,8680,0,0,0,1,0,0,0
5646,badal-anand,4814,phone service,Private Limited,mumbai,Maharashtra,2025-06-05 23:31:00,XXXX0079,ACTIVE,4606.04,5646,0,0,0,0,0,0,0
MCH5898,"Dalal, Bhavsar and Taneja",5999,Other,private_limited,Kolkata,West Bengal,2025-05-19 00:00:00,,ACTIVE,2660.29,MCH5898,0,0,0,1,0,0,0
MCH7724,"Thaman,ParsaandAurora",,Mobile Recharge,INDIVIDUAL,Pune,Maharashtra,2025-01-08 00:00:00,,ACTIVE,1482.24,MCH7724,0,0,1,1,0,0,0
MCH2278,"Mohanty, Bobal and Minhas",7011,HOTEL_LODGING,SOLE-PROPRIETOR,Poona,Maharashtra,2023-08-25 22:07:00,2573696997,ACTIVE,4540.82,MCH2278,0,0,0,0,0,0,0
MCH4377,Kale-Krishnan,5942,Book Store,partnership,bengaluru,Karnataka,2023-12-10 00:00:00,,INACTIVE,2218.12,MCH4377,0,0,0,1,0,0,0
MCH1477,Ahluwalia-Devan,5912,MEDICAL_STORE,Partnership,JPR,Rajasthan,2024-04-15 00:00:00,XXXX2364,ACTIVE,551.17,MCH-1477,0,0,0,0,0,0,0
MCH4581,"Tailor, Ganesh and Menon",5812,restaurants,Partnership,Bombay,Maharashtra,2025-02-11 00:00:00,,INACTIVE,0.1137,MCH4581,0,0,0,1,0,0,0
MCH5020,Sarna-Sarraf,5411,Grocery,individual,Lucknow,Uttar Pradesh,2023-02-27 19:58:28,,ACTIVE,3351.89,mch5020,0,0,0,1,0,0,0
MCH6965,Lala Group,5912,Medical,PRIVATE-LIMITED,pune,Maharashtra,2023-08-26 00:00:00,,ACTIVE,0.256,MCH6965,0,0,0,1,0,0,0
MCH9782,"Prashad, Sura and Mutti",5311,Department Store,Sole Proprietor,amritsar,Punjab,2025-04-17 00:00:00,,ACTIVE,0.2734,MCH9782,0,0,0,1,0,0,0
MCH6113,"Shen0y, Kapadia and Pradhan",5942,BOOKS_STATIONERY,INDIVIDUAL,Amritsar,Punjab,2025-05-21 01:21:00,OAOW4206990585455,ACTIVE,8727.62,MCH6113,0,0,0,0,0,0,0
MCH7471,DASS LLC,5812,Restaurant,SOLE_PROPRIETOR,Lucknow,Uttar Pradesh,2023-02-14 00:00:00,XXXX4634,ACTIVE,390.54,MCH7471,0,0,0,0,0,0,0
MCH9048,Kalla PLC,5812,Food,PARTNERSHIP,Jalandhar,Punjab,2023-09-18 04:32:57,,ACTIVE,544.22,MCH9048,0,0,0,1,0,0,0
MCH6449,Chakraborty-Hans,5812,food_services,SOLE-PROPRIETOR,Hyderabad,Telangana,2024-03-01 00:00:00,XXXX5646,ACTIVE,1506.6,mch6449,0,0,0,0,0,0,0
MCH5081,"Bhatia, Srinivasan and Sampath",5912,Medical,Private Limited,Madras,Tamil Nadu,2024-01-19 00:00:00,6512242126,ACTIVE,869.22,MCH5081,0,0,0,0,0,0,0
MCH5505,Shan-Cherian,5311,Department Stores,individual,DELHI,Delhi,2023-08-19 00:00:00,,ACTIVE,3177.98,MCH5505,0,0,0,1,0,0,0
MCH7728,Gaba Ltd,0110,Hospitality,PARTNERSHIP,jalandhar,Punjab,2024-06-07 00:00:00,,ACTIVE,970.98,MCH7728,0,0,0,1,0,0,0
MCH3386,"balay, chacko and dani",5311,Department Stores,private_limited,Jaipur,Rajasthan,2025-10-27 15:17:05,XXXX2339,ACTIVE,2775.53,MCH3386,0,0,0,0,0,0,0
MCH3753,Kala Ltd,8140,Mobile Recharge,individual,Kolkata,West Bengal,2024-03-20 00:00:00,XXXX7019,ACTIVE,411.14,MCH 3753,0,0,0,0,0,0,0
MCH4676,Shan Inc,5999,Other,Sole Proprietor,mumbai,Maharashtra,2026-01-20 00:00:00,DCZB8927650142403,ACTIVE,2805.31,MCH 4676,0,0,0,0,0,0,0
MCH5055,Aggarwal-Doctor,5912,Medical,private_limited,HYDERABAD,Telangana,2024-07-04 02:56:33,,ACTIVE,3805.08,MCH5055,0,0,0,1,0,0,0
MCH7297,"Bhasin, Sankar and Pradhan",8120,FOOD_SERVICES,PRIVATE-LIMITED,delhi,Delhi,2025-05-03 21:06:30,,ACTIVE,,MCH7297,0,1,0,1,0,0,0
MCH8798,"Taneja, Maharaj and Sa1vi",9420,Stationery,PARTNERSHIP,mumbai,Maharashtra,,,SUSPENDED,0.2125,MCH8798,0,0,0,1,1,1,0
MCH4454,"varghese, shenoy and mahajan",5812,Restaurants,PARTNERSHIP,Mumbai,Maharashtra,2025-06-21 20:18:19,,ACTIVE,0.1952,MCH4454,0,0,0,1,0,0,0
MCH6575,Sanghvi PLC,5942,Book Store,Individual,lucknow,Uttar Pradesh,2025-02-15 00:00:00,JZFS4748636238917,ACTIVE,0.819,MCH6575,0,0,0,0,0,0,0
MCH1130,Bhargava-Dara,5311,Department Store,INDIVIDUAL,Amritsar,Punjab,2025-06-14 00:00:00,8689036086,ACTIVE,2188.62,MCH1130,0,0,0,0,0,0,0
MCH9401,Ravi LLC,7011,hotels,Sole Proprietor,Pune,Maharashtra,2025-11-14 00:00:00,1215375647,ACTIVE,1824.72,MCH9401,0,0,0,0,0,0,0
MCH4702,Nath Group,5311,Retail,sole_proprietor,Lucknow,Uttar Pradesh,2024-08-15 23:18:00,,ACTIVE,0.584,MCH4702,0,0,0,1,0,0,0
MCH3604,Dara-Borde,5942,Stationery,SOLE-PROPRIETOR,LDH,Punjab,2025-10-03 00:00:00,,ACTIVE,,MCH3604,0,1,0,1,0,0,0
MCH7724,Gade-Tata,5912,Medical,sole_proprietor,New Delhi,Delhi,2023-07-04 00:00:00,8406773720,ACTIVE,1191.59,MCH7724,0,0,0,0,0,0,0
MCH9199,"BAIL, PERI AND BARIA",,DEPT_STORE,partnership,Chennai,Tamil Nadu,2024-01-14 00:00:00,MIRO8677255410818,ACTIVE,7748.66,MCH9199,0,0,1,0,0,0,0
MCH7709,Kala LLC,5411,GROCERY_STORE,Partnership,Jalandhar,Punjab,2023-06-21 15:24:12,,ACTIVE,,MCH7709,0,1,0,1,0,0,0
MCH4606,"MORAR, DALAL AND MUKHERJEE",9120,Pharmacies,partnership,bengaluru,Karnataka,2023-05-26 00:00:00,,INACTIVE,1103.98,MCH4606,0,0,0,1,0,0,0
MCH3499,"Gaba, Nanda and Pillay",5812,Food,PRIVATE-LIMITED,mumbai,Maharashtra,2023-09-30 00:00:00,,ACTIVE,804.98,MCH3499,0,0,0,1,0,0,0
MCH4573,"Borde, Patil and Taneja",4814,phone service,INDIVIDUAL,Chennai,Tamil Nadu,2023-10-27 00:00:00,KZVD4103515080767,ACTIVE,642.81,MCH4573,0,0,0,0,0,0,0
MCH4169,"Vaidya, Vasa and Palan",4814,Mobile Recharge,INDIVIDUAL,Hyd,Telangana,2024-11-15 00:00:00,,ACTIVE,1965.48,MCH4169,0,0,0,1,0,0,0
1083,Chaudhry-Bhat,5812,Food,SOLE-PROPRIETOR,Jalandhar,Punjab,2025-04-30 00:00:00,DSMZ2555394666399,INACTIVE,730.39,1083,0,0,0,0,0,0,0
MCH9503,"Lanka, Bhasin and Srinivas",5411,kirana,Partnership,Calcutta,West Bengal,2024-10-29 00:00:00,,ACTIVE,1065.1,MCH9503,0,0,0,1,0,0,0
MCH5798,DIVAN-MAHAL,5812,eating place,Individual,Jaipur,Rajasthan,2023-02-19 00:00:00,1492699438,ACTIVE,110.98,MCH5798,0,0,0,0,0,0,0
MCH7804,Deo-Pandya,5812,Food,Partnership,Jaipur,Rajasthan,,XXXX1482,SUSPENDED,492.54,MCH7804,0,0,0,0,1,1,0
MCH7639,brar-chana,5999,Other,Sole Proprietor,MUMBAI,Maharashtra,2025-02-20 05:32:00,XXXX2309,ACTIVE,4805.68,mch7639,0,0,0,0,0,0,0
2788,"Dash, Mallick and Sachdev",5812,Restaurant,INDIVIDUAL,BLR,Karnataka,2025-04-06 04:08:29,WZXG3956270476463,ACTIVE,3989.94,2788,0,0,0,0,0,0,0
MCH9813,"Padmanabhan,BrahmbhattandTrivedi",5411,Grocery Stores,Private Limited,Ludhiana,Punjab,2025-01-27 10:19:00,XXXX5772,ACTIVE,2491.37,MCH9813,0,0,0,0,0,0,0
MCH5367,Varughese-Kala,5942,Book Store,SOLE_PROPRIETOR,ludhiana,Punjab,2024-09-24 20:00:00,,ACTIVE,1142.44,MCH5367,0,0,0,1,0,0,0
MCH3256,"Patil, Tripathi and Seshadri",5942,Books,partnership,ludhiana,Punjab,2025-02-11 00:00:00,0074721461,ACTIVE,4035.32,MCH3256,0,0,0,0,0,0,0
MCH6853,Prashad PLC,7011,Hotel,private_limited,Dilli,Delhi,2024-06-13 00:00:00,KVIV4494971706487,ACTIVE,410.64,MCH 6853,0,0,0,0,0,0,0
MCH8226,Das-Subramanian,5999,Other,Partnership,Jaipur,Rajasthan,2024-03-26 00:00:00,6578658444,ACTIVE,789.74,MCH8226,0,0,0,0,0,0,0
MCH8372,Parsa-Chokshi,4814,Telecom,PRIVATE_LIMITED,Amritsar,Punjab,2023-02-10 09:57:00,XXXX0623,ACTIVE,714.9,MCH8372,0,0,0,0,0,0,0
MCH5590,"Bhandari, M0re and Bhatti",4131,TRAVEL,partnership,Pune,Maharashtra,2024-10-07 00:00:00,CXPI7064872826114,INACTIVE,2034.57,MCH 5590,0,0,0,0,0,0,0
MCH6578,LAL-SACHDEVA,1310,Bus/Taxi,Partnership,Jalandar,Punjab,2026-01-04 13:25:00,2444694216,ACTIVE,1965.27,MCH6578,0,0,0,0,0,0,0
MCH6030,"DHILLON, SUNDER AND SODHI",5999,Miscellaneous,partnership,JPR,Rajasthan,2025-02-19 00:00:00,FIPF1132011620068,ACTIVE,884.98,MCH6030,0,0,0,0,0,0,0
MCH2056,"Kadakia, Nagi and Ramakrishnan",5699,CLOTHS,Sole Proprietor,Bombay,Maharashtra,2023-02-23 00:00:00,XXXX6025,ACTIVE,2168.0,MCH2056,0,0,0,0,0,0,0
1083,Chaudhry-Bhat,5812,food,SOLE-PROPRIETOR,Jalandhar,Punjab,2025-04-30 00:00:00,DSMZ2555394666399,SUSPENDED,730.39,1083,0,0,0,0,0,1,0
MCH4041,Salvi-Mishra,5812,Restaurants,sole_proprietor,ASR,Punjab,,IIMZ0020327103815,INACTIVE,1291.58,MCH4041,0,0,0,0,1,0,0
MCH3859,"mall, bassi and seshadri",5411,groceries,partnership,Mumbay,Maharashtra,,,ACTIVE,0.61,MCH3859,0,0,0,1,1,0,0
MCH8007,Chaudhari Inc,5699,garments,Sole Proprietor,Poona,Maharashtra,2025-11-26 16:25:31,KFYF9189766472754,ACTIVE,1165.41,MCH8007,0,0,0,0,0,0,0
MCH9731,Chaudhry-Pillay,5311,DEPT_STORE,INDIVIDUAL,jaipur,Rajasthan,2025-09-19 16:43:34,4390962437,ACTIVE,516.39,MCH-9731,0,0,0,0,0,0,0
MCH5790,Devi and Sons,5942,Stationery,partnership,JPR,Rajasthan,2024-06-03 01:35:36,LANA4621044039956,ACTIVE,8961.2,mch5790,0,0,0,0,0,0,0
MCH1189,"rai, doctor and dar",5699,Apparel,SOLE_PROPRIETOR,Mumbay,Maharashtra,2024-11-13 20:40:00,8075572970,ACTIVE,0.1513,MCH1189,0,0,0,0,0,0,0
MCH6504,"wagle, choudhry and patla",5942,Stationery,Private Limited,Jalandar,Punjab,2025-11-14 00:00:00,,ACTIVE,0.1748,MCH-6504,0,0,0,1,0,0,0
MCH1213,Ray LLC,5912,Pharmacies,PARTNERSHIP,pune,Maharashtra,2024-01-07 18:33:52,1805958295,INACTIVE,0.1556,MCH1213,0,0,0,0,0,0,0
MCH3854,"Was0n, Chauhan and Gh0se",5812,FOOD_SERVICES,Private Limited,Hyderabad,Telangana,2025-09-01 00:00:00,FZNK7723155067265,ACTIVE,0.528,MCH3854,0,0,0,0,0,0,0
MCH8884,"Dubey, Srinivasan and Pillai",,Stationery,SOLE_PROPRIETOR,chennai,Tamil Nadu,2023-07-03 00:00:00,,ACTIVE,,MCH8884,0,1,1,1,0,0,0
MCH6692,Parekh Group,5942,Book Store,Partnership,ASR,Punjab,2023-12-23 00:00:00,XXXX5642,ACTIVE,0.307,MCH-6692,0,0,0,0,0,0,0
MCH2148,Dora Ltd,9120,Pharmacy,private_limited,ASR,Punjab,2024-05-30 17:40:28,,ACTIVE,343.34,MCH 2148,0,0,0,1,0,0,0
MCH7323,Buch PLC,7011,HOTEL_LODGING,Partnership,Amritsar,Punjab,2023-08-11 12:36:40,XXXX4242,ACTIVE,552.97,MCH7323,0,0,0,0,0,0,0
MCH3447,ANDRA-EDWIN,5699,Fashion,INDIVIDUAL,Hyd,Telangana,2023-10-09 13:58:47,XXXX8236,ACTIVE,1619.69,MCH3447,0,0,0,0,0,0,0
MCH6804,Johal and Sons,5699,CLOTHS,SOLE-PROPRIETOR,chennai,Tamil Nadu,2025-10-13 00:00:00,9253208573,INACTIVE,4018.13,MCH6804,0,0,0,0,0,0,0
MCH3569,Choudhury-Prashad,5942,Stationery,sole_proprietor,LKO,Uttar Pradesh,2025-02-17 00:00:00,,ACTIVE,0.1411,MCH3569,0,0,0,1,0,0,0
MCH7364,VIG-BALA,7011,HOTEL_LODGING,sole_proprietor,Mumbai,Maharashtra,2024-08-29 05:57:59,XXXX1900,ACTIVE,1242.0,MCH7364,0,0,0,0,0,0,0
MCH5511,"Pandya, Dugar and Dube",5999,Miscellaneous,individual,delhi,Delhi,2025-02-09 08:12:00,,ACTIVE,997.89,MCH 5511,0,0,0,1,0,0,0
MCH6517,"Vig, Sen and Kumar",5699,CLOTHS,SOLE-PROPRIETOR,delhi,Delhi,2023-05-05 00:00:00,,ACTIVE,1024.93,MCH6517,0,0,0,1,0,0,0
MCH9779,De0-Agate,4814,Telecom,INDIVIDUAL,Calcutta,West Bengal,2024-03-24 00:00:00,,ACTIVE,2425.1,mch9779,0,0,0,1,0,0,0
MCH5217,Swamy Ltd,5411,kirana,Private Limited,Calcutta,West Bengal,2023-02-22 00:00:00,5295856120,ACTIVE,1618.62,MCH5217,0,0,0,0,0,0,0
MCH4732,"RAMANATHAN, KANDA AND KARNIK",5812,eating place,private_limited,lucknow,Uttar Pradesh,2025-08-13 05:58:00,,ACTIVE,3954.51,MCH4732,0,0,0,1,0,0,0
MCH5027,Mukhopadhyay-Brar,5999,Retail Other,Partnership,ludhiana,Punjab,2023-10-17 00:00:00,CWYO9756460575495,ACTIVE,3103.67,MCH5027,0,0,0,0,0,0,0
MCH4411,"Kale, Issac and Sibal",5999,Retail Other,PRIVATE_LIMITED,MUMBAI,Maharashtra,2025-12-23 00:00:00,GYAZ8851086848708,ACTIVE,566.46,MCH4411,0,0,0,0,0,0,0
MCH2104,Iyengar PLC,,Fashion,PRIVATE_LIMITED,LKO,Uttar Pradesh,2025-03-20 13:20:17,,SUSPENDED,1344.05,MCH2104,0,0,1,1,0,1,0
MCH6928,"Mutti, Palla and Zacharia",4814,Telecom,partnership,Kolkata,West Bengal,2023-12-11 00:00:00,1804027882,ACTIVE,2042.85,MCH6928,0,0,0,0,0,0,0
MCH2177,"Boase, Bajaj and Krish",5999,Other,Private Limited,jalandhar,Punjab,2025-08-01 00:00:00,,ACTIVE,420.77,MCH2177,0,0,0,1,0,0,0
MCH4354,Natarajan-Lad,0110,HOTEL_LODGING,PARTNERSHIP,amritsar,Punjab,2023-08-18 00:00:00,XXXX6382,ACTIVE,703.43,MCH4354,0,0,0,0,0,0,0
MCH7273,De-Gokhale,4131,Bus/Taxi,SOLE-PROPRIETOR,jalandhar,Punjab,2024-05-23 07:01:00,NXVM2607916550138,ACTIVE,654.26,MCH7273,0,0,0,0,0,0,0
MCH1456,Madan-Ganesh,5699,Apparel,INDIVIDUAL,amritsar,Punjab,2025-11-01 00:00:00,,ACTIVE,,MCH1456,0,1,0,1,0,0,0
MCH7181,"Dar, Dada and Kala",4131,transprt,PARTNERSHIP,Calcutta,West Bengal,2023-04-14 00:00:00,XXXX4833,ACTIVE,859.59,MCH7181,0,0,0,0,0,0,0
MCH6314,"kuruvilla, lalla and mallick",6990,CLOTHS,Private Limited,lucknow,Uttar Pradesh,2026-01-05 15:15:00,,ACTIVE,697.89,MCH6314,0,0,0,1,0,0,0
MCH7864,"Kumer, Iyer and Bhavsar",4131,TRAVEL,Private Limited,Amritsar,Punjab,2024-12-30 05:51:45,9319227409,ACTIVE,611.66,MCH7864,0,0,0,0,0,0,0
MCH5294,Bhakta Group,4814,TELECOM,Private Limited,jaipur,Rajasthan,2023-12-27 00:00:00,XXXX2441,ACTIVE,765.13,MCH 5294,0,0,0,0,0,0,0
MCH9219,Baria Inc,4814,Telecom,SOLE_PROPRIETOR,JPR,Rajasthan,2024-07-29 00:00:00,7495991370,ACTIVE,0.1931,MCH9219,0,0,0,0,0,0,0
MCH5070,Rau-Nagar,9990,Retail Other,PRIVATE_LIMITED,Madras,Tamil Nadu,2024-12-04 11:51:13,,ACTIVE,0.11139,MCH5070,0,0,0,1,0,0,0
MCH1889,Bakshi LLC,5999,Retail Other,INDIVIDUAL,Jalandhar,Punjab,2024-02-13 09:50:36,XXXX2818,ACTIVE,2474.04,MCH1889,0,0,0,0,0,0,0
MCH6224,La1-Anand,5912,chemist,private_limited,New Delhi,Delhi,2025-07-28 00:00:00,3453251138,ACTIVE,0.3823,MCH 6224,0,0,0,0,0,0,0
7709,Sangha LLC,5812,eating place,SOLE-PROPRIETOR,jalandhar,Punjab,2024-11-07 00:00:00,LORK7301099084726,ACTIVE,968.83,7709,0,0,0,0,0,0,0
MCH4769,"Venkataraman, Dey and Patil",7011,Hotels,PARTNERSHIP,LDH,Punjab,2023-11-01 00:00:00,,ACTIVE,145.49,MCH4769,0,0,0,1,0,0,0
MCH4274,Walia Group,1310,Transportation,Private Limited,MUMBAI,Maharashtra,2025-10-29 00:00:00,OSZC0719397300693,ACTIVE,1705.04,MCH4274,0,0,0,0,0,0,0
MCH1772,"Sarin,KothariandLal",,Medical,INDIVIDUAL,Jalandhar,Punjab,2025-09-11 00:00:00,GQQF2119444967880,ACTIVE,-342.59,MCH1772,1,0,1,0,0,0,0
MCH1818,BAKSHI-GOLLA,5699,Clothing,PRIVATE_LIMITED,kolkata,West Bengal,2023-04-10 00:00:00,7575233501,ACTIVE,4859.19,MCH1818,0,0,0,0,0,0,0
MCH6343,Prabhakar Ltd,5411,Grocery,SOLE-PROPRIETOR,ludhiana,Punjab,2025-11-13 00:00:00,,INACTIVE,8227.32,MCH6343,0,0,0,1,0,0,0
MCH8114,"raman, sandal and bedi",4814,phone service,individual,jalandhar,Punjab,2024-02-08 00:00:00,LFZC4951241506007,ACTIVE,1612.23,MCH8114,0,0,0,0,0,0,0
7335,"Narayan, Cheema and Chana",5812,Food,PRIVATE-LIMITED,Madras,Tamil Nadu,2025-03-18 19:16:00,EHXK3209295259680,ACTIVE,699.42,7335,0,0,0,0,0,0,0
MCH8125,"Jaggi, Samra and Narula",4131,Transport,Sole Proprietor,Chennai,Tamil Nadu,2023-10-19 00:00:00,XXXX6695,ACTIVE,983.23,mch8125,0,0,0,0,0,0,0
MCH2718,"Krishna, Prabhu and Kara",7011,Hotels,Individual,Bengaluru,Karnataka,2024-12-20 00:00:00,VEWG4998867762324,ACTIVE,529.14,MCH2718,0,0,0,0,0,0,0
MCH3718,"S0m, Barman and Bhavsar",5411,kirana,SOLE_PROPRIETOR,Pune,Maharashtra,,2345441898,ACTIVE,312.19,MCH3718,0,0,0,0,1,0,0
MCH3338,"Mistry, Majumdar and Ghosh",4814,Mobile Recharge,INDIVIDUAL,Ludhiana,Punjab,2024-04-26 08:50:51,KYYU5062619258958,ACTIVE,0.1989,mch3338,0,0,0,0,0,0,0
MCH8038,"singh, baria and kakar",5912,Pharmacy,PRIVATE_LIMITED,LKO,Uttar Pradesh,2024-12-20 17:52:56,5855829731,ACTIVE,1174.3,MCH8038,0,0,0,0,0,0,0
MCH6634,"BOBAL, RANDHAWA AND GUHA",,Other,SOLE-PROPRIETOR,DELHI,Delhi,2024-07-17 00:00:00,4957341463,ACTIVE,3780.75,MCH6634,0,0,1,0,0,0,0
MCH2028,Viswanathan LLC,,Telecom,Individual,Pune,Maharashtra,2024-05-23 00:00:00,XXXX2833,ACTIVE,0.634,MCH2028,0,0,1,0,0,0,0
MCH9722,"KRISHNA, SAXENA AND AURORA",4814,Mobile Recharge,INDIVIDUAL,lucknow,Uttar Pradesh,,XXXX5150,ACTIVE,,MCH9722,0,1,0,0,1,0,0
MCH8966,Talwar PLC,5999,Retail Other,sole_proprietor,Madras,Tamil Nadu,2023-07-23 00:00:00,LXSL0666403926452,ACTIVE,432.95,MCH8966,0,0,0,0,0,0,0
MCH5378,biswas-seshadri,,kirana,SOLE_PROPRIETOR,kolkata,West Bengal,2025-05-11 00:00:00,,ACTIVE,815.52,MCH 5378,0,0,1,1,0,0,0
MCH5741,Rajagopalan PLC,5942,BOOKS_STATIONERY,INDIVIDUAL,Hyd,Telangana,2025-10-29 08:07:02,2788746336,INACTIVE,1562.28,MCH5741,0,0,0,0,0,0,0
MCH1721,"Mammen, Ka1a and Gara",7011,Hotel,individual,kolkata,West Bengal,2023-10-07 01:39:20,,ACTIVE,1736.83,MCH 1721,0,0,0,1,0,0,0
MCH7647,"Bala, Mody and Kumer",5912,Medical,Partnership,Mumbay,Maharashtra,2025-12-30 18:11:40,XXXX0768,INACTIVE,0.3285,MCH7647,0,0,0,0,0,0,0
MCH7358,Basak-Patla,5999,Misc Retail,Sole Proprietor,Delhi,Delhi,2025-12-19 00:00:00,1781542230,ACTIVE,3053.41,MCH7358,0,0,0,0,0,0,0
MCH5912,shenoy plc,8140,Telecom,INDIVIDUAL,Bangalore,Karnataka,2023-12-12 00:00:00,,ACTIVE,551.95,mch5912,0,0,0,1,0,0,0
MCH6380,Naik-Kalla,5999,Other,Individual,Pune,Maharashtra,2026-01-02 06:05:56,6290942991,BLOCKED,-1353.03,MCH6380,1,0,0,0,0,0,1
MCH7225,APTE-WADHWA,5812,FOOD_SERVICES,Individual,jalandhar,Punjab,2025-03-07 07:20:55,XXXX2773,ACTIVE,-5618.9,MCH7225,1,0,0,0,0,0,0
MCH5924,Chana-Thaman,4814,phone service,SOLE-PROPRIETOR,New Delhi,Delhi,2025-09-27 23:42:15,XXXX2862,ACTIVE,1054.56,MCH5924,0,0,0,0,0,0,0
MCH1680,"Dube, Sekhon and Nagarajan",5699,CLOTHS,SOLE-PROPRIETOR,Ludhiana,Punjab,2025-02-03 01:50:32,,ACTIVE,0.855,MCH-1680,0,0,0,1,0,0,0
MCH7060,"Nayak, Parmer and Anand",,Pharmacies,PRIVATE-LIMITED,kolkata,West Bengal,2023-05-26 00:00:00,,ACTIVE,1299.1,MCH7060,0,0,1,1,0,0,0
MCH8909,"PALAN, WALI AND WAGLE",5999,Other,INDIVIDUAL,Dilli,Delhi,,AMLI0055772138931,ACTIVE,1366.3,MCH8909,0,0,0,0,1,0,0
MCH7548,Dhillon Inc,4814,phone service,PRIVATE-LIMITED,Hyderabad,Telangana,2025-08-24 00:00:00,XXXX6625,BLOCKED,0.417,MCH7548,0,0,0,0,0,0,1
MCH6043,NATT INC,5311,Retail,SOLE-PROPRIETOR,MUMBAI,Maharashtra,2024-01-24 00:00:00,,ACTIVE,766.54,MCH6043,0,0,0,1,0,0,0
5607,Sengupta-Murty,5942,Books,SOLE_PROPRIETOR,delhi,Delhi,2023-10-05 00:00:00,GVNH6755841589954,ACTIVE,2739.15,5607,0,0,0,0,0,0,0
MCH4529,varkey-pant,,Clothing,PRIVATE-LIMITED,LDH,Punjab,2024-06-01 00:00:00,6768398433,ACTIVE,1710.62,MCH 4529,0,0,1,0,0,0,0
MCH3518,Borah and Sons,4131,Transportation,SOLE_PROPRIETOR,Mumbay,Maharashtra,2026-02-06 15:51:00,GCBI5958315675126,ACTIVE,451.33,MCH 3518,0,0,0,0,0,0,0
MCH3477,"Mangal, Comar and Krish",5311,Department Store,SOLE_PROPRIETOR,mumbai,Maharashtra,2025-03-30 09:40:40,,ACTIVE,13897.21,MCH3477,0,0,0,1,0,0,0
MCH4777,Babu-Choudhry,4814,Mobile Recharge,Individual,DELHI,Delhi,2026-01-10 00:00:00,,ACTIVE,373.4,MCH4777,0,0,0,1,0,0,0
MCH7440,Rastogi-Manne,5699,garments,SOLE-PROPRIETOR,Lucknow,Uttar Pradesh,2025-10-27 00:00:00,,ACTIVE,2334.42,MCH7440,0,0,0,1,0,0,0
MCH1352,"Bandi, Soman and Manne",5812,Food,individual,Jalandar,Punjab,2026-01-28 00:00:00,,ACTIVE,0.4146,MCH1352,0,0,0,1,0,0,0
MCH1400,Kapoor-Bhalla,5699,Apparel,PARTNERSHIP,Madras,Tamil Nadu,2023-05-17 00:00:00,,ACTIVE,913.08,MCH-1400,0,0,0,1,0,0,0
MCH9937,"Sant, Dada and Biswas",4814,phone service,partnership,Hyd,Telangana,2023-09-08 00:00:00,,INACTIVE,0.663,MCH9937,0,0,0,1,0,0,0
MCH8151,Dalal PLC,5699,Apparel,INDIVIDUAL,Jalandar,Punjab,2024-08-01 20:15:56,WQMC9295186993346,ACTIVE,0.12,MCH8151,0,0,0,0,0,0,0
MCH5768,Minhas Gr0up,,Telecom,sole_proprietor,Hyderabad,Telangana,2023-08-09 00:00:00,BVES3790408976679,ACTIVE,1396.68,MCH5768,0,0,1,0,0,0,0
MCH2914,Sharaf-Tara,5311,Retail,INDIVIDUAL,kolkata,West Bengal,2025-02-07 00:00:00,,ACTIVE,0.542,MCH2914,0,0,0,1,0,0,0
MCH3085,Reddy-Wagle,7011,Hotels,SOLE-PROPRIETOR,BLR,Karnataka,2025-05-27 00:00:00,,ACTIVE,0.258,MCH3085,0,0,0,1,0,0,0
MCH2345,"Kibe, Verma and Koshy",4814,phone service,INDIVIDUAL,bengaluru,Karnataka,2024-06-28 00:00:00,2126684184,ACTIVE,808.61,MCH2345,0,0,0,0,0,0,0
MCH3134,Rajan PLC,5311,DEPT_STORE,Individual,Jaipur,Rajasthan,2024-09-30 00:49:20,YYBA4456378455566,ACTIVE,0.993,MCH-3134,0,0,0,0,0,0,0
MCH3263,SARNA-CHAUHAN,5812,FOOD_SERVICES,sole_proprietor,LKO,Uttar Pradesh,2025-05-18 00:00:00,4897875203,ACTIVE,2348.1,MCH3263,0,0,0,0,0,0,0
MCH5261,M0dy Gr0up,5942,Book Store,Individual,jaipur,Rajasthan,2025-11-12 00:00:00,,ACTIVE,345.16,MCH5261,0,0,0,1,0,0,0
MCH9931,"Wadhwa, Loyal and Bhat",4814,Telecom,Partnership,LKO,Uttar Pradesh,2024-05-03 20:57:24,,HOLD,-1226.34,MCH9931,1,0,0,1,0,0,0
MCH8597,Hayre-Badami,5812,Food,PRIVATE_LIMITED,Amritsar,Punjab,2023-05-26 00:00:00,XXXX4723,ACTIVE,1847.81,MCH8597,0,0,0,0,0,0,0
MCH6071,nagy inc,5311,DEPT_STORE,private_limited,DELHI,Delhi,,XXXX2349,ACTIVE,-2743.11,MCH6071,1,0,0,0,1,0,0
8957,MADAN-KOTHARI,5699,Apparel,Sole Proprietor,Ludhiana,Punjab,,XXXX2329,ACTIVE,934.34,8957,0,0,0,0,1,0,0
MCH1605,Kar-Peri,,Misc Retail,INDIVIDUAL,Dilli,Delhi,2025-12-14 20:52:47,,ACTIVE,3940.67,MCH1605,0,0,1,1,0,0,0
8509,RAMAN-HANS,5699,Clothing,individual,Lucknow,Uttar Pradesh,2024-05-16 00:00:00,XXXX2100,INACTIVE,0.882,8509,0,0,0,0,0,0,0
MCH1450,"HORA, KUNDA AND DANI",5311,Department Store,Sole Proprietor,ludhiana,Punjab,2023-10-30 00:00:00,XXXX1537,INACTIVE,1853.9,MCH1450,0,0,0,0,0,0,0
MCH2424,Kari-Morar,5999,Miscellaneous,sole_proprietor,Mumbay,Maharashtra,,7720169821,ACTIVE,763.93,MCH2424,0,0,0,0,1,0,0
MCH3612,Dara-Rama,5942,Book Store,SOLE-PROPRIETOR,delhi,Delhi,2024-04-10 00:00:00,,ACTIVE,2252.16,MCH3612,0,0,0,1,0,0,0
MCH9082,Din-Batta,5311,Department Stores,private_limited,mumbai,Maharashtra,2024-02-18 00:00:00,XXXX5721,INACTIVE,4454.42,MCH9082,0,0,0,0,0,0,0
MCH1727,Chacko LLC,5999,Retail Other,partnership,Amritsar,Punjab,2023-07-23 00:00:00,,ACTIVE,1914.68,MCH1727,0,0,0,1,0,0,0
MCH1280,"Ben, Madan and Dey",9420,Books,private_limited,Lucknow,Uttar Pradesh,2025-06-13 00:00:00,,ACTIVE,1308.81,MCH1280,0,0,0,1,0,0,0
2448,shan ltd,5699,Apparel,PRIVATE-LIMITED,DELHI,Delhi,2023-03-22 16:55:53,,ACTIVE,331.32,2448,0,0,0,1,0,0,0
MCH1021,VARGHESE-RAMACHANDRAN,5812,FOOD_SERVICES,PRIVATE-LIMITED,ASR,Punjab,,,ACTIVE,0.734,MCH1021,0,0,0,1,1,0,0
MCH9004,KaurInc,5699,Apparel,partnership,bengaluru,Karnataka,2023-10-07 00:00:00,XXXX9308,ACTIVE,1124.44,MCH 9004,0,0,0,0,0,0,0
MCH4010,"Barad, Mukherjee and Joshi",5411,kirana,Sole Proprietor,ASR,Punjab,2024-01-28 00:00:00,,ACTIVE,992.35,mch4010,0,0,0,1,0,0,0
MCH1379,Chokshi Ltd,5912,MEDICAL_STORE,individual,chennai,Tamil Nadu,2024-01-23 00:00:00,XXXX4340,ACTIVE,2729.5,MCH1379,0,0,0,0,0,0,0
MCH3014,Nagarajan-Bandi,5311,Retail,individual,Delhi,Delhi,2025-06-09 00:00:00,XXXX4761,ACTIVE,3013.17,MCH3014,0,0,0,0,0,0,0
MCH2100,"Jani, Bobal and Singhal",7011,Hospitality,INDIVIDUAL,Bangalore,Karnataka,,,ACTIVE,0.1281,MCH2100,0,0,0,1,1,0,0
MCH5040,Kumer-M0rar,4131,transprt,PRIVATE_LIMITED,Chennai,Tamil Nadu,2023-01-08 04:01:00,,ACTIVE,0.5948,MCH 5040,0,0,0,1,0,0,0
MCH8151,"Sangha, Master and Chand",5999,Other,SOLE_PROPRIETOR,New Delhi,Delhi,2024-02-04 00:00:00,,ACTIVE,606.88,mch8151,0,0,0,1,0,0,0
MCH3941,Bassi-Deshmukh,4814,TELECOM,INDIVIDUAL,Amritsar,Punjab,2025-10-25 00:00:00,,ACTIVE,979.98,MCH3941,0,0,0,1,0,0,0
MCH1531,Savant and Sons,7011,Hotel,private_limited,Delhi,Delhi,2026-02-10 00:00:00,,INACTIVE,1019.94,MCH1531,0,0,0,1,0,0,0
MCH6025,Wable and Sons,4814,Mobile Recharge,sole_proprietor,pune,Maharashtra,2026-01-14 04:31:00,,ACTIVE,2018.15,MCH6025,0,0,0,1,0,0,0
MCH9396,Baria-Bhasin,5912,MEDICAL_STORE,partnership,pune,Maharashtra,2025-01-24 00:00:00,WSGG2231313442332,ACTIVE,-157.3,MCH9396,1,0,0,0,0,0,0
MCH2742,"Manne, Patil and Mukhopadhyay",5942,Stationery,SOLE_PROPRIETOR,Poona,Maharashtra,2025-10-03 00:00:00,JAUF9449397976214,ACTIVE,0.1389,MCH-2742,0,0,0,0,0,0,0
MCH5831,KIBE INC,4814,TELECOM,Sole Proprietor,Ludhiana,Punjab,2024-01-21 16:49:33,,ACTIVE,2267.19,MCH5831,0,0,0,1,0,0,0
MCH2179,CHANDA-SURA,5699,Fashion,PRIVATE_LIMITED,Jalandhar,Punjab,2026-01-07 00:00:00,XXXX4523,ACTIVE,1281.24,MCH2179,0,0,0,0,0,0,0
MCH3753,vohra-din,5699,Clothing,Private Limited,Calcutta,West Bengal,2025-03-30 00:00:00,8109513390,ACTIVE,754.9,MCH 3753,0,0,0,0,0,0,0
MCH5958,"panchal, krishnan and thakkar",5812,Restaurants,PRIVATE-LIMITED,Madras,Tamil Nadu,2025-06-16 00:00:00,1176480578,INACTIVE,999.64,mch5958,0,0,0,0,0,0,0
MCH2767,Banik-Biswas,,Grocery Stores,INDIVIDUAL,Mumbai,Maharashtra,2024-01-04 00:00:00,,INACTIVE,4259.84,MCH2767,0,0,1,1,0,0,0
MCH9584,"Bhat, Shukla and Bajaj",5311,Department Stores,PRIVATE-LIMITED,Mumbai,Maharashtra,2025-02-04 10:04:43,XXXX2185,INACTIVE,4140.74,mch9584,0,0,0,0,0,0,0
MCH5208,mann inc,5411,groceries,private_limited,HYDERABAD,Telangana,2023-04-10 08:46:00,,SUSPENDED,1269.59,MCH5208,0,0,0,1,0,1,0
MCH7432,taneja-hari,5699,CLOTHS,Sole Proprietor,bengaluru,Karnataka,2025-11-24 07:34:00,,ACTIVE,1291.31,mch7432,0,0,0,1,0,0,0
MCH3340,Bhargava LLC,5699,CLOTHS,sole_proprietor,Kolkata,West Bengal,2025-10-12 02:52:58,,HOLD,-4266.92,MCH 3340,1,0,0,1,0,0,0
MCH9332,GALA INC,5699,CLOTHS,PRIVATE-LIMITED,amritsar,Punjab,2023-03-21 00:00:00,XXXX9903,ACTIVE,1348.88,MCH9332,0,0,0,0,0,0,0
MCH2123,Lala and Sons,5311,Department Stores,PRIVATE-LIMITED,Mumbai,Maharashtra,2025-01-03 05:53:00,,ACTIVE,13187.41,mch2123,0,0,0,1,0,0,0
MCH2792,"VARKEY, UPPAL AND MITTER",,Transport,Partnership,DELHI,Delhi,2024-11-06 13:47:30,4127542367,ACTIVE,0.13,MCH2792,0,0,1,0,0,0,0
MCH5230,Bajaj Ltd,,Transportation,Partnership,Delhi,Delhi,2024-02-01 00:00:00,8842729592,ACTIVE,3959.52,MCH 5230,0,0,1,0,0,0,0
MCH9972,"Bakshi, Tata and Parmer",5311,Department Stores,sole_proprietor,Hyd,Telangana,2024-08-14 00:00:00,ATOC5117985834296,ACTIVE,1398.48,MCH9972,0,0,0,0,0,0,0
MCH6365,Raghavan LLC,4131,transprt,PARTNERSHIP,Hyd,Telangana,2023-10-28 00:00:00,,ACTIVE,2729.02,MCH6365,0,0,0,1,0,0,0
MCH8890,Mane-Sheth,5999,Miscellaneous,INDIVIDUAL,JPR,Rajasthan,,XXXX2596,INACTIVE,-475.08,MCH8890,1,0,0,0,1,0,0
MCH3672,"Ray, Radhakrishnan and Parmar",7011,HOTEL_LODGING,PRIVATE_LIMITED,Lucknow,Uttar Pradesh,2024-11-30 20:09:36,GKAL4059180951446,ACTIVE,-801.35,MCH3672,1,0,0,0,0,0,0
MCH3187,"Mand, Singhal and Raman",5912,Pharmacy,Sole Proprietor,Calcutta,West Bengal,2023-07-11 07:10:22,ZOEN9168175383897,ACTIVE,4276.66,MCH3187,0,0,0,0,0,0,0
MCH6247,Dhar-Ram,4814,phone service,INDIVIDUAL,JPR,Rajasthan,2026-01-14 00:00:00,,ACTIVE,468.52,MCH6247,0,0,0,1,0,0,0
MCH4438,Vasa-Divan,5311,Department Store,PARTNERSHIP,Kolkata,West Bengal,2025-09-10 05:49:00,DDPR9154239625573,ACTIVE,1288.65,MCH4438,0,0,0,0,0,0,0
MCH7960,Comar-Ramesh,5411,Grocery,sole_proprietor,Amritsar,Punjab,2023-05-01 00:00:00,XXXX2411,ACTIVE,,MCH7960,0,1,0,0,0,0,0
MCH3578,"badal, gopal and walla",4131,Transportation,Individual,amritsar,Punjab,2024-05-19 20:33:00,CBPY2495238962575,ACTIVE,0.14795,MCH3578,0,0,0,0,0,0,0
MCH7279,das plc,5999,retail other,PARTNERSHIP,Jaipur,Rajasthan,,WTVS1342257023005,ACTIVE,1157.26,MCH7279,0,0,0,0,1,0,0
MCH9457,"Grover, Deep and Subramaniam",4131,TRAVEL,PARTNERSHIP,BLR,Karnataka,2026-01-19 00:00:00,XXXX7189,ACTIVE,276.66,MCH 9457,0,0,0,0,0,0,0
MCH5265,"Jain, Jaggi and Gara",5699,Clothing,Individual,Jaipur,Rajasthan,2023-10-05 00:00:00,XXXX8547,ACTIVE,617.01,MCH5265,0,0,0,0,0,0,0
MCH1053,"gera, grover and sehgal",4814,Mobile Recharge,Individual,Amritsar,Punjab,2025-02-22 00:00:00,,ACTIVE,-708.11,MCH1053,1,0,0,1,0,0,0
MCH7840,Sood LLC,5311,Department Store,Individual,Pune,Maharashtra,2023-09-26 00:00:00,XXXX2181,ACTIVE,0.394,MCH7840,0,0,0,0,0,0,0
7828,Samra Ltd,5912,Medical,PRIVATE_LIMITED,Calcutta,West Bengal,2023-10-03 00:00:00,,ACTIVE,0.2295,7828,0,0,0,1,0,0,0
MCH5954,"Chand, Dora and Dey",,Restaurant,PRIVATE_LIMITED,Chennai,Tamil Nadu,2025-08-28 14:38:01,,ACTIVE,1159.45,MCH5954,0,0,1,1,0,0,0
MCH4944,"Pillai, Kurian and Sunder",,kirana,SOLE-PROPRIETOR,mumbai,Maharashtra,2023-04-08 22:00:12,XXXX3249,ACTIVE,907.45,MCH4944,0,0,1,0,0,0,0
3216,K0thari-Bhatia,5411,Grocery Stores,SOLE-PROPRIETOR,HYDERABAD,Telangana,2025-01-28 12:09:00,3754349166,ACTIVE,1987.15,3216,0,0,0,0,0,0,0
MCH6260,MITTAL PLC,5912,Pharmacy,PRIVATE-LIMITED,lucknow,Uttar Pradesh,2025-01-27 15:46:00,XXXX9807,ACTIVE,,MCH6260,0,1,0,0,0,0,0
MCH6396,Ganesan-Lad,3110,DEPT_STORE,Private Limited,jaipur,Rajasthan,2023-03-16 23:22:53,1072029777,BLOCKED,3700.61,MCH6396,0,0,0,0,0,0,1
MCH8428,"Keer, Batra and Kapadia",7011,Hotel,PARTNERSHIP,Jalandar,Punjab,2024-08-19 14:22:51,,ACTIVE,2475.47,MCH8428,0,0,0,1,0,0,0
MCH7042,BARAD-RAMAN,4814,TELECOM,Sole Proprietor,Chennai,Tamil Nadu,2023-01-07 00:00:00,XXXX5012,ACTIVE,986.23,MCH7042,0,0,0,0,0,0,0
MCH9021,Sandhu-Jayaraman,5311,DEPT_STORE,private_limited,delhi,Delhi,,,ACTIVE,1258.68,MCH9021,0,0,0,1,1,0,0
MCH3475,"Wadhwa, Banik and Prakash",5812,Restaurant,private_limited,jaipur,Rajasthan,2025-01-16 00:00:00,4792307270,ACTIVE,335.53,MCH3475,0,0,0,0,0,0,0
MCH2990,Nazareth Ltd,4814,TELECOM,individual,New Delhi,Delhi,,NNKA9590521959789,ACTIVE,0.1043,MCH2990,0,0,0,0,1,0,0
MCH8098,"Sahni, Bahri and Apte",5912,Pharmacy,individual,Poona,Maharashtra,2025-08-27 08:34:00,XXXX6599,ACTIVE,0.197,MCH8098,0,0,0,0,0,0,0
MCH2154,"Badal, Yadav and Mane",5999,Miscellaneous,SOLE-PROPRIETOR,LKO,Uttar Pradesh,2023-08-02 02:36:07,XXXX9820,ACTIVE,-4388.39,MCH2154,1,0,0,0,0,0,0
MCH4720,sha ltd,5411,kirana,PARTNERSHIP,Chennai,Tamil Nadu,2024-05-04 00:00:00,0136765801,ACTIVE,874.68,MCH 4720,0,0,0,0,0,0,0
MCH5097,SATHE INC,5311,Department Store,Sole Proprietor,Jaipur,Rajasthan,2023-07-05 00:00:00,XXXX5532,ACTIVE,997.33,MCH5097,0,0,0,0,0,0,0
MCH7628,"Mander, Guha and Varty",4814,phone service,SOLE-PROPRIETOR,mumbai,Maharashtra,2026-12-01 00:00:00,0845621446,SUSPENDED,8496.25,MCH-7628,0,0,0,0,0,1,0
MCH2749,KASHYAP-PILLAI,4131,Transport,PRIVATE-LIMITED,Bangalore,Karnataka,2024-07-15 00:00:00,,INACTIVE,,MCH2749,0,1,0,1,0,0,0
MCH9966,TOOR GROUP,,Retail Other,PARTNERSHIP,kolkata,West Bengal,2024-03-11 00:00:00,1428945380,ACTIVE,681.04,MCH9966,0,0,1,0,0,0,0
MCH7495,"Subramaniam, Radhakrishnan and Bahri",5411,Grocery Stores,individual,amritsar,Punjab,2023-05-14 00:00:00,XXXX3800,INACTIVE,1584.42,mch7495,0,0,0,0,0,0,0
MCH6466,Randhawa LLC,5311,Retail,individual,pune,Maharashtra,2024-03-06 00:00:00,WUJF6073785687916,ACTIVE,3082.9,MCH6466,0,0,0,0,0,0,0
MCH4744,Tiwari-Bedi,5942,Stationery,SOLE_PROPRIETOR,Poona,Maharashtra,2024-07-13 00:00:00,0085843923,INACTIVE,0.1636,MCH4744,0,0,0,0,0,0,0
MCH6861,Gandhi-Shukla,,kirana,partnership,Kolkata,West Bengal,2024-01-09 00:00:00,,ACTIVE,0.154,MCH6861,0,0,1,1,0,0,0
MCH9593,Varty-Lala,5942,Books,INDIVIDUAL,LKO,Uttar Pradesh,2024-02-08 00:00:00,DUTM3222823880955,ACTIVE,3004.61,MCH9593,0,0,0,0,0,0,0
MCH8929,Nagi-Bala,5311,Department Stores,SOLE-PROPRIETOR,Calcutta,West Bengal,2024-12-17 17:24:00,XXXX2967,ACTIVE,0.232,MCH8929,0,0,0,0,0,0,0
MCH8489,"Nadkarni, Murty and Chad",5912,Medical,PARTNERSHIP,ludhiana,Punjab,2023-11-29 00:00:00,,ACTIVE,713.56,MCH8489,0,0,0,1,0,0,0
MCH6244,Memon and Sons,5311,Retail,Individual,MUMBAI,Maharashtra,2025-11-24 00:00:00,,INACTIVE,-1468.71,MCH6244,1,0,0,1,0,0,0
MCH2085,KALA-SHAH,4131,transprt,private_limited,Poona,Maharashtra,2024-07-22 00:00:00,XXXX7338,ACTIVE,3590.82,MCH2085,0,0,0,0,0,0,0
MCH9482,"Vasa, Chada and Iyengar",5411,Grocery Stores,Partnership,Hyd,Telangana,,XXXX4559,ACTIVE,600.13,MCH 9482,0,0,0,0,1,0,0
MCH6501,Ka1a-Garg,,Clothing,sole_proprietor,ludhiana,Punjab,2023-05-07 00:00:00,5422601773,ACTIVE,471.98,MCH6501,0,0,1,0,0,0,0
MCH2007,"MAHAL, DIVAN AND SHARAF",5999,Other,sole_proprietor,jalandhar,Punjab,2023-02-02 22:14:37,4814016835,ACTIVE,435.32,mch2007,0,0,0,0,0,0,0
MCH3105,Bandi PLC,3110,Department Stores,sole_proprietor,Mumbay,Maharashtra,2026-01-05 07:13:24,1280850023,ACTIVE,1578.41,MCH3105,0,0,0,0,0,0,0
MCH7654,Chakraborty Inc,5699,garments,SOLE_PROPRIETOR,LKO,Uttar Pradesh,,,ACTIVE,0.125,MCH7654,0,0,0,1,1,0,0
MCH2778,madan plc,5912,Medical,sole_proprietor,amritsar,Punjab,2024-03-25 00:00:00,XXXX3934,ACTIVE,4029.72,MCH2778,0,0,0,0,0,0,0
MCH6056,IYENGAR-HEGDE,4131,Transport,Partnership,Amritsar,Punjab,2025-03-23 00:00:00,,ACTIVE,1004.69,MCH 6056,0,0,0,1,0,0,0
MCH9704,"Maharaj, Sangha and Suresh",5411,kirana,private_limited,Poona,Maharashtra,2023-01-01 16:43:00,FJDE3725342913526,ACTIVE,-1435.77,MCH9704,1,0,0,0,0,0,0
MCH2915,"Chakrabarti, Hora and Sha",8140,TELECOM,Partnership,chennai,Tamil Nadu,2024-03-15 00:00:00,1253622214,ACTIVE,18355.56,MCH2915,0,0,0,0,0,0,0
MCH9916,"Sur, Palla and Goyal",4814,Telecom,PRIVATE-LIMITED,Pune,Maharashtra,2023-09-04 08:24:31,7186592814,ACTIVE,0.282,MCH9916,0,0,0,0,0,0,0
MCH3260,Viswanathan Inc,4131,Transport,Individual,ASR,Punjab,2025-09-24 18:33:11,,INACTIVE,2698.89,MCH3260,0,0,0,1,0,0,0
MCH1609,Ram-Palla,4814,Mobile Recharge,Private Limited,mumbai,Maharashtra,2023-07-17 21:30:00,8485226822,ACTIVE,554.3,MCH1609,0,0,0,0,0,0,0
MCH5934,Krish-Doshi,1310,Transport,INDIVIDUAL,jaipur,Rajasthan,2024-02-24 03:10:41,2184684980,ACTIVE,2895.4,MCH5934,0,0,0,0,0,0,0
MCH6508,Varty Inc,5912,Pharmacies,INDIVIDUAL,Jalandar,Punjab,2025-09-18 00:00:00,,ACTIVE,3434.37,MCH6508,0,0,0,1,0,0,0
MCH2950,"Rastogi, Bhavsar and Varghese",5942,Stationery,private_limited,BLR,Karnataka,2024-11-26 00:00:00,6783380146,ACTIVE,2370.66,MCH2950,0,0,0,0,0,0,0
5904,Karan Ltd,6990,Fashion,Sole Proprietor,bengaluru,Karnataka,2023-11-29 00:00:00,,ACTIVE,0.1441,5904,0,0,0,1,0,0,0
MCH9299,Pathak-Menon,5812,FOOD_SERVICES,SOLE_PROPRIETOR,ludhiana,Punjab,2024-04-28 07:03:55,,ACTIVE,0.3015,MCH9299,0,0,0,1,0,0,0
MCH7431,Nagarajan and Sons,7011,Hotel,SOLE-PROPRIETOR,jaipur,Rajasthan,2023-04-01 00:00:00,XXXX7904,ACTIVE,0.1657,MCH7431,0,0,0,0,0,0,0
MCH3330,"Keer, Gupta and Som",5311,Department Stores,private_limited,Jalandhar,Punjab,2025-11-26 00:00:00,LOCM5644673929837,ACTIVE,3134.69,MCH3330,0,0,0,0,0,0,0
6805,Dora Ltd,5311,Department Store,PRIVATE-LIMITED,mumbai,Maharashtra,2025-09-17 00:00:00,4896284694,ACTIVE,371.73,6805,0,0,0,0,0,0,0
MCH7280,Baral Ltd,5812,FOOD_SERVICES,INDIVIDUAL,Jalandar,Punjab,2025-12-18 14:28:00,,ACTIVE,5521.6,MCH7280,0,0,0,1,0,0,0
MCH4667,solanki-batta,5699,CLOTHS,INDIVIDUAL,kolkata,West Bengal,2025-07-05 00:00:00,3048400302,ACTIVE,-1692.44,MCH4667,1,0,0,0,0,0,0
MCH5401,Dave PLC,3110,Department Store,partnership,Bombay,Maharashtra,2023-06-03 00:00:00,,ACTIVE,0.3231,MCH5401,0,0,0,1,0,0,0
MCH7464,DuttaLLC,4131,TRAVEL,PRIVATE-LIMITED,Lucknow,Uttar Pradesh,2024-09-18 00:00:00,,ACTIVE,270.92,MCH 7464,0,0,0,1,0,0,0
MCH4909,"Sharaf, Lalla and Rattan",,books,Sole Proprietor,Calcutta,West Bengal,2025-02-16 20:04:00,5725440715,ACTIVE,650.04,mch4909,0,0,1,0,0,0,0
MCH7830,Narayanan-Barad,5912,Pharmacies,Private Limited,Jaipur,Rajasthan,2025-12-14 17:19:27,9447863643,SUSPENDED,1497.41,MCH7830,0,0,0,0,0,1,0
MCH3454,Rajagopal-Wason,5812,Restaurant,partnership,Hyderabad,Telangana,2024-08-22 15:32:00,XXXX7731,ACTIVE,-1479.06,MCH 3454,1,0,0,0,0,0,0
MCH8572,"Sheth,SethandKulkarni",4814,phone service,Individual,Jaipur,Rajasthan,2026-01-15 00:00:00,AQKO8183766323405,ACTIVE,0.4326,MCH 8572,0,0,0,0,0,0,0
MCH7917,Parsa-Madan,5411,groceries,SOLE_PROPRIETOR,Pune,Maharashtra,2023-04-02 01:07:51,XXXX8810,INACTIVE,-1524.64,mch7917,1,0,0,0,0,0,0
MCH8431,"Brahmbhatt, Ranganathan and Sangha",9120,Medical,Partnership,Hyd,Telangana,2023-04-29 00:00:00,,ACTIVE,1715.36,MCH8431,0,0,0,1,0,0,0
MCH4490,"Chawla, Prabhakar and Gupta",5812,Restaurants,PRIVATE-LIMITED,Chennai,Tamil Nadu,,XXXX6406,ACTIVE,0.279,MCH4490,0,0,0,0,1,0,0
MCH3362,Chander-Sangha,4110,groceries,Private Limited,ASR,Punjab,2026-02-26 04:43:00,,SUSPENDED,12795.59,MCH-3362,0,0,0,1,0,1,0
MCH9393,Chand-Vasa,5942,Stationery,INDIVIDUAL,Ludhiana,Punjab,2024-12-23 11:24:00,2020254669,ACTIVE,2868.44,MCH9393,0,0,0,0,0,0,0
MCH1636,"Natt, Mitter and Oza",7011,HOTEL_LODGING,SOLE-PROPRIETOR,Delhi,Delhi,2025-01-17 21:22:17,,ACTIVE,0.987,MCH1636,0,0,0,1,0,0,0
MCH8096,Srinivas-Verma,,Mobile Recharge,Partnership,Bombay,Maharashtra,,,ACTIVE,2241.14,MCH8096,0,0,1,1,1,0,0
MCH6450,bobal ltd,5699,CLOTHS,INDIVIDUAL,Lucknow,Uttar Pradesh,2025-06-25 00:00:00,UETF4584172674537,SUSPENDED,3737.71,MCH6450,0,0,0,0,0,1,0
MCH6332,Varkey-Jha,5699,garments,SOLE-PROPRIETOR,Amritsar,Punjab,2025-10-13 15:26:59,,ACTIVE,-304.48,MCH6332,1,0,0,1,0,0,0
MCH7383,Mander LLC,,Misc Retail,sole_proprietor,Hyderabad,Telangana,2025-03-25 01:21:17,,ACTIVE,2244.22,MCH7383,0,0,1,1,0,0,0
MCH6397,"CHACKO, GANGULY AND GALA",4814,Mobile Recharge,sole_proprietor,DELHI,Delhi,2023-06-18 10:02:06,KTQR3750781117068,ACTIVE,,MCH6397,0,1,0,0,0,0,0
MCH1359,Palan-Minhas,,CLOTHS,INDIVIDUAL,Madras,Tamil Nadu,2024-08-24 00:00:00,,ACTIVE,1891.91,MCH1359,0,0,1,1,0,0,0
MCH7701,Ravel-Lala,5411,GROCERY_STORE,PRIVATE_LIMITED,ludhiana,Punjab,2025-05-12 05:37:27,XXXX7294,ACTIVE,1411.44,MCH7701,0,0,0,0,0,0,0
7395,Bose and Sons,7011,HOTEL_LODGING,individual,bengaluru,Karnataka,2024-01-07 00:00:00,XXXX9489,ACTIVE,0.431,7395,0,0,0,0,0,0,0
MCH4165,nayar plc,5311,Department Stores,private_limited,delhi,Delhi,2023-03-06 00:00:00,,HOLD,1388.15,MCH4165,0,0,0,1,0,0,0
MCH9137,Chakrabarti PLC,4131,transprt,PRIVATE_LIMITED,jaipur,Rajasthan,2023-11-19 00:00:00,XXXX6117,ACTIVE,347.82,MCH9137,0,0,0,0,0,0,0
MCH1663,"Edwin, Kala and Barad",4131,Bus/Taxi,individual,chennai,Tamil Nadu,2024-04-07 00:00:00,FGIZ0772949946430,ACTIVE,449.21,MCH 1663,0,0,0,0,0,0,0
MCH1380,Bhatia-Oza,4814,Telecom,Partnership,jaipur,Rajasthan,2023-07-11 00:00:00,,SUSPENDED,479.32,mch1380,0,0,0,1,0,1,0
7746,LUTHRA GROUP,5699,CLOTHS,PRIVATE-LIMITED,jaipur,Rajasthan,2025-10-08 00:00:00,4338266840,ACTIVE,1244.49,7746,0,0,0,0,0,0,0
MCH6593,Sharma-Ahuja,5411,kirana,SOLE-PROPRIETOR,Jalandar,Punjab,2025-06-27 17:43:12,RJHM5836701029342,ACTIVE,3094.86,MCH6593,0,0,0,0,0,0,0
MCH4951,"Sha, Shan and D’Alia",4814,Telecom,PRIVATE_LIMITED,mumbai,Maharashtra,2023-08-05 18:25:08,6408029678,INACTIVE,,MCH4951,0,1,0,0,0,0,0
MCH2921,Bakshi-Narayanan,7011,Hospitality,Private Limited,lucknow,Uttar Pradesh,2024-06-18 00:00:00,XXXX0910,ACTIVE,-6327.48,mch2921,1,0,0,0,0,0,0
MCH2697,Shan-Warrior,4131,Transport,Private Limited,Bangalore,Karnataka,2024-02-08 04:05:00,,INACTIVE,1199.93,MCH2697,0,0,0,1,0,0,0
MCH3376,Sama-Gaba,5411,kirana,individual,Hyderabad,Telangana,,XXXX4890,ACTIVE,732.24,MCH3376,0,0,0,0,1,0,0
MCH9203,Lad LLC,5812,eating place,Individual,Chennai,Tamil Nadu,2023-09-29 00:00:00,,ACTIVE,-12917.19,MCH 9203,1,0,0,1,0,0,0
MCH8981,Tara-Sinha,5999,Retail Other,Individual,Bengaluru,Karnataka,2025-10-02 00:00:00,1533662903,ACTIVE,0.3617,MCH8981,0,0,0,0,0,0,0
MCH9867,TripathiLtd,5942,BOOKS_STATIONERY,Individual,HYDERABAD,Telangana,2024-11-01 00:43:00,,ACTIVE,0.936,MCH9867,0,0,0,1,0,0,0
MCH5316,Madan Ltd,5311,department stores,INDIVIDUAL,Kolkata,West Bengal,2023-05-11 17:42:55,,INACTIVE,706.61,MCH5316,0,0,0,1,0,0,0
1848,Dugar and Sons,4814,TELECOM,PARTNERSHIP,Chennai,Tamil Nadu,2023-08-19 00:00:00,QLVN5575786751509,SUSPENDED,644.35,1848,0,0,0,0,0,1,0
MCH8633,Pillai-Lata,5912,Medical,INDIVIDUAL,amritsar,Punjab,2025-04-02 00:00:00,6437885672,ACTIVE,1325.55,MCH8633,0,0,0,0,0,0,0
MCH4515,Memon-Upadhyay,4131,transprt,SOLE_PROPRIETOR,Lucknow,Uttar Pradesh,2024-04-03 17:37:57,,ACTIVE,2435.25,mch4515,0,0,0,1,0,0,0
MCH1058,"Vyas,VirkandDatta",5311,DEPT_STORE,partnership,Poona,Maharashtra,2023-01-20 00:00:00,XXXX0826,ACTIVE,1504.39,MCH 1058,0,0,0,0,0,0,0
MCH1541,Chopra LLC,5311,DEPT_STORE,PRIVATE-LIMITED,Chennai,Tamil Nadu,2023-10-31 00:00:00,XXXX8788,ACTIVE,-2438.12,mch1541,1,0,0,0,0,0,0
MCH8505,"Dora, Bhatia and Bhatia",5411,GROCERY_STORE,Partnership,amritsar,Punjab,2023-05-17 00:00:00,SAIK5515592782318,ACTIVE,2376.66,MCH8505,0,0,0,0,0,0,0
5064,Pandey-Sangha,6990,CLOTHS,sole_proprietor,Bangalore,Karnataka,2023-12-31 00:00:00,XXXX3296,ACTIVE,2028.77,5064,0,0,0,0,0,0,0
MCH6839,Kapoor-Dubey,4814,Telecom,PARTNERSHIP,Dilli,Delhi,2024-10-13 00:00:00,,INACTIVE,2336.23,MCH6839,0,0,0,1,0,0,0
MCH6545,Garg PLC,5699,Fashion,PARTNERSHIP,ludhiana,Punjab,2024-02-20 00:00:00,,ACTIVE,1653.52,MCH 6545,0,0,0,1,0,0,0
MCH8059,Kapadia PLC,4814,TELECOM,SOLE_PROPRIETOR,Bombay,Maharashtra,2023-06-05 00:00:00,,INACTIVE,263.96,MCH8059,0,0,0,1,0,0,0
MCH6831,Kurian and Sons,4131,Transportation,private_limited,Pune,Maharashtra,2024-09-08 00:00:00,,ACTIVE,350.65,MCH6831,0,0,0,1,0,0,0
MCH4630,bhandari group,7011,Hotel,PARTNERSHIP,HYDERABAD,Telangana,2025-07-13 12:30:35,GJVT8091874035086,INACTIVE,,MCH4630,0,1,0,0,0,0,0
4148,"Wali, Babu and Tank",4814,phone service,Partnership,Jaipur,Rajasthan,2023-01-08 00:00:00,PUUF6382776692306,ACTIVE,2368.62,4148,0,0,0,0,0,0,0
MCH2395,Dara-Natarajan,5999,Misc Retail,private_limited,Jalandar,Punjab,,7691266983,ACTIVE,-1204.29,MCH2395,1,0,0,0,1,0,0
MCH4047,KAUL-BARAD,5311,DEPT_STORE,Sole Proprietor,Mumbay,Maharashtra,2025-05-13 00:00:00,XXXX0729,ACTIVE,986.5,MCH-4047,0,0,0,0,0,0,0
MCH6469,"Bahl, Barad and Dhillon",5311,Department Store,Private Limited,Chennai,Tamil Nadu,2025-02-10 00:00:00,,ACTIVE,-931.21,MCH6469,1,0,0,1,0,0,0
MCH1142,"Master, Soni and Kapadia",4814,phone service,SOLE_PROPRIETOR,Chennai,Tamil Nadu,2024-10-06 12:07:57,4563871051,ACTIVE,252.13,MCH1142,0,0,0,0,0,0,0
MCH5236,"More, Luthra and Deol",5999,Retail Other,Partnership,amritsar,Punjab,2023-02-11 00:00:00,,ACTIVE,1110.58,MCH5236,0,0,0,1,0,0,0
MCH9080,Sarraf Group,4814,TELECOM,PRIVATE_LIMITED,jalandhar,Punjab,2023-09-06 11:01:24,ZYKY9821545261930,ACTIVE,-2602.3,MCH9080,1,0,0,0,0,0,0
MCH8794,Mani-Zachariah,5411,Grocery,Partnership,BLR,Karnataka,2026-01-04 01:33:25,AKYW5964261838493,INACTIVE,6393.53,mch8794,0,0,0,0,0,0,0
MCH4208,devi-mangal,5942,Book Store,SOLE_PROPRIETOR,Ludhiana,Punjab,2025-08-27 16:16:44,,ACTIVE,1564.41,MCH4208,0,0,0,1,0,0,0
MCH2754,"Lata,WadhwaandParsa",8120,Restaurant,sole_proprietor,bengaluru,Karnataka,2023-06-11 00:00:00,,ACTIVE,11880.54,MCH-2754,0,0,0,1,0,0,0
MCH2709,"Iyengar, Dugar and Chacko",7011,HOTEL_LODGING,PRIVATE_LIMITED,Jaipur,Rajasthan,2023-09-16 04:28:40,XXXX4012,ACTIVE,2413.11,MCH2709,0,0,0,0,0,0,0
MCH4289,singhal-dasgupta,,Fashion,PARTNERSHIP,Bengaluru,Karnataka,2025-02-17 00:00:00,ZEDE0222029565689,ACTIVE,-809.48,MCH4289,1,0,1,0,0,0,0
5914,"Agarwal, Pant and Ravi",5311,DEPT_STORE,private_limited,HYDERABAD,Telangana,2023-10-23 09:35:36,XXXX4508,ACTIVE,-1447.48,5914,1,0,0,0,0,0,0
MCH3946,Dhar-Buch,5812,Food,PARTNERSHIP,DELHI,Delhi,2025-07-02 06:28:57,YGDI8437831559376,ACTIVE,1451.62,MCH3946,0,0,0,0,0,0,0
MCH2402,Dhillon Group,5912,Pharmacy,individual,Mumbay,Maharashtra,2024-02-12 07:15:12,IEQW6694363532348,ACTIVE,1477.89,MCH2402,0,0,0,0,0,0,0
MCH7604,"Varkey, Hayer and Ratti",5411,kirana,PARTNERSHIP,Chennai,Tamil Nadu,2025-02-17 00:00:00,XXXX6093,ACTIVE,868.52,MCH7604,0,0,0,0,0,0,0
MCH3604,"Shetty, Bali and Sama",5411,groceries,Partnership,Ludhiana,Punjab,2023-01-04 01:07:44,IQHJ3383226507557,INACTIVE,0.394,mch3604,0,0,0,0,0,0,0
MCH7919,mistry-bhatt,8140,phone service,Individual,LKO,Uttar Pradesh,2023-04-01 00:00:00,,ACTIVE,563.19,MCH7919,0,0,0,1,0,0,0
7154,"Raj, Ram and Chokshi",5812,Food,private_limited,chennai,Tamil Nadu,2023-11-05 12:39:00,,ACTIVE,242.8,7154,0,0,0,1,0,0,0
MCH8446,Pingle Inc,5912,Pharmacies,individual,Jalandar,Punjab,2024-11-02 09:35:00,IMWK0138526461627,INACTIVE,1069.0,mch8446,0,0,0,0,0,0,0
MCH7138,Shere-Shankar,5411,Grocery Stores,sole_proprietor,Chennai,Tamil Nadu,2024-03-07 10:53:23,CDLC2524893044250,ACTIVE,1960.27,MCH7138,0,0,0,0,0,0,0
MCH9040,Sharma-Dubey,,Stationery,Sole Proprietor,JPR,Rajasthan,2023-06-25 10:52:00,XXXX1697,ACTIVE,573.1,MCH9040,0,0,1,0,0,0,0
MCH9393,Narasimhan Inc,4131,Transportation,PARTNERSHIP,Kolkata,West Bengal,2024-09-18 13:34:26,8072590742,ACTIVE,0.1156,MCH-9393,0,0,0,0,0,0,0
MCH3140,Sarraf-Viswanathan,4131,TRAVEL,PARTNERSHIP,Ludhiana,Punjab,2023-07-30 00:00:00,4937611894,SUSPENDED,0.1614,mch3140,0,0,0,0,0,1,0
MCH3021,"HEGDE, KIBE AND GADE",4814,Mobile Recharge,PRIVATE-LIMITED,Kolkata,West Bengal,2023-09-13 19:33:51,,ACTIVE,,MCH3021,0,1,0,1,0,0,0
MCH5307,"Balan, Varughese and Dave",5812,Restaurants,partnership,Pune,Maharashtra,,SMCN8377573336751,ACTIVE,204.07,MCH5307,0,0,0,0,1,0,0
MCH9906,sani-tailor,5311,Department Stores,PARTNERSHIP,Chennai,Tamil Nadu,2024-11-20 00:00:00,,ACTIVE,0.3953,mch9906,0,0,0,1,0,0,0
MCH6216,"Bhatti, Dass and Deshpande",5411,Grocery,individual,Ludhiana,Punjab,2024-09-08 01:01:00,XXXX5234,ACTIVE,1325.06,MCH6216,0,0,0,0,0,0,0
MCH7987,Mangat-Sundaram,5912,Medical,individual,Chennai,Tamil Nadu,2023-02-25 00:00:00,XXXX1113,ACTIVE,-2275.51,mch7987,1,0,0,0,0,0,0
MCH4652,Mistry Inc,5812,Restaurants,PRIVATE-LIMITED,ludhiana,Punjab,2024-07-25 18:24:49,0761661593,ACTIVE,3458.11,MCH4652,0,0,0,0,0,0,0
MCH1021,Naik-Karpe,5411,Grocery,sole_proprietor,mumbai,Maharashtra,2025-11-16 17:48:36,BPUY6277335937444,ACTIVE,2341.57,MCH1021,0,0,0,0,0,0,0
MCH8915,"Chadha, Patil and Bose",4131,transprt,SOLE_PROPRIETOR,Jaipur,Rajasthan,2025-10-19 00:00:00,,ACTIVE,-775.66,MCH8915,1,0,0,1,0,0,0
MCH4000,"Dewan, Sunder and Bhakta",5411,groceries,private_limited,Calcutta,West Bengal,2023-06-25 20:40:27,KUHA3646516215943,ACTIVE,-3205.97,MCH 4000,1,0,0,0,0,0,0
MCH4856,Gera-Nanda,5311,Retail,PRIVATE-LIMITED,Pune,Maharashtra,2024-08-02 00:00:00,2286237129,ACTIVE,0.711,MCH4856,0,0,0,0,0,0,0
MCH8901,Narasimhan and Sons,4814,Mobile Recharge,Private Limited,Amritsar,Punjab,2024-01-04 05:23:00,3421072904,ACTIVE,772.61,MCH8901,0,0,0,0,0,0,0
MCH6939,Sampath Ltd,5999,misc retail,SOLE-PROPRIETOR,LKO,Uttar Pradesh,2025-07-01 11:23:00,XXXX8052,SUSPENDED,2962.51,MCH-6939,0,0,0,0,0,1,0
MCH7442,"Tand0n, Tak and Mane",5699,Apparel,PARTNERSHIP,chennai,Tamil Nadu,2024-09-12 00:00:00,,ACTIVE,1620.41,MCH7442,0,0,0,1,0,0,0
MCH9101,Pal-Ramesh,,Transport,PARTNERSHIP,Pune,Maharashtra,2024-05-29 14:48:09,XXXX0762,ACTIVE,0.1223,MCH-9101,0,0,1,0,0,0,0
MCH8363,Salvi Group,7011,HOTEL_LODGING,Sole Proprietor,Lucknow,Uttar Pradesh,2024-11-20 00:00:00,,ACTIVE,833.32,MCH8363,0,0,0,1,0,0,0
MCH8511,Narain-Nori,5411,Grocery,PARTNERSHIP,kolkata,West Bengal,2023-04-02 14:35:12,,ACTIVE,4133.84,mch8511,0,0,0,1,0,0,0
MCH7945,"Barad, Wagle and Raju",5912,chemist,INDIVIDUAL,Ludhiana,Punjab,2023-01-24 00:00:00,EHNZ2779616653327,ACTIVE,268.67,MCH-7945,0,0,0,0,0,0,0
MCH1221,Nadig-Ray,5942,Books,INDIVIDUAL,DELHI,Delhi,2024-12-22 00:00:00,7362492315,ACTIVE,0.618,MCH 1221,0,0,0,0,0,0,0
MCH9175,BHATT LTD,7011,Hospitality,SOLE-PROPRIETOR,BLR,Karnataka,2025-04-27 18:17:00,2467254885,ACTIVE,567.73,MCH9175,0,0,0,0,0,0,0
MCH3025,"Sachdeva, Bora and Hegde",4131,Transport,Private Limited,pune,Maharashtra,2024-08-15 00:00:00,3805315664,ACTIVE,611.84,MCH3025,0,0,0,0,0,0,0
MCH2608,"Loyal, Ghosh and Gaba",5999,Other,individual,Hyd,Telangana,2025-03-21 00:00:00,ZBIP4363265097456,ACTIVE,869.47,MCH2608,0,0,0,0,0,0,0
MCH9145,"Yadav, Bhatti and Atwal",4814,TELECOM,PARTNERSHIP,DELHI,Delhi,2025-11-24 00:00:00,,ACTIVE,845.36,MCH9145,0,0,0,1,0,0,0
MCH2354,"TOOR, NAGI AND DARA",5912,Medical,sole_proprietor,pune,Maharashtra,2024-04-12 23:57:41,AIXG4946165098881,ACTIVE,1954.79,MCH2354,0,0,0,0,0,0,0
MCH8069,MEMON INC,,Hotel,Individual,amritsar,Punjab,2023-09-09 20:32:00,XXXX8900,ACTIVE,557.54,MCH8069,0,0,1,0,0,0,0
MCH3797,"Dhaliwal, Parekh and Dey",7011,HOTEL_LODGING,Partnership,Jalandhar,Punjab,2024-11-02 00:00:00,XXXX1096,SUSPENDED,,MCH3797,0,1,0,0,0,1,0
MCH4336,"Prasad, Bhagat and De",5411,groceries,Partnership,Hyderabad,Telangana,2023-05-22 00:00:00,FQWT9362753717033,ACTIVE,614.99,MCH4336,0,0,0,0,0,0,0
MCH5257,Kara-Sibal,4814,TELECOM,individual,Bengaluru,Karnataka,,WHEV2991802850485,ACTIVE,1601.92,MCH5257,0,0,0,0,1,0,0
MCH4971,"Gopal, Jayaraman and Narayan",5942,Book Store,INDIVIDUAL,LKO,Uttar Pradesh,2024-11-20 07:33:00,,ACTIVE,650.74,MCH4971,0,0,0,1,0,0,0
MCH4736,"Jani, Chaudhry and Chaudhuri",4131,Transportation,Individual,delhi,Delhi,2025-07-06 00:00:00,,ACTIVE,,MCH4736,0,1,0,1,0,0,0
MCH9858,Nayar Group,7011,Hotel,sole_proprietor,Poona,Maharashtra,2024-11-23 17:57:00,,ACTIVE,648.23,MCH9858,0,0,0,1,0,0,0
MCH2649,Pandya PLC,,kirana,individual,pune,Maharashtra,2025-05-31 00:00:00,XXXX1050,ACTIVE,6206.32,MCH-2649,0,0,1,0,0,0,0
MCH5496,Dar PLC,5912,chemist,Sole Proprietor,jalandhar,Punjab,2023-03-01 00:43:00,,ACTIVE,374.06,MCH5496,0,0,0,1,0,0,0
MCH5219,"PRAKASH, AMBLE AND MUKHOPADHYAY",7011,Hospitality,sole_proprietor,Jaipur,Rajasthan,2024-06-21 13:59:32,,ACTIVE,-2597.41,MCH5219,1,0,0,1,0,0,0
MCH7190,Som-Kibe,6990,CLOTHS,PRIVATE-LIMITED,lucknow,Uttar Pradesh,2023-04-09 07:24:49,,ACTIVE,2254.41,MCH-7190,0,0,0,1,0,0,0
MCH1515,"MALL, KARA AND SASTRY",5699,CLOTHS,PARTNERSHIP,HYDERABAD,Telangana,2024-07-19 00:00:00,9073071658,ACTIVE,,MCH1515,0,1,0,0,0,0,0
MCH4972,Prabhu-Murty,5812,Food,Partnership,amritsar,Punjab,2023-05-01 04:53:55,YKBG1517599142176,ACTIVE,-327.77,MCH4972,1,0,0,0,0,0,0
MCH4197,Chaudry Group,5912,Pharmacy,Private Limited,Pune,Maharashtra,,UHGU5811611698099,ACTIVE,4814.44,MCH4197,0,0,0,0,1,0,0
MCH2676,Subramanian Inc,5912,medical_store,PARTNERSHIP,Calcutta,West Bengal,2025-04-01 00:00:00,2515678335,ACTIVE,1679.3,MCH2676,0,0,0,0,0,0,0
MCH5799,"Sankaran, Kadakia and Banerjee",7011,Hotels,PARTNERSHIP,Amritsar,Punjab,2026-01-26 00:00:00,,ACTIVE,1412.02,MCH5799,0,0,0,1,0,0,0
MCH9716,"Kadakia, Mishra and Ba1i",5812,Restaurants,PRIVATE_LIMITED,Lucknow,Uttar Pradesh,2023-09-09 13:40:00,4695594803,ACTIVE,-1762.09,MCH9716,1,0,0,0,0,0,0
MCH5164,"Yohannan,SahniandBasak",,Department Store,INDIVIDUAL,Mumbay,Maharashtra,2023-09-01 00:00:00,8938397659,INACTIVE,830.61,MCH 5164,0,0,1,0,0,0,0
MCH3072,"Bhargava, Shan and Char",5812,Restaurants,Private Limited,Jalandhar,Punjab,2025-11-24 00:00:00,TOQS1924554113450,ACTIVE,2675.68,MCH-3072,0,0,0,0,0,0,0
MCH5995,Palla Group,5812,Restaurants,INDIVIDUAL,kolkata,West Bengal,2023-06-12 00:00:00,TCYK9099122126833,ACTIVE,,MCH5995,0,1,0,0,0,0,0
MCH6827,Mangat and Sons,5912,chemist,SOLE-PROPRIETOR,Jalandar,Punjab,,4120235225,ACTIVE,1859.4,MCH6827,0,0,0,0,1,0,0
7098,"Bora, Char and Dube",7011,Hospitality,PRIVATE_LIMITED,BLR,Karnataka,2024-09-24 00:00:00,,ACTIVE,0.2947,7098,0,0,0,1,0,0,0
MCH9772,"Memon, Virk and Mital",,Food,Individual,amritsar,Punjab,,,ACTIVE,2402.93,MCH9772,0,0,1,1,1,0,0
MCH3880,Raja and Sons,5912,Medical,private_limited,JPR,Rajasthan,,,ACTIVE,641.53,MCH3880,0,0,0,1,1,0,0
MCH4228,"SINGHAL, BHASIN AND KAUL",5699,CLOTHS,Private Limited,ASR,Punjab,2025-05-23 00:00:00,6707310647,ACTIVE,896.57,MCH4228,0,0,0,0,0,0,0
MCH9439,Jani LLC,5411,Grocery,SOLE_PROPRIETOR,BLR,Karnataka,2024-02-24 00:00:00,2073250929,ACTIVE,275.02,MCH9439,0,0,0,0,0,0,0
MCH3139,Arya-Rau,7011,Hospitality,sole_proprietor,Kolkata,West Bengal,2024-05-17 00:00:00,,ACTIVE,10507.41,MCH3139,0,0,0,1,0,0,0
MCH1578,gala ltd,5999,Miscellaneous,INDIVIDUAL,BLR,Karnataka,2023-04-13 00:00:00,,ACTIVE,446.42,mch1578,0,0,0,1,0,0,0
MCH9403,"Bains,BanerjeeandBansal",7011,Hotels,partnership,MUMBAI,Maharashtra,2025-02-22 16:11:00,,INACTIVE,1838.83,mch9403,0,0,0,1,0,0,0
MCH7355,"Raval, Goswami and Sem",4814,Mobile Recharge,PRIVATE-LIMITED,Pune,Maharashtra,2023-12-29 00:00:00,,ACTIVE,2675.45,MCH7355,0,0,0,1,0,0,0
MCH7408,Bala Group,,Retail Other,Private Limited,HYDERABAD,Telangana,2026-01-13 00:00:00,CMJA0173542788867,ACTIVE,1032.22,mch7408,0,0,1,0,0,0,0
MCH3382,Walla-Rau,5311,DEPT_STORE,INDIVIDUAL,Bombay,Maharashtra,,,HOLD,2452.74,MCH3382,0,0,0,1,1,0,0
MCH5036,Dutt-Nagy,5812,Restaurants,individual,New Delhi,Delhi,2023-03-15 00:48:00,,ACTIVE,0.1947,MCH5036,0,0,0,1,0,0,0
MCH2862,Bhasin Group,5699,garments,Partnership,JPR,Rajasthan,2023-07-20 00:00:00,FHYX9050690414655,ACTIVE,544.8,MCH2862,0,0,0,0,0,0,0
MCH8501,Koshy-Mukherjee,7011,Hotels,partnership,HYDERABAD,Telangana,2023-08-21 00:00:00,,ACTIVE,3180.8,MCH8501,0,0,0,1,0,0,0
7852,"Kapadia, K0nda and Luthra",,Hotel,sole_proprietor,Chennai,Tamil Nadu,2023-05-12 06:13:06,XXXX7199,HOLD,4401.63,7852,0,0,1,0,0,0,0
MCH6257,"Parsa, Rana and Raja",5812,FOOD_SERVICES,partnership,BLR,Karnataka,2023-03-28 20:34:00,0948269604,ACTIVE,2744.98,MCH6257,0,0,0,0,0,0,0
MCH1406,Parmer-Goswami,7011,Hotels,Private Limited,bengaluru,Karnataka,2024-07-11 00:00:00,XXXX3050,ACTIVE,2632.53,MCH1406,0,0,0,0,0,0,0
9914,nayar group,5311,DEPT_STORE,INDIVIDUAL,amritsar,Punjab,2024-05-26 03:30:00,PBUY1561698017263,ACTIVE,5811.91,9914,0,0,0,0,0,0,0
MCH5676,"BHATTI, CHAHAL AND MISHRA",5311,Retail,INDIVIDUAL,jalandhar,Punjab,2025-07-15 05:45:20,9996182575,ACTIVE,744.63,MCH-5676,0,0,0,0,0,0,0
MCH2894,NORI-KURIAN,5812,Restaurants,partnership,Lucknow,Uttar Pradesh,2024-12-15 00:00:00,RJBD4464019057563,BLOCKED,-2634.83,MCH2894,1,0,0,0,0,0,1
MCH8419,Nigam Inc,4814,phone service,sole_proprietor,ASR,Punjab,2025-01-10 08:52:00,WLCE4900884368712,ACTIVE,462.51,MCH 8419,0,0,0,0,0,0,0
MCH9266,Chatterjee Group,5411,GROCERY_STORE,SOLE_PROPRIETOR,Bengaluru,Karnataka,,XXXX2510,SUSPENDED,726.18,MCH9266,0,0,0,0,1,1,0
MCH8900,Murthy-Vala,5699,Apparel,partnership,Calcutta,West Bengal,2024-09-27 00:00:00,PZJY7011608000971,ACTIVE,314.81,MCH8900,0,0,0,0,0,0,0
MCH5356,Rege LLC,5411,GROCERY_STORE,SOLE_PROPRIETOR,LDH,Punjab,2024-10-02 00:00:00,,INACTIVE,917.24,MCH 5356,0,0,0,1,0,0,0
MCH8999,Babu and Sons,7011,Hospitality,PRIVATE-LIMITED,Jaipur,Rajasthan,2023-02-19 00:00:00,6301987055,ACTIVE,0.1204,MCH8999,0,0,0,0,0,0,0
MCH9813,MENON GROUP,,Retail Other,individual,DELHI,Delhi,2026-06-01 00:00:00,XXXX6379,SUSPENDED,12265.27,MCH9813,0,0,1,0,0,1,0
MCH1817,"Mohanty, Behl and Rao",4131,Transport,INDIVIDUAL,Poona,Maharashtra,2025-07-23 00:00:00,,INACTIVE,2347.62,MCH1817,0,0,0,1,0,0,0
MCH5687,"Prasad, Tank and Char",4131,Transport,individual,ludhiana,Punjab,,XXXX6544,ACTIVE,487.38,MCH5687,0,0,0,0,1,0,0
MCH6376,"Naik, Dhillon and Sama",5942,Books,partnership,Jalandar,Punjab,2024-01-20 00:00:00,KHDL5323426037616,ACTIVE,2593.39,MCH6376,0,0,0,0,0,0,0
MCH6980,sarna-rajagopal,5999,Misc Retail,PARTNERSHIP,jalandhar,Punjab,2024-02-13 12:55:41,,ACTIVE,5229.33,MCH6980,0,0,0,1,0,0,0
MCH7493,Sachdeva-Pillai,5699,CLOTHS,Private Limited,Kolkata,West Bengal,2026-01-18 20:12:00,1151514873,INACTIVE,203.44,mch7493,0,0,0,0,0,0,0
MCH2314,"Tank, Bera and Dash",,Food,SOLE_PROPRIETOR,kolkata,West Bengal,2023-02-01 01:03:00,,ACTIVE,2905.93,MCH2314,0,0,1,1,0,0,0
MCH5019,"Sah0ta, Rama and Rama",5912,Pharmacy,Partnership,LKO,Uttar Pradesh,2025-07-27 00:00:00,XXXX3502,ACTIVE,0.955,MCH5019,0,0,0,0,0,0,0
MCH3895,Wable-Sarna,,Hotels,PRIVATE_LIMITED,jaipur,Rajasthan,2024-06-20 00:00:00,,INACTIVE,797.39,MCH3895,0,0,1,1,0,0,0
MCH9909,"Gade, Tiwari and Solanki",5699,CLOTHS,INDIVIDUAL,pune,Maharashtra,2024-08-23 00:00:00,XXXX1254,ACTIVE,2922.02,MCH9909,0,0,0,0,0,0,0
MCH6188,Balay LLC,7011,HOTEL_LODGING,partnership,Pune,Maharashtra,2023-04-30 10:37:50,7260180361,ACTIVE,0.3749,MCH6188,0,0,0,0,0,0,0
MCH4441,"Sachdev, Doctor and Subramanian",5311,Department Store,partnership,Chennai,Tamil Nadu,2023-06-08 00:00:00,6376514375,INACTIVE,3222.79,MCH4441,0,0,0,0,0,0,0
MCH7996,Bhargava LLC,5912,Medical,PRIVATE-LIMITED,Amritsar,Punjab,2024-12-18 00:00:00,BYTJ9061277350740,INACTIVE,-830.56,MCH-7996,1,0,0,0,0,0,0
MCH1514,"Lata, Raja and Parsa",5311,Retail,PRIVATE_LIMITED,jalandhar,Punjab,2024-06-14 17:26:04,XXXX1457,ACTIVE,553.18,MCH1514,0,0,0,0,0,0,0
MCH1661,Mani-Jayaraman,5812,eating place,PRIVATE-LIMITED,HYDERABAD,Telangana,2024-09-16 22:00:20,XXXX6928,ACTIVE,813.04,MCH1661,0,0,0,0,0,0,0
MCH4356,"Basak, Sur and Sundaram",,Telecom,Partnership,Dilli,Delhi,2024-07-22 00:00:00,,ACTIVE,0.1661,MCH4356,0,0,1,1,0,0,0
MCH6708,Soman and Sons,5912,MEDICAL_STORE,private_limited,LDH,Punjab,2025-06-03 00:00:00,9694442119,ACTIVE,0.957,MCH6708,0,0,0,0,0,0,0
MCH6257,"Ba1i, Ahuja and Natarajan",4131,transprt,Individual,DELHI,Delhi,2025-11-27 00:00:00,,HOLD,0.105,MCH6257,0,0,0,1,0,0,0
MCH6731,dhar llc,5311,Department Stores,private_limited,Calcutta,West Bengal,2023-11-03 18:37:00,,ACTIVE,1373.69,MCH6731,0,0,0,1,0,0,0
MCH8187,"Chada, Mammen and Lanka",4131,TRAVEL,sole_proprietor,LDH,Punjab,2025-06-03 00:00:00,3255945345,ACTIVE,0.671,MCH8187,0,0,0,0,0,0,0
MCH7720,"Gulati, Kothari and Mital",7011,Hotels,sole_proprietor,Poona,Maharashtra,2025-02-21 00:00:00,,ACTIVE,501.87,MCH-7720,0,0,0,1,0,0,0
MCH3610,"Deo, Krish and Lanka",5699,Apparel,PRIVATE_LIMITED,Madras,Tamil Nadu,2025-01-07 11:18:09,3505089399,ACTIVE,,MCH3610,0,1,0,0,0,0,0
MCH5420,Sahni-Ghosh,7011,Hotel,sole_proprietor,kolkata,West Bengal,2025-09-26 21:42:00,1296057901,ACTIVE,1993.6,MCH5420,0,0,0,0,0,0,0
MCH7552,SOM AND SONS,4814,Telecom,SOLE-PROPRIETOR,pune,Maharashtra,2025-07-21 00:00:00,4455888078,ACTIVE,1934.0,MCH7552,0,0,0,0,0,0,0
MCH9918,Lanka-Oommen,5411,Grocery,Private Limited,amritsar,Punjab,2023-02-08 00:00:00,,ACTIVE,562.01,MCH 9918,0,0,0,1,0,0,0
MCH2546,Kant Group,,MEDICAL_STORE,SOLE_PROPRIETOR,Amritsar,Punjab,2025-04-04 00:00:00,VVGC5802490491946,ACTIVE,4120.12,MCH2546,0,0,1,0,0,0,0
MCH7178,Devan and Sons,4110,GROCERY_STORE,Sole Proprietor,kolkata,West Bengal,2023-11-11 00:00:00,,INACTIVE,758.21,MCH7178,0,0,0,1,0,0,0
MCH5376,"Narayanan, Palla and Tripathi",4814,phone service,Sole Proprietor,ludhiana,Punjab,2025-08-14 00:00:00,IUFK0088105725528,ACTIVE,2169.37,MCH 5376,0,0,0,0,0,0,0
MCH2857,Bhattacharyya Inc,4131,transprt,private_limited,Jalandar,Punjab,2025-07-13 00:00:00,AFIK7241528245690,ACTIVE,4557.38,MCH2857,0,0,0,0,0,0,0
MCH7419,Minhas Inc,6990,Clothing,INDIVIDUAL,Bengaluru,Karnataka,2023-05-03 00:00:00,IRMQ2437668083455,ACTIVE,,MCH7419,0,1,0,0,0,0,0
MCH4127,Subramaniam-Jhaveri,4131,Bus/Taxi,Sole Proprietor,JPR,Rajasthan,2024-05-22 00:00:00,XXXX1628,ACTIVE,5333.88,MCH 4127,0,0,0,0,0,0,0
MCH5265,Natt-Munshi,5411,Grocery Stores,PRIVATE_LIMITED,Poona,Maharashtra,2024-07-22 00:00:00,4213217107,ACTIVE,2606.12,MCH5265,0,0,0,0,0,0,0
MCH6043,Saran-Rai,5411,groceries,Private Limited,jaipur,Rajasthan,2025-11-17 00:00:00,,ACTIVE,2845.67,MCH6043,0,0,0,1,0,0,0
MCH2956,"wali, khatri and mistry",4814,Mobile Recharge,Sole Proprietor,Lucknow,Uttar Pradesh,2025-06-02 00:00:00,3651063150,INACTIVE,4934.63,MCH2956,0,0,0,0,0,0,0
MCH4419,Gill-Ratta,9120,medical_store,SOLE-PROPRIETOR,JPR,Rajasthan,2024-09-15 14:40:00,ETZF4377515836271,ACTIVE,1442.51,MCH 4419,0,0,0,0,0,0,0
MCH7737,Pal-Rama,5311,DEPT_STORE,Partnership,ludhiana,Punjab,2023-09-01 00:00:00,XXXX1213,ACTIVE,1196.31,MCH7737,0,0,0,0,0,0,0
MCH1060,Sampath-Dora,,Restaurants,PARTNERSHIP,Jalandar,Punjab,2023-07-27 03:57:00,,ACTIVE,2594.73,MCH1060,0,0,1,1,0,0,0
MCH5000,Lad Group,5999,Miscellaneous,private_limited,Kolkata,West Bengal,2025-01-05 17:26:50,,ACTIVE,-341.11,mch5000,1,0,0,1,0,0,0
MCH8281,Krishnan-Kuruvilla,7011,Hotels,individual,Madras,Tamil Nadu,2024-01-16 23:49:43,5487927446,ACTIVE,-1408.93,MCH8281,1,0,0,0,0,0,0
MCH4301,Thakur Inc,5942,BOOKS_STATIONERY,partnership,New Delhi,Delhi,2023-04-29 06:39:16,,ACTIVE,0.4449,MCH4301,0,0,0,1,0,0,0
MCH4459,"Gola, Dara and Anne",5411,Grocery Stores,PRIVATE_LIMITED,ASR,Punjab,2024-10-20 16:40:00,2438786419,ACTIVE,,MCH4459,0,1,0,0,0,0,0
MCH3433,"Pathak, Sathe and Rama",5411,GROCERY_STORE,PRIVATE-LIMITED,kolkata,West Bengal,2025-12-22 00:00:00,XXXX0746,INACTIVE,0.3697,MCH3433,0,0,0,0,0,0,0
MCH9494,Sama Group,4814,TELECOM,INDIVIDUAL,BLR,Karnataka,2023-11-01 04:57:39,9680001784,ACTIVE,-1540.07,MCH9494,1,0,0,0,0,0,0
MCH9749,Virk Ltd,,Transport,Private Limited,Pune,Maharashtra,2023-05-24 00:00:00,7433630126,ACTIVE,0.4831,MCH9749,0,0,1,0,0,0,0
MCH4172,"khosla, tak and mahajan",9120,MEDICAL_STORE,PARTNERSHIP,kolkata,West Bengal,2024-03-23 00:00:00,,ACTIVE,1964.28,MCH4172,0,0,0,1,0,0,0
MCH6513,Ch0pra-Kannan,5699,Fashion,SOLE-PROPRIETOR,Pune,Maharashtra,2024-11-12 00:00:00,XXXX5329,ACTIVE,240.8,MCH6513,0,0,0,0,0,0,0
MCH9821,Natt-Kibe,5699,Fashion,PRIVATE-LIMITED,Madras,Tamil Nadu,2025-05-03 00:00:00,XXXX1748,ACTIVE,4072.48,MCH9821,0,0,0,0,0,0,0
MCH1796,Kohli-Nagar,9420,Books,Individual,amritsar,Punjab,2024-07-20 00:00:00,,ACTIVE,741.16,MCH1796,0,0,0,1,0,0,0
MCH9913,Das Ltd,8140,phone service,Partnership,lucknow,Uttar Pradesh,2024-08-10 00:00:00,,ACTIVE,442.64,MCH9913,0,0,0,1,0,0,0
MCH1032,Manda-Hayer,7011,Hotels,PARTNERSHIP,amritsar,Punjab,2025-04-20 00:00:00,XXXX4099,ACTIVE,674.56,mch1032,0,0,0,0,0,0,0
MCH1054,Cheema Ltd,5311,Department Store,PRIVATE-LIMITED,Pune,Maharashtra,2023-05-27 00:00:00,,ACTIVE,868.09,MCH1054,0,0,0,1,0,0,0
MCH7032,"Mangat, Naik and Kakar",7011,Hotels,private_limited,ASR,Punjab,2023-09-01 00:00:00,,ACTIVE,,MCH 7032,0,1,0,1,0,0,0
MCH3666,Gera-Ranganathan,4131,Transport,PARTNERSHIP,Jaipur,Rajasthan,2023-04-12 00:00:00,,ACTIVE,243.55,mch3666,0,0,0,1,0,0,0
MCH8581,"Sundaram, Sekhon and Andra",7011,Hotel,partnership,Jalandar,Punjab,2024-11-14 00:00:00,,ACTIVE,953.97,MCH8581,0,0,0,1,0,0,0
MCH5747,"NARASIMHAN, DOSHI AND PALL",8120,Food,PRIVATE-LIMITED,Calcutta,West Bengal,2025-08-05 00:00:00,XXXX9034,ACTIVE,4280.12,MCH5747,0,0,0,0,0,0,0
MCH4220,GOPAL-DARA,5699,Apparel,Individual,bengaluru,Karnataka,2025-10-02 13:08:23,,ACTIVE,532.47,MCH-4220,0,0,0,1,0,0,0
MCH2149,"DAS, ROY AND SRIDHAR",4131,Transportation,INDIVIDUAL,Jalandar,Punjab,2024-05-16 00:00:00,,ACTIVE,,MCH2149,0,1,0,1,0,0,0
MCH8073,"Chaudhary, Nori and Aggarwal",4814,TELECOM,PRIVATE_LIMITED,Bombay,Maharashtra,2023-08-04 00:00:00,UFCA0209377639619,ACTIVE,2535.65,mch8073,0,0,0,0,0,0,0
MCH1739,Joshi Group,,Book Store,Individual,LDH,Punjab,2024-08-31 19:16:02,IRPP9017025863509,INACTIVE,,MCH1739,0,1,1,0,0,0,0
MCH1676,"Palla, Gupta and Narain",4814,Telecom,Sole Proprietor,Jalandar,Punjab,2025-11-27 17:23:23,,ACTIVE,750.53,MCH1676,0,0,0,1,0,0,0
MCH5040,Oza-Gulati,5699,garments,PARTNERSHIP,mumbai,Maharashtra,,,ACTIVE,1665.61,MCH5040,0,0,0,1,1,0,0
MCH8999,"panchal, aurora and kamdar",5311,Department Store,private_limited,LKO,Uttar Pradesh,2023-10-25 05:37:20,XXXX8730,ACTIVE,,MCH8999,0,1,0,0,0,0,0
2249,Konda Ltd,5411,Grocery,private_limited,Calcutta,West Bengal,2023-10-28 17:22:02,IPUT2600707533349,ACTIVE,0.1258,2249,0,0,0,0,0,0,0
MCH8355,Chacko-D’Alia,5311,Department Stores,PRIVATE_LIMITED,Bangalore,Karnataka,2024-08-14 00:00:00,ZJXY9541779110030,INACTIVE,413.17,MCH8355,0,0,0,0,0,0,0
MCH5644,Prabhu-Chaudhry,5699,Clothing,individual,Hyderabad,Telangana,2025-05-09 20:50:00,ZHTO8764288741052,ACTIVE,-2643.86,MCH5644,1,0,0,0,0,0,0
MCH4051,Sharma-Viswanathan,4131,Transport,INDIVIDUAL,DELHI,Delhi,2025-02-23 00:00:00,,ACTIVE,1135.12,MCH4051,0,0,0,1,0,0,0
4102,Oza-Sarna,5699,Clothing,INDIVIDUAL,New Delhi,Delhi,2025-01-20 00:00:00,1096969735,ACTIVE,1950.82,4102,0,0,0,0,0,0,0
MCH8911,Bava LLC,5942,Books,Sole Proprietor,Hyd,Telangana,2025-06-14 08:41:00,,ACTIVE,3342.77,mch8911,0,0,0,1,0,0,0
7914,Grover-Karnik,4814,TELECOM,sole_proprietor,JPR,Rajasthan,2023-11-30 00:00:00,,ACTIVE,1922.54,7914,0,0,0,1,0,0,0
MCH5973,Biswas-Dass,5699,Fashion,SOLE_PROPRIETOR,LKO,Uttar Pradesh,2025-11-25 00:00:00,XXXX1507,ACTIVE,,MCH 5973,0,1,0,0,0,0,0
MCH2077,KARA PLC,5812,eating place,INDIVIDUAL,amritsar,Punjab,2025-11-15 02:48:00,XXXX1473,ACTIVE,239.1,MCH2077,0,0,0,0,0,0,0
MCH3424,Tandon-Raja,5411,Grocery Stores,PRIVATE-LIMITED,Pune,Maharashtra,2023-09-08 00:00:00,LJDU7390595746498,INACTIVE,1643.97,MCH3424,0,0,0,0,0,0,0
MCH5079,Ramaswamy-Trivedi,5311,DEPT_STORE,Private Limited,BLR,Karnataka,2024-07-01 00:00:00,MSIB5848944508855,HOLD,549.02,MCH5079,0,0,0,0,0,0,0
MCH2674,Mistry and Sons,5942,BOOKS_STATIONERY,Sole Proprietor,HYDERABAD,Telangana,,XXXX8847,ACTIVE,569.39,MCH 2674,0,0,0,0,1,0,0
MCH1229,"Sen, Dewan and Tripathi",5942,Stationery,PRIVATE-LIMITED,ASR,Punjab,2025-02-19 00:00:00,JECT9983029325791,ACTIVE,2028.74,MCH1229,0,0,0,0,0,0,0
MCH7137,Nanda-Nazareth,4814,Telecom,PRIVATE-LIMITED,Pune,Maharashtra,2025-02-09 00:00:00,,ACTIVE,1165.18,MCH7137,0,0,0,1,0,0,0
MCH6990,Apte-Choudhary,4131,transprt,partnership,Bangalore,Karnataka,2023-05-05 00:00:00,,ACTIVE,3342.47,MCH6990,0,0,0,1,0,0,0
MCH3913,Tank-Pathak,3110,Department Stores,INDIVIDUAL,jalandhar,Punjab,,,ACTIVE,2215.86,MCH-3913,0,0,0,1,1,0,0
MCH7469,Dua LLC,8120,Restaurants,SOLE_PROPRIETOR,pune,Maharashtra,,0464385224,INACTIVE,0.1848,MCH-7469,0,0,0,0,1,0,0
MCH7749,Nigam Inc,,phone service,PRIVATE-LIMITED,Pune,Maharashtra,2023-01-23 00:00:00,STDX5070330242192,ACTIVE,7003.66,MCH7749,0,0,1,0,0,0,0
MCH1787,JOHAL AND SONS,5942,BOOKS_STATIONERY,SOLE_PROPRIETOR,Madras,Tamil Nadu,2024-09-04 00:00:00,8096098187,ACTIVE,1495.88,MCH1787,0,0,0,0,0,0,0
MCH6815,"Borra, Talwar and Jha",8140,Telecom,PARTNERSHIP,Jalandar,Punjab,,0561076238,ACTIVE,750.82,mch6815,0,0,0,0,1,0,0
MCH1039,Lal-Barad,4814,TELECOM,SOLE_PROPRIETOR,LKO,Uttar Pradesh,2025-07-28 00:43:00,,ACTIVE,3062.03,mch1039,0,0,0,1,0,0,0
MCH7508,Garg-Deo,5942,Books,partnership,Amritsar,Punjab,2024-11-15 00:00:00,XXXX5011,ACTIVE,1956.49,MCH7508,0,0,0,0,0,0,0
MCH4434,Andra and Sons,5999,Other,Private Limited,ludhiana,Punjab,2025-02-21 00:35:17,,ACTIVE,0.233,MCH4434,0,0,0,1,0,0,0
MCH7354,"CHATTERJEE, SARNA AND HANDA",,Fashion,Sole Proprietor,Bengaluru,Karnataka,2023-10-13 16:44:55,,ACTIVE,0.728,mch7354,0,0,1,1,0,0,0
MCH2296,Buch Ltd,4131,Bus/Taxi,PARTNERSHIP,ludhiana,Punjab,2023-06-19 12:35:26,XXXX9780,ACTIVE,8012.35,MCH2296,0,0,0,0,0,0,0
MCH8768,"Rout, Dixit and Malhotra",7011,Hotel,PRIVATE-LIMITED,jalandhar,Punjab,2024-06-05 00:00:00,,INACTIVE,556.74,mch8768,0,0,0,1,0,0,0
MCH6233,Vohra Ltd,5942,Books,PARTNERSHIP,DELHI,Delhi,2026-02-26 00:00:00,,ACTIVE,2389.79,MCH6233,0,0,0,1,0,0,0
MCH2327,KIBE-CHAR,5812,food,PARTNERSHIP,HYDERABAD,Telangana,2025-10-09 00:00:00,XXXX0303,ACTIVE,848.32,MCH2327,0,0,0,0,0,0,0
MCH3079,"Bobal, Balay and Batra",7011,Hotel,Private Limited,Bengaluru,Karnataka,,XXXX1002,ACTIVE,486.3,MCH3079,0,0,0,0,1,0,0
MCH3552,"morar, ahuja and ravel",5942,Stationery,sole_proprietor,pune,Maharashtra,2024-03-08 00:00:00,4264827743,ACTIVE,0.8846,MCH3552,0,0,0,0,0,0,0
MCH5362,"Date, Gandhi and Bath",5942,BOOKS_STATIONERY,partnership,delhi,Delhi,2023-03-27 14:31:00,XXXX8502,ACTIVE,,MCH5362,0,1,0,0,0,0,0
9018,Zacharia and Sons,5942,Stationery,individual,BLR,Karnataka,2024-03-06 00:00:00,,ACTIVE,594.92,9018,0,0,0,1,0,0,0
8288,Kakar-Sood,5311,Department Store,PRIVATE-LIMITED,BLR,Karnataka,2024-05-04 00:00:00,1654192370,ACTIVE,1556.66,8288,0,0,0,0,0,0,0
MCH2177,Ramakrishnan Inc,5411,groceries,individual,JPR,Rajasthan,2023-10-13 20:27:27,UGOR9246572099156,ACTIVE,1755.18,MCH 2177,0,0,0,0,0,0,0
MCH5042,Nagi-Raja,,Pharmacies,INDIVIDUAL,kolkata,West Bengal,2024-04-25 11:13:41,3533096055,ACTIVE,3524.4,MCH5042,0,0,1,0,0,0,0
MCH5339,"vaidya, hari and mistry",5999,Other,INDIVIDUAL,Delhi,Delhi,2024-08-07 00:00:00,5298779846,ACTIVE,514.42,MCH5339,0,0,0,0,0,0,0
MCH2268,"Verma, Aurora and De",5999,Miscellaneous,PRIVATE-LIMITED,jalandhar,Punjab,,NBDA6083922141930,ACTIVE,995.42,mch2268,0,0,0,0,1,0,0
MCH9706,"Mohan, Sahni and Doctor",5699,garments,PARTNERSHIP,Lucknow,Uttar Pradesh,2023-10-26 00:00:00,,ACTIVE,,MCH-9706,0,1,0,1,0,0,0
MCH3122,"TOOR, KUNDA AND MUNSHI",5942,Stationery,partnership,Mumbay,Maharashtra,2025-04-14 21:07:00,3432360123,ACTIVE,797.24,MCH3122,0,0,0,0,0,0,0
MCH2719,"SOOD, CHACKO AND CHAUDRY",4131,Transport,partnership,Mumbai,Maharashtra,2024-04-04 00:00:00,,ACTIVE,3699.12,MCH-2719,0,0,0,1,0,0,0
MCH7558,Bandi-Khanna,5999,Other,Partnership,BLR,Karnataka,2025-05-19 00:00:00,,ACTIVE,1002.06,MCH7558,0,0,0,1,0,0,0
MCH9004,"Nigam, Hegde and Sura",5912,Pharmacies,PARTNERSHIP,Hyd,Telangana,,,INACTIVE,926.37,mch9004,0,0,0,1,1,0,0
MCH1428,De-Natarajan,4131,Transportation,individual,Mumbai,Maharashtra,2025-12-30 00:00:00,IPNL0786549644750,ACTIVE,0.1289,MCH 1428,0,0,0,0,0,0,0
MCH5955,"Rana, Mangat and De",4814,Mobile Recharge,SOLE-PROPRIETOR,Kolkata,West Bengal,2025-05-02 00:00:00,XXXX7902,ACTIVE,1491.64,MCH5955,0,0,0,0,0,0,0
MCH6667,Konda-Jain,5912,Pharmacy,Sole Proprietor,Hyderabad,Telangana,2024-10-16 00:00:00,,ACTIVE,2831.62,MCH 6667,0,0,0,1,0,0,0
MCH3189,Walla-Sawhney,8140,Telecom,partnership,BLR,Karnataka,2024-05-14 00:00:00,8245733998,ACTIVE,,MCH3189,0,1,0,0,0,0,0
MCH2486,"Mohanty, Iyer and Sharma",7011,HOTEL_LODGING,Individual,chennai,Tamil Nadu,2023-10-23 21:00:00,FCPB2927426048520,ACTIVE,0.2266,MCH2486,0,0,0,0,0,0,0
MCH9457,"Rege, Kalita and Sibal",,Hotel,Partnership,HYDERABAD,Telangana,,,ACTIVE,3319.89,MCH9457,0,0,1,1,1,0,0
MCH7387,Lad-Comar,5812,Restaurant,Sole Proprietor,jalandhar,Punjab,2025-02-25 03:44:32,DFES3088920437736,ACTIVE,4968.31,MCH7387,0,0,0,0,0,0,0
MCH7891,BAKSHI PLC,5411,Grocery Stores,Individual,Bangalore,Karnataka,2024-03-02 20:11:00,5025889978,ACTIVE,3419.67,MCH 7891,0,0,0,0,0,0,0
MCH2533,"Chana, Joshi and Saran",,Transport,Partnership,Lucknow,Uttar Pradesh,2023-11-21 00:00:00,,ACTIVE,0.296,mch2533,0,0,1,1,0,0,0
MCH2523,Sarma Inc,5999,Retail Other,INDIVIDUAL,Kolkata,West Bengal,2025-05-09 00:00:00,,ACTIVE,2146.62,MCH2523,0,0,0,1,0,0,0
MCH2612,Vala Ltd,7011,Hotels,sole_proprietor,lucknow,Uttar Pradesh,2023-11-08 00:00:00,,ACTIVE,,MCH2612,0,1,0,1,0,0,0
MCH2473,Lanka Inc,5942,Books,individual,Bengaluru,Karnataka,2025-01-20 01:42:00,7620940119,ACTIVE,1883.19,MCH2473,0,0,0,0,0,0,0
MCH9790,Kumar-Dua,4814,Mobile Recharge,sole_proprietor,Calcutta,West Bengal,2024-12-09 00:00:00,XXXX3101,ACTIVE,375.28,MCH9790,0,0,0,0,0,0,0
MCH4778,wali llc,4131,Transportation,Private Limited,Lucknow,Uttar Pradesh,2025-01-02 00:00:00,DJNF3001962539740,ACTIVE,1242.33,MCH4778,0,0,0,0,0,0,0
MCH6857,Barad and Sons,7011,Hotel,partnership,Jalandar,Punjab,2025-09-24 12:38:27,8351493566,ACTIVE,2452.63,MCH6857,0,0,0,0,0,0,0
MCH1940,Ravel Inc,4814,Mobile Recharge,Sole Proprietor,chennai,Tamil Nadu,2025-09-17 00:00:00,,INACTIVE,1112.95,MCH1940,0,0,0,1,0,0,0
7715,Tata-Borah,5999,Retail Other,private_limited,Kolkata,West Bengal,2025-10-06 00:00:00,XXXX1003,INACTIVE,1652.04,7715,0,0,0,0,0,0,0
MCH6930,dhingra plc,4131,transprt,SOLE-PROPRIETOR,kolkata,West Bengal,2025-12-26 00:00:00,0573344250,ACTIVE,,mch6930,0,1,0,0,0,0,0
MCH5422,sawhney llc,,Fashion,Sole Proprietor,Calcutta,West Bengal,2024-08-08 00:00:00,MLTB5743748396701,ACTIVE,866.35,MCH5422,0,0,1,0,0,0,0
MCH4312,Dada-Hari,5699,CLOTHS,SOLE_PROPRIETOR,LDH,Punjab,2024-02-17 00:00:00,XXXX5151,ACTIVE,2174.33,mch4312,0,0,0,0,0,0,0
MCH6498,"Banik, Nadig and Mann",5812,eating place,individual,Ludhiana,Punjab,2024-10-30 00:59:00,,ACTIVE,1076.6,MCH6498,0,0,0,1,0,0,0
MCH1969,Gole LLC,4131,TRAVEL,PRIVATE-LIMITED,Chennai,Tamil Nadu,,URWV6656600871469,ACTIVE,-6707.89,MCH1969,1,0,0,0,1,0,0
MCH2471,"Pillai, Chopra and Modi",7011,Hotel,PRIVATE_LIMITED,New Delhi,Delhi,,QSMG3289733481830,ACTIVE,606.04,MCH2471,0,0,0,0,1,0,0
MCH6004,Raval and Sons,5812,eating place,Partnership,Bangalore,Karnataka,2025-10-20 12:33:00,,ACTIVE,477.72,mch6004,0,0,0,1,0,0,0
MCH6825,Biswas-Nadig,5999,Other,sole_proprietor,Jalandhar,Punjab,2023-10-12 10:16:00,FNXI2179536432243,HOLD,872.49,MCH6825,0,0,0,0,0,0,0
7446,"SAMI, NARAYAN AND ROY",5942,BOOKS_STATIONERY,PARTNERSHIP,ludhiana,Punjab,2023-02-08 00:00:00,,INACTIVE,6191.17,7446,0,0,0,1,0,0,0
MCH4685,Mukhopadhyay-Cheema,,Books,private_limited,Chennai,Tamil Nadu,2023-07-22 11:31:48,3857368814,SUSPENDED,,MCH4685,0,1,1,0,0,1,0
MCH4496,"Pandya, Bhalla and Malhotra",4814,Telecom,PARTNERSHIP,JPR,Rajasthan,2025-07-23 09:17:00,6668375188,ACTIVE,,MCH4496,0,1,0,0,0,0,0
MCH7371,"Anand, Bains and Parmer",5311,Department Store,partnership,lucknow,Uttar Pradesh,2023-04-13 04:10:55,3361678460,ACTIVE,-1724.45,MCH7371,1,0,0,0,0,0,0
MCH5809,Virk-Peri,5942,Stationery,INDIVIDUAL,jaipur,Rajasthan,2023-07-25 09:05:00,7094756781,INACTIVE,1513.53,mch5809,0,0,0,0,0,0,0
MCH8174,Bera Group,5311,Department Stores,private_limited,pune,Maharashtra,2023-12-23 04:06:09,XXXX5992,ACTIVE,1502.14,MCH8174,0,0,0,0,0,0,0
MCH9287,"Datta, Virk and Arya",5999,Misc Retail,Individual,amritsar,Punjab,2025-09-21 00:00:00,XXXX9129,ACTIVE,636.69,MCH9287,0,0,0,0,0,0,0
MCH5298,Keer and Sons,5999,Miscellaneous,PARTNERSHIP,bengaluru,Karnataka,,,INACTIVE,600.45,MCH5298,0,0,0,1,1,0,0
MCH6285,Kumer-Mane,7011,Hotel,PRIVATE-LIMITED,Bengaluru,Karnataka,2024-10-01 00:00:00,,ACTIVE,567.98,mch6285,0,0,0,1,0,0,0
MCH8926,Ramesh-Mukhopadhyay,5912,Medical,SOLE-PROPRIETOR,Dilli,Delhi,2024-01-16 00:00:00,3730788940,ACTIVE,5318.08,MCH8926,0,0,0,0,0,0,0
MCH4610,"Barad,ChandaandRana",9420,BOOKS_STATIONERY,Private Limited,HYDERABAD,Telangana,2024-12-23 00:00:00,3247180851,ACTIVE,2989.03,MCH4610,0,0,0,0,0,0,0
MCH3156,"Bal, Deo and Kala",5999,Miscellaneous,partnership,lucknow,Uttar Pradesh,,8908434715,ACTIVE,0.2486,MCH3156,0,0,0,0,1,0,0
MCH3988,Barad-Bawa,7011,HOTEL_LODGING,Individual,amritsar,Punjab,2023-11-20 00:00:00,XXXX1285,ACTIVE,602.31,MCH3988,0,0,0,0,0,0,0
MCH3044,Gupta PLC,5942,Stationery,sole_proprietor,BLR,Karnataka,2023-04-27 00:00:00,,INACTIVE,582.54,mch3044,0,0,0,1,0,0,0
MCH9609,Mohanty LLC,,Books,partnership,MUMBAI,Maharashtra,2025-02-23 00:00:00,2458956606,ACTIVE,-503.9,MCH9609,1,0,1,0,0,0,0
MCH9769,Yogi-Dixit,5411,Grocery Stores,private_limited,amritsar,Punjab,,ITST4174155209610,HOLD,1299.88,MCH9769,0,0,0,0,1,0,0
MCH8024,"Basu, Magar and Venkatesh",,TELECOM,INDIVIDUAL,Hyd,Telangana,2025-09-13 23:45:00,,ACTIVE,1611.07,MCH8024,0,0,1,1,0,0,0
MCH7623,Pandya LLC,,Stationery,PARTNERSHIP,Bombay,Maharashtra,2026-01-23 00:00:00,XXXX7491,ACTIVE,701.06,MCH7623,0,0,1,0,0,0,0
MCH2378,"Rau, Pradhan and Bansa1",5411,kirana,INDIVIDUAL,LKO,Uttar Pradesh,2024-02-09 01:00:15,8007526864,ACTIVE,0.6158,MCH2378,0,0,0,0,0,0,0
MCH5720,Karnik Group,5942,Books,PARTNERSHIP,amritsar,Punjab,2023-10-28 00:00:00,9007561693,ACTIVE,6186.34,MCH 5720,0,0,0,0,0,0,0
MCH3263,Barman Inc,,BOOKS_STATIONERY,PARTNERSHIP,Kolkata,West Bengal,2024-12-24 00:00:00,XXXX0034,ACTIVE,-2889.21,MCH3263,1,0,1,0,0,0,0
MCH1071,"Keer, Roy and Narayanan",,Medical,sole_proprietor,JPR,Rajasthan,2025-04-17 00:00:00,4373595007,ACTIVE,619.21,MCH1071,0,0,1,0,0,0,0
MCH2647,Saha Inc,5999,Miscellaneous,PRIVATE_LIMITED,LKO,Uttar Pradesh,2023-06-04 00:00:00,,ACTIVE,1551.4,MCH2647,0,0,0,1,0,0,0
MCH5320,Ramaswamy-Sarma,4814,Mobile Recharge,sole_proprietor,Hyderabad,Telangana,2025-02-11 02:58:00,9234288178,ACTIVE,750.06,MCH5320,0,0,0,0,0,0,0
MCH7436,Mane-Trivedi,5912,MEDICAL_STORE,individual,Bengaluru,Karnataka,2024-09-14 00:00:00,,ACTIVE,-1384.27,MCH7436,1,0,0,1,0,0,0
MCH3077,Warrior Ltd,1310,transprt,PARTNERSHIP,Kolkata,West Bengal,2023-02-04 00:00:00,,ACTIVE,1448.69,MCH3077,0,0,0,1,0,0,0
MCH8025,"Karnik, Hayer and Khalsa",4814,phone service,PARTNERSHIP,LKO,Uttar Pradesh,2023-08-14 14:32:00,4642162943,ACTIVE,1781.41,mch8025,0,0,0,0,0,0,0
MCH2422,SAMPATH-BALASUBRAMANIAN,,phone service,PRIVATE-LIMITED,Bangalore,Karnataka,2025-06-25 00:00:00,7967511719,ACTIVE,2352.58,MCH2422,0,0,1,0,0,0,0
MCH2766,Kanda-Brahmbhatt,5311,DEPT_STORE,sole_proprietor,Madras,Tamil Nadu,2025-06-18 00:00:00,5339281473,ACTIVE,1540.08,MCH2766,0,0,0,0,0,0,0
MCH9834,Pau Ltd,,Retail Other,PRIVATE_LIMITED,Jalandar,Punjab,2023-12-07 00:00:00,XXXX5411,ACTIVE,428.09,MCH9834,0,0,1,0,0,0,0
MCH5108,"Te11a, Naik and Rajag0pa1",7011,Hotels,PRIVATE_LIMITED,New Delhi,Delhi,2023-02-17 06:26:08,,ACTIVE,1054.85,MCH5108,0,0,0,1,0,0,0
MCH4526,"Mittal, Saha and Puri",5699,Apparel,sole_proprietor,BLR,Karnataka,2025-06-19 00:00:00,,ACTIVE,893.38,MCH4526,0,0,0,1,0,0,0
MCH1664,Karan Ltd,4131,TRAVEL,PARTNERSHIP,Chennai,Tamil Nadu,2025-06-02 00:00:00,XXXX0248,ACTIVE,,MCH1664,0,1,0,0,0,0,0
MCH4643,Sandhu-Kakar,4131,transprt,PRIVATE-LIMITED,bengaluru,Karnataka,2024-03-30 00:00:00,,ACTIVE,551.11,MCH4643,0,0,0,1,0,0,0
MCH7248,Rajagopalan Group,7011,Hotels,Partnership,HYDERABAD,Telangana,2024-05-22 00:00:00,,ACTIVE,859.24,MCH7248,0,0,0,1,0,0,0
MCH2085,"Varma, Dua and Bhattacharyya",,BOOKS_STATIONERY,PARTNERSHIP,ASR,Punjab,2023-11-29 15:20:07,,ACTIVE,-4575.32,MCH2085,1,0,1,1,0,0,0
MCH5001,Narayan LLC,5812,eating place,Partnership,Poona,Maharashtra,2023-06-17 00:00:00,JVBH8016822587770,ACTIVE,1893.51,MCH5001,0,0,0,0,0,0,0
MCH9801,"Manda, Bansal and Devan",5812,Restaurant,PARTNERSHIP,Pune,Maharashtra,2025-09-12 00:49:00,XXXX9062,SUSPENDED,1106.68,MCH 9801,0,0,0,0,0,1,0
MCH7622,Agrawal-Yogi,4131,transprt,partnership,amritsar,Punjab,2025-10-19 00:00:00,,ACTIVE,-717.88,MCH 7622,1,0,0,1,0,0,0
MCH2353,sood-vasa,5411,GROCERY_STORE,sole_proprietor,Mumbai,Maharashtra,2026-01-24 05:19:00,,ACTIVE,2728.11,MCH2353,0,0,0,1,0,0,0
MCH4989,din-bhatia,5912,chemist,SOLE-PROPRIETOR,Amritsar,Punjab,2024-07-22 00:00:00,8027810029,ACTIVE,2169.45,MCH4989,0,0,0,0,0,0,0
MCH4006,"Guha, Bumb and Bora",,Transport,SOLE_PROPRIETOR,Jaipur,Rajasthan,2023-02-05 00:00:00,KYVL1514303273723,ACTIVE,0.2379,mch4006,0,0,1,0,0,0,0
9289,Baria-Nagy,5999,Misc Retail,sole_proprietor,Chennai,Tamil Nadu,,,ACTIVE,620.71,9289,0,0,0,1,1,0,0
MCH1041,Pat1a-S0m,,Fashion,private_limited,kolkata,West Bengal,2024-04-21 00:00:00,,ACTIVE,3701.53,MCH1041,0,0,1,1,0,0,0
MCH4914,BORA INC,,Department Store,SOLE-PROPRIETOR,jaipur,Rajasthan,2024-12-05 00:00:00,,ACTIVE,4227.85,MCH4914,0,0,1,1,0,0,0
MCH3211,"Mani, Hora and Hayer",9120,Pharmacy,private_limited,bengaluru,Karnataka,2026-01-31 00:00:00,SYDI3812560844687,ACTIVE,3678.27,MCH3211,0,0,0,0,0,0,0
MCH9408,Arya-Vig,4131,Transport,INDIVIDUAL,Bengaluru,Karnataka,2023-12-24 00:00:00,6291585633,ACTIVE,-784.44,MCH9408,1,0,0,0,0,0,0
MCH2152,"Choudhry, Chauhan and Dayal",5942,Stationery,PRIVATE_LIMITED,Poona,Maharashtra,2025-11-28 17:27:17,6428134605,ACTIVE,1507.67,MCH2152,0,0,0,0,0,0,0
MCH4534,BUMB-GANGULY,5699,CLOTHS,partnership,chennai,Tamil Nadu,2025-11-12 19:14:58,YNBM1819285405206,ACTIVE,1225.88,MCH-4534,0,0,0,0,0,0,0
MCH6744,GREWAL INC,5999,Miscellaneous,PRIVATE_LIMITED,Hyd,Telangana,2023-01-12 00:00:00,,ACTIVE,1886.71,MCH6744,0,0,0,1,0,0,0
MCH8271,Konda-Bawa,5699,CLOTHS,SOLE-PROPRIETOR,Madras,Tamil Nadu,2023-10-05 00:57:38,WSNV9244788716456,ACTIVE,1087.99,MCH8271,0,0,0,0,0,0,0
MCH9111,"Dhar, Thaker and Madan",9990,Misc Retail,private_limited,Calcutta,West Bengal,2024-11-08 00:00:00,IKTX4120845617487,ACTIVE,1785.1,MCH9111,0,0,0,0,0,0,0
MCH3335,Choudhary Ltd,5699,Apparel,PARTNERSHIP,Lucknow,Uttar Pradesh,2025-08-11 00:00:00,,ACTIVE,413.6,MCH3335,0,0,0,1,0,0,0
MCH4843,Dugar-Master,5912,Medical,sole_proprietor,Hyderabad,Telangana,2024-05-18 00:00:00,4521971795,ACTIVE,1023.41,MCH4843,0,0,0,0,0,0,0
MCH3920,SharmaLLC,,Book Store,PRIVATE-LIMITED,LKO,Uttar Pradesh,2024-06-23 21:51:00,1753085069,SUSPENDED,1885.7,MCH3920,0,0,1,0,0,1,0
MCH4951,"natt, dyal and gill",5411,GROCERY_STORE,PRIVATE_LIMITED,Poona,Maharashtra,2026-02-01 00:00:00,,ACTIVE,430.18,MCH4951,0,0,0,1,0,0,0
MCH8575,"Doctor, Merchant and Bhatti",4814,Telecom,partnership,Calcutta,West Bengal,2024-04-18 00:00:00,,ACTIVE,2693.45,MCH8575,0,0,0,1,0,0,0
MCH1118,ChokshiInc,4131,Transport,PARTNERSHIP,Jalandar,Punjab,2025-07-26 00:00:00,XXXX1304,ACTIVE,590.75,mch1118,0,0,0,0,0,0,0
MCH7871,"Mital, Palla and Saraf",5699,CLOTHS,SOLE-PROPRIETOR,HYDERABAD,Telangana,2026-02-17 14:36:44,QSZR3521803060698,ACTIVE,-2352.21,MCH7871,1,0,0,0,0,0,0
MCH4643,"Dha1iwa1, Pathak and Ping1e",7011,Hotel,PARTNERSHIP,Chennai,Tamil Nadu,,,ACTIVE,382.94,MCH4643,0,0,0,1,1,0,0
MCH4626,"Lalla, Handa and Ahuja",5999,Retail Other,private_limited,bengaluru,Karnataka,2023-07-31 00:00:00,,ACTIVE,1497.15,mch4626,0,0,0,1,0,0,0
MCH1018,Kannan-Khatri,3110,DEPT_STORE,INDIVIDUAL,Jalandar,Punjab,2023-03-19 00:00:00,,ACTIVE,0.1791,MCH1018,0,0,0,1,0,0,0
MCH9782,Bhardwaj-Varghese,4131,TRAVEL,individual,Ludhiana,Punjab,2023-02-18 14:33:29,GXDH5697468169226,ACTIVE,0.1522,MCH9782,0,0,0,0,0,0,0
MCH5983,"Morar, Memon and Kala",5311,Department Store,Sole Proprietor,Pune,Maharashtra,2025-05-06 09:44:28,4976019828,ACTIVE,-306.11,MCH 5983,1,0,0,0,0,0,0
MCH4695,Patel-Halder,5812,Restaurants,SOLE-PROPRIETOR,Pune,Maharashtra,2026-02-11 16:57:07,,ACTIVE,652.55,MCH4695,0,0,0,1,0,0,0
MCH1014,"Agate, Saxena and Pandit",5311,Department Store,partnership,Jalandar,Punjab,2023-12-21 00:00:00,3851769270,ACTIVE,1096.96,MCH 1014,0,0,0,0,0,0,0
MCH8125,Nagi-Ranganathan,4814,phone service,SOLE-PROPRIETOR,Calcutta,West Bengal,2024-10-04 00:00:00,XXXX7501,INACTIVE,0.7428,MCH-8125,0,0,0,0,0,0,0
MCH8372,BanerjeeLtd,5912,Pharmacy,INDIVIDUAL,HYDERABAD,Telangana,2023-10-26 00:00:00,,ACTIVE,0.4531,MCH8372,0,0,0,1,0,0,0
MCH2513,BhallaInc,,garments,PARTNERSHIP,Amritsar,Punjab,2023-11-09 00:00:00,6553818868,ACTIVE,5544.37,MCH2513,0,0,1,0,0,0,0
MCH4846,arora-raghavan,5999,Retail Other,PRIVATE-LIMITED,jaipur,Rajasthan,2025-09-12 15:21:55,XXXX5049,ACTIVE,-1546.33,MCH 4846,1,0,0,0,0,0,0
MCH4886,Mangat-Gh0se,5999,Misc Retail,sole_proprietor,Poona,Maharashtra,2023-03-11 00:00:00,8646245603,ACTIVE,0.551,MCH 4886,0,0,0,0,0,0,0
MCH7359,Chacko-Dugar,5942,BOOKS_STATIONERY,private_limited,MUMBAI,Maharashtra,,1437980069,ACTIVE,0.654,MCH7359,0,0,0,0,1,0,0
MCH1071,Wali and Sons,4814,phone service,SOLE-PROPRIETOR,Bangalore,Karnataka,2025-01-21 00:00:00,,ACTIVE,1437.33,MCH1071,0,0,0,1,0,0,0
MCH5580,Chatterjee-Andra,4131,TRAVEL,PRIVATE-LIMITED,lucknow,Uttar Pradesh,2026-01-01 00:00:00,2440958731,ACTIVE,512.38,MCH5580,0,0,0,0,0,0,0
MCH4870,Rana Inc,4814,TELECOM,Individual,amritsar,Punjab,2024-07-12 12:35:00,,SUSPENDED,0.1127,mch4870,0,0,0,1,0,1,0
MCH8891,"Natt,ManeandPau",,Telecom,Private Limited,mumbai,Maharashtra,2025-03-13 09:17:17,6087577130,ACTIVE,0.114,MCH8891,0,0,1,0,0,0,0
MCH6401,"Shenoy, Doctor and Gola",5912,Medical,INDIVIDUAL,Mumbai,Maharashtra,2025-02-09 13:26:39,,SUSPENDED,690.47,MCH6401,0,0,0,1,0,1,0
MCH7156,Lata-Som,5812,FOOD_SERVICES,PRIVATE_LIMITED,Bengaluru,Karnataka,2023-02-24 00:00:00,,ACTIVE,739.29,MCH7156,0,0,0,1,0,0,0
MCH4749,Sane-Kota,7011,Hotels,PARTNERSHIP,ludhiana,Punjab,2025-08-28 00:00:00,XXXX8682,ACTIVE,2066.82,mch4749,0,0,0,0,0,0,0
MCH2503,Chatterjee-Saran,5699,Fashion,INDIVIDUAL,Jalandar,Punjab,2024-08-14 00:00:00,XXXX3264,ACTIVE,1760.1,MCH2503,0,0,0,0,0,0,0
MCH9756,"Dugal, Virk and Dhaliwal",4131,Transport,PARTNERSHIP,Jalandhar,Punjab,2023-01-01 08:25:47,SZBM8211536669889,ACTIVE,0.494,MCH9756,0,0,0,0,0,0,0
MCH2568,"Dhaliwal, Bhat and Sarin",4110,kirana,PARTNERSHIP,Mumbai,Maharashtra,2023-04-28 00:00:00,3925852137,ACTIVE,0.803,MCH2568,0,0,0,0,0,0,0
MCH4802,"Mistry, Roy and Salvi",,DEPT_STORE,SOLE_PROPRIETOR,chennai,Tamil Nadu,2024-08-23 18:00:36,2812418940,INACTIVE,0.468,MCH4802,0,0,1,0,0,0,0
MCH8418,Jaggi Inc,7011,HOTEL_LODGING,INDIVIDUAL,pune,Maharashtra,2023-12-01 00:00:00,5753448100,INACTIVE,-1654.02,MCH8418,1,0,0,0,0,0,0
MCH7357,Varkey LLC,7011,Hotels,Private Limited,Calcutta,West Bengal,2025-08-05 00:00:00,,ACTIVE,665.88,MCH7357,0,0,0,1,0,0,0
MCH9080,"Goswami, Nagy and Sathe",4131,TRAVEL,SOLE-PROPRIETOR,JPR,Rajasthan,2023-11-07 00:00:00,,ACTIVE,0.6603,MCH-9080,0,0,0,1,0,0,0
MCH9232,Ahuja-Chaudhry,4131,Transportation,individual,Hyderabad,Telangana,2023-04-20 00:00:00,XXXX7963,ACTIVE,361.11,MCH9232,0,0,0,0,0,0,0
MCH9690,Bai1-Sarin,7011,Hotels,Partnership,Amritsar,Punjab,2025-04-11 17:06:00,XXXX0228,ACTIVE,3320.22,MCH9690,0,0,0,0,0,0,0
MCH4874,"chanda, bahl and kohli",5699,garments,SOLE_PROPRIETOR,Bombay,Maharashtra,2024-12-02 00:00:00,,ACTIVE,709.03,MCH4874,0,0,0,1,0,0,0
7203,Sani-Memon,,Retail,SOLE_PROPRIETOR,ASR,Punjab,2023-03-25 00:00:00,OFZD1453201567778,ACTIVE,-205.09,7203,1,0,1,0,0,0,0
MCH9931,ray ltd,5912,MEDICAL_STORE,Private Limited,Chennai,Tamil Nadu,2023-06-28 07:48:26,8013465643,ACTIVE,7044.3,MCH-9931,0,0,0,0,0,0,0
MCH2421,Chanda PLC,1310,Transport,Partnership,lucknow,Uttar Pradesh,2023-10-11 20:31:00,VAVC3668026777539,ACTIVE,0.146,MCH2421,0,0,0,0,0,0,0
MCH7216,PILLAI AND SONS,4814,Mobile Recharge,INDIVIDUAL,Amritsar,Punjab,2025-02-12 23:50:00,,ACTIVE,0.356,MCH7216,0,0,0,1,0,0,0
MCH3371,Raju Inc,1310,Transport,PARTNERSHIP,HYDERABAD,Telangana,2025-04-19 05:25:00,ENEX5677212292143,ACTIVE,4057.11,MCH3371,0,0,0,0,0,0,0
MCH3498,AGATE AND SONS,4814,TELECOM,INDIVIDUAL,chennai,Tamil Nadu,,,ACTIVE,1499.04,MCH3498,0,0,0,1,1,0,0
MCH4052,Bal-Choudhary,5812,Food,Partnership,jalandhar,Punjab,,XXXX5480,ACTIVE,2217.99,MCH-4052,0,0,0,0,1,0,0
MCH1569,"Bal, Wali and Sheth",4814,Mobile Recharge,Private Limited,Chennai,Tamil Nadu,2025-10-11 00:00:00,XXXX9971,ACTIVE,1678.57,MCH1569,0,0,0,0,0,0,0
MCH9654,Saini-Bath,5942,Books,PRIVATE-LIMITED,ludhiana,Punjab,2024-11-10 00:00:00,XXXX5605,ACTIVE,2570.91,mch9654,0,0,0,0,0,0,0
MCH3445,"Madan, Naidu and Andra",7011,Hotels,Private Limited,jaipur,Rajasthan,2023-07-09 00:00:00,2270103966,ACTIVE,983.3,MCH3445,0,0,0,0,0,0,0
9474,"Bajwa, Bhandari and Parmar",5912,Pharmacy,Sole Proprietor,Kolkata,West Bengal,2024-03-16 19:46:00,0765979563,ACTIVE,0.1464,9474,0,0,0,0,0,0,0
MCH5598,"Thakur, Verma and Venkataraman",5912,chemist,INDIVIDUAL,jalandhar,Punjab,2023-09-13 00:00:00,,ACTIVE,2948.79,MCH5598,0,0,0,1,0,0,0
9593,"Vora, Natt and Butala",5411,Grocery,Sole Proprietor,Ludhiana,Punjab,2023-06-03 00:00:00,XXXX8685,ACTIVE,-2670.56,9593,1,0,0,0,0,0,0
MCH7856,"Sood, Dalal and Butala",7011,Hotels,Private Limited,New Delhi,Delhi,2025-11-06 15:54:00,1705220103,ACTIVE,0.2048,mch7856,0,0,0,0,0,0,0
MCH1219,Buta1a Ltd,5699,garments,SOLE-PROPRIETOR,LKO,Uttar Pradesh,2025-10-23 00:00:00,1736220262,ACTIVE,1046.51,MCH1219,0,0,0,0,0,0,0
MCH8610,Pandey and Sons,5999,Retail Other,SOLE_PROPRIETOR,Bengaluru,Karnataka,,LZLP7648523257090,ACTIVE,0.1014,MCH8610,0,0,0,0,1,0,0
MCH1318,GUPTA LLC,4814,TELECOM,PRIVATE_LIMITED,Jaipur,Rajasthan,,0618978505,ACTIVE,,MCH1318,0,1,0,0,1,0,0
MCH7340,Devi and Sons,,CLOTHS,PARTNERSHIP,Calcutta,West Bengal,2024-09-01 00:00:00,1367853568,ACTIVE,1101.37,mch7340,0,0,1,0,0,0,0
MCH3191,Dhawan-Warrior,4131,Bus/Taxi,SOLE-PROPRIETOR,HYDERABAD,Telangana,2024-09-12 01:09:18,,ACTIVE,1885.9,MCH 3191,0,0,0,1,0,0,0
MCH1132,Cheema Inc,5999,Retail Other,SOLE_PROPRIETOR,Ludhiana,Punjab,2023-09-10 00:00:00,3299217122,ACTIVE,,MCH1132,0,1,0,0,0,0,0
MCH1657,"Kaur, Sandhu and Shanker",5699,CLOTHS,Private Limited,Mumbai,Maharashtra,2025-01-14 15:44:00,,ACTIVE,1224.96,MCH1657,0,0,0,1,0,0,0
MCH2969,Randhawa-Karnik,0110,Hotel,SOLE-PROPRIETOR,bengaluru,Karnataka,2023-07-27 00:00:00,,ACTIVE,310.59,mch2969,0,0,0,1,0,0,0
MCH5881,Baria-Keer,4131,transprt,PRIVATE_LIMITED,Jaipur,Rajasthan,2026-02-09 03:41:16,,INACTIVE,2633.32,mch5881,0,0,0,1,0,0,0
MCH8537,Mital and Sons,5411,Grocery,PARTNERSHIP,Jalandar,Punjab,2023-05-14 00:00:00,XXXX8286,ACTIVE,-3683.74,MCH8537,1,0,0,0,0,0,0
MCH2096,GolePLC,5942,Books,individual,Delhi,Delhi,,3610900033,INACTIVE,6529.52,MCH2096,0,0,0,0,1,0,0
MCH9340,Mallick-Konda,5999,Other,Individual,Bengaluru,Karnataka,2025-01-24 13:55:00,,INACTIVE,1550.33,MCH9340,0,0,0,1,0,0,0
MCH8511,Bhattacharyya LLC,4131,TRAVEL,SOLE_PROPRIETOR,Kolkata,West Bengal,2025-09-13 17:14:01,5718101424,ACTIVE,1377.4,MCH8511,0,0,0,0,0,0,0
MCH6519,Mane-Madan,5699,clothing,Partnership,ludhiana,Punjab,2024-12-25 00:00:00,,ACTIVE,978.4,MCH6519,0,0,0,1,0,0,0
MCH1163,"Gour, Comar and Palan",4814,Telecom,PARTNERSHIP,LDH,Punjab,2025-10-25 00:00:00,BYWD2962302915002,INACTIVE,5449.73,mch1163,0,0,0,0,0,0,0
MCH5231,Om-Shah,5912,Pharmacy,INDIVIDUAL,jaipur,Rajasthan,2023-04-29 00:00:00,2208124689,ACTIVE,165.39,mch5231,0,0,0,0,0,0,0
MCH2778,Buch-Lala,5912,Pharmacies,Individual,HYDERABAD,Telangana,2023-04-27 00:00:00,XXXX6570,ACTIVE,,MCH-2778,0,1,0,0,0,0,0
MCH8263,"Kapoor, Khanna and Mohan",5311,Retail,INDIVIDUAL,ludhiana,Punjab,2025-01-08 00:00:00,,ACTIVE,0.5404,MCH8263,0,0,0,1,0,0,0
MCH4290,Konda-Memon,5311,Department Store,PRIVATE_LIMITED,New Delhi,Delhi,2024-08-11 22:16:00,,INACTIVE,3295.4,MCH4290,0,0,0,1,0,0,0
MCH6877,Nadkarni and Sons,,kirana,INDIVIDUAL,ludhiana,Punjab,2025-12-10 00:00:00,,ACTIVE,0.1757,MCH 6877,0,0,1,1,0,0,0
MCH8733,"Dhillon, Goel and Dar",4814,Telecom,SOLE_PROPRIETOR,Calcutta,West Bengal,2024-03-27 19:48:14,XXXX9551,ACTIVE,-2966.16,MCH8733,1,0,0,0,0,0,0
MCH5203,"Goel, Mishra and Ram",4814,Telecom,Sole Proprietor,BLR,Karnataka,2023-04-28 00:00:00,,ACTIVE,3326.82,MCH5203,0,0,0,1,0,0,0
MCH1982,"Behl, Jayaraman and Divan",5699,Apparel,sole_proprietor,Bombay,Maharashtra,2025-10-09 00:00:00,,ACTIVE,298.94,MCH 1982,0,0,0,1,0,0,0
MCH1163,Chauhan Group,5912,MEDICAL_STORE,SOLE_PROPRIETOR,Calcutta,West Bengal,2024-04-10 00:00:00,,ACTIVE,2218.96,MCH1163,0,0,0,1,0,0,0
MCH6851,Chaudhary and S0ns,4131,transprt,individual,kolkata,West Bengal,2023-03-04 00:00:00,XXXX0557,ACTIVE,4509.31,MCH6851,0,0,0,0,0,0,0
MCH7539,"Kalita, Din and Ganesh",5311,Retail,private_limited,chennai,Tamil Nadu,2024-01-05 01:38:27,5865236657,ACTIVE,,MCH 7539,0,1,0,0,0,0,0
MCH9014,Konda-Ram,4814,TELECOM,SOLE_PROPRIETOR,LDH,Punjab,2025-08-15 00:00:00,,ACTIVE,485.94,MCH9014,0,0,0,1,0,0,0
MCH4450,ZACHARIAH-BATRA,5311,Retail,SOLE_PROPRIETOR,amritsar,Punjab,2023-09-17 15:10:46,,ACTIVE,1045.82,MCH4450,0,0,0,1,0,0,0
MCH9458,Raja Ltd,5311,Retail,partnership,Amritsar,Punjab,2025-12-15 00:00:00,XXXX6323,ACTIVE,480.87,MCH9458,0,0,0,0,0,0,0
MCH5227,"Yogi, Varghese and Balay",5812,FOOD_SERVICES,INDIVIDUAL,Mumbai,Maharashtra,2024-02-10 00:00:00,,ACTIVE,2005.26,MCH5227,0,0,0,1,0,0,0
MCH3481,"RAJA, BRAR AND NAGAR",,Grocery Stores,PRIVATE_LIMITED,New Delhi,Delhi,2023-03-13 00:00:00,XXXX8620,ACTIVE,1791.83,MCH3481,0,0,1,0,0,0,0
MCH4652,Varghese-Ramachandran,4131,Transportation,private_limited,Amritsar,Punjab,2024-10-30 00:00:00,0536639184,ACTIVE,-2348.76,MCH4652,1,0,0,0,0,0,0
MCH3990,Dey-Chaudhari,5912,Pharmacy,individual,Chennai,Tamil Nadu,2025-03-14 00:00:00,IPYG2797181414167,ACTIVE,-1780.37,mch3990,1,0,0,0,0,0,0
MCH7029,Purohit Ltd,4814,Mobile Recharge,Partnership,Bengaluru,Karnataka,2025-03-28 00:44:27,7715883452,INACTIVE,1186.22,MCH7029,0,0,0,0,0,0,0
MCH3778,Karnik Inc,5912,Pharmacies,sole_proprietor,Jaipur,Rajasthan,,2560479060,INACTIVE,0.1211,MCH3778,0,0,0,0,1,0,0
MCH9345,Mahal Inc,8140,TELECOM,Private Limited,Amritsar,Punjab,2025-11-30 00:00:00,5557853955,ACTIVE,4834.52,MCH9345,0,0,0,0,0,0,0
MCH6190,Pal Ltd,6990,CLOTHS,PRIVATE_LIMITED,Ludhiana,Punjab,2023-03-01 00:00:00,,ACTIVE,376.59,MCH 6190,0,0,0,1,0,0,0
MCH8540,Tiwari Ltd,5999,Other,Sole Proprietor,Jaipur,Rajasthan,2024-06-27 07:54:00,,ACTIVE,,MCH8540,0,1,0,1,0,0,0
MCH1492,Ganesan LLC,9990,Other,PARTNERSHIP,Hyderabad,Telangana,2023-08-19 12:27:00,1007001196,ACTIVE,3316.76,MCH1492,0,0,0,0,0,0,0
MCH3172,SONI-VARTY,4814,TELECOM,SOLE-PROPRIETOR,Bangalore,Karnataka,2025-07-10 02:41:34,XXXX7710,ACTIVE,3097.6,MCH3172,0,0,0,0,0,0,0
MCH7885,Atwal-Jha,4131,bus/taxi,Private Limited,jalandhar,Punjab,2023-08-15 00:00:00,XXXX1162,HOLD,,mch7885,0,1,0,0,0,0,0
MCH2492,More LLC,5699,CLOTHS,partnership,Jaipur,Rajasthan,2023-04-22 00:00:00,3899609403,INACTIVE,,MCH2492,0,1,0,0,0,0,0
5021,"Badami, Chatterjee and Handa",4814,Mobile Recharge,SOLE_PROPRIETOR,Hyd,Telangana,2024-08-22 22:52:16,,ACTIVE,443.63,5021,0,0,0,1,0,0,0
MCH9571,buch inc,5812,Restaurants,individual,Hyderabad,Telangana,,DKEU4746665718428,ACTIVE,1270.83,MCH9571,0,0,0,0,1,0,0
MCH9158,"Sachdeva, Va1a and Bedi",5812,Restaurants,sole_proprietor,lucknow,Uttar Pradesh,,8244922873,INACTIVE,6181.65,MCH9158,0,0,0,0,1,0,0
MCH2525,"Nath, Gaba and Viswanathan",5699,Fashion,INDIVIDUAL,Mumbay,Maharashtra,2024-12-29 12:44:00,,ACTIVE,518.76,mch2525,0,0,0,1,0,0,0
MCH4359,Mistry-Parekh,5912,Pharmacies,private_limited,MUMBAI,Maharashtra,2023-06-10 16:16:00,YQCO7150849658211,BLOCKED,0.684,MCH4359,0,0,0,0,0,0,1
MCH8049,Balan-Shah,5699,garments,PRIVATE_LIMITED,LKO,Uttar Pradesh,2024-09-04 00:00:00,,ACTIVE,,MCH-8049,0,1,0,1,0,0,0
MCH2129,Bhavsar-De,5912,Pharmacy,SOLE-PROPRIETOR,Hyderabad,Telangana,,2500999511,ACTIVE,0.4898,MCH2129,0,0,0,0,1,0,0
MCH2776,Datta Ltd,4814,Telecom,Partnership,JPR,Rajasthan,2024-11-09 21:59:20,QUCG6914808410390,ACTIVE,1643.13,MCH2776,0,0,0,0,0,0,0
MCH7205,Dara PLC,5912,chemist,SOLE_PROPRIETOR,ludhiana,Punjab,2023-09-26 00:00:00,,ACTIVE,1778.94,MCH7205,0,0,0,1,0,0,0
MCH8761,chokshi llc,0110,Hospitality,INDIVIDUAL,Hyd,Telangana,2025-12-01 06:08:00,9822762385,ACTIVE,963.43,MCH8761,0,0,0,0,0,0,0
MCH6598,Rajagopalan Inc,5812,Food,INDIVIDUAL,Hyderabad,Telangana,2023-04-27 00:00:00,,ACTIVE,0.2194,MCH6598,0,0,0,1,0,0,0
MCH2910,"Mitter, Sekhon and Kunda",5912,Pharmacies,Sole Proprietor,lucknow,Uttar Pradesh,2023-11-04 03:45:23,XXXX8939,ACTIVE,1288.6,MCH2910,0,0,0,0,0,0,0
MCH5122,K0ta-R0y,5699,CLOTHS,Individual,Delhi,Delhi,2025-08-20 00:00:00,XXXX7270,ACTIVE,390.64,MCH5122,0,0,0,0,0,0,0
MCH5929,Chaudry-Pal,7011,Hotels,private_limited,chennai,Tamil Nadu,2024-12-11 00:00:00,RXEM4030982599966,ACTIVE,705.57,MCH 5929,0,0,0,0,0,0,0
MCH6165,"chandran, dey and dalal",,apparel,Private Limited,delhi,Delhi,2025-08-29 16:50:00,CFEB4939576870397,ACTIVE,1513.56,mch6165,0,0,1,0,0,0,0
MCH1750,"Dube, Natt and V0hra",4131,transprt,INDIVIDUAL,pune,Maharashtra,2024-12-18 12:18:45,XXXX3705,ACTIVE,,MCH1750,0,1,0,0,0,0,0
MCH2064,date and sons,5812,Restaurant,private_limited,Delhi,Delhi,2025-08-05 00:00:00,,ACTIVE,0.1715,MCH2064,0,0,0,1,0,0,0
MCH1462,Swamy Inc,5912,chemist,PRIVATE-LIMITED,Jalandar,Punjab,2023-09-13 00:00:00,CPHK2049802773880,INACTIVE,0.1411,MCH1462,0,0,0,0,0,0,0
MCH7353,NADIG LLC,8140,Mobile Recharge,Individual,Hyderabad,Telangana,2025-11-12 00:00:00,XXXX4294,ACTIVE,0.1097,MCH 7353,0,0,0,0,0,0,0
MCH2067,"Barad, Rai and Kapur",5411,Grocery Stores,Private Limited,jaipur,Rajasthan,2023-03-04 00:00:00,5177364796,ACTIVE,999.18,mch2067,0,0,0,0,0,0,0
6148,GANESAN-JOHAL,4814,phone service,partnership,MUMBAI,Maharashtra,2023-10-08 00:00:00,XXXX8688,ACTIVE,778.99,6148,0,0,0,0,0,0,0
MCH2028,"Sanghvi, Sibal and Vala",,Transportation,Individual,Bombay,Maharashtra,2024-06-12 00:00:00,,ACTIVE,868.81,MCH 2028,0,0,1,1,0,0,0
MCH4200,Karnik Ltd,,transprt,Sole Proprietor,Poona,Maharashtra,2024-04-27 00:00:00,MNTN2594343179544,ACTIVE,951.15,MCH4200,0,0,1,0,0,0,0
MCH2632,Agate-Gandhi,3110,DEPT_STORE,partnership,Madras,Tamil Nadu,2026-01-14 00:00:00,ZCSO2053232739383,ACTIVE,-243.56,MCH 2632,1,0,0,0,0,0,0
MCH4322,Khanna-Sarma,5311,dept_store,sole_proprietor,Jalandar,Punjab,2025-05-02 00:00:00,,ACTIVE,575.07,MCH4322,0,0,0,1,0,0,0
MCH4805,"KRISHNAN, BHATNAGAR AND PRASAD",,Stationery,partnership,amritsar,Punjab,2025-07-12 00:00:00,,ACTIVE,284.87,MCH4805,0,0,1,1,0,0,0
MCH4867,"Bedi, Ganesan and Radhakrishnan",7011,Hotels,PRIVATE-LIMITED,Pune,Maharashtra,2023-05-04 00:00:00,,ACTIVE,2651.67,MCH 4867,0,0,0,1,0,0,0
MCH7353,Bhat-Munshi,5912,Medical,partnership,Madras,Tamil Nadu,2023-08-09 00:00:00,,ACTIVE,,MCH-7353,0,1,0,1,0,0,0
MCH6556,"Andra, Chaudhary and Kunda",4814,Telecom,PARTNERSHIP,Bengaluru,Karnataka,2023-12-31 00:00:00,IBEQ5874818667293,HOLD,327.82,MCH6556,0,0,0,0,0,0,0
MCH7095,SONI-DUBEY,5812,restaurants,INDIVIDUAL,Mumbai,Maharashtra,2025-01-05 00:00:00,,ACTIVE,589.1,MCH 7095,0,0,0,1,0,0,0
MCH9905,Pate1-S00d,7011,HOTEL_LODGING,Sole Proprietor,Jaipur,Rajasthan,2025-11-21 00:00:00,ZWIP5852637363100,ACTIVE,,MCH 9905,0,1,0,0,0,0,0
MCH2037,Kadakia LLC,,Grocery Stores,partnership,New Delhi,Delhi,2024-10-13 00:00:00,ZTLJ8328872113925,ACTIVE,426.54,mch2037,0,0,1,0,0,0,0
MCH5355,"Sundaram, Gara and Bajwa",5812,Restaurant,Sole Proprietor,Kolkata,West Bengal,2023-08-03 00:00:00,,ACTIVE,3350.71,MCH5355,0,0,0,1,0,0,0
1250,Kata Group,5812,eating place,Private Limited,chennai,Tamil Nadu,2023-12-22 01:25:00,,ACTIVE,1162.22,1250,0,0,0,1,0,0,0
MCH1185,"Buch, Barad and Toor",5999,Other,PARTNERSHIP,Jalandhar,Punjab,2024-06-16 00:00:00,6769671490,ACTIVE,2955.34,MCH1185,0,0,0,0,0,0,0
MCH7817,Lata PLC,5812,FOOD_SERVICES,private_limited,Madras,Tamil Nadu,2025-07-27 00:00:00,,INACTIVE,3090.66,MCH7817,0,0,0,1,0,0,0
MCH2423,Ratti-Gupta,4131,TRAVEL,Private Limited,HYDERABAD,Telangana,2023-02-09 07:16:00,8487553058,ACTIVE,1549.78,MCH2423,0,0,0,0,0,0,0
MCH2806,Jhaveri-Babu,7011,Hospitality,SOLE-PROPRIETOR,lucknow,Uttar Pradesh,2023-09-15 11:54:30,XXXX2533,INACTIVE,0.1939,MCH2806,0,0,0,0,0,0,0
MCH7344,Banerjee Inc,4131,Transport,sole_proprietor,LDH,Punjab,2023-04-09 00:00:00,XXXX7344,SUSPENDED,1385.4,MCH7344,0,0,0,0,0,1,0
MCH1884,Nagi LLC,4131,transprt,PRIVATE_LIMITED,Bengaluru,Karnataka,2025-01-08 00:00:00,ROSD8740992299086,ACTIVE,628.95,MCH1884,0,0,0,0,0,0,0
3754,Dugal-Chawla,5812,FOOD_SERVICES,PARTNERSHIP,Calcutta,West Bengal,2025-01-18 00:00:00,MIWY6996336112119,ACTIVE,-581.93,3754,1,0,0,0,0,0,0
MCH3029,hegde-sood,5699,Clothing,PARTNERSHIP,LDH,Punjab,2023-11-30 03:01:00,TXOB9117990620646,ACTIVE,669.4,MCH3029,0,0,0,0,0,0,0
MCH9249,"Aggarwal, Agarwal and Naidu",5699,garments,PARTNERSHIP,Madras,Tamil Nadu,2025-12-23 00:00:00,XXXX8648,ACTIVE,-3533.14,MCH9249,1,0,0,0,0,0,0
MCH1767,Bhatnagar-Ka1a,,TELECOM,INDIVIDUAL,Jalandar,Punjab,,2537411732,ACTIVE,314.16,MCH1767,0,0,1,0,1,0,0
MCH4336,"Dube, Baria and Nath",5411,kirana,private_limited,Jalandhar,Punjab,2026-01-06 20:58:43,,ACTIVE,-1545.59,MCH4336,1,0,0,1,0,0,0
MCH1482,"Bahri,SarinandHora",5999,Miscellaneous,Partnership,HYDERABAD,Telangana,2024-01-26 00:00:00,2731738944,HOLD,0.1651,MCH1482,0,0,0,0,0,0,0
MCH2284,Wadhwa-Karpe,,TRAVEL,sole_proprietor,lucknow,Uttar Pradesh,,,INACTIVE,2337.52,MCH2284,0,0,1,1,1,0,0
2885,"Varkey, Goda and Bala",5812,eating place,Private Limited,MUMBAI,Maharashtra,2023-01-23 00:00:00,0317882844,INACTIVE,4853.92,2885,0,0,0,0,0,0,0
MCH8328,Raman-Dass,,GROCERY_STORE,PARTNERSHIP,jalandhar,Punjab,2024-09-29 00:00:00,,ACTIVE,2484.83,MCH8328,0,0,1,1,0,0,0
MCH6345,Mani Group,5999,Other,PARTNERSHIP,Ludhiana,Punjab,,,ACTIVE,1339.21,mch6345,0,0,0,1,1,0,0
MCH2522,SINGHAL-CHANA,5999,Miscellaneous,PARTNERSHIP,ludhiana,Punjab,2023-05-12 00:00:00,,INACTIVE,,MCH-2522,0,1,0,1,0,0,0
MCH1838,Sarraf-Bhakta,,Miscellaneous,PARTNERSHIP,bengaluru,Karnataka,2023-04-20 03:12:53,XXXX3450,ACTIVE,0.584,MCH1838,0,0,1,0,0,0,0
6700,RAVI LTD,4814,TELECOM,partnership,pune,Maharashtra,,,ACTIVE,219.11,6700,0,0,0,1,1,0,0
MCH3231,Gokhale Group,5411,Grocery,INDIVIDUAL,Jalandhar,Punjab,,,ACTIVE,0.205,MCH3231,0,0,0,1,1,0,0
MCH7411,"Bhasin, Soman and Savant",4814,mobile recharge,SOLE_PROPRIETOR,Chennai,Tamil Nadu,,,INACTIVE,2298.88,MCH7411,0,0,0,1,1,0,0
MCH6035,Brar-Kohli,,Restaurant,Partnership,ludhiana,Punjab,2023-10-06 04:49:23,,ACTIVE,4518.69,MCH6035,0,0,1,1,0,0,0
MCH7600,"Minhas, Rattan and Oak",3110,Retail,sole_proprietor,Ludhiana,Punjab,2023-10-13 19:20:00,XXXX9742,ACTIVE,0.10025,MCH7600,0,0,0,0,0,0,0
MCH8638,ramanathan-apte,5942,book store,PARTNERSHIP,chennai,Tamil Nadu,2025-04-16 00:00:00,XXXX4259,ACTIVE,985.8,MCH8638,0,0,0,0,0,0,0
MCH9537,Mahal Group,5999,Miscellaneous,Private Limited,jalandhar,Punjab,2023-05-13 00:00:00,,ACTIVE,777.57,MCH-9537,0,0,0,1,0,0,0
MCH5121,ramakrishnan inc,4131,transprt,SOLE-PROPRIETOR,ludhiana,Punjab,2023-11-27 00:00:00,,ACTIVE,3794.33,MCH5121,0,0,0,1,0,0,0
MCH8619,Salvi-Nazareth,4110,grocery,SOLE_PROPRIETOR,New Delhi,Delhi,2024-07-25 00:00:00,,ACTIVE,860.21,MCH8619,0,0,0,1,0,0,0
MCH9484,"bail, sen and bava",,MEDICAL_STORE,Sole Proprietor,Jalandar,Punjab,2024-11-30 00:00:00,,ACTIVE,0.1401,MCH9484,0,0,1,1,0,0,0
MCH1567,SURESH LTD,,CLOTHS,INDIVIDUAL,Chennai,Tamil Nadu,2024-08-12 00:00:00,XXXX6891,ACTIVE,3203.25,MCH1567,0,0,1,0,0,0,0
MCH6986,"Joshi, Chacko and Sawhney",5411,kirana,Individual,MUMBAI,Maharashtra,2025-11-05 00:00:00,3156013270,ACTIVE,606.88,MCH6986,0,0,0,0,0,0,0
MCH1086,Agrawal-Sule,,Apparel,INDIVIDUAL,ludhiana,Punjab,2023-11-13 00:00:00,,ACTIVE,1355.59,MCH1086,0,0,1,1,0,0,0
MCH8634,Palla-Brar,5912,Medical,PARTNERSHIP,Jalandar,Punjab,2023-06-13 00:00:00,FVKP3398609583042,ACTIVE,843.2,MCH8634,0,0,0,0,0,0,0
MCH5274,Thakur and Sons,4814,Telecom,SOLE-PROPRIETOR,chennai,Tamil Nadu,2025-04-21 09:59:18,,ACTIVE,983.36,MCH5274,0,0,0,1,0,0,0
MCH7412,Chand-Bada1,5812,FOOD_SERVICES,PRIVATE-LIMITED,MUMBAI,Maharashtra,2025-08-15 00:00:00,,HOLD,539.2,MCH7412,0,0,0,1,0,0,0
MCH3234,Lad Inc,,Mobile Recharge,individual,Calcutta,West Bengal,2024-02-21 00:00:00,LTGH4419649542857,ACTIVE,-9763.29,MCH 3234,1,0,1,0,0,0,0
MCH1656,Dhar PLC,5311,Department Store,PARTNERSHIP,Amritsar,Punjab,2025-05-29 22:52:00,OTBM8790953463908,ACTIVE,0.2992,MCH1656,0,0,0,0,0,0,0
MCH8074,Prakash-Bera,4814,Telecom,INDIVIDUAL,Jalandhar,Punjab,2024-12-04 00:00:00,2437188894,ACTIVE,439.79,MCH 8074,0,0,0,0,0,0,0
MCH3677,Choudhury-Radhakrishnan,7011,HOTEL_LODGING,PARTNERSHIP,jalandhar,Punjab,2025-01-29 00:00:00,,ACTIVE,226.71,MCH3677,0,0,0,1,0,0,0
MCH2646,Parsa-Gole,5999,Misc Retail,private_limited,HYDERABAD,Telangana,2025-12-18 03:23:00,JJBK8920317843679,ACTIVE,450.19,mch2646,0,0,0,0,0,0,0
MCH6268,"Pillay, Borah and Roy",5812,Restaurant,SOLE-PROPRIETOR,ASR,Punjab,2024-07-08 00:00:00,2204602404,ACTIVE,0.1108,MCH6268,0,0,0,0,0,0,0
MCH7156,Lata-Som,5812,food_services,PRIVATE_LIMITED,Bengaluru,Karnataka,2023-02-24 00:00:00,,SUSPENDED,739.29,MCH7156,0,0,0,1,0,1,0
MCH9831,deep-kanda,4814,phone service,SOLE-PROPRIETOR,pune,Maharashtra,2025-07-29 00:00:00,XXXX7811,ACTIVE,796.02,MCH9831,0,0,0,0,0,0,0
MCH9367,Luthra and Sons,,BOOKS_STATIONERY,PRIVATE_LIMITED,Amritsar,Punjab,2023-05-31 17:55:00,,ACTIVE,0.1752,MCH9367,0,0,1,1,0,0,0
MCH7523,venkataraman-hans,4131,Transport,sole_proprietor,Poona,Maharashtra,2025-04-28 00:00:00,6156184588,ACTIVE,6157.65,MCH 7523,0,0,0,0,0,0,0
MCH1872,chaudry group,5999,Other,private_limited,BLR,Karnataka,2024-02-02 00:00:00,2703911432,ACTIVE,1044.41,MCH1872,0,0,0,0,0,0,0
MCH6002,Bal Group,5912,MEDICAL_STORE,partnership,Dilli,Delhi,2025-05-14 00:00:00,,ACTIVE,0.718,MCH6002,0,0,0,1,0,0,0
MCH9187,MANE AND SONS,8120,Restaurants,INDIVIDUAL,HYDERABAD,Telangana,2025-12-18 00:00:00,,ACTIVE,508.01,MCH9187,0,0,0,1,0,0,0
MCH3084,Mani-Chowdhury,6990,CLOTHS,PARTNERSHIP,Hyd,Telangana,2023-09-27 01:37:00,,ACTIVE,1594.62,MCH3084,0,0,0,1,0,0,0
MCH3997,Chatterjee Group,5999,Retail Other,INDIVIDUAL,ludhiana,Punjab,2023-04-30 00:00:00,HIRQ3582999375796,SUSPENDED,,MCH3997,0,1,0,0,0,1,0
MCH6562,Kant Inc,7011,HOTEL_LODGING,sole_proprietor,chennai,Tamil Nadu,2024-10-14 00:00:00,XXXX2723,ACTIVE,2590.35,MCH6562,0,0,0,0,0,0,0
MCH9877,Borra and Sons,8140,Telecom,Individual,Bengaluru,Karnataka,2023-04-12 21:37:32,YYFP6378402221168,ACTIVE,416.84,MCH9877,0,0,0,0,0,0,0
MCH6623,Kakar and Sons,5912,Pharmacy,INDIVIDUAL,Poona,Maharashtra,,8474818927,ACTIVE,1424.35,mch6623,0,0,0,0,1,0,0
MCH1188,M0rar Ltd,5912,Pharmacies,individual,Hyderabad,Telangana,2024-02-19 00:00:00,3674511273,ACTIVE,1156.7,MCH1188,0,0,0,0,0,0,0
MCH7877,Parekh-Borra,5942,Book Store,Private Limited,Bombay,Maharashtra,2024-02-29 00:00:00,XXXX5911,ACTIVE,,MCH7877,0,1,0,0,0,0,0
MCH7769,"Atwal, Loke and Prasad",4814,Telecom,partnership,mumbai,Maharashtra,2024-07-21 00:00:00,,ACTIVE,232.38,MCH7769,0,0,0,1,0,0,0
8850,"Sachdev, Nayar and Arora",5411,Grocery,PARTNERSHIP,Ludhiana,Punjab,2025-04-07 03:43:08,,SUSPENDED,,8850,0,1,0,1,0,1,0
MCH1625,saran ltd,4814,Mobile Recharge,partnership,Calcutta,West Bengal,2024-10-17 02:52:00,6216492189,ACTIVE,1093.54,MCH1625,0,0,0,0,0,0,0
MCH9052,ramaswamy-chhabra,,BOOKS_STATIONERY,partnership,mumbai,Maharashtra,2024-11-10 00:00:00,,ACTIVE,-534.11,MCH9052,1,0,1,1,0,0,0
MCH8431,"Bail, Sura and Misra",4110,groceries,Partnership,lucknow,Uttar Pradesh,2023-02-24 00:00:00,BOES1880983766713,ACTIVE,6861.27,MCH 8431,0,0,0,0,0,0,0
MCH2492,"Bhatti, Kala and Sahni",4131,TRAVEL,Individual,Hyderabad,Telangana,2024-12-11 22:36:00,,ACTIVE,2662.9,MCH2492,0,0,0,1,0,0,0
MCH6602,Thakkar Ltd,4131,TRAVEL,PARTNERSHIP,Mumbay,Maharashtra,2023-01-03 08:43:35,XXXX6968,ACTIVE,483.25,MCH6602,0,0,0,0,0,0,0
MCH9944,"Parikh, Mutti and Saha",4131,Transportation,partnership,jalandhar,Punjab,2025-08-03 12:22:46,YTTI1528625741410,ACTIVE,1826.64,MCH 9944,0,0,0,0,0,0,0
MCH8536,"BASAK, SAMI AND CHAR",5311,Retail,private_limited,Mumbai,Maharashtra,,,ACTIVE,335.5,MCH 8536,0,0,0,1,1,0,0
MCH3139,"Dhar, Kumar and Sawhney",5699,garments,PARTNERSHIP,Pune,Maharashtra,2025-01-24 00:00:00,XXXX0682,INACTIVE,2338.9,mch3139,0,0,0,0,0,0,0
MCH2368,Chadha-Barman,5912,Pharmacy,individual,jalandhar,Punjab,2025-11-27 00:00:00,7857705450,SUSPENDED,3326.29,MCH2368,0,0,0,0,0,1,0
MCH3229,Keer-Kale,5912,Pharmacy,sole_proprietor,Mumbay,Maharashtra,2024-02-28 21:40:00,UDDZ7214972649948,ACTIVE,276.23,MCH3229,0,0,0,0,0,0,0
MCH8615,Kurian Inc,,phone service,private_limited,Hyd,Telangana,2024-03-25 00:00:00,,ACTIVE,3051.58,mch8615,0,0,1,1,0,0,0
MCH1154,Saran and Sons,5912,Pharmacies,Private Limited,pune,Maharashtra,2023-12-26 00:00:00,TCTB2753134775657,ACTIVE,871.24,MCH1154,0,0,0,0,0,0,0
MCH2487,Venkatesh Ltd,,Hotel,partnership,ludhiana,Punjab,,MCTW2396874836471,ACTIVE,2913.12,MCH-2487,0,0,1,0,1,0,0
MCH2980,Mander and Sons,5411,groceries,Sole Proprietor,Calcutta,West Bengal,2023-04-03 00:00:00,,ACTIVE,1129.72,MCH2980,0,0,0,1,0,0,0
MCH9718,Bumb PLC,5699,CLOTHS,PRIVATE_LIMITED,jalandhar,Punjab,,XXXX7725,ACTIVE,,MCH9718,0,1,0,0,1,0,0
MCH5673,Palan-Memon,4131,Bus/Taxi,Sole Proprietor,Delhi,Delhi,2023-09-16 00:00:00,5428187851,ACTIVE,414.92,MCH5673,0,0,0,0,0,0,0
MCH2995,Kurian-Kumar,5699,CLOTHS,INDIVIDUAL,amritsar,Punjab,2023-10-16 02:32:49,,ACTIVE,,MCH2995,0,1,0,1,0,0,0
MCH6615,PILLAY GROUP,5942,Book Store,individual,Hyd,Telangana,2025-09-12 23:50:08,3204013146,SUSPENDED,-785.64,MCH 6615,1,0,0,0,0,1,0
MCH5391,Nagi-Pandya,5411,kirana,partnership,kolkata,West Bengal,2025-12-24 00:00:00,,SUSPENDED,0.1471,MCH5391,0,0,0,1,0,1,0
MCH8170,"Dyal, Chadha and Shenoy",4814,phone service,Partnership,Hyd,Telangana,2024-12-15 00:00:00,4344277649,ACTIVE,589.07,MCH8170,0,0,0,0,0,0,0
MCH4622,Toor-Rajan,0110,HOTEL_LODGING,PRIVATE_LIMITED,LDH,Punjab,2024-06-20 14:20:00,,ACTIVE,2524.16,MCH4622,0,0,0,1,0,0,0
MCH2040,"Balan, Sahota and Nagi",5699,Clothing,Sole Proprietor,Kolkata,West Bengal,,,ACTIVE,0.409,MCH2040,0,0,0,1,1,0,0
MCH7803,Naik LLC,5999,Retail Other,PARTNERSHIP,delhi,Delhi,,,ACTIVE,-285.6,MCH7803,1,0,0,1,1,0,0
MCH6559,Patla Ltd,7011,HOTEL_LODGING,Sole Proprietor,bengaluru,Karnataka,2025-12-18 00:00:00,,ACTIVE,922.45,MCH6559,0,0,0,1,0,0,0
MCH8262,Sanghvi Ltd,4110,GROCERY_STORE,sole_proprietor,Bengaluru,Karnataka,2024-06-10 00:00:00,,ACTIVE,0.4676,MCH8262,0,0,0,1,0,0,0
MCH8149,"Chandran, Mander and Parmar",5812,FOOD_SERVICES,PARTNERSHIP,kolkata,West Bengal,,,ACTIVE,0.1378,MCH8149,0,0,0,1,1,0,0
MCH4484,"Mukherjee, Tella and Malhotra",5812,Restaurant,PARTNERSHIP,Bangalore,Karnataka,2025-10-02 05:38:00,8422535984,ACTIVE,2091.93,MCH4484,0,0,0,0,0,0,0
MCH9164,MITAL AND SONS,,CLOTHS,Private Limited,Dilli,Delhi,2025-12-08 00:00:00,,ACTIVE,4681.79,MCH9164,0,0,1,1,0,0,0
MCH7906,"Ganesan, Gopal and Ratta",5912,chemist,INDIVIDUAL,JPR,Rajasthan,2023-08-04 00:00:00,6930056996,ACTIVE,733.85,MCH7906,0,0,0,0,0,0,0
4055,Sinha-Sundaram,7011,Hotel,Individual,Chennai,Tamil Nadu,,BRZM1208408639064,SUSPENDED,978.27,4055,0,0,0,0,1,1,0
MCH1016,"Mangat, Som and Deshmukh",5942,BOOKS_STATIONERY,INDIVIDUAL,pune,Maharashtra,2025-02-08 00:00:00,OOIR2591293670615,SUSPENDED,756.28,MCH1016,0,0,0,0,0,1,0
MCH4081,Srinivasan-Bahri,4814,Mobile Recharge,SOLE_PROPRIETOR,delhi,Delhi,2025-06-07 00:00:00,,ACTIVE,2928.84,MCH4081,0,0,0,1,0,0,0
7302,Murthy and Sons,5411,Grocery,Partnership,Bangalore,Karnataka,2025-01-23 00:00:00,,ACTIVE,3381.11,7302,0,0,0,1,0,0,0
MCH1906,"TANEJA, MAHAJAN AND SARNA",5311,Retail,Individual,Bangalore,Karnataka,2026-01-16 00:00:00,ZMCC2986180199571,INACTIVE,0.2772,MCH1906,0,0,0,0,0,0,0
MCH4976,Walla and Sons,5942,BOOKS_STATIONERY,SOLE-PROPRIETOR,bengaluru,Karnataka,2025-10-21 00:00:00,XKET6356016924037,ACTIVE,0.929,MCH4976,0,0,0,0,0,0,0
MCH2749,Borde PLC,7011,HOTEL_LODGING,partnership,Jalandar,Punjab,2025-11-15 14:42:20,AKGD7711918524900,ACTIVE,299.85,MCH2749,0,0,0,0,0,0,0
MCH2813,"Sha, Bhatia and Vig",,dept_store,INDIVIDUAL,chennai,Tamil Nadu,2024-10-24 13:37:28,5399147177,SUSPENDED,3821.16,mch2813,0,0,1,0,0,1,0
7294,"Singh, Ramanathan and Setty",5942,BOOKS_STATIONERY,PRIVATE-LIMITED,Jalandar,Punjab,2025-04-02 00:00:00,,SUSPENDED,0.169,7294,0,0,0,1,0,1,0
MCH4299,Master PLC,5699,CLOTHS,private_limited,Delhi,Delhi,2023-05-31 00:00:00,XXXX0419,ACTIVE,3539.65,mch4299,0,0,0,0,0,0,0
MCH8052,Mangat-Ganesh,4131,Transport,sole_proprietor,Calcutta,West Bengal,2024-01-05 09:32:24,,ACTIVE,527.34,mch8052,0,0,0,1,0,0,0
MCH7875,Narasimhan PLC,5411,kirana,private_limited,amritsar,Punjab,2025-03-01 00:00:00,,ACTIVE,585.43,MCH7875,0,0,0,1,0,0,0
9253,Gole LLC,5699,CLOTHS,SOLE_PROPRIETOR,amritsar,Punjab,2024-05-09 20:29:36,XXXX9261,ACTIVE,1349.23,9253,0,0,0,0,0,0,0
MCH3410,Mutti PLC,7011,Hotel,SOLE_PROPRIETOR,chennai,Tamil Nadu,2023-05-23 00:00:00,5994810528,ACTIVE,4042.64,MCH3410,0,0,0,0,0,0,0
MCH2755,Chaudhuri and S0ns,5942,Books,Individual,Mumbay,Maharashtra,2025-11-29 00:00:00,,ACTIVE,0.44,mch2755,0,0,0,1,0,0,0
MCH3435,"MITTER, CHAKRABARTI AND SWAMINATHAN",5812,Food,individual,ludhiana,Punjab,2023-04-23 00:00:00,XXXX3745,ACTIVE,1050.63,MCH3435,0,0,0,0,0,0,0
MCH7403,Prabhakar Group,5942,BOOKS_STATIONERY,SOLE_PROPRIETOR,Chennai,Tamil Nadu,2025-12-29 05:54:46,XXXX4472,INACTIVE,657.74,MCH7403,0,0,0,0,0,0,0
MCH1926,"Bail, Bala and Bahl",5942,Books,PARTNERSHIP,Poona,Maharashtra,2024-07-05 00:00:00,,ACTIVE,-1485.21,MCH1926,1,0,0,1,0,0,0
MCH2996,Rege-Khanna,5411,Grocery,INDIVIDUAL,lucknow,Uttar Pradesh,2023-10-15 00:00:00,,INACTIVE,-745.45,MCH2996,1,0,0,1,0,0,0
MCH5749,Master LLC,,Restaurant,Private Limited,kolkata,West Bengal,2024-04-30 00:00:00,PVNW9033788560313,ACTIVE,6699.41,MCH 5749,0,0,1,0,0,0,0
MCH9088,Bajaj-Karnik,5912,chemist,individual,Mumbay,Maharashtra,2025-03-11 00:00:00,,SUSPENDED,1838.62,MCH9088,0,0,0,1,0,1,0
MCH1947,BHATTI PLC,,transprt,SOLE_PROPRIETOR,Hyderabad,Telangana,2025-10-17 03:35:00,,ACTIVE,860.05,MCH1947,0,0,1,1,0,0,0
MCH6221,Shukla and Sons,4131,Transportation,SOLE-PROPRIETOR,Chennai,Tamil Nadu,2025-01-25 13:39:54,,ACTIVE,1793.34,MCH6221,0,0,0,1,0,0,0
MCH2827,Bala-Bhatti,5999,Miscellaneous,INDIVIDUAL,Bangalore,Karnataka,2024-05-10 20:16:00,5191749246,INACTIVE,0.381,MCH2827,0,0,0,0,0,0,0
MCH4176,Sani-Bhalla,,HOTEL_LODGING,individual,Delhi,Delhi,2024-07-22 00:00:00,XXXX6805,ACTIVE,1216.13,MCH4176,0,0,1,0,0,0,0
MCH5210,Rege-Sridhar,5942,Book Store,private_limited,Jalandhar,Punjab,2024-05-10 00:00:00,VHMQ6214837340223,ACTIVE,1199.73,mch5210,0,0,0,0,0,0,0
MCH7493,Nanda LLC,5411,groceries,partnership,New Delhi,Delhi,2024-12-01 00:24:51,,ACTIVE,537.94,MCH7493,0,0,0,1,0,0,0
MCH4621,Ravel-Chaudhuri,5942,stationery,PRIVATE_LIMITED,delhi,Delhi,2024-08-04 00:00:00,RGWL4221508668071,ACTIVE,-397.3,mch4621,1,0,0,0,0,0,0
MCH6079,Gulati Inc,4131,Transport,SOLE-PROPRIETOR,pune,Maharashtra,2023-01-29 08:05:00,XXXX5091,ACTIVE,2029.26,MCH6079,0,0,0,0,0,0,0
MCH6122,RAI LTD,4131,Transport,PRIVATE-LIMITED,Jalandar,Punjab,2024-11-02 00:00:00,JNKS9651802205909,INACTIVE,2198.19,MCH6122,0,0,0,0,0,0,0
MCH9537,"Kohli, Bedi and Khatri",5812,Food,partnership,lucknow,Uttar Pradesh,2023-02-03 00:00:00,ETHU3692414694902,ACTIVE,-2200.76,MCH9537,1,0,0,0,0,0,0
MCH9503,Kulkarni LLC,4131,transprt,Individual,Hyd,Telangana,2026-01-22 21:02:00,FRMH0087238544779,INACTIVE,1312.52,MCH9503,0,0,0,0,0,0,0
5849,Balakrishnan Ltd,5699,Fashion,PRIVATE_LIMITED,Lucknow,Uttar Pradesh,2025-04-06 00:00:00,,ACTIVE,6558.56,5849,0,0,0,1,0,0,0
MCH4034,Tiwari-Lad,5999,Other,individual,LDH,Punjab,2023-12-13 00:00:00,XXXX6100,SUSPENDED,2041.77,MCH4034,0,0,0,0,0,1,0
MCH2860,Ahluwalia Ltd,7011,HOTEL_LODGING,Private Limited,Bengaluru,Karnataka,2026-01-27 00:00:00,EAAS5526551207941,ACTIVE,0.25,MCH2860,0,0,0,0,0,0,0
MCH1969,Narain-Menon,5311,Retail,INDIVIDUAL,Dilli,Delhi,2025-11-16 00:00:00,FJVW1497261653850,ACTIVE,453.33,MCH1969,0,0,0,0,0,0,0
MCH3993,VAIDYA LTD,5999,Other,PARTNERSHIP,chennai,Tamil Nadu,2023-12-23 03:28:00,YBKO6037061844125,ACTIVE,372.73,MCH3993,0,0,0,0,0,0,0
MCH5895,Dey LLC,1310,TRAVEL,Individual,Chennai,Tamil Nadu,2024-05-08 00:00:00,,ACTIVE,693.85,mch5895,0,0,0,1,0,0,0
MCH8238,"Lala, Seth and Tak",5699,Clothing,PARTNERSHIP,JPR,Rajasthan,2024-07-22 00:00:00,XXXX3627,ACTIVE,952.06,MCH-8238,0,0,0,0,0,0,0
MCH4588,"Gole, Raval and Hans",,Food,SOLE-PROPRIETOR,bengaluru,Karnataka,2025-03-14 00:00:00,2064667231,ACTIVE,1061.34,MCH4588,0,0,1,0,0,0,0
MCH9785,Bains-Bhavsar,5999,Retail Other,PARTNERSHIP,Bombay,Maharashtra,2023-08-07 00:00:00,,ACTIVE,54.42,mch9785,0,0,0,1,0,0,0
MCH2179,Prakash Inc,5411,groceries,partnership,Jalandar,Punjab,2025-05-14 00:00:00,XBTI4209602657255,ACTIVE,5901.01,MCH2179,0,0,0,0,0,0,0
MCH8289,"Ch0udhury, Chakrabarti and Kha1sa",4131,Transport,SOLE-PROPRIETOR,Lucknow,Uttar Pradesh,2023-10-06 00:00:00,1750486763,ACTIVE,954.52,mch8289,0,0,0,0,0,0,0
MCH8466,dani plc,5999,Retail Other,SOLE-PROPRIETOR,LKO,Uttar Pradesh,2024-11-20 00:00:00,0971517189,ACTIVE,1946.42,MCH8466,0,0,0,0,0,0,0
MCH1750,Sastry-Chaudhari,,Apparel,Individual,Dilli,Delhi,2024-11-17 00:00:00,XXXX2201,ACTIVE,0.1155,MCH1750,0,0,1,0,0,0,0
MCH6991,dani ltd,,Bus/Taxi,partnership,bengaluru,Karnataka,2025-07-16 00:00:00,5759081808,ACTIVE,-1831.13,MCH6991,1,0,1,0,0,0,0
MCH3265,"PRAKASH, WABLE AND GANESH",,TELECOM,INDIVIDUAL,Jaipur,Rajasthan,2025-11-13 00:00:00,,INACTIVE,0.1446,MCH3265,0,0,1,1,0,0,0
MCH9355,Vig PLC,5912,Pharmacy,partnership,Jalandhar,Punjab,2024-01-11 00:00:00,KRTG3596169904435,ACTIVE,1697.72,MCH9355,0,0,0,0,0,0,0
4455,Iyer LLC,5411,kirana,INDIVIDUAL,Bangalore,Karnataka,,JMHS4435674556652,ACTIVE,586.02,4455,0,0,0,0,1,0,0
MCH2641,Varma-Saha,9990,Other,INDIVIDUAL,BLR,Karnataka,2024-10-09 00:00:00,,INACTIVE,5621.28,MCH2641,0,0,0,1,0,0,0
MCH4352,suri ltd,5912,MEDICAL_STORE,INDIVIDUAL,lucknow,Uttar Pradesh,2023-08-21 00:00:00,,ACTIVE,-2179.96,MCH4352,1,0,0,1,0,0,0
MCH5260,"Memon, Ben and Sant",5912,Medical,Sole Proprietor,jalandhar,Punjab,2024-07-25 00:00:00,XXXX7324,ACTIVE,0.1467,MCH5260,0,0,0,0,0,0,0
MCH4061,Mody-Vig,5999,Miscellaneous,individual,Amritsar,Punjab,2024-07-28 06:12:20,,ACTIVE,2007.74,MCH4061,0,0,0,1,0,0,0
MCH3095,HANS-SHAN,5999,Misc Retail,Partnership,Calcutta,West Bengal,2024-05-28 00:00:00,9222512011,ACTIVE,1208.82,MCH3095,0,0,0,0,0,0,0
MCH7944,Bassi-Dyal,4131,Bus/Taxi,sole_proprietor,Kolkata,West Bengal,2025-11-04 00:00:00,YDDT9877099170196,ACTIVE,1227.24,mch7944,0,0,0,0,0,0,0
MCH9149,varghese plc,4110,kirana,INDIVIDUAL,Jaipur,Rajasthan,2025-12-26 00:00:00,,ACTIVE,3708.64,MCH9149,0,0,0,1,0,0,0
MCH2265,"Bail, Gopal and Khare",,pharmacies,partnership,LKO,Uttar Pradesh,2024-04-08 00:00:00,VZCP3787385327453,INACTIVE,-785.4,MCH2265,1,0,1,0,0,0,0
MCH8253,Dutt-Narain,5411,Grocery Stores,SOLE-PROPRIETOR,HYDERABAD,Telangana,2024-04-15 01:54:00,XXXX4097,ACTIVE,1104.19,MCH8253,0,0,0,0,0,0,0
MCH1809,Grewal Inc,5311,Department Stores,Private Limited,BLR,Karnataka,2025-10-31 03:18:09,1597132394,ACTIVE,2181.93,MCH-1809,0,0,0,0,0,0,0
MCH7473,"Nair, Ramachandran and Mane",3110,Retail,sole_proprietor,HYDERABAD,Telangana,2023-09-07 00:00:00,3598989275,INACTIVE,-418.39,MCH7473,1,0,0,0,0,0,0
MCH8101,"Jani, Varghese and Barman",,CLOTHS,sole_proprietor,delhi,Delhi,,ZAGS9531645948920,INACTIVE,734.89,mch8101,0,0,1,0,1,0,0
MCH6254,MURTHY GROUP,4814,Telecom,partnership,Amritsar,Punjab,2025-07-05 23:34:00,7655418410,INACTIVE,,MCH6254,0,1,0,0,0,0,0
MCH7992,Goel Group,8140,Telecom,Individual,bengaluru,Karnataka,2023-10-18 00:00:00,UIMY5187810690637,ACTIVE,609.52,MCH 7992,0,0,0,0,0,0,0
MCH5054,"Kara, Mandal and Mitra",8120,eating place,Sole Proprietor,Kolkata,West Bengal,2024-01-29 00:00:00,,SUSPENDED,5895.31,MCH5054,0,0,0,1,0,1,0
MCH1040,chand plc,5912,Medical,INDIVIDUAL,pune,Maharashtra,2024-09-08 00:00:00,,ACTIVE,653.92,MCH1040,0,0,0,1,0,0,0
MCH1104,Chander LLC,4814,Telecom,Private Limited,DELHI,Delhi,2024-09-05 00:00:00,,ACTIVE,778.62,MCH1104,0,0,0,1,0,0,0
MCH2387,Dar-Dass,9120,chemist,PARTNERSHIP,Lucknow,Uttar Pradesh,,,ACTIVE,1022.15,MCH2387,0,0,0,1,1,0,0
MCH2335,GaneshLtd,9990,Miscellaneous,private_limited,Poona,Maharashtra,2025-03-03 00:00:00,,ACTIVE,,MCH2335,0,1,0,1,0,0,0
MCH6277,"PARMER, BERA AND NORI",,transprt,partnership,MUMBAI,Maharashtra,2024-04-02 00:00:00,,ACTIVE,514.01,mch6277,0,0,1,1,0,0,0
MCH5122,Garde Ltd,5699,garments,PARTNERSHIP,MUMBAI,Maharashtra,2024-09-06 00:00:00,GIIN6826016830316,ACTIVE,957.5,MCH5122,0,0,0,0,0,0,0
MCH7580,DHALIWAL-SHANKAR,4814,Mobile Recharge,Sole Proprietor,Mumbai,Maharashtra,2023-07-04 00:00:00,XXXX8286,ACTIVE,1155.73,MCH 7580,0,0,0,0,0,0,0
MCH1729,GANESH PLC,8120,FOOD_SERVICES,private_limited,HYDERABAD,Telangana,2025-05-23 00:00:00,XXXX6365,ACTIVE,,MCH1729,0,1,0,0,0,0,0
MCH2571,Deep-Chakraborty,5812,Restaurants,Partnership,Delhi,Delhi,2024-07-31 00:00:00,,SUSPENDED,3828.75,MCH 2571,0,0,0,1,0,1,0
MCH9296,Ramanathan Ltd,5912,Pharmacies,Individual,jaipur,Rajasthan,2025-01-29 16:04:16,,ACTIVE,1253.48,MCH9296,0,0,0,1,0,0,0
MCH8571,"Garde, Toor and Malhotra",4814,phone service,Partnership,amritsar,Punjab,2023-05-31 00:00:00,,ACTIVE,266.55,mch8571,0,0,0,1,0,0,0
MCH6242,Som Inc,5311,Department Store,sole_proprietor,jaipur,Rajasthan,2023-06-27 04:59:14,ELTM3518126936690,ACTIVE,-1984.97,MCH6242,1,0,0,0,0,0,0
MCH8058,"Jayaraman, Pall and Goel",5912,Pharmacy,Partnership,Kolkata,West Bengal,2023-06-25 00:00:00,DJCR4230820318730,ACTIVE,1476.23,MCH8058,0,0,0,0,0,0,0
MCH5242,Mishra-Dua,5311,Department Store,INDIVIDUAL,mumbai,Maharashtra,2024-06-08 00:00:00,XXXX0138,ACTIVE,-3063.29,MCH5242,1,0,0,0,0,0,0
MCH3379,Sura Inc,5411,Grocery Stores,sole_proprietor,Madras,Tamil Nadu,2023-11-28 00:00:00,,ACTIVE,851.53,MCH3379,0,0,0,1,0,0,0
MCH9211,Dubey-Kurian,7011,HOTEL_LODGING,INDIVIDUAL,jalandhar,Punjab,2023-01-08 00:00:00,XXXX5476,ACTIVE,2981.74,MCH9211,0,0,0,0,0,0,0
MCH2694,Misra PLC,5699,Clothing,INDIVIDUAL,pune,Maharashtra,,,INACTIVE,2669.29,MCH2694,0,0,0,1,1,0,0
MCH9289,LALL LLC,7011,HOTEL_LODGING,PRIVATE_LIMITED,Kolkata,West Bengal,2025-12-08 09:38:21,PFKV1152289254196,ACTIVE,3024.28,MCH9289,0,0,0,0,0,0,0
MCH4503,Acharya LLC,5411,groceries,private_limited,DELHI,Delhi,2024-09-12 20:47:57,,ACTIVE,241.19,MCH 4503,0,0,0,1,0,0,0
MCH8493,BUCH INC,5912,MEDICAL_STORE,INDIVIDUAL,Chennai,Tamil Nadu,2025-01-17 02:45:11,YMCT2319815382495,ACTIVE,2394.24,MCH8493,0,0,0,0,0,0,0
MCH4613,"Batra, Devi and Buch",5699,garments,individual,Dilli,Delhi,2023-10-03 00:00:00,6706330376,INACTIVE,-3664.64,MCH4613,1,0,0,0,0,0,0
MCH4456,Krish-Panchal,5411,Grocery,INDIVIDUAL,lucknow,Uttar Pradesh,2024-05-11 18:33:00,,ACTIVE,1642.08,MCH4456,0,0,0,1,0,0,0
MCH4369,"Tandon, Viswanathan and Chaudhary",5812,Food,PRIVATE-LIMITED,Pune,Maharashtra,2023-01-13 00:00:00,1839441599,SUSPENDED,226.61,MCH4369,0,0,0,0,0,1,0
MCH9559,Randhawa-Mody,5699,Fashion,sole_proprietor,ASR,Punjab,2025-06-08 00:00:00,XXXX2517,INACTIVE,543.84,MCH9559,0,0,0,0,0,0,0
MCH4318,Nagar and Sons,4131,transprt,sole_proprietor,LKO,Uttar Pradesh,2023-12-20 15:21:00,3039905093,ACTIVE,1159.12,MCH 4318,0,0,0,0,0,0,0
MCH2473,"Gill, Deol and Deep",5411,Grocery Stores,PRIVATE_LIMITED,Lucknow,Uttar Pradesh,2024-09-07 00:00:00,YWZO7271967683864,ACTIVE,1433.28,MCH2473,0,0,0,0,0,0,0
MCH1161,"Kuruvilla, Pall and Ravel",5411,GROCERY_STORE,PRIVATE_LIMITED,jalandhar,Punjab,2023-12-29 00:00:00,,ACTIVE,549.82,MCH1161,0,0,0,1,0,0,0
MCH9563,Sharaf-Tella,,Hotels,SOLE_PROPRIETOR,Kolkata,West Bengal,2025-02-09 00:00:00,,ACTIVE,1375.95,MCH9563,0,0,1,1,0,0,0
MCH6465,Chadha-Char,5912,MEDICAL_STORE,PARTNERSHIP,kolkata,West Bengal,2023-04-22 17:00:00,5666974983,ACTIVE,749.37,MCH6465,0,0,0,0,0,0,0
MCH8631,Chaudhari-Chhabra,5699,Clothing,Sole Proprietor,lucknow,Uttar Pradesh,2024-02-17 00:00:00,7902410971,ACTIVE,1011.95,MCH-8631,0,0,0,0,0,0,0
MCH9582,"Aggarwal, Morar and Vohra",4814,TELECOM,PRIVATE_LIMITED,chennai,Tamil Nadu,2026-02-02 00:00:00,1610482956,ACTIVE,0.2012,MCH-9582,0,0,0,0,0,0,0
MCH6617,Buch Group,5699,CLOTHS,sole_proprietor,HYDERABAD,Telangana,2024-09-01 00:00:00,,ACTIVE,1759.15,MCH 6617,0,0,0,1,0,0,0
MCH3616,trivedi-ramachandran,5411,GROCERY_STORE,PARTNERSHIP,Jalandhar,Punjab,2025-07-02 00:00:00,XXXX1853,INACTIVE,181.96,MCH 3616,0,0,0,0,0,0,0
MCH9391,Vasa-Mitra,8140,phone service,individual,Jalandar,Punjab,2024-10-30 00:00:00,XXXX6623,ACTIVE,1456.23,MCH9391,0,0,0,0,0,0,0
MCH9379,Nazareth and Sons,5999,Misc Retail,INDIVIDUAL,kolkata,West Bengal,,XXXX1135,INACTIVE,0.242,MCH 9379,0,0,0,0,1,0,0
MCH7288,"Kumar, Sachdeva and Natarajan",5999,Miscellaneous,PRIVATE-LIMITED,Calcutta,West Bengal,2026-02-01 06:24:52,,SUSPENDED,,MCH-7288,0,1,0,1,0,1,0
MCH2051,Deshpande PLC,5912,Medical,private_limited,chennai,Tamil Nadu,2024-10-06 00:00:00,6948597427,ACTIVE,625.93,MCH2051,0,0,0,0,0,0,0
MCH4507,Bassi-Merchant,5812,eating place,sole_proprietor,Madras,Tamil Nadu,2024-05-30 00:00:00,XXXX7969,ACTIVE,3598.7,MCH4507,0,0,0,0,0,0,0
MCH9647,"Bhat, Tank and Aurora",7011,HOTEL_LODGING,INDIVIDUAL,kolkata,West Bengal,2024-08-18 00:00:00,8968048918,ACTIVE,5590.39,MCH9647,0,0,0,0,0,0,0
MCH1082,Oommen Inc,0110,Hotel,Partnership,amritsar,Punjab,,6717543820,ACTIVE,833.19,mch1082,0,0,0,0,1,0,0
7017,DeepGroup,,Hospitality,INDIVIDUAL,Dilli,Delhi,,,ACTIVE,1258.92,7017,0,0,1,1,1,0,0
MCH8506,"HANDA, SAHNI AND SAWHNEY",4814,Telecom,PARTNERSHIP,HYDERABAD,Telangana,2026-12-01 00:00:00,,ACTIVE,0.339,MCH8506,0,0,0,1,0,0,0
MCH6839,VARUGHESE LLC,5912,Medical,INDIVIDUAL,JPR,Rajasthan,2025-05-05 00:00:00,4050131250,ACTIVE,0.1354,mch6839,0,0,0,0,0,0,0
MCH8735,Ha1der-Mane,5411,Grocery,PARTNERSHIP,Pune,Maharashtra,2023-04-12 04:45:53,PJBJ0308854019653,ACTIVE,0.7303,MCH8735,0,0,0,0,0,0,0
MCH9443,"Bumb, Sama and Prashad",4131,Transport,SOLE-PROPRIETOR,lucknow,Uttar Pradesh,2024-03-28 00:00:00,,ACTIVE,712.16,MCH9443,0,0,0,1,0,0,0
MCH3125,Din-Dara,5699,CLOTHS,partnership,delhi,Delhi,2025-11-15 00:00:00,NBXZ1237892442741,ACTIVE,3672.47,MCH3125,0,0,0,0,0,0,0
MCH3092,"Dutta, Vasa and Jayaraman",5999,Miscellaneous,Private Limited,Amritsar,Punjab,,4110907056,ACTIVE,1605.55,MCH3092,0,0,0,0,1,0,0
MCH1365,Agate PLC,5942,Stationery,PARTNERSHIP,pune,Maharashtra,2024-12-10 00:00:00,,ACTIVE,-2839.17,MCH 1365,1,0,0,1,0,0,0
MCH8679,Dutt-Goel,4814,phone service,Private Limited,kolkata,West Bengal,2024-08-14 00:00:00,XXXX4631,ACTIVE,423.15,MCH8679,0,0,0,0,0,0,0
MCH3722,"BEN, DHINGRA AND GARDE",5942,Books,PRIVATE_LIMITED,delhi,Delhi,2025-01-28 00:00:00,,INACTIVE,163.22,MCH3722,0,0,0,1,0,0,0
MCH5606,Sunder Inc,,Hospitality,partnership,Ludhiana,Punjab,2023-06-25 00:00:00,TYTS3020219689289,ACTIVE,965.69,MCH5606,0,0,1,0,0,0,0
MCH6384,"Rave1, Mane and Madan",5912,Pharmacies,Partnership,Delhi,Delhi,2023-04-26 06:56:00,8497490345,ACTIVE,334.08,MCH6384,0,0,0,0,0,0,0
MCH4170,Bahri-Mangat,5812,FOOD_SERVICES,sole_proprietor,Poona,Maharashtra,2023-03-15 00:00:00,XXXX2954,ACTIVE,926.11,mch4170,0,0,0,0,0,0,0
MCH9537,Chakrab0rty PLC,5942,BOOKS_STATIONERY,individual,amritsar,Punjab,2025-01-02 06:24:34,XXXX8422,ACTIVE,-1188.48,MCH9537,1,0,0,0,0,0,0
MCH9787,Nigam LLC,7011,hotels,PRIVATE_LIMITED,jaipur,Rajasthan,2023-06-18 00:00:00,,ACTIVE,717.19,MCH9787,0,0,0,1,0,0,0
MCH8895,Chakraborty-Apte,7011,Hotels,SOLE-PROPRIETOR,Jalandar,Punjab,2023-05-04 01:45:30,8501954276,ACTIVE,2412.11,mch8895,0,0,0,0,0,0,0
MCH1773,Prakash-Malhotra,5411,Grocery Stores,INDIVIDUAL,Jalandhar,Punjab,,XEKJ5137440988369,ACTIVE,1551.73,MCH 1773,0,0,0,0,1,0,0
MCH3662,dey llc,5999,Misc Retail,Sole Proprietor,Calcutta,West Bengal,2023-09-24 17:57:18,XXXX8815,SUSPENDED,,MCH3662,0,1,0,0,0,1,0
MCH6301,"Apte, Vohra and Gade",4814,Telecom,PARTNERSHIP,Jalandar,Punjab,2023-03-30 00:00:00,,ACTIVE,2355.49,MCH6301,0,0,0,1,0,0,0
MCH5745,Sawhney-Apte,,chemist,private_limited,delhi,Delhi,2025-06-04 03:56:54,6957896911,ACTIVE,2109.42,MCH-5745,0,0,1,0,0,0,0
MCH6441,Boase Group,5942,Books,SOLE_PROPRIETOR,amritsar,Punjab,2024-10-18 00:00:00,XXXX1328,ACTIVE,4755.4,MCH6441,0,0,0,0,0,0,0
MCH6394,YogiInc,6990,CLOTHS,PRIVATE-LIMITED,Calcutta,West Bengal,2023-10-20 00:00:00,,ACTIVE,1717.76,MCH6394,0,0,0,1,0,0,0
MCH7172,Chandran-Palla,5311,Department Stores,PARTNERSHIP,Pune,Maharashtra,2025-09-23 00:00:00,XXXX0145,ACTIVE,1177.65,MCH7172,0,0,0,0,0,0,0
MCH4843,KURUVILLA-PILLAY,4814,phone service,individual,Bengaluru,Karnataka,2025-08-18 00:00:00,VYHF0905352746746,ACTIVE,-898.89,MCH4843,1,0,0,0,0,0,0
MCH7272,Bansal-Das,5912,Pharmacy,Sole Proprietor,Ludhiana,Punjab,2023-12-20 21:43:00,XXXX6496,ACTIVE,391.71,MCH 7272,0,0,0,0,0,0,0
MCH9906,"Raj, Goda and Rastogi",5912,Pharmacy,Private Limited,Pune,Maharashtra,2025-01-31 00:00:00,2812012011,ACTIVE,543.33,MCH9906,0,0,0,0,0,0,0
MCH5797,Bhatt Ltd,9420,BOOKS_STATIONERY,individual,chennai,Tamil Nadu,,XXXX5629,ACTIVE,0.1641,MCH5797,0,0,0,0,1,0,0
MCH4356,"Guha, Sheth and Ravi",5912,Medical,Partnership,Kolkata,West Bengal,2024-07-06 00:00:00,3427547300,ACTIVE,2725.51,MCH4356,0,0,0,0,0,0,0
MCH8558,Dutt-Tailor,5311,Retail,SOLE-PROPRIETOR,amritsar,Punjab,2024-12-29 00:00:00,,ACTIVE,857.14,MCH8558,0,0,0,1,0,0,0
MCH1764,"Kurian, Vaidya and Loyal",5999,Misc Retail,INDIVIDUAL,LKO,Uttar Pradesh,2025-11-16 04:20:00,QLVG4760642998653,BLOCKED,419.98,MCH1764,0,0,0,0,0,0,1
MCH3308,Setty LLC,9420,Book Store,PARTNERSHIP,Poona,Maharashtra,2023-06-28 00:00:00,,ACTIVE,883.84,MCH3308,0,0,0,1,0,0,0
MCH7664,Datta Ltd,,TRAVEL,PARTNERSHIP,Kolkata,West Bengal,,XXXX7337,ACTIVE,990.98,MCH7664,0,0,1,0,1,0,0
MCH4521,Raman PLC,5699,Apparel,private_limited,HYDERABAD,Telangana,2023-04-02 12:10:00,,ACTIVE,4397.68,MCH4521,0,0,0,1,0,0,0
MCH2356,Baria PLC,,chemist,INDIVIDUAL,LDH,Punjab,2024-04-02 11:05:22,,ACTIVE,2672.62,MCH2356,0,0,1,1,0,0,0
MCH7772,"Chatterjee, Wason and Nadkarni",5311,DEPT_STORE,PARTNERSHIP,Bombay,Maharashtra,2026-01-02 19:37:55,XXXX1871,ACTIVE,541.48,MCH7772,0,0,0,0,0,0,0
MCH2894,Rege-Baria,5699,garments,PRIVATE-LIMITED,delhi,Delhi,2024-12-22 00:00:00,XXXX3813,ACTIVE,2107.84,MCH2894,0,0,0,0,0,0,0
MCH1370,Wable LLC,4814,Telecom,PRIVATE-LIMITED,Jalandar,Punjab,2023-11-19 00:00:00,6802604838,ACTIVE,3898.88,MCH1370,0,0,0,0,0,0,0
MCH6370,"Dass, Hegde and Viswanathan",5812,FOOD_SERVICES,Partnership,jaipur,Rajasthan,2023-03-24 18:53:14,PUYW3534134349316,ACTIVE,2201.27,mch6370,0,0,0,0,0,0,0
MCH5963,GOYAL-SUR,5812,Restaurants,PRIVATE_LIMITED,chennai,Tamil Nadu,2025-09-14 08:31:00,XXXX6740,ACTIVE,0.3785,MCH 5963,0,0,0,0,0,0,0
MCH8295,MAMMEN LLC,5999,Miscellaneous,PRIVATE_LIMITED,Chennai,Tamil Nadu,2024-04-11 00:00:00,XXXX0713,ACTIVE,1554.58,MCH8295,0,0,0,0,0,0,0
MCH5980,Arya LLC,7011,Hospitality,PRIVATE-LIMITED,Ludhiana,Punjab,,,ACTIVE,2432.63,MCH5980,0,0,0,1,1,0,0
MCH2956,BAVA LTD,,TELECOM,INDIVIDUAL,DELHI,Delhi,2023-01-18 00:00:00,2075067293,ACTIVE,2838.96,MCH-2956,0,0,1,0,0,0,0
MCH8958,Verma-Biswas,5699,CLOTHS,Partnership,Amritsar,Punjab,2023-03-06 14:48:00,,ACTIVE,7196.61,MCH8958,0,0,0,1,0,0,0
MCH4457,"Chanda, Parikh and Hayre",5999,Retail Other,PRIVATE_LIMITED,amritsar,Punjab,,,ACTIVE,,MCH4457,0,1,0,1,1,0,0
MCH1785,Shere-Pall,5311,Department Store,SOLE_PROPRIETOR,Calcutta,West Bengal,2023-08-05 05:22:00,,ACTIVE,2271.85,MCH1785,0,0,0,1,0,0,0
MCH4357,Som and Sons,5311,Retail,INDIVIDUAL,LDH,Punjab,,XXXX0823,ACTIVE,,MCH4357,0,1,0,0,1,0,0
MCH8209,Pai-Gokhale,5311,Retail,PRIVATE-LIMITED,JPR,Rajasthan,2023-03-22 21:49:14,,INACTIVE,426.65,MCH8209,0,0,0,1,0,0,0
MCH7311,Dhar PLC,5411,GROCERY_STORE,Private Limited,MUMBAI,Maharashtra,,,ACTIVE,148.28,MCH7311,0,0,0,1,1,0,0
MCH5683,"Magar, Cherian and Wable",5912,chemist,PARTNERSHIP,Amritsar,Punjab,2024-08-07 00:00:00,3259910905,ACTIVE,1544.64,MCH5683,0,0,0,0,0,0,0
MCH8391,Talwar-Bhasin,,garments,individual,ludhiana,Punjab,2025-10-21 00:00:00,9793728885,ACTIVE,0.2052,MCH8391,0,0,1,0,0,0,0
MCH8060,"Pall, Lal and Ahluwalia",8120,Food,individual,LKO,Uttar Pradesh,2023-10-07 00:00:00,OYJG7569387470582,ACTIVE,4990.63,MCH8060,0,0,0,0,0,0,0
MCH4319,Luthra-D’Alia,,Apparel,PARTNERSHIP,Madras,Tamil Nadu,2024-07-23 16:12:09,,ACTIVE,5413.24,MCH4319,0,0,1,1,0,0,0
MCH7609,Mitta1 PLC,5912,MEDICAL_STORE,individual,jalandhar,Punjab,2025-03-10 00:00:00,XXXX5424,ACTIVE,-7169.86,MCH7609,1,0,0,0,0,0,0
MCH5972,Mane Ltd,5942,BOOKS_STATIONERY,Individual,amritsar,Punjab,2024-06-03 07:02:00,XXXX0204,ACTIVE,644.97,MCH5972,0,0,0,0,0,0,0
MCH7572,"Nori, Kibe and Das",5699,Fashion,SOLE_PROPRIETOR,lucknow,Uttar Pradesh,2023-11-28 00:00:00,BLHB3138092170893,ACTIVE,0.87,MCH-7572,0,0,0,0,0,0,0
MCH2530,Palla-Datta,5942,Books,partnership,Poona,Maharashtra,2023-08-03 00:00:00,,ACTIVE,2593.27,MCH2530,0,0,0,1,0,0,0
MCH3499,"Gaba, Nanda and Pillay",5812,food,PRIVATE-LIMITED,mumbai,Maharashtra,2023-09-30 00:00:00,,ACTIVE,804.98,MCH3499,0,0,0,1,0,0,0
MCH3788,Kuruvilla Ltd,5411,grocery stores,sole_proprietor,Hyderabad,Telangana,2024-10-03 00:00:00,,SUSPENDED,4329.09,MCH 3788,0,0,0,1,0,1,0
MCH1493,"Kar, Nath and Koshy",5942,BOOKS_STATIONERY,INDIVIDUAL,BLR,Karnataka,2023-01-28 00:00:00,XXXX9866,ACTIVE,,mch1493,0,1,0,0,0,0,0
MCH6105,lala group,7011,Hotel,SOLE_PROPRIETOR,bengaluru,Karnataka,2023-01-25 00:00:00,,ACTIVE,1595.66,MCH 6105,0,0,0,1,0,0,0
MCH5697,"Kapadia, Sharma and Maharaj",,Retail Other,partnership,Poona,Maharashtra,2023-08-27 00:00:00,IHYO1132265068472,ACTIVE,4565.23,MCH5697,0,0,1,0,0,0,0
MCH4072,Singhal-Natarajan,5812,Restaurant,SOLE-PROPRIETOR,chennai,Tamil Nadu,,XXXX4620,ACTIVE,2593.54,MCH4072,0,0,0,0,1,0,0
MCH1732,Badal-Chacko,4131,TRAVEL,sole_proprietor,kolkata,West Bengal,2024-02-01 00:00:00,,ACTIVE,888.6,mch1732,0,0,0,1,0,0,0
MCH2610,Chopra-Narayanan,3110,DEPT_STORE,sole_proprietor,delhi,Delhi,2023-07-05 00:00:00,,ACTIVE,1284.93,MCH-2610,0,0,0,1,0,0,0
MCH3898,Wadhwa-Sahni,5699,Fashion,PRIVATE_LIMITED,LDH,Punjab,2025-08-05 00:00:00,,ACTIVE,,MCH3898,0,1,0,1,0,0,0
MCH5939,"mohan, varughese and johal",5411,GROCERY_STORE,Partnership,bengaluru,Karnataka,2024-12-20 00:00:00,XXXX0991,ACTIVE,4307.34,MCH5939,0,0,0,0,0,0,0
MCH6742,Mammen Gr0up,4814,phone service,Private Limited,Kolkata,West Bengal,2024-03-20 00:00:00,XXXX8463,ACTIVE,6284.1,MCH6742,0,0,0,0,0,0,0
MCH9601,Murthy-Sagar,5999,Retail Other,PRIVATE-LIMITED,delhi,Delhi,,4391317650,ACTIVE,2574.06,MCH9601,0,0,0,0,1,0,0
MCH9793,Brar Ltd,,Fashion,PRIVATE-LIMITED,Bangalore,Karnataka,,4222281666,ACTIVE,198.68,MCH9793,0,0,1,0,1,0,0
MCH4349,"naik, pandey and din",4131,Transportation,Partnership,Bengaluru,Karnataka,2023-06-30 20:31:00,,ACTIVE,2172.69,MCH4349,0,0,0,1,0,0,0
MCH2081,Date PLC,5311,Department Stores,Private Limited,LKO,Uttar Pradesh,2023-04-01 00:00:00,XXXX3660,ACTIVE,275.64,MCH2081,0,0,0,0,0,0,0
MCH8181,Mall-Chatterjee,4131,Transportation,INDIVIDUAL,Amritsar,Punjab,,6803575158,ACTIVE,-1624.73,MCH8181,1,0,0,0,1,0,0
MCH4363,NARAYAN-SANGHA,7011,HOTEL_LODGING,Sole Proprietor,jalandhar,Punjab,,,ACTIVE,598.32,MCH 4363,0,0,0,1,1,0,0
MCH4900,Issac-Venkataraman,9120,Pharmacies,SOLE_PROPRIETOR,Kolkata,West Bengal,2023-08-15 07:39:24,,ACTIVE,1519.72,mch4900,0,0,0,1,0,0,0
MCH8157,"mahal, srinivas and vasa",,Pharmacy,Sole Proprietor,delhi,Delhi,2024-10-09 09:16:57,XFHS0358306861946,INACTIVE,1033.09,MCH8157,0,0,1,0,0,0,0
MCH5247,Nagi Ltd,4814,Telecom,Partnership,Amritsar,Punjab,2025-06-06 00:00:00,,HOLD,632.92,MCH5247,0,0,0,1,0,0,0
MCH2116,Chaudhari and Sons,5699,garments,individual,JPR,Rajasthan,2023-09-02 00:00:00,XXXX7517,ACTIVE,947.14,MCH2116,0,0,0,0,0,0,0
MCH1254,Pant-Muni,4131,TRAVEL,partnership,DELHI,Delhi,2023-10-21 00:00:00,,ACTIVE,781.27,MCH1254,0,0,0,1,0,0,0
MCH2191,"Raval, Halder and Brahmbhatt",5999,Retail Other,sole_proprietor,Bengaluru,Karnataka,2023-09-15 00:00:00,,ACTIVE,2745.45,MCH2191,0,0,0,1,0,0,0
MCH1227,Dyal Ltd,5999,Other,individual,ludhiana,Punjab,2025-09-21 00:00:00,QLYV4506400926648,ACTIVE,602.09,MCH1227,0,0,0,0,0,0,0
MCH8085,VERMA-RAMACHANDRAN,5942,Stationery,INDIVIDUAL,pune,Maharashtra,2025-10-22 00:00:00,7310237630,ACTIVE,,MCH8085,0,1,0,0,0,0,0
MCH1882,kamdar-banik,5812,Food,Partnership,Ludhiana,Punjab,,,INACTIVE,427.5,MCH-1882,0,0,0,1,1,0,0
MCH5494,Bhavsar-Jhaveri,5912,chemist,INDIVIDUAL,Ludhiana,Punjab,2023-05-23 00:00:00,SVWM6177755227439,ACTIVE,0.325,MCH 5494,0,0,0,0,0,0,0
MCH9640,Aurora and Sons,4131,TRAVEL,Sole Proprietor,Lucknow,Uttar Pradesh,2023-09-09 06:54:50,6211538586,ACTIVE,1623.21,MCH9640,0,0,0,0,0,0,0
MCH9679,RAMAN LTD,,HOTEL_LODGING,SOLE-PROPRIETOR,DELHI,Delhi,2024-09-07 00:00:00,PIVF1729636161305,INACTIVE,310.73,MCH9679,0,0,1,0,0,0,0
MCH7519,"Sarkar, Garg and Kumar",4131,Bus/Taxi,partnership,LKO,Uttar Pradesh,2025-06-01 00:00:00,6307100507,INACTIVE,771.94,MCH7519,0,0,0,0,0,0,0
MCH7061,Grover and Sons,7011,Hospitality,INDIVIDUAL,JPR,Rajasthan,2023-06-12 22:13:21,,ACTIVE,462.72,MCH7061,0,0,0,1,0,0,0
MCH3916,"Parmer, Chakrabarti and Sibal",4131,Transport,individual,Jaipur,Rajasthan,2025-01-03 00:00:00,XXXX6443,ACTIVE,0.794,MCH3916,0,0,0,0,0,0,0
MCH5043,"Chakraborty, Gour and Kothari",1310,TRAVEL,PRIVATE-LIMITED,Calcutta,West Bengal,2025-03-17 00:00:00,ROSR2212738533894,INACTIVE,614.63,mch5043,0,0,0,0,0,0,0
MCH1343,"Madan,TrivediandGanguly",,garments,individual,BLR,Karnataka,2025-10-15 00:00:00,QSCH7195613672769,ACTIVE,1927.76,MCH1343,0,0,1,0,0,0,0
MCH6666,Baral Inc,5699,Clothing,Individual,Bengaluru,Karnataka,2025-12-22 00:00:00,DXHD9016941179950,ACTIVE,381.87,MCH6666,0,0,0,0,0,0,0
MCH2997,Karan Inc,7011,Hospitality,PRIVATE-LIMITED,lucknow,Uttar Pradesh,2023-10-16 17:07:00,1402967436,ACTIVE,1286.53,MCH2997,0,0,0,0,0,0,0
MCH1257,Varma-Maharaj,5942,Books,sole_proprietor,Calcutta,West Bengal,2023-04-15 16:16:00,VIAW9051693811302,ACTIVE,3059.27,MCH1257,0,0,0,0,0,0,0
MCH8719,kala llc,5311,Department Store,INDIVIDUAL,Kolkata,West Bengal,2025-10-25 00:00:00,,ACTIVE,2779.32,mch8719,0,0,0,1,0,0,0
MCH3086,Pant Inc,5812,Food,PRIVATE-LIMITED,chennai,Tamil Nadu,2023-10-13 11:54:24,XXXX6152,ACTIVE,287.52,MCH 3086,0,0,0,0,0,0,0
MCH1642,Zacharia-Dhawan,5411,GROCERY_STORE,PARTNERSHIP,Kolkata,West Bengal,2023-01-02 04:08:32,XXXX3812,ACTIVE,0.363,mch1642,0,0,0,0,0,0,0
MCH4094,jani-mistry,5311,DEPT_STORE,PARTNERSHIP,Amritsar,Punjab,2024-06-05 00:00:00,,ACTIVE,5482.47,MCH4094,0,0,0,1,0,0,0
MCH5416,Upadhyay LLC,5942,Stationery,INDIVIDUAL,chennai,Tamil Nadu,2024-07-24 00:00:00,XXXX2133,ACTIVE,,MCH5416,0,1,0,0,0,0,0
MCH5618,Biswas and Sons,5912,Pharmacies,PARTNERSHIP,delhi,Delhi,2024-04-03 21:03:00,XXXX7039,ACTIVE,833.5,MCH5618,0,0,0,0,0,0,0
MCH2765,"SANT, NATT AND SAWHNEY",7011,Hotel,Private Limited,Kolkata,West Bengal,2023-04-04 21:56:00,XXXX8678,INACTIVE,1191.66,MCH2765,0,0,0,0,0,0,0
MCH3554,"Chowdhury, Mann and Mitter",4131,Transportation,INDIVIDUAL,Jalandhar,Punjab,2025-04-27 19:48:07,XXXX2146,ACTIVE,893.92,mch3554,0,0,0,0,0,0,0
MCH8718,Chaudhari-Bhalla,5812,eating place,Individual,Poona,Maharashtra,2024-07-23 04:38:30,,ACTIVE,,MCH8718,0,1,0,1,0,0,0
MCH5683,subramanian group,3110,dept_store,PRIVATE_LIMITED,LKO,Uttar Pradesh,2024-10-24 15:26:50,XUFZ9750077803623,SUSPENDED,774.44,MCH5683,0,0,0,0,0,1,0
MCH9786,"Pai, Thakkar and Krish",5311,Department Store,PRIVATE-LIMITED,HYDERABAD,Telangana,,,ACTIVE,1876.06,MCH9786,0,0,0,1,1,0,0
MCH3011,"Ahluwalia, Contractor and Comar",5311,Department Stores,SOLE-PROPRIETOR,Dilli,Delhi,2023-11-30 00:00:00,XXXX1217,INACTIVE,2626.62,MCH3011,0,0,0,0,0,0,0
MCH3508,Prabhu and Sons,1310,TRAVEL,PRIVATE_LIMITED,DELHI,Delhi,2024-07-26 00:00:00,,ACTIVE,0.185,MCH 3508,0,0,0,1,0,0,0
MCH5805,natarajan-walla,4131,Bus/Taxi,PARTNERSHIP,ludhiana,Punjab,2025-06-03 12:56:57,XXXX1704,ACTIVE,449.15,MCH5805,0,0,0,0,0,0,0
MCH3689,"Palla, Gara and Malhotra",5942,Stationery,PARTNERSHIP,Bengaluru,Karnataka,2025-02-04 00:00:00,JSVI9099789537273,INACTIVE,1319.27,MCH3689,0,0,0,0,0,0,0
MCH1755,Kulkarni and Sons,4814,phone service,INDIVIDUAL,MUMBAI,Maharashtra,2025-12-29 00:00:00,9887027328,ACTIVE,-1088.47,MCH1755,1,0,0,0,0,0,0
MCH1277,Bhatnagar-Borah,5812,Restaurant,INDIVIDUAL,Kolkata,West Bengal,,4086473586,ACTIVE,3540.87,mch1277,0,0,0,0,1,0,0
MCH9696,D’Alia-Bhardwaj,9990,Misc Retail,Private Limited,Lucknow,Uttar Pradesh,2024-02-17 21:42:16,XXXX0392,ACTIVE,3568.12,MCH 9696,0,0,0,0,0,0,0
MCH2166,SANT-VENKATESH,5912,Pharmacy,individual,ASR,Punjab,2024-09-20 00:00:00,9608426270,ACTIVE,789.14,MCH2166,0,0,0,0,0,0,0
MCH4165,"Dhar,PallaandKorpal",4814,TELECOM,private_limited,pune,Maharashtra,2024-05-29 00:00:00,EWYW3013882760872,HOLD,,MCH4165,0,1,0,0,0,0,0
MCH2938,"Babu, Lata and Zacharia",5411,kirana,private_limited,Poona,Maharashtra,2024-09-06 00:00:00,ZZOP9174222804228,ACTIVE,823.9,MCH2938,0,0,0,0,0,0,0
MCH6982,"Baral, Ramachandran and Keer",5942,Stationery,PARTNERSHIP,LKO,Uttar Pradesh,2025-09-13 00:00:00,IVWY4612352669313,HOLD,5234.31,MCH6982,0,0,0,0,0,0,0
MCH2220,Tailor and Sons,5311,DEPT_STORE,Sole Proprietor,Mumbay,Maharashtra,2025-06-23 20:54:27,,ACTIVE,940.64,mch2220,0,0,0,1,0,0,0
MCH1885,mahal ltd,5999,Other,PRIVATE_LIMITED,HYDERABAD,Telangana,2025-11-07 18:42:57,,ACTIVE,0.618,MCH-1885,0,0,0,1,0,0,0
MCH7904,Kapadia-Pandya,5942,BOOKS_STATIONERY,Partnership,chennai,Tamil Nadu,2023-09-20 00:00:00,XXXX8842,ACTIVE,6260.03,MCH7904,0,0,0,0,0,0,0
MCH2211,KRISHNAN-SIBAL,5942,BOOKS_STATIONERY,Individual,Bengaluru,Karnataka,2023-05-28 18:32:06,,ACTIVE,1189.37,MCH2211,0,0,0,1,0,0,0
MCH7932,SETHI LTD,8140,telecom,Private Limited,Bengaluru,Karnataka,2025-04-20 22:28:00,AUYT1495828220876,ACTIVE,4410.18,MCH7932,0,0,0,0,0,0,0
MCH6765,Sengupta-Keer,5912,chemist,INDIVIDUAL,New Delhi,Delhi,2025-11-17 00:00:00,XXXX7076,ACTIVE,1250.47,MCH6765,0,0,0,0,0,0,0
MCH7442,Thakur-Rana,5999,Miscellaneous,PARTNERSHIP,kolkata,West Bengal,2026-01-17 22:14:00,,ACTIVE,-1816.81,mch7442,1,0,0,1,0,0,0
MCH6566,"Purohit, Chacko and Kadakia",4814,Mobile Recharge,Private Limited,chennai,Tamil Nadu,2024-03-10 00:00:00,YAOU8203503390794,INACTIVE,1923.82,MCH6566,0,0,0,0,0,0,0
MCH7728,"Banerjee, Iyengar and Ganguly",7011,Hotel,Individual,jaipur,Rajasthan,2024-11-10 00:00:00,XXXX5198,ACTIVE,750.16,MCH7728,0,0,0,0,0,0,0
MCH3029,Sarma PLC,4131,transprt,SOLE_PROPRIETOR,Bombay,Maharashtra,2024-06-15 00:00:00,1403660080,ACTIVE,163.28,MCH3029,0,0,0,0,0,0,0
MCH3656,kurian-chad,,Restaurant,Individual,Calcutta,West Bengal,2024-12-18 00:21:00,,ACTIVE,,MCH3656,0,1,1,1,0,0,0
MCH9393,Vala-Bahri,4814,phone service,SOLE_PROPRIETOR,kolkata,West Bengal,2024-06-09 10:37:28,KRHX3053527242378,SUSPENDED,1926.43,MCH9393,0,0,0,0,0,1,0
MCH1948,Prabhakar-Kari,5699,Apparel,SOLE_PROPRIETOR,Mumbay,Maharashtra,2025-11-21 00:00:00,,ACTIVE,-6392.07,MCH1948,1,0,0,1,0,0,0
MCH2964,"Nanda, Comar and Sachdev",,Restaurants,SOLE_PROPRIETOR,Delhi,Delhi,2023-03-05 00:00:00,,INACTIVE,1238.67,MCH2964,0,0,1,1,0,0,0
MCH9883,Modi PLC,5411,kirana,sole_proprietor,delhi,Delhi,2024-08-25 00:00:00,XXXX9460,ACTIVE,492.1,MCH9883,0,0,0,0,0,0,0
MCH8968,"MAJUMDAR, SETTY AND SAHNI",5812,Restaurant,PRIVATE_LIMITED,ASR,Punjab,2026-02-23 13:01:00,,INACTIVE,477.9,MCH8968,0,0,0,1,0,0,0
MCH6410,Dua-Kara,5699,Clothing,INDIVIDUAL,Dilli,Delhi,,,ACTIVE,1003.3,MCH6410,0,0,0,1,1,0,0
MCH7844,Singh-Mane,,GROCERY_STORE,SOLE-PROPRIETOR,LDH,Punjab,2024-10-31 00:00:00,,ACTIVE,0.1309,MCH7844,0,0,1,1,0,0,0
MCH1424,"GOEL, BALAY AND DUA",7011,HOTEL_LODGING,PRIVATE-LIMITED,Jalandar,Punjab,2025-10-19 00:36:54,,ACTIVE,5339.46,MCH1424,0,0,0,1,0,0,0
MCH1101,"Deo, Gill and Dhaliwal",5812,eating place,Private Limited,delhi,Delhi,2023-05-26 09:37:00,,ACTIVE,1076.28,MCH1101,0,0,0,1,0,0,0
MCH2257,Mandal-Sankaran,5311,Department Stores,Individual,mumbai,Maharashtra,2024-04-18 23:11:42,,ACTIVE,4831.04,MCH-2257,0,0,0,1,0,0,0
MCH9335,"Sarraf, Wable and Deshmukh",5912,MEDICAL_STORE,individual,amritsar,Punjab,2023-05-03 00:00:00,,ACTIVE,0.399,MCH 9335,0,0,0,1,0,0,0
MCH3487,Subramanian Inc,8120,Restaurant,individual,Poona,Maharashtra,2025-07-26 00:00:00,,ACTIVE,1612.87,MCH3487,0,0,0,1,0,0,0
MCH6224,"Khatri, Swaminathan and Loke",4131,Transport,SOLE-PROPRIETOR,ASR,Punjab,2024-12-02 00:00:00,CTJV7649423556703,ACTIVE,561.32,MCH6224,0,0,0,0,0,0,0
MCH3071,Misra-Padmanabhan,5812,Restaurants,SOLE_PROPRIETOR,ludhiana,Punjab,2024-07-24 08:52:44,IJYT4830685989652,ACTIVE,,MCH3071,0,1,0,0,0,0,0
MCH5426,"DORA, SEHGAL AND CHOUDHURY",4131,Transport,Individual,Dilli,Delhi,2025-11-14 00:00:00,6432706759,ACTIVE,598.49,mch5426,0,0,0,0,0,0,0
MCH8736,Dora-Sachar,5311,Department Stores,PRIVATE_LIMITED,Mumbai,Maharashtra,2024-10-11 13:06:21,XXXX8019,ACTIVE,2228.33,MCH8736,0,0,0,0,0,0,0
MCH4443,Sachar-Banik,5942,Stationery,PARTNERSHIP,JPR,Rajasthan,2024-06-12 00:00:00,BADT3910512012474,ACTIVE,2375.86,MCH4443,0,0,0,0,0,0,0
MCH1585,Khalsa-Kulkarni,5311,DEPT_STORE,PARTNERSHIP,New Delhi,Delhi,2023-05-22 00:00:00,XXXX6587,ACTIVE,3398.13,MCH1585,0,0,0,0,0,0,0
MCH4781,"Mohan, Sharaf and Narula",,Retail,SOLE_PROPRIETOR,Dilli,Delhi,2024-01-08 00:00:00,3603337866,ACTIVE,482.6,MCH4781,0,0,1,0,0,0,0
MCH8632,"Koshy, Suri and Dey",5812,Restaurants,INDIVIDUAL,DELHI,Delhi,2025-11-14 10:58:44,BRHB3883781562442,ACTIVE,3705.21,MCH8632,0,0,0,0,0,0,0
MCH4093,Krishnamurthy PLC,7011,Hotel,PRIVATE-LIMITED,Lucknow,Uttar Pradesh,2024-03-15 00:00:00,XXXX5675,INACTIVE,1291.9,MCH 4093,0,0,0,0,0,0,0
MCH7773,Goel-Srivastava,5999,Miscellaneous,individual,Jaipur,Rajasthan,2024-07-18 00:00:00,XXXX1201,SUSPENDED,,MCH-7773,0,1,0,0,0,1,0
MCH4911,"Nigam, Mahajan and Misra",5411,GROCERY_STORE,INDIVIDUAL,bengaluru,Karnataka,2025-06-14 00:00:00,,ACTIVE,689.3,MCH4911,0,0,0,1,0,0,0
MCH3640,Parikh-Raghavan,0110,Hotel,SOLE_PROPRIETOR,Hyderabad,Telangana,2023-04-11 22:07:00,0058678829,ACTIVE,400.1,mch3640,0,0,0,0,0,0,0
MCH4037,chaudhuri llc,5311,DEPT_STORE,INDIVIDUAL,Hyd,Telangana,2024-11-23 00:00:00,0677487191,ACTIVE,-2168.76,MCH4037,1,0,0,0,0,0,0
MCH1483,Mohan-Kari,9420,Books,Private Limited,amritsar,Punjab,2026-11-02 00:00:00,XXXX3338,ACTIVE,1901.08,MCH1483,0,0,0,0,0,0,0
MCH7023,Walla-Raj,5311,Department Store,individual,Delhi,Delhi,2023-03-16 11:15:32,,ACTIVE,1307.24,MCH7023,0,0,0,1,0,0,0
MCH4897,Bedi-Mitra,,Medical,Individual,LKO,Uttar Pradesh,,,INACTIVE,-851.98,MCH-4897,1,0,1,1,1,0,0
MCH7723,"Pandya, Barman and Biswas",5699,garments,private_limited,Ludhiana,Punjab,2025-01-06 01:31:38,MLMI7440738115367,ACTIVE,3268.86,MCH-7723,0,0,0,0,0,0,0
MCH7310,Mander Group,5699,Clothing,Partnership,lucknow,Uttar Pradesh,2025-09-08 05:21:18,WNOZ8918272123966,INACTIVE,1987.96,MCH7310,0,0,0,0,0,0,0
MCH7007,Sastry-Soni,7011,Hotels,sole_proprietor,chennai,Tamil Nadu,2024-11-01 00:00:00,XXXX4092,INACTIVE,-649.1,mch7007,1,0,0,0,0,0,0
MCH5583,"Sama, Thaman and Bakshi",8140,Mobile Recharge,INDIVIDUAL,pune,Maharashtra,2023-07-21 01:11:03,XXXX8722,ACTIVE,2696.94,MCH5583,0,0,0,0,0,0,0
MCH1297,Luthra and Sons,4110,Grocery Stores,PRIVATE-LIMITED,New Delhi,Delhi,2023-06-12 01:16:32,5942366474,ACTIVE,381.86,MCH1297,0,0,0,0,0,0,0
MCH2648,Batta LLC,5999,retail other,PARTNERSHIP,jaipur,Rajasthan,2024-10-10 00:00:00,,SUSPENDED,416.94,MCH2648,0,0,0,1,0,1,0
2923,Virk Group,4814,phone service,INDIVIDUAL,Jalandar,Punjab,,,ACTIVE,681.07,2923,0,0,0,1,1,0,0
MCH2765,Mukhopadhyay Inc,5311,DEPT_STORE,SOLE-PROPRIETOR,LKO,Uttar Pradesh,2024-11-19 00:00:00,XXXX9677,ACTIVE,3568.4,MCH2765,0,0,0,0,0,0,0
MCH5717,"Kuruvilla, Deol and Rama",5942,Stationery,SOLE_PROPRIETOR,jaipur,Rajasthan,2023-05-16 23:01:00,,ACTIVE,8901.44,mch5717,0,0,0,1,0,0,0
7313,Comar-Din,4814,Telecom,private_limited,mumbai,Maharashtra,2026-01-18 00:00:00,8645351517,ACTIVE,1884.45,7313,0,0,0,0,0,0,0
MCH7010,kuruvilla-shanker,5411,kirana,SOLE-PROPRIETOR,Dilli,Delhi,2023-07-22 00:00:00,,SUSPENDED,524.4,MCH7010,0,0,0,1,0,1,0
8679,MANGAL-GOLE,5942,Books,PRIVATE-LIMITED,Jaipur,Rajasthan,2023-11-01 00:00:00,4734640473,ACTIVE,971.58,8679,0,0,0,0,0,0,0
MCH3556,"Sant, 0ak and Jani",4814,phone service,PRIVATE_LIMITED,Calcutta,West Bengal,2024-03-29 00:00:00,,ACTIVE,-515.95,MCH3556,1,0,0,1,0,0,0
MCH6313,Ramanathan PLC,,Grocery,Sole Proprietor,Mumbai,Maharashtra,,THOM0066375833437,ACTIVE,3430.73,MCH 6313,0,0,1,0,1,0,0
MCH5343,Sangha-Pillay,5411,kirana,Individual,LKO,Uttar Pradesh,,4912596257,INACTIVE,1724.67,MCH5343,0,0,0,0,1,0,0
MCH4064,"Sidhu, Kunda and Hayre",7011,HOTEL_LODGING,INDIVIDUAL,Pune,Maharashtra,2025-02-05 00:00:00,XXXX9354,ACTIVE,1462.39,MCH4064,0,0,0,0,0,0,0
5167,Bose and Sons,5942,Book Store,PRIVATE_LIMITED,Jalandhar,Punjab,2025-08-20 17:50:00,,INACTIVE,1269.25,5167,0,0,0,1,0,0,0
MCH8005,"Kumar, Ahluwalia and Thaman",4131,Transportation,SOLE_PROPRIETOR,Bengaluru,Karnataka,2025-06-30 00:00:00,,ACTIVE,-6211.56,MCH-8005,1,0,0,1,0,0,0
MCH2224,luthra-nagy,,Book Store,Individual,Jaipur,Rajasthan,2025-10-23 00:00:00,HRLX9724386565153,INACTIVE,890.7,MCH-2224,0,0,1,0,0,0,0
MCH6079,"SESHADRI, MUNI AND BANIK",7011,HOTEL_LODGING,INDIVIDUAL,kolkata,West Bengal,2026-02-24 00:00:00,,ACTIVE,434.97,MCH6079,0,0,0,1,0,0,0
MCH2232,Borde-Sule,5311,Department Store,PARTNERSHIP,HYDERABAD,Telangana,2025-02-24 00:00:00,9040784909,ACTIVE,642.26,MCH2232,0,0,0,0,0,0,0
MCH6172,Raja Inc,5812,Food,Sole Proprietor,Hyderabad,Telangana,2024-11-09 00:00:00,,ACTIVE,0.105,MCH 6172,0,0,0,1,0,0,0
MCH9348,"TOOR, PAREKH AND AGATE",9420,Books,private_limited,ASR,Punjab,2025-03-30 00:00:00,HCSS6943242832650,ACTIVE,4472.44,MCH9348,0,0,0,0,0,0,0
MCH4416,Raju and S0ns,5999,miscellaneous,INDIVIDUAL,bengaluru,Karnataka,2025-10-04 00:00:00,6909361511,SUSPENDED,0.3955,MCH4416,0,0,0,0,0,1,0
MCH3275,Sridhar and Sons,6990,garments,Partnership,New Delhi,Delhi,2024-04-15 07:33:51,,HOLD,,MCH 3275,0,1,0,1,0,0,0
MCH5607,Ba1a and S0ns,,Transport,Individual,DELHI,Delhi,2023-07-24 00:00:00,,ACTIVE,2712.11,mch5607,0,0,1,1,0,0,0
MCH6097,MANNAN PLC,8120,Restaurant,PARTNERSHIP,LKO,Uttar Pradesh,2025-02-13 00:39:51,XXXX8307,ACTIVE,258.41,MCH6097,0,0,0,0,0,0,0
MCH9310,Ganguly-Tella,7011,Hospitality,INDIVIDUAL,pune,Maharashtra,2024-03-29 00:00:00,XXXX9831,ACTIVE,-482.88,mch9310,1,0,0,0,0,0,0
MCH9943,Mukhopadhyay-Kale,5699,Fashion,private_limited,Amritsar,Punjab,2025-11-30 15:51:23,HLRA9462438432419,ACTIVE,2114.46,MCH9943,0,0,0,0,0,0,0
MCH6645,Kalla Ltd,,CLOTHS,Partnership,ASR,Punjab,2023-01-29 13:22:00,CBQP9610741406951,ACTIVE,329.87,MCH-6645,0,0,1,0,0,0,0
MCH4406,"Chand, Ahuja and Behl",7011,HOTEL_LODGING,Private Limited,Pune,Maharashtra,2023-06-09 00:00:00,,ACTIVE,0.3629,MCH4406,0,0,0,1,0,0,0
MCH4792,Agrawal-Prabhu,5812,Food,SOLE_PROPRIETOR,Madras,Tamil Nadu,2025-11-02 16:37:14,,INACTIVE,0.1844,mch4792,0,0,0,1,0,0,0
MCH1064,Mishra-Badami,5942,Books,SOLE-PROPRIETOR,lucknow,Uttar Pradesh,2025-03-12 00:00:00,,ACTIVE,2393.66,mch1064,0,0,0,1,0,0,0
MCH2679,"Barman, Bains and Shan",5912,chemist,PRIVATE_LIMITED,mumbai,Maharashtra,2024-12-25 00:00:00,2613968880,ACTIVE,1334.82,MCH2679,0,0,0,0,0,0,0
MCH2118,Kakar Group,5812,Food,Sole Proprietor,Dilli,Delhi,2023-07-08 08:31:00,,ACTIVE,0.683,mch2118,0,0,0,1,0,0,0
MCH5505,Wagle Ltd,4131,Transport,PARTNERSHIP,LKO,Uttar Pradesh,2025-01-06 00:00:00,,INACTIVE,318.93,MCH5505,0,0,0,1,0,0,0
MCH9452,Kapoor-Kara,5999,Other,PRIVATE_LIMITED,kolkata,West Bengal,,TTFV4828934746515,INACTIVE,,MCH9452,0,1,0,0,1,0,0
MCH1261,"Cheema, Savant and Bakshi",5311,retail,sole_proprietor,Ludhiana,Punjab,2024-06-03 00:00:00,EXGQ1328686965867,INACTIVE,,MCH1261,0,1,0,0,0,0,0
MCH8873,"Pathak, Bath and Kant",4131,transprt,PARTNERSHIP,Pune,Maharashtra,2025-06-11 00:00:00,,ACTIVE,2212.3,MCH8873,0,0,0,1,0,0,0
MCH4606,Vyas-Mukhopadhyay,7011,Hotels,Private Limited,Hyderabad,Telangana,2025-09-29 00:00:00,XXXX6697,ACTIVE,745.57,MCH4606,0,0,0,0,0,0,0
MCH8276,"Kakar, Handa and Sachdeva",5812,eating place,Sole Proprietor,Mumbai,Maharashtra,2025-09-23 00:00:00,XXXX1898,ACTIVE,2410.37,MCH8276,0,0,0,0,0,0,0
MCH6608,"puri, dar and mann",,kirana,PRIVATE-LIMITED,delhi,Delhi,2024-02-10 07:57:42,,ACTIVE,-410.36,MCH6608,1,0,1,1,0,0,0
MCH7605,Kakar-Dhi110n,5311,Retail,Private Limited,BLR,Karnataka,2025-07-21 00:00:00,XXXX1255,INACTIVE,1126.42,MCH7605,0,0,0,0,0,0,0
MCH8480,Doshi-Sarin,4131,Transportation,INDIVIDUAL,pune,Maharashtra,2023-07-02 00:00:00,,ACTIVE,-1310.85,MCH8480,1,0,0,1,0,0,0
MCH8876,Rai LLC,4131,TRAVEL,sole_proprietor,Bombay,Maharashtra,2025-02-17 00:00:00,MDBH5898755219705,ACTIVE,1825.17,MCH 8876,0,0,0,0,0,0,0
MCH5845,kara group,5999,Misc Retail,PRIVATE-LIMITED,ASR,Punjab,2023-12-31 03:38:30,XXXX0508,ACTIVE,1557.96,MCH5845,0,0,0,0,0,0,0
MCH5482,"Baral, Tak and Rajan",5812,eating place,individual,Calcutta,West Bengal,2025-06-23 15:48:14,XXXX1905,INACTIVE,710.53,MCH5482,0,0,0,0,0,0,0
MCH4640,Choudhary-Joshi,5699,Clothing,PARTNERSHIP,JPR,Rajasthan,,GOPL6469934819715,ACTIVE,857.62,MCH4640,0,0,0,0,1,0,0
3811,"bhat, anand and bakshi",,Hotels,individual,Bengaluru,Karnataka,,4680162216,ACTIVE,563.14,3811,0,0,1,0,1,0,0
MCH3254,"Chanda, Maharaj and Chandra",4131,Transportation,Partnership,Hyd,Telangana,2025-11-03 00:00:00,TXWB1746078464859,ACTIVE,1842.04,mch3254,0,0,0,0,0,0,0
MCH6228,"Kar, Agarwal and Karpe",5812,eating place,private_limited,Bengaluru,Karnataka,2024-08-05 00:00:00,,SUSPENDED,1145.75,MCH6228,0,0,0,1,0,1,0
MCH9008,"GOUR, AMBLE AND BAKSHI",5411,Grocery Stores,sole_proprietor,amritsar,Punjab,2024-12-18 18:50:53,NUSH9143769186873,ACTIVE,1167.35,MCH-9008,0,0,0,0,0,0,0
1532,sarna-kota,5999,Miscellaneous,private_limited,New Delhi,Delhi,2024-10-21 00:00:00,,ACTIVE,4843.68,1532,0,0,0,1,0,0,0
MCH2696,"Dave, Chaudhari and Bhatti",5411,groceries,individual,delhi,Delhi,2024-11-25 00:00:00,XXXX0248,SUSPENDED,-9658.06,MCH2696,1,0,0,0,0,1,0
MCH7627,Maharaj-Narain,3110,Department Stores,INDIVIDUAL,LKO,Uttar Pradesh,2023-03-26 02:43:00,YXZM1071683755810,ACTIVE,508.95,mch7627,0,0,0,0,0,0,0
MCH7830,Hegde Ltd,,transprt,Sole Proprietor,Bangalore,Karnataka,,,ACTIVE,,MCH7830,0,1,1,1,1,0,0
MCH9021,Dubey PLC,4814,TELECOM,Private Limited,JPR,Rajasthan,2023-03-10 00:00:00,DCIU7751773884205,INACTIVE,214.99,MCH 9021,0,0,0,0,0,0,0
MCH2813,"Panchal, Pradhan and Bora",5812,Food,INDIVIDUAL,jalandhar,Punjab,2026-01-05 00:00:00,,ACTIVE,-169.64,MCH-2813,1,0,0,1,0,0,0
MCH7709,"JANI, SIDHU AND TRIPATHI",4131,Transport,PARTNERSHIP,Jaipur,Rajasthan,2025-06-05 00:00:00,KEWA6292181807133,ACTIVE,451.31,MCH7709,0,0,0,0,0,0,0
MCH6104,Keer-Gade,5311,Department Store,INDIVIDUAL,Calcutta,West Bengal,2023-01-01 20:32:00,DQNV8530720672123,INACTIVE,935.82,MCH6104,0,0,0,0,0,0,0
MCH8316,Nagi PLC,5812,Restaurant,Private Limited,Madras,Tamil Nadu,2023-09-23 00:00:00,XXXX1199,ACTIVE,1504.17,MCH-8316,0,0,0,0,0,0,0
MCH6660,BISWAS GROUP,4131,Transportation,SOLE-PROPRIETOR,chennai,Tamil Nadu,2025-03-18 22:30:52,,ACTIVE,204.05,MCH6660,0,0,0,1,0,0,0
MCH1177,"Mistry, Savant and Jha",4131,Transportation,Sole Proprietor,amritsar,Punjab,2025-08-29 18:32:00,,ACTIVE,1663.99,MCH1177,0,0,0,1,0,0,0
MCH9205,Lala Ltd,4131,Transport,PRIVATE_LIMITED,Kolkata,West Bengal,2024-11-26 04:12:00,XXXX6473,SUSPENDED,569.25,MCH9205,0,0,0,0,0,1,0
MCH7733,Bora Inc,,Telecom,PRIVATE-LIMITED,LKO,Uttar Pradesh,2024-01-22 00:00:00,XXXX3762,ACTIVE,5028.38,MCH7733,0,0,1,0,0,0,0
MCH9140,Dugar-Uppal,5411,Grocery Stores,PARTNERSHIP,Jaipur,Rajasthan,2024-12-06 06:26:10,,ACTIVE,1470.42,MCH9140,0,0,0,1,0,0,0
MCH2398,Kapur-Dani,5311,DEPT_STORE,INDIVIDUAL,chennai,Tamil Nadu,2023-09-15 16:58:35,IWCQ2998069556193,ACTIVE,711.05,MCH2398,0,0,0,0,0,0,0
MCH5141,Gera-Kashyap,4814,TELECOM,Partnership,Ludhiana,Punjab,2024-08-01 00:21:00,,ACTIVE,2000.07,MCH5141,0,0,0,1,0,0,0
MCH9126,Anne-Chahal,5411,Grocery,PARTNERSHIP,Hyderabad,Telangana,2023-03-05 00:00:00,,ACTIVE,,MCH9126,0,1,0,1,0,0,0
MCH1583,SARIN-MORE,5812,Restaurants,private_limited,ASR,Punjab,2023-10-05 00:00:00,1923155303,ACTIVE,1435.48,MCH1583,0,0,0,0,0,0,0
MCH2283,"Dhawan, Pa11a and Krishnan",7011,HOTEL_LODGING,PARTNERSHIP,Hyd,Telangana,,2734680306,ACTIVE,954.74,MCH2283,0,0,0,0,1,0,0
MCH5646,Luthra PLC,5942,BOOKS_STATIONERY,SOLE-PROPRIETOR,Madras,Tamil Nadu,2024-04-06 00:00:00,,ACTIVE,2198.41,MCH5646,0,0,0,1,0,0,0
MCH1269,SHUKLA PLC,5699,Clothing,Individual,Hyd,Telangana,2025-03-03 19:00:09,,ACTIVE,1758.28,MCH1269,0,0,0,1,0,0,0
4881,"Wadhwa, Morar and Kara",9120,Pharmacies,Sole Proprietor,Jalandar,Punjab,2023-08-26 00:00:00,XXXX1836,ACTIVE,367.72,4881,0,0,0,0,0,0,0
MCH6492,PERI LLC,5912,Pharmacies,Individual,MUMBAI,Maharashtra,2025-08-20 09:18:03,,ACTIVE,3574.25,MCH6492,0,0,0,1,0,0,0
MCH6422,"Bhatnagar, Bora and Venkataraman",5912,Pharmacies,SOLE_PROPRIETOR,Poona,Maharashtra,2025-05-11 11:45:00,,ACTIVE,1587.75,MCH6422,0,0,0,1,0,0,0
MCH1210,"Dua, Buch and Kaul",,Book Store,PRIVATE-LIMITED,Bombay,Maharashtra,,9379400368,SUSPENDED,0.1903,MCH1210,0,0,1,0,1,1,0
MCH8801,BEDI INC,9120,Pharmacy,SOLE_PROPRIETOR,LKO,Uttar Pradesh,2024-08-11 00:00:00,XXXX1264,ACTIVE,3479.49,MCH8801,0,0,0,0,0,0,0
MCH5715,"Bansal,AryaandBhat",5912,Pharmacy,private_limited,Bangalore,Karnataka,2025-01-20 00:00:00,,ACTIVE,1290.0,mch5715,0,0,0,1,0,0,0
MCH7429,"Sandal, Raja and Gopal",7011,HOTEL_LODGING,sole_proprietor,BLR,Karnataka,2023-12-15 00:00:00,,ACTIVE,1419.21,MCH7429,0,0,0,1,0,0,0
MCH3596,CHOUDHRY LTD,1310,Transport,PRIVATE-LIMITED,lucknow,Uttar Pradesh,2024-11-11 00:00:00,NDFD6315987877623,ACTIVE,311.69,MCH3596,0,0,0,0,0,0,0
MCH2884,Malhotra-Sarin,5942,BOOKS_STATIONERY,SOLE-PROPRIETOR,pune,Maharashtra,2025-02-27 00:00:00,,ACTIVE,683.54,MCH2884,0,0,0,1,0,0,0
MCH1098,"raval, yadav and yogi",7011,Hotel,Private Limited,Jaipur,Rajasthan,2023-12-01 00:00:00,XXXX3614,ACTIVE,0.181,MCH1098,0,0,0,0,0,0,0
MCH1118,"BASAK, PILLAI AND ARORA",9990,Retail Other,private_limited,Madras,Tamil Nadu,2026-06-01 00:00:00,,ACTIVE,3933.25,mch1118,0,0,0,1,0,0,0
MCH2267,Bobal and Sons,7011,HOTEL_LODGING,PARTNERSHIP,delhi,Delhi,2023-01-03 00:00:00,NKYD4958921832559,ACTIVE,2114.71,MCH2267,0,0,0,0,0,0,0
MCH2727,Ahluwalia and Sons,5942,BOOKS_STATIONERY,PARTNERSHIP,BLR,Karnataka,2023-07-24 00:00:00,FLWS4381228751020,ACTIVE,133.58,MCH2727,0,0,0,0,0,0,0
MCH3308,"DHAWAN, RANGANATHAN AND LUTHRA",5699,garments,PARTNERSHIP,Amritsar,Punjab,2026-01-09 00:00:00,XXXX7835,INACTIVE,2438.38,MCH3308,0,0,0,0,0,0,0
MCH6560,"Pandit, Jayaraman and Chokshi",4814,phone service,individual,Hyd,Telangana,2023-05-29 00:00:00,3945566171,ACTIVE,11930.97,MCH6560,0,0,0,0,0,0,0
MCH9400,"Dara, Desai and Sethi",5999,Other,PARTNERSHIP,Mumbai,Maharashtra,2025-08-23 00:00:00,,ACTIVE,2120.88,MCH9400,0,0,0,1,0,0,0
MCH7675,Suresh-Tandon,4131,Bus/Taxi,partnership,pune,Maharashtra,2025-01-24 00:00:00,,ACTIVE,1022.55,MCH-7675,0,0,0,1,0,0,0
MCH5328,Kaur Group,5699,garments,PARTNERSHIP,lucknow,Uttar Pradesh,2025-04-07 20:09:14,,ACTIVE,0.1594,MCH5328,0,0,0,1,0,0,0
MCH1449,"Chadha, Ramakrishnan and Badami",7011,HOTEL_LODGING,Partnership,Hyderabad,Telangana,2023-09-28 15:52:52,,BLOCKED,1634.83,mch1449,0,0,0,1,0,0,1
MCH9277,Pa1-R0ut,5942,Stationery,individual,ASR,Punjab,2026-02-10 18:58:24,,ACTIVE,963.33,MCH9277,0,0,0,1,0,0,0
5210,"Gill, Acharya and Naidu",5912,chemist,Partnership,Amritsar,Punjab,2024-12-10 00:00:00,1435006704,SUSPENDED,1319.3,5210,0,0,0,0,0,1,0
MCH1434,Kale and Sons,5812,Restaurants,PRIVATE_LIMITED,Jalandar,Punjab,2023-04-25 00:00:00,0258989067,ACTIVE,985.73,MCH1434,0,0,0,0,0,0,0
MCH7184,Dara Inc,,GROCERY_STORE,SOLE_PROPRIETOR,Mumbay,Maharashtra,2023-08-31 00:00:00,,ACTIVE,1095.25,MCH7184,0,0,1,1,0,0,0
MCH5684,Arora PLC,5699,CLOTHS,Sole Proprietor,kolkata,West Bengal,2023-11-15 16:39:00,XXXX4030,ACTIVE,898.89,MCH5684,0,0,0,0,0,0,0
MCH8650,Konda Ltd,5999,Miscellaneous,SOLE_PROPRIETOR,Ludhiana,Punjab,2024-05-27 00:00:00,XXXX1884,ACTIVE,578.35,MCH8650,0,0,0,0,0,0,0
MCH2274,"KUNDA, VIG AND PARSA",5999,Other,SOLE_PROPRIETOR,Mumbai,Maharashtra,2023-06-06 04:13:00,XXXX2871,ACTIVE,0.3028,MCH2274,0,0,0,0,0,0,0
MCH9413,Kala-Sarkar,5912,Pharmacies,SOLE-PROPRIETOR,HYDERABAD,Telangana,2023-10-25 07:38:39,XXXX4409,ACTIVE,869.76,MCH-9413,0,0,0,0,0,0,0
MCH9516,"SULE, BORRA AND RATTAN",,Food,PARTNERSHIP,amritsar,Punjab,2023-01-19 00:01:38,,ACTIVE,-397.19,MCH9516,1,0,1,1,0,0,0
MCH3659,Kashyap LLC,4131,Bus/Taxi,PARTNERSHIP,Poona,Maharashtra,2025-07-06 00:00:00,,ACTIVE,403.54,MCH3659,0,0,0,1,0,0,0
MCH8370,"ramaswamy, dugal and upadhyay",4131,transprt,Sole Proprietor,New Delhi,Delhi,,XXXX7519,ACTIVE,538.41,MCH8370,0,0,0,0,1,0,0
MCH9807,PILLAY-SULE,5912,chemist,PARTNERSHIP,LDH,Punjab,2024-09-17 00:00:00,,ACTIVE,3555.86,mch9807,0,0,0,1,0,0,0
MCH6983,Barman-Chand,3110,Department Stores,partnership,DELHI,Delhi,2024-10-07 12:44:43,,ACTIVE,3713.18,MCH6983,0,0,0,1,0,0,0
MCH4094,Thakur-Shah,5311,DEPT_STORE,individual,Madras,Tamil Nadu,2024-12-25 00:00:00,8582719146,ACTIVE,1848.8,MCH 4094,0,0,0,0,0,0,0
MCH2416,"Gokhale, Dua and Murty",5411,kirana,Sole Proprietor,New Delhi,Delhi,2024-09-15 00:00:00,0489469400,ACTIVE,4341.41,MCH2416,0,0,0,0,0,0,0
MCH1838,Manda-Deshpande,5942,Stationery,Partnership,jalandhar,Punjab,2025-09-04 06:22:16,XYTA4197098019941,ACTIVE,2224.32,MCH1838,0,0,0,0,0,0,0
MCH9946,Koshy Group,,Stationery,PRIVATE-LIMITED,Hyderabad,Telangana,,XXXX9561,SUSPENDED,1728.0,MCH9946,0,0,1,0,1,1,0
5274,"Nair, Dave and Hayre",1310,TRAVEL,individual,BLR,Karnataka,2023-04-08 00:00:00,AJZR1927630901873,ACTIVE,598.65,5274,0,0,0,0,0,0,0
MCH3399,MUNI AND SONS,6990,garments,Private Limited,amritsar,Punjab,2024-07-04 00:00:00,2117257070,ACTIVE,-3737.76,MCH3399,1,0,0,0,0,0,0
MCH5823,GARDE LLC,5311,Department Stores,SOLE_PROPRIETOR,bengaluru,Karnataka,2023-03-15 00:00:00,XXXX1484,INACTIVE,1075.77,mch5823,0,0,0,0,0,0,0
MCH9130,Chhabra LLC,5812,eating place,PRIVATE-LIMITED,jalandhar,Punjab,2024-12-09 00:00:00,,ACTIVE,1786.29,MCH9130,0,0,0,1,0,0,0
MCH3553,"Goda, Padmanabhan and Goswami",4131,Transportation,Individual,Jaipur,Rajasthan,,,HOLD,0.1035,mch3553,0,0,0,1,1,0,0
MCH2610,"Dhar, Mahajan and Sarkar",5912,Pharmacy,PRIVATE-LIMITED,Dilli,Delhi,2025-08-09 18:24:29,GLOR5725383010765,ACTIVE,-3319.36,MCH2610,1,0,0,0,0,0,0
MCH6392,NAZARETH PLC,7011,Hotel,individual,Hyd,Telangana,2023-05-06 00:00:00,2855125611,ACTIVE,3645.82,MCH6392,0,0,0,0,0,0,0
MCH6862,Misra-Dada,4814,TELECOM,PRIVATE_LIMITED,Kolkata,West Bengal,2025-08-12 00:00:00,XXXX0069,ACTIVE,0.736,mch6862,0,0,0,0,0,0,0
MCH2564,Bumb and Sons,7011,Hotels,private_limited,Hyd,Telangana,2025-04-18 00:00:00,XXXX0675,ACTIVE,1155.71,MCH-2564,0,0,0,0,0,0,0
MCH7040,Bhasin-Lala,5942,Stationery,Individual,MUMBAI,Maharashtra,2025-10-11 00:00:00,FTZP5237157996499,SUSPENDED,2406.66,MCH7040,0,0,0,0,0,1,0
MCH3760,Das-Ahuja,5812,eating place,SOLE_PROPRIETOR,Lucknow,Uttar Pradesh,2023-01-13 00:00:00,QOFI2681256583657,ACTIVE,755.0,MCH-3760,0,0,0,0,0,0,0
MCH3700,"Sinha, Purohit and Shetty",5912,chemist,INDIVIDUAL,Bengaluru,Karnataka,2025-04-01 00:00:00,2727095091,INACTIVE,1238.03,MCH 3700,0,0,0,0,0,0,0
MCH2232,Saha PLC,7011,HOTEL_LODGING,PARTNERSHIP,Dilli,Delhi,2023-09-28 00:00:00,8260481168,INACTIVE,0.1033,MCH2232,0,0,0,0,0,0,0
MCH7422,Divan-Vaidya,5942,Book Store,individual,Jaipur,Rajasthan,2024-07-26 13:42:00,7661131218,SUSPENDED,170.31,MCH7422,0,0,0,0,0,1,0
MCH2849,Gokhale-Iyengar,4814,TELECOM,Partnership,Jalandhar,Punjab,,8509639866,ACTIVE,1215.62,MCH2849,0,0,0,0,1,0,0
MCH3572,Kohli PLC,,TRAVEL,sole_proprietor,DELHI,Delhi,2025-11-20 00:00:00,XXXX5864,ACTIVE,-1042.66,MCH3572,1,0,1,0,0,0,0
MCH9001,Sangha-Ravi,5912,Pharmacy,INDIVIDUAL,Bangalore,Karnataka,2024-10-17 00:00:00,,ACTIVE,242.09,mch9001,0,0,0,1,0,0,0
MCH7473,"Goswami, Narang and Chaudhari",5411,groceries,Partnership,Hyd,Telangana,,,ACTIVE,1709.42,MCH7473,0,0,0,1,1,0,0
MCH8358,Tripathi-Borah,5912,Pharmacies,Private Limited,kolkata,West Bengal,2025-06-12 00:00:00,BKSI3267781366733,ACTIVE,1758.66,MCH8358,0,0,0,0,0,0,0
MCH7463,CHAUDRY-NATARAJAN,5912,MEDICAL_STORE,PARTNERSHIP,chennai,Tamil Nadu,2025-07-05 14:13:00,VIFS4477584866493,ACTIVE,,MCH7463,0,1,0,0,0,0,0
MCH8910,Varkey Group,5912,Pharmacies,INDIVIDUAL,ludhiana,Punjab,2025-02-07 02:32:41,XXXX9985,ACTIVE,9929.86,MCH8910,0,0,0,0,0,0,0
MCH2879,"Sidhu, Kumer and Venkatesh",4131,Bus/Taxi,partnership,BLR,Karnataka,2024-02-14 00:00:00,,ACTIVE,1726.8,MCH-2879,0,0,0,1,0,0,0
MCH3416,"Rau, Baral and Karan",8140,phone service,PRIVATE_LIMITED,Ludhiana,Punjab,2024-02-02 00:00:00,,ACTIVE,0.894,MCH3416,0,0,0,1,0,0,0
MCH3600,Bhat-Naik,5999,Retail Other,PRIVATE-LIMITED,ASR,Punjab,,0307550331,ACTIVE,3889.22,MCH3600,0,0,0,0,1,0,0
MCH3571,"Aurora, Kamdar and Vasa",5411,kirana,Private Limited,LKO,Uttar Pradesh,2023-02-03 00:00:00,,ACTIVE,583.65,MCH3571,0,0,0,1,0,0,0
MCH1552,uppal plc,4131,transprt,SOLE_PROPRIETOR,HYDERABAD,Telangana,,,ACTIVE,0.1136,MCH 1552,0,0,0,1,1,0,0
MCH9311,"Dyal, Mohan and Patla",5942,Books,SOLE-PROPRIETOR,Bengaluru,Karnataka,2025-02-16 00:00:00,8480146699,ACTIVE,1774.56,MCH9311,0,0,0,0,0,0,0
MCH5822,Gandhi-Krish,3110,Retail,Sole Proprietor,Bangalore,Karnataka,2023-02-10 00:00:00,7874103727,ACTIVE,1268.39,MCH5822,0,0,0,0,0,0,0
MCH1861,Vora-Balan,5411,groceries,Sole Proprietor,Pune,Maharashtra,2025-10-17 00:39:00,MBHV3858162453364,INACTIVE,2646.57,MCH1861,0,0,0,0,0,0,0
MCH9811,natarajan-goswami,5699,Clothing,PARTNERSHIP,Mumbay,Maharashtra,2023-08-24 00:06:28,,ACTIVE,5908.31,mch9811,0,0,0,1,0,0,0
MCH7226,"Peri, Barad and Panchal",5942,Books,SOLE_PROPRIETOR,Delhi,Delhi,2024-11-30 00:00:00,VDWB1270434840968,ACTIVE,0.4237,MCH-7226,0,0,0,0,0,0,0
MCH9245,zachariah-suri,5311,Retail,INDIVIDUAL,jalandhar,Punjab,2023-05-03 00:00:00,ZBKQ5898737738506,ACTIVE,328.18,MCH9245,0,0,0,0,0,0,0
MCH1219,Srinivas-Bobal,5912,Pharmacies,SOLE-PROPRIETOR,Madras,Tamil Nadu,2023-08-27 00:00:00,,ACTIVE,2814.27,MCH1219,0,0,0,1,0,0,0
MCH3488,Sarna-Ramaswamy,5699,Clothing,Private Limited,Kolkata,West Bengal,2025-12-10 17:02:29,XXXX7182,ACTIVE,1118.6,MCH-3488,0,0,0,0,0,0,0
MCH1040,Krishnan and S0ns,5411,kirana,sole_proprietor,Jalandar,Punjab,2023-01-06 00:00:00,5805252531,ACTIVE,1030.03,MCH-1040,0,0,0,0,0,0,0
MCH9140,Raghavan-Batta,4814,Telecom,INDIVIDUAL,bengaluru,Karnataka,2024-11-04 20:20:17,HHIC1764468874406,ACTIVE,755.01,MCH-9140,0,0,0,0,0,0,0
MCH8870,Solanki-Cherian,4131,Transportation,PARTNERSHIP,Kolkata,West Bengal,2025-07-04 00:00:00,HJDK9008014525015,ACTIVE,0.1597,MCH8870,0,0,0,0,0,0,0
MCH3541,"SRIVASTAVA, TELLA AND KONDA",4814,mobile recharge,PRIVATE-LIMITED,DELHI,Delhi,2024-10-31 00:00:00,XXXX6960,INACTIVE,2341.43,MCH 3541,0,0,0,0,0,0,0
MCH4439,DESHPANDE LTD,8120,eating place,partnership,bengaluru,Karnataka,2025-04-02 00:00:00,XXXX4378,ACTIVE,-917.66,MCH 4439,1,0,0,0,0,0,0
MCH2767,"Munshi, Kohli and Pai",,garments,private_limited,LKO,Uttar Pradesh,2026-02-28 11:47:10,6694122395,ACTIVE,1994.09,MCH2767,0,0,1,0,0,0,0
MCH8606,Prabhakar Ltd,5942,Book Store,Partnership,Mumbay,Maharashtra,2024-11-25 22:32:00,,ACTIVE,602.72,MCH8606,0,0,0,1,0,0,0
MCH9276,TRIVEDI-KUNDA,5699,CLOTHS,INDIVIDUAL,Delhi,Delhi,2025-12-31 04:58:00,XXXX9182,ACTIVE,2310.01,MCH9276,0,0,0,0,0,0,0
MCH6692,Kamdar Inc,5999,Retail Other,PRIVATE_LIMITED,Lucknow,Uttar Pradesh,2023-09-02 00:00:00,,ACTIVE,116.28,MCH6692,0,0,0,1,0,0,0
MCH8057,Kalla Group,9120,MEDICAL_STORE,Sole Proprietor,Mumbai,Maharashtra,2025-08-29 00:00:00,,ACTIVE,437.01,MCH8057,0,0,0,1,0,0,0
MCH5263,"Narang, Kata and Pillai",5311,Department Stores,PRIVATE-LIMITED,Ludhiana,Punjab,2024-08-12 00:00:00,,ACTIVE,,MCH5263,0,1,0,1,0,0,0
MCH8893,Anand-Dada,5411,kirana,PRIVATE-LIMITED,Delhi,Delhi,2023-02-15 00:00:00,,ACTIVE,598.72,MCH8893,0,0,0,1,0,0,0
MCH4709,Ramakrishnan-Palla,4814,phone service,individual,BLR,Karnataka,2026-02-15 00:00:00,AMXA0608566091033,ACTIVE,1190.3,MCH4709,0,0,0,0,0,0,0
MCH2444,"Sachar, Das and Deo",4131,Bus/Taxi,SOLE_PROPRIETOR,Jalandar,Punjab,2025-05-12 00:00:00,,ACTIVE,563.27,MCH2444,0,0,0,1,0,0,0
MCH7580,"Setty, Kala and Ramesh",7011,Hotel,PARTNERSHIP,JPR,Rajasthan,2025-10-20 00:00:00,,ACTIVE,-377.84,MCH7580,1,0,0,1,0,0,0
MCH1087,"Mitter, Sawhney and Luthra",7011,Hotels,Partnership,Madras,Tamil Nadu,2025-04-19 00:00:00,,SUSPENDED,2381.71,MCH1087,0,0,0,1,0,1,0
MCH4066,Nazareth Group,,Book Store,SOLE-PROPRIETOR,Kolkata,West Bengal,2023-01-28 16:03:19,XMZT2343976498711,ACTIVE,-507.68,mch4066,1,0,1,0,0,0,0
8169,"Kapur, Prashad and Srinivasan",5999,Miscellaneous,INDIVIDUAL,Jaipur,Rajasthan,2024-03-11 00:00:00,XXXX1277,ACTIVE,0.1294,8169,0,0,0,0,0,0,0
MCH9022,"Kunda,DugarandKari",5699,garments,individual,amritsar,Punjab,2026-01-24 00:00:00,,ACTIVE,0.1439,MCH-9022,0,0,0,1,0,0,0
MCH3287,"dave, ganesan and biswas",5311,Retail,Individual,Bengaluru,Karnataka,,7925995111,ACTIVE,0.1007,MCH3287,0,0,0,0,1,0,0
MCH2522,Savant-Sangha,5311,Retail,PARTNERSHIP,MUMBAI,Maharashtra,2024-03-01 15:56:00,1167145374,ACTIVE,702.03,MCH2522,0,0,0,0,0,0,0
MCH4362,Sura LLC,7011,HOTEL_LODGING,INDIVIDUAL,Jaipur,Rajasthan,2023-04-23 00:00:00,2143307806,SUSPENDED,0.218,MCH 4362,0,0,0,0,0,1,0
MCH9060,"RAMASWAMY, SINGHAL AND DEEP",5999,Retail Other,INDIVIDUAL,mumbai,Maharashtra,2023-01-01 00:00:00,,ACTIVE,0.1011,MCH9060,0,0,0,1,0,0,0
MCH5890,Apte-Sant,5311,Department Store,partnership,ASR,Punjab,2026-01-27 00:00:00,BNKX3894227656030,INACTIVE,2687.77,mch5890,0,0,0,0,0,0,0
MCH1327,GandhiPLC,5699,garments,SOLE-PROPRIETOR,LKO,Uttar Pradesh,2023-11-02 00:00:00,XXXX1458,ACTIVE,902.09,MCH1327,0,0,0,0,0,0,0
MCH8636,GHOSH-DASH,5942,Stationery,PARTNERSHIP,ASR,Punjab,2023-09-06 09:12:03,8172688665,ACTIVE,3699.41,MCH8636,0,0,0,0,0,0,0
MCH2676,"Kohli, Biswas and Aggarwal",5912,chemist,PARTNERSHIP,Pune,Maharashtra,2026-01-30 00:00:00,LQDP7543612313020,INACTIVE,,MCH2676,0,1,0,0,0,0,0
MCH6654,Tella Group,5812,Restaurant,SOLE_PROPRIETOR,HYDERABAD,Telangana,,,ACTIVE,0.1438,MCH6654,0,0,0,1,1,0,0
MCH2418,Majumdar-Hegde,5411,groceries,Partnership,pune,Maharashtra,2023-06-09 13:09:00,,ACTIVE,-2787.7,MCH2418,1,0,0,1,0,0,0
MCH4148,"Muni, Chaudhari and De",5999,Other,PRIVATE-LIMITED,kolkata,West Bengal,2024-12-20 00:00:00,2868917120,INACTIVE,2139.38,MCH4148,0,0,0,0,0,0,0
MCH4285,Bhatnagar-Atwal,9420,Book Store,partnership,jalandhar,Punjab,,,INACTIVE,988.9,MCH4285,0,0,0,1,1,0,0
MCH7362,"Rege, Thaker and Sinha",5912,MEDICAL_STORE,PRIVATE-LIMITED,pune,Maharashtra,2025-01-29 00:00:00,,ACTIVE,1915.79,MCH7362,0,0,0,1,0,0,0
MCH5683,Chauhan-Chakraborty,5912,MEDICAL_STORE,private_limited,Madras,Tamil Nadu,2025-06-06 00:35:00,8678287299,ACTIVE,,MCH5683,0,1,0,0,0,0,0
MCH7196,Kunda-Bakshi,5311,Retail,PRIVATE-LIMITED,Kolkata,West Bengal,2026-02-08 00:00:00,,SUSPENDED,859.44,MCH7196,0,0,0,1,0,1,0
MCH5040,NAYAR-KHATRI,4814,TELECOM,INDIVIDUAL,pune,Maharashtra,2025-04-30 04:40:00,,ACTIVE,1055.33,MCH5040,0,0,0,1,0,0,0
MCH5639,"Viswanathan, Gupta and Varghese",7011,Hotel,sole_proprietor,Bombay,Maharashtra,2023-09-02 00:00:00,,ACTIVE,0.2712,MCH5639,0,0,0,1,0,0,0
MCH7048,Manda Inc,5942,Books,SOLE-PROPRIETOR,Calcutta,West Bengal,2024-02-17 04:08:00,1555117689,ACTIVE,0.776,MCH7048,0,0,0,0,0,0,0
MCH9492,Mitra Gr0up,5912,chemist,PRIVATE_LIMITED,Kolkata,West Bengal,2024-07-13 00:00:00,8155802263,ACTIVE,1049.0,mch9492,0,0,0,0,0,0,0
MCH7758,"memon, agate and deshpande",5699,Clothing,partnership,mumbai,Maharashtra,2023-12-27 00:00:00,KYBY5368849904131,ACTIVE,362.28,MCH7758,0,0,0,0,0,0,0
MCH3668,Pandey-Uppal,4131,Transportation,SOLE-PROPRIETOR,pune,Maharashtra,2024-09-03 18:09:51,XXXX9816,ACTIVE,795.26,MCH3668,0,0,0,0,0,0,0
MCH8828,RANGANATHAN AND SONS,4131,TRAVEL,Individual,amritsar,Punjab,2026-01-02 04:46:18,,ACTIVE,,MCH 8828,0,1,0,1,0,0,0
MCH6774,PARSA LTD,5699,CLOTHS,PRIVATE_LIMITED,ASR,Punjab,2023-01-17 00:00:00,,ACTIVE,2007.14,MCH6774,0,0,0,1,0,0,0
MCH2105,Nagar-Misra,5912,chemist,PRIVATE_LIMITED,jaipur,Rajasthan,2024-03-17 02:55:14,DJMK6141720098442,ACTIVE,1101.76,MCH2105,0,0,0,0,0,0,0
MCH8681,Suri Ltd,5699,Clothing,partnership,jalandhar,Punjab,2025-07-19 03:33:54,TFNO3503811861510,ACTIVE,1034.26,MCH-8681,0,0,0,0,0,0,0
MCH3144,raval-korpal,7011,Hotels,PARTNERSHIP,New Delhi,Delhi,,,ACTIVE,1879.74,MCH3144,0,0,0,1,1,0,0
MCH7639,Comar PLC,5411,groceries,PRIVATE-LIMITED,delhi,Delhi,2023-11-29 00:00:00,,ACTIVE,2058.56,mch7639,0,0,0,1,0,0,0
MCH1446,Sunder-Sathe,5311,Department Stores,SOLE-PROPRIETOR,Chennai,Tamil Nadu,2024-11-18 00:00:00,XXXX0028,ACTIVE,3885.08,MCH1446,0,0,0,0,0,0,0
MCH5749,"Chaudry, Minhas and Chatterjee",5812,Food,PRIVATE-LIMITED,Bombay,Maharashtra,2024-05-09 00:00:00,,ACTIVE,0.1621,MCH5749,0,0,0,1,0,0,0
MCH5812,aurora and sons,7011,Hotel,Sole Proprietor,HYDERABAD,Telangana,2024-03-03 00:00:00,7984668048,ACTIVE,410.12,MCH 5812,0,0,0,0,0,0,0
MCH7667,solanki llc,4814,TELECOM,Sole Proprietor,lucknow,Uttar Pradesh,2024-06-28 00:00:00,,ACTIVE,1620.69,MCH7667,0,0,0,1,0,0,0
MCH8798,Ch0wdhury-Su1e,5311,DEPT_STORE,INDIVIDUAL,Jalandhar,Punjab,2024-12-28 02:38:26,CPUC4526229447155,ACTIVE,207.92,MCH8798,0,0,0,0,0,0,0
MCH2084,"Murthy, Dutt and Bakshi",4131,TRAVEL,private_limited,mumbai,Maharashtra,2024-04-03 00:00:00,,ACTIVE,659.75,MCH2084,0,0,0,1,0,0,0
MCH6583,Raval-Badal,5912,Pharmacies,INDIVIDUAL,kolkata,West Bengal,2025-11-07 00:00:00,6285750236,ACTIVE,0.2083,mch6583,0,0,0,0,0,0,0
MCH4463,Bera-Kota,5699,CLOTHS,partnership,Amritsar,Punjab,2024-08-03 00:00:00,,SUSPENDED,0.4533,MCH4463,0,0,0,1,0,1,0
MCH4205,Behl-Narula,5311,DEPT_STORE,SOLE-PROPRIETOR,Calcutta,West Bengal,2023-11-27 20:51:25,,ACTIVE,0.4442,MCH4205,0,0,0,1,0,0,0
MCH9856,"Gala, Nadig and Borra",5411,Grocery,partnership,Lucknow,Uttar Pradesh,2025-10-13 23:24:00,DZVT3507500653540,ACTIVE,1744.37,MCH9856,0,0,0,0,0,0,0
2550,Dhaliwal LLC,4814,TELECOM,individual,chennai,Tamil Nadu,2024-08-25 00:00:00,,ACTIVE,-291.0,2550,1,0,0,1,0,0,0
MCH3122,"Bobal, Ramachandran and Guha",5912,chemist,SOLE-PROPRIETOR,Kolkata,West Bengal,2025-01-21 00:00:00,FHGU4599451146972,ACTIVE,1010.17,MCH3122,0,0,0,0,0,0,0
MCH6844,"bedi, gill and dube",7011,Hospitality,Partnership,Kolkata,West Bengal,2025-06-11 00:00:00,MUIE3650763763562,ACTIVE,713.58,mch6844,0,0,0,0,0,0,0
MCH3221,Baria-Dube,7011,Hotels,Sole Proprietor,Kolkata,West Bengal,,CKDG4069954350716,INACTIVE,338.34,MCH3221,0,0,0,0,1,0,0
MCH9595,Kapur Inc,5999,Miscellaneous,PRIVATE_LIMITED,chennai,Tamil Nadu,2023-10-26 00:00:00,FKYL3305691122715,ACTIVE,,MCH9595,0,1,0,0,0,0,0
MCH4051,Dixit-Chaudry,,DEPT_STORE,Private Limited,Lucknow,Uttar Pradesh,2024-08-17 00:00:00,RUAK0632911011346,ACTIVE,,MCH4051,0,1,1,0,0,0,0
MCH2231,"Goyal, Balakrishnan and Patla",7011,HOTEL_LODGING,private_limited,BLR,Karnataka,2024-11-10 09:09:32,,INACTIVE,1360.71,MCH 2231,0,0,0,1,0,0,0
MCH4028,TANEJA-BHATTACHARYYA,4131,Transport,PARTNERSHIP,Lucknow,Uttar Pradesh,2023-07-14 00:00:00,,ACTIVE,0.2673,MCH4028,0,0,0,1,0,0,0
MCH3139,"Chaudhry, Barman and Choudhury",5942,BOOKS_STATIONERY,Sole Proprietor,Bengaluru,Karnataka,2024-01-12 22:39:28,5767179524,ACTIVE,0.4138,MCH3139,0,0,0,0,0,0,0
MCH9038,"Dara, Pai and Saxena",,garments,Sole Proprietor,LDH,Punjab,2024-04-18 00:00:00,0739300438,INACTIVE,2740.86,MCH9038,0,0,1,0,0,0,0
MCH2172,Pandey Group,6990,Clothing,INDIVIDUAL,Amritsar,Punjab,2023-10-03 00:00:00,,INACTIVE,544.85,MCH2172,0,0,0,1,0,0,0
MCH6278,"Keer, Sha and Sama",5912,Medical,PARTNERSHIP,kolkata,West Bengal,2025-08-23 00:00:00,2867105387,ACTIVE,8713.68,mch6278,0,0,0,0,0,0,0
MCH1491,Tripathi Ltd,5699,Apparel,PRIVATE_LIMITED,Calcutta,West Bengal,2024-06-20 00:00:00,XXXX2255,ACTIVE,-1820.04,MCH-1491,1,0,0,0,0,0,0
MCH3021,"Gupta, Mukherjee and Setty",4131,Bus/Taxi,sole_proprietor,Mumbai,Maharashtra,2026-02-14 00:00:00,XXXX2366,ACTIVE,614.86,mch3021,0,0,0,0,0,0,0
MCH6676,Balakrishnan-Baral,4131,Transport,PARTNERSHIP,chennai,Tamil Nadu,2025-08-02 10:17:51,,ACTIVE,1126.87,MCH6676,0,0,0,1,0,0,0
MCH4277,Khalsa Inc,5311,DEPT_STORE,Individual,Amritsar,Punjab,2023-01-31 21:37:31,FHSK9777802879372,ACTIVE,1332.99,MCH4277,0,0,0,0,0,0,0
MCH8210,Bains Group,5912,Medical,PARTNERSHIP,delhi,Delhi,2025-05-06 00:00:00,4433554214,ACTIVE,0.2128,MCH8210,0,0,0,0,0,0,0
MCH6158,"Dhingra, Ratti and Palla",4131,Bus/Taxi,Sole Proprietor,Amritsar,Punjab,2023-04-26 00:00:00,VDGT0468038681462,ACTIVE,1443.6,MCH6158,0,0,0,0,0,0,0
MCH5669,"Sodhi, Luthra and Batta",5812,Restaurants,private_limited,Jalandhar,Punjab,2025-10-08 07:29:30,XXXX1040,ACTIVE,1557.34,MCH 5669,0,0,0,0,0,0,0
MCH4741,KARA AND SONS,,Miscellaneous,PARTNERSHIP,jaipur,Rajasthan,2023-02-13 00:00:00,XXXX2970,ACTIVE,2009.21,MCH4741,0,0,1,0,0,0,0
MCH8965,bajaj ltd,5942,Stationery,INDIVIDUAL,Chennai,Tamil Nadu,2025-01-30 07:02:00,XXXX4056,ACTIVE,0.326,MCH8965,0,0,0,0,0,0,0
MCH9651,Thakkar-Dass,5311,Department Stores,private_limited,jalandhar,Punjab,2023-03-28 04:13:28,,ACTIVE,0.2535,MCH9651,0,0,0,1,0,0,0
MCH3251,BALAN-KUNDA,5411,Grocery,INDIVIDUAL,LDH,Punjab,2024-12-14 00:00:00,,ACTIVE,3266.06,MCH3251,0,0,0,1,0,0,0
MCH4338,Johal-Dara,0110,Hotel,INDIVIDUAL,JPR,Rajasthan,2025-07-06 20:41:00,XXXX8581,BLOCKED,3419.42,MCH4338,0,0,0,0,0,0,1
MCH3938,Acharya Group,7011,Hotel,Sole Proprietor,Kolkata,West Bengal,2024-10-17 00:00:00,,ACTIVE,2349.37,MCH3938,0,0,0,1,0,0,0
MCH9223,Ram LLC,5912,MEDICAL_STORE,SOLE_PROPRIETOR,delhi,Delhi,,,ACTIVE,633.68,MCH9223,0,0,0,1,1,0,0
MCH1922,"DEO, SARAF AND KALE",,Stationery,SOLE-PROPRIETOR,lucknow,Uttar Pradesh,,,ACTIVE,2507.85,MCH-1922,0,0,1,1,1,0,0
MCH8819,AcharyaInc,5912,MEDICAL_STORE,PRIVATE-LIMITED,ludhiana,Punjab,2024-02-27 00:00:00,XXXX4379,ACTIVE,2075.22,MCH8819,0,0,0,0,0,0,0
MCH2106,"Doctor, Karnik and Sridhar",5999,Retail Other,partnership,bengaluru,Karnataka,2023-08-16 00:00:00,XXXX6082,INACTIVE,871.69,mch2106,0,0,0,0,0,0,0
MCH5493,KANT-BHANDARI,7011,Hospitality,INDIVIDUAL,Madras,Tamil Nadu,,,ACTIVE,2521.07,MCH5493,0,0,0,1,1,0,0
MCH9745,ramanathan-kara,4131,TRAVEL,sole_proprietor,Madras,Tamil Nadu,2023-11-27 13:35:38,,ACTIVE,,mch9745,0,1,0,1,0,0,0
MCH9104,Mannan-Kaul,4131,Bus/Taxi,sole_proprietor,amritsar,Punjab,2023-08-17 14:59:00,XXXX9446,ACTIVE,-1425.14,mch9104,1,0,0,0,0,0,0
5619,"Iyer, Lata and Bhatnagar",4131,transprt,PARTNERSHIP,Bengaluru,Karnataka,2025-07-09 00:00:00,XXXX4930,ACTIVE,0.5962,5619,0,0,0,0,0,0,0
7013,"Batra,NarangandGala",5912,MEDICAL_STORE,SOLE_PROPRIETOR,New Delhi,Delhi,2025-03-02 00:00:00,XXXX0133,ACTIVE,2875.47,7013,0,0,0,0,0,0,0
MCH3558,BRAHMBHATT-PERI,7011,Hotels,SOLE-PROPRIETOR,Poona,Maharashtra,2025-10-14 11:56:55,VGYH0383362932637,ACTIVE,,MCH 3558,0,1,0,0,0,0,0
MCH8504,Kohli PLC,5411,groceries,sole_proprietor,Madras,Tamil Nadu,2025-05-05 19:30:15,5858195769,ACTIVE,977.26,MCH8504,0,0,0,0,0,0,0
MCH1959,Khatri-Kumar,5912,Pharmacy,PRIVATE-LIMITED,MUMBAI,Maharashtra,2025-09-01 20:33:00,VKRC9106963270153,ACTIVE,0.622,MCH 1959,0,0,0,0,0,0,0
4838,SRINIVASAN LTD,5699,CLOTHS,Partnership,ludhiana,Punjab,2023-11-05 10:10:13,PWKI0930308328537,ACTIVE,193.54,4838,0,0,0,0,0,0,0
MCH1955,"SRINIVAS, KHURANA AND CHOUDHRY",5999,Retail Other,private_limited,Jalandhar,Punjab,2025-01-18 12:28:00,XXXX5304,ACTIVE,883.05,MCH1955,0,0,0,0,0,0,0
MCH7757,"Uppal, Kota and Ramaswamy",4814,phone service,individual,Delhi,Delhi,2024-09-02 00:00:00,XXXX2473,ACTIVE,669.43,MCH 7757,0,0,0,0,0,0,0
MCH8341,TARA-BEN,5311,Retail,individual,Kolkata,West Bengal,2023-06-26 00:00:00,,ACTIVE,1137.47,mch8341,0,0,0,1,0,0,0
MCH3570,sura-barman,9990,Other,Private Limited,Jalandhar,Punjab,2023-05-22 22:03:03,5640847872,INACTIVE,0.1099,MCH3570,0,0,0,0,0,0,0
MCH3771,Bumb Inc,5999,Retail Other,partnership,LKO,Uttar Pradesh,2024-06-11 00:00:00,,ACTIVE,2602.75,MCH3771,0,0,0,1,0,0,0
MCH3563,Dhar-Wable,,eating place,sole_proprietor,Madras,Tamil Nadu,2023-12-25 00:00:00,XXXX0345,ACTIVE,748.96,MCH3563,0,0,1,0,0,0,0
MCH9888,Lalla-Cherian,5411,kirana,sole_proprietor,mumbai,Maharashtra,2023-09-01 20:16:39,,ACTIVE,0.2,MCH9888,0,0,0,1,0,0,0
MCH2733,CHAUHAN LTD,5411,Grocery,Sole Proprietor,New Delhi,Delhi,2024-12-27 00:00:00,,ACTIVE,872.28,MCH2733,0,0,0,1,0,0,0
MCH3940,Chad-Dara,,groceries,PARTNERSHIP,Madras,Tamil Nadu,2024-11-09 00:00:00,XXXX0176,ACTIVE,-3610.64,mch3940,1,0,1,0,0,0,0
MCH9949,Balan LLC,5411,groceries,private_limited,ASR,Punjab,2024-06-27 00:00:00,XXXX7461,ACTIVE,2493.77,MCH9949,0,0,0,0,0,0,0
MCH7386,Thaman Group,7011,Hotel,Sole Proprietor,Jalandar,Punjab,,3740809096,ACTIVE,3859.08,mch7386,0,0,0,0,1,0,0
MCH7074,Yogi Group,9990,Other,Individual,bengaluru,Karnataka,2024-04-19 00:00:00,XXXX7029,ACTIVE,0.39,MCH7074,0,0,0,0,0,0,0
MCH7934,Srinivasan-Maharaj,5812,Restaurants,partnership,Chennai,Tamil Nadu,2023-02-23 00:00:00,,INACTIVE,1154.88,MCH-7934,0,0,0,1,0,0,0
MCH1621,pandey-soni,5812,Restaurant,Sole Proprietor,Pune,Maharashtra,2023-11-15 00:00:00,XXXX4420,INACTIVE,0.769,MCH1621,0,0,0,0,0,0,0
MCH7900,Basu-Sami,4131,Transportation,Individual,New Delhi,Delhi,2025-04-24 00:00:00,CGXR1652716099772,ACTIVE,1035.61,MCH7900,0,0,0,0,0,0,0
MCH6488,"cheema, dubey and kala",,garments,Private Limited,Mumbai,Maharashtra,2024-11-14 00:00:00,,ACTIVE,1180.07,MCH6488,0,0,1,1,0,0,0
MCH6873,Dar and Sons,5311,Department Store,sole_proprietor,Jalandar,Punjab,,XXXX7759,ACTIVE,75.71,MCH 6873,0,0,0,0,1,0,0
MCH9556,"Hari, Dave and Ahluwalia",4131,transprt,sole_proprietor,Chennai,Tamil Nadu,2025-12-06 00:00:00,LIFR2342836809377,ACTIVE,4820.97,MCH9556,0,0,0,0,0,0,0
MCH7249,Prakash Group,5812,Restaurants,sole_proprietor,mumbai,Maharashtra,2024-11-30 17:32:21,4410967035,ACTIVE,0.1855,MCH7249,0,0,0,0,0,0,0
MCH8678,Dani-Talwar,7011,HOTEL_LODGING,PARTNERSHIP,LKO,Uttar Pradesh,2024-07-07 00:00:00,XXXX8500,INACTIVE,393.54,MCH8678,0,0,0,0,0,0,0
MCH9604,Merchant-Johal,5311,Retail,Partnership,Poona,Maharashtra,2024-10-11 00:00:00,2871306703,ACTIVE,762.2,mch9604,0,0,0,0,0,0,0
MCH5180,Varkey Inc,5699,Fashion,Individual,Lucknow,Uttar Pradesh,2025-09-26 08:36:21,XXXX1928,ACTIVE,1047.37,MCH5180,0,0,0,0,0,0,0
MCH1779,"MAHARAJ, JAGGI AND REDDY",7011,Hotel,Partnership,bengaluru,Karnataka,2024-09-02 00:00:00,,ACTIVE,1540.91,MCH1779,0,0,0,1,0,0,0
MCH1259,"Wagle, Verma and Ramanathan",,Medical,private_limited,Jaipur,Rajasthan,2025-12-08 00:00:00,,ACTIVE,548.2,mch1259,0,0,1,1,0,0,0
MCH1009,Bha11a-Dave,,Bus/Taxi,INDIVIDUAL,mumbai,Maharashtra,2024-08-01 00:00:00,BAVP5007663773178,ACTIVE,0.1496,MCH1009,0,0,1,0,0,0,0
MCH5215,Tank-Golla,9990,Misc Retail,Individual,HYDERABAD,Telangana,2024-06-08 02:20:00,XXXX4115,ACTIVE,0.1953,MCH5215,0,0,0,0,0,0,0
MCH6617,"Aurora, Bhakta and Bawa",5311,Department Stores,PRIVATE-LIMITED,pune,Maharashtra,2023-11-30 00:00:00,,ACTIVE,324.91,MCH6617,0,0,0,1,0,0,0
MCH6376,"Buch, Raj and Karan",5699,Apparel,partnership,HYDERABAD,Telangana,2024-01-08 06:57:35,IBFA8815501065293,ACTIVE,1366.82,MCH6376,0,0,0,0,0,0,0
MCH8160,Amble and Sons,6990,Apparel,individual,JPR,Rajasthan,2023-05-18 00:00:00,XXXX4907,ACTIVE,5769.95,MCH8160,0,0,0,0,0,0,0
MCH1706,KandaandSons,4814,phone service,private_limited,Chennai,Tamil Nadu,2023-08-20 20:33:03,,ACTIVE,546.33,MCH1706,0,0,0,1,0,0,0
MCH8931,"Pau, Chatterjee and Deol",7011,Hotel,Partnership,pune,Maharashtra,2024-03-02 00:00:00,,ACTIVE,1739.01,MCH8931,0,0,0,1,0,0,0
7149,Keer-Dua,4131,Transportation,private_limited,Dilli,Delhi,2026-02-10 17:58:00,,ACTIVE,-852.06,7149,1,0,0,1,0,0,0
MCH8062,RANDHAWA-KATA,,Misc Retail,INDIVIDUAL,Bombay,Maharashtra,2024-03-31 00:00:00,,ACTIVE,0.1473,MCH8062,0,0,1,1,0,0,0
MCH8369,Samra-Radhakrishnan,5699,Apparel,SOLE-PROPRIETOR,Bengaluru,Karnataka,2024-03-18 13:50:00,IECA0291676472161,ACTIVE,2175.82,MCH8369,0,0,0,0,0,0,0
MCH1152,Raman-Choudhury,,Grocery,PARTNERSHIP,Chennai,Tamil Nadu,2025-12-19 00:00:00,XXXX0685,ACTIVE,0.233,MCH1152,0,0,1,0,0,0,0
MCH2422,SAMPATH-BALASUBRAMANIAN,,phone service,PRIVATE-LIMITED,Bangalore,Karnataka,2025-06-25 00:00:00,7967511719,SUSPENDED,2352.58,MCH2422,0,0,1,0,0,1,0
MCH1537,Goswami-Sibal,5812,FOOD_SERVICES,Partnership,Hyderabad,Telangana,2023-05-04 00:00:00,VFGD4255370364176,ACTIVE,360.35,MCH1537,0,0,0,0,0,0,0
MCH6455,Luthra-Wable,5999,Miscellaneous,PARTNERSHIP,Bombay,Maharashtra,2023-09-04 00:00:00,7955476293,ACTIVE,1528.51,MCH6455,0,0,0,0,0,0,0
MCH8980,"peri, karpe and saraf",,garments,sole_proprietor,Jalandar,Punjab,2024-10-24 00:00:00,XXXX9158,ACTIVE,277.5,MCH8980,0,0,1,0,0,0,0
MCH2021,Shenoy-Wable,5912,chemist,Sole Proprietor,delhi,Delhi,2025-06-05 00:00:00,BNOS2436378037599,ACTIVE,2287.51,MCH2021,0,0,0,0,0,0,0
MCH9550,Chandra-Sangha,5942,Book Store,Sole Proprietor,Hyd,Telangana,2025-12-18 00:00:00,,ACTIVE,674.9,MCH9550,0,0,0,1,0,0,0
MCH4716,Goda-Agate,5411,groceries,Sole Proprietor,Dilli,Delhi,2026-07-01 00:00:00,5226052062,SUSPENDED,1438.61,mch4716,0,0,0,0,0,1,0
MCH5224,Prabhakar-Baral,5999,Miscellaneous,SOLE_PROPRIETOR,Delhi,Delhi,2024-02-06 19:20:00,VAHS1051982392955,ACTIVE,873.18,MCH5224,0,0,0,0,0,0,0
MCH9400,SACHAR PLC,5942,BOOKS_STATIONERY,sole_proprietor,Kolkata,West Bengal,2023-03-28 00:00:00,,ACTIVE,872.66,MCH9400,0,0,0,1,0,0,0
5883,Pillai Ltd,,BOOKS_STATIONERY,Partnership,pune,Maharashtra,2024-10-18 00:00:00,ELEN4323090043469,ACTIVE,2102.56,5883,0,0,1,0,0,0,0
MCH6150,Nagarajan-Peri,,phone service,sole_proprietor,Dilli,Delhi,2024-04-19 00:00:00,XXXX0784,ACTIVE,414.2,MCH6150,0,0,1,0,0,0,0
MCH9940,Mutti-Chakraborty,,Restaurants,PRIVATE_LIMITED,jaipur,Rajasthan,2024-03-05 00:00:00,,INACTIVE,1326.53,MCH9940,0,0,1,1,0,0,0
MCH3291,Sanghvi-Nair,7011,HOTEL_LODGING,private_limited,Bangalore,Karnataka,2023-09-25 00:00:00,,ACTIVE,0.3917,mch3291,0,0,0,1,0,0,0
MCH8931,Ramaswamy-Bhasin,5812,FOOD_SERVICES,partnership,Hyd,Telangana,2024-05-23 00:00:00,,INACTIVE,0.1406,MCH8931,0,0,0,1,0,0,0
MCH2738,Grover PLC,4131,TRAVEL,PARTNERSHIP,Pune,Maharashtra,2025-11-22 22:59:56,,ACTIVE,4547.63,MCH2738,0,0,0,1,0,0,0
MCH3786,Ratta-Bhasin,5999,Misc Retail,PARTNERSHIP,bengaluru,Karnataka,2023-08-22 00:00:00,,ACTIVE,1037.97,MCH3786,0,0,0,1,0,0,0
MCH1756,Vala-Cheema,5311,Retail,INDIVIDUAL,New Delhi,Delhi,2023-09-03 00:00:00,XXXX7019,ACTIVE,1245.26,MCH 1756,0,0,0,0,0,0,0
9266,"Badami, Pathak and Nanda",5699,Clothing,PRIVATE_LIMITED,pune,Maharashtra,2024-09-10 19:17:00,3246654174,ACTIVE,157.82,9266,0,0,0,0,0,0,0
MCH4701,Bhagat and Sons,4131,Transportation,individual,Hyderabad,Telangana,2025-03-17 00:00:00,FBYF6895567808971,ACTIVE,493.82,MCH4701,0,0,0,0,0,0,0
MCH3530,DUGAR PLC,5699,garments,Individual,LDH,Punjab,2024-10-08 01:53:00,,ACTIVE,,MCH3530,0,1,0,1,0,0,0
MCH3605,Bhasin Ltd,4131,TRAVEL,PARTNERSHIP,LDH,Punjab,2023-11-15 00:00:00,,ACTIVE,1858.98,MCH3605,0,0,0,1,0,0,0
MCH3661,"Tak, Sandhu and Baria",5311,DEPT_STORE,INDIVIDUAL,Bengaluru,Karnataka,2023-04-02 00:00:00,UIJD2569404575285,HOLD,865.02,mch3661,0,0,0,0,0,0,0
MCH7845,Bhasin-Dubey,4814,phone service,PRIVATE_LIMITED,Ludhiana,Punjab,2024-08-22 00:00:00,8372327074,ACTIVE,0.994,MCH7845,0,0,0,0,0,0,0
MCH5912,"raman, viswanathan and garg",4814,Mobile Recharge,individual,bengaluru,Karnataka,2023-12-01 17:59:00,3092091837,ACTIVE,0.4153,MCH5912,0,0,0,0,0,0,0
MCH6168,"raj, sharma and panchal",4131,Bus/Taxi,private_limited,LDH,Punjab,2025-08-19 00:00:00,,ACTIVE,1123.84,MCH6168,0,0,0,1,0,0,0
MCH2430,Balay-Golla,5999,Misc Retail,Sole Proprietor,jalandhar,Punjab,2023-01-17 13:33:08,0079601658,INACTIVE,-612.46,MCH2430,1,0,0,0,0,0,0
MCH2912,Natt-Kohli,,groceries,private_limited,Jalandar,Punjab,2024-07-09 22:05:41,XXXX0399,INACTIVE,1895.43,MCH2912,0,0,1,0,0,0,0
MCH5629,Barman Ltd,1310,Transport,PARTNERSHIP,New Delhi,Delhi,2024-10-16 20:12:00,,ACTIVE,1135.33,MCH 5629,0,0,0,1,0,0,0
MCH4682,Dora-Chander,4814,Telecom,individual,mumbai,Maharashtra,2023-03-08 00:00:00,,ACTIVE,1036.09,MCH4682,0,0,0,1,0,0,0
MCH8080,"koshy, das and handa",5311,Department Store,PARTNERSHIP,ASR,Punjab,2023-10-07 00:00:00,,ACTIVE,3825.94,MCH8080,0,0,0,1,0,0,0
MCH5448,"Bala, Sha and Bera",5311,Department Store,PRIVATE-LIMITED,Bengaluru,Karnataka,2025-12-08 00:00:00,,ACTIVE,523.59,MCH5448,0,0,0,1,0,0,0
MCH8132,Sami-Balay,5699,garments,private_limited,bengaluru,Karnataka,2025-08-20 00:20:49,XXXX7576,ACTIVE,4139.52,mch8132,0,0,0,0,0,0,0
MCH1229,Hayre Inc,,Retail Other,SOLE_PROPRIETOR,Calcutta,West Bengal,2023-08-14 00:08:00,,ACTIVE,527.5,MCH1229,0,0,1,1,0,0,0
MCH8380,Chaudhari-Behl,7011,HOTEL_LODGING,partnership,Mumbay,Maharashtra,2024-05-18 00:00:00,XXXX2808,ACTIVE,780.2,MCH 8380,0,0,0,0,0,0,0
MCH3294,"Murty, Vala and Pall",4131,Transport,individual,ludhiana,Punjab,2024-12-10 00:00:00,7450449470,ACTIVE,822.03,MCH3294,0,0,0,0,0,0,0
2185,wagle inc,,Medical,PRIVATE_LIMITED,Poona,Maharashtra,,XXXX8242,SUSPENDED,0.828,2185,0,0,1,0,1,1,0
MCH8279,Lala PLC,5411,Grocery,Sole Proprietor,chennai,Tamil Nadu,,,ACTIVE,416.0,MCH-8279,0,0,0,1,1,0,0
MCH6530,Muni-Rout,5699,CLOTHS,individual,Pune,Maharashtra,2023-10-15 00:00:00,3811526471,ACTIVE,938.29,MCH6530,0,0,0,0,0,0,0
MCH1363,Rattan-Shere,7011,HOTEL_LODGING,SOLE_PROPRIETOR,Madras,Tamil Nadu,2025-08-19 00:00:00,,ACTIVE,926.5,MCH1363,0,0,0,1,0,0,0
MCH7942,Parmar-Oza,5912,MEDICAL_STORE,SOLE_PROPRIETOR,Hyderabad,Telangana,2024-08-10 06:25:22,,ACTIVE,1133.78,MCH7942,0,0,0,1,0,0,0
MCH2067,"Choudhry, Bhalla and Jaggi",5942,Book Store,INDIVIDUAL,Jalandar,Punjab,2023-03-11 00:00:00,,INACTIVE,952.93,MCH2067,0,0,0,1,0,0,0
MCH5283,"Ganesh, Parekh and Subramanian",5912,Medical,PARTNERSHIP,Hyd,Telangana,2025-03-02 00:00:00,,ACTIVE,307.25,mch5283,0,0,0,1,0,0,0
MCH9555,Chandra Ltd,4814,TELECOM,PARTNERSHIP,JPR,Rajasthan,2023-01-10 01:23:43,XXXX4338,INACTIVE,7981.95,MCH-9555,0,0,0,0,0,0,0
MCH8497,"Pandey, Dutta and Thakkar",5812,eating place,PRIVATE_LIMITED,New Delhi,Delhi,2025-09-18 03:34:00,0266895023,ACTIVE,802.0,MCH8497,0,0,0,0,0,0,0
MCH8527,"Varkey, Chacko and Sarraf",5411,kirana,PRIVATE_LIMITED,delhi,Delhi,2025-07-20 12:37:01,,ACTIVE,128.48,MCH 8527,0,0,0,1,0,0,0
MCH7198,Dar-Sani,7011,Hotel,Private Limited,HYDERABAD,Telangana,2023-06-27 13:24:21,HWWD0144016589581,ACTIVE,1840.43,MCH7198,0,0,0,0,0,0,0
MCH6716,Shan PLC,5699,garments,partnership,Amritsar,Punjab,2025-09-07 00:00:00,XXXX2064,ACTIVE,1208.93,MCH6716,0,0,0,0,0,0,0
MCH2418,Doctor Group,4131,Transport,sole_proprietor,bengaluru,Karnataka,2023-03-25 11:18:00,8132788390,ACTIVE,523.42,MCH2418,0,0,0,0,0,0,0
MCH5135,swaminathan-kashyap,5942,Books,Sole Proprietor,Mumbay,Maharashtra,2024-01-22 00:00:00,RDNZ1508980329306,ACTIVE,727.31,MCH5135,0,0,0,0,0,0,0
MCH4075,Sankar-Mandal,5812,eating place,PARTNERSHIP,Ludhiana,Punjab,,XXXX6718,ACTIVE,1056.32,mch4075,0,0,0,0,1,0,0
MCH1475,"Bora, Bhakta and Aurora",,Department Stores,private_limited,Calcutta,West Bengal,2024-06-11 00:00:00,8871048979,ACTIVE,1652.87,mch1475,0,0,1,0,0,0,0
MCH9362,"Lala, Oza and Chahal",9120,Pharmacies,SOLE-PROPRIETOR,Delhi,Delhi,2024-04-25 00:00:00,XXXX6427,ACTIVE,1820.41,MCH9362,0,0,0,0,0,0,0
MCH5709,shroff-mukherjee,4814,Telecom,private_limited,jaipur,Rajasthan,2024-11-10 18:13:32,FPQT8539252763493,ACTIVE,668.22,MCH5709,0,0,0,0,0,0,0
MCH5064,bassi inc,5812,Restaurant,Individual,delhi,Delhi,2025-12-27 16:24:04,,INACTIVE,0.1024,mch5064,0,0,0,1,0,0,0
MCH3409,BADAMI AND SONS,7011,Hotel,SOLE_PROPRIETOR,bengaluru,Karnataka,2024-05-31 00:00:00,,ACTIVE,1179.18,MCH-3409,0,0,0,1,0,0,0
MCH3829,"Seshadri, Bansal and Ahluwalia",5311,DEPT_STORE,sole_proprietor,Pune,Maharashtra,2024-09-20 00:00:00,8781513092,INACTIVE,0.1296,MCH-3829,0,0,0,0,0,0,0
MCH5036,Buch Inc,5942,Book Store,Partnership,Madras,Tamil Nadu,2023-02-02 00:00:00,9320708690,ACTIVE,1529.39,MCH-5036,0,0,0,0,0,0,0
MCH8433,"Gill, Taneja and Bhardwaj",5411,Grocery,INDIVIDUAL,lucknow,Uttar Pradesh,2023-05-12 00:00:00,9035895384,SUSPENDED,5465.01,mch8433,0,0,0,0,0,1,0
MCH2761,Sabharwa1-Pati1,5999,Other,PRIVATE-LIMITED,Hyderabad,Telangana,2025-04-04 00:00:00,,INACTIVE,2607.92,MCH2761,0,0,0,1,0,0,0
MCH3298,"kurian, sheth and bains",6990,Fashion,INDIVIDUAL,delhi,Delhi,2025-04-20 00:00:00,XXXX3758,ACTIVE,0.3789,MCH3298,0,0,0,0,0,0,0
MCH9551,Chaudhry-Vaidya,5942,Book Store,sole_proprietor,pune,Maharashtra,2023-04-23 05:10:39,XXXX2092,ACTIVE,1013.07,MCH9551,0,0,0,0,0,0,0
MCH8551,Sule-Ganesh,5699,Clothing,individual,Kolkata,West Bengal,2023-03-15 04:50:00,ILTD6256269158206,ACTIVE,1452.12,MCH8551,0,0,0,0,0,0,0
MCH2832,Parmer Inc,3110,Retail,Private Limited,Pune,Maharashtra,2025-10-26 00:00:00,,ACTIVE,831.48,MCH2832,0,0,0,1,0,0,0
MCH2240,"Shenoy, Tara and Kala",5912,Medical,partnership,Chennai,Tamil Nadu,2023-03-25 00:00:00,,ACTIVE,1500.77,MCH2240,0,0,0,1,0,0,0
MCH5627,"SRIDHAR, YOGI AND PANCHAL",5411,GROCERY_STORE,sole_proprietor,JPR,Rajasthan,2025-09-23 00:00:00,,ACTIVE,0.483,MCH5627,0,0,0,1,0,0,0
MCH8779,Tak-Wali,5812,Restaurants,Individual,bengaluru,Karnataka,2024-01-24 00:00:00,3182666424,ACTIVE,0.206,MCH-8779,0,0,0,0,0,0,0
MCH3672,Ramaswamy PLC,,Books,PRIVATE-LIMITED,Calcutta,West Bengal,2025-01-24 00:00:00,XXXX8500,ACTIVE,9848.33,mch3672,0,0,1,0,0,0,0
MCH2223,"Magar, Krishnamurthy and Maharaj",5942,BOOKS_STATIONERY,private_limited,delhi,Delhi,,3527789859,ACTIVE,1565.53,mch2223,0,0,0,0,1,0,0
MCH6922,"Walia, Mukherjee and Sodhi",5912,Medical,Private Limited,Mumbai,Maharashtra,,FUTM3546823667854,INACTIVE,0.371,MCH6922,0,0,0,0,1,0,0
MCH9806,Hari-Kant,5411,groceries,individual,amritsar,Punjab,2023-12-26 00:00:00,JKYA8958406507555,ACTIVE,1398.42,MCH9806,0,0,0,0,0,0,0
MCH3889,Bhagat-Sarna,7011,Hotel,sole_proprietor,kolkata,West Bengal,2024-06-21 09:31:16,XXXX2885,ACTIVE,2088.06,MCH3889,0,0,0,0,0,0,0
MCH8177,Bera PLC,4814,Mobile Recharge,individual,amritsar,Punjab,2023-07-14 00:00:00,3738058376,INACTIVE,491.01,MCH8177,0,0,0,0,0,0,0
MCH8056,"Pai, Doshi and Nath",4814,Telecom,Private Limited,lucknow,Uttar Pradesh,2024-05-26 00:00:00,YMRE9652845311736,ACTIVE,581.34,mch8056,0,0,0,0,0,0,0
MCH6002,Ch0kshi-Kibe,5699,Apparel,sole_proprietor,Poona,Maharashtra,2023-05-17 16:17:04,,ACTIVE,864.81,MCH6002,0,0,0,1,0,0,0
6460,Deol-Narayanan,3110,Retail,Partnership,MUMBAI,Maharashtra,2026-01-19 08:20:00,XXXX8283,ACTIVE,878.73,6460,0,0,0,0,0,0,0
MCH7913,Ganesan-S00d,5912,Pharmacy,INDIVIDUAL,delhi,Delhi,2024-08-15 00:00:00,,ACTIVE,562.1,MCH7913,0,0,0,1,0,0,0
8945,KRISH AND SONS,5912,Pharmacies,PARTNERSHIP,Mumbay,Maharashtra,2024-01-11 00:00:00,XXXX9324,ACTIVE,411.91,8945,0,0,0,0,0,0,0
MCH3703,Khatri-Shuk1a,5812,FOOD_SERVICES,private_limited,Jalandar,Punjab,,,SUSPENDED,3523.05,MCH3703,0,0,0,1,1,1,0
MCH5137,"GREWAL, CHHABRA AND SAWHNEY",4131,Transportation,Sole Proprietor,LDH,Punjab,2023-06-29 00:00:00,,ACTIVE,551.72,MCH5137,0,0,0,1,0,0,0
MCH3612,"Manne, Dutt and Sah0ta",7011,Hotels,SOLE_PROPRIETOR,Jaipur,Rajasthan,2023-06-13 00:00:00,GSKL9256274813586,ACTIVE,605.01,MCH3612,0,0,0,0,0,0,0
MCH2203,"DAR, KHURANA AND VASA",5812,Restaurant,SOLE-PROPRIETOR,Jaipur,Rajasthan,2024-07-05 09:28:00,,ACTIVE,14312.42,MCH2203,0,0,0,1,0,0,0
MCH5933,"natarajan, swaminathan and dugar",5999,Retail Other,PARTNERSHIP,Kolkata,West Bengal,2025-09-26 20:35:00,XXXX6381,ACTIVE,-2711.41,MCH5933,1,0,0,0,0,0,0
MCH2850,Gera-Seth,4814,Telecom,Private Limited,Madras,Tamil Nadu,2023-03-15 00:00:00,,ACTIVE,689.16,MCH2850,0,0,0,1,0,0,0
MCH1619,DIVAN-BHATTI,5912,Pharmacy,sole_proprietor,New Delhi,Delhi,2025-12-24 00:00:00,,ACTIVE,477.85,MCH1619,0,0,0,1,0,0,0
MCH6183,DUTT PLC,7011,Hotel,SOLE-PROPRIETOR,Kolkata,West Bengal,2026-02-23 00:00:00,,ACTIVE,-1191.35,MCH6183,1,0,0,1,0,0,0
MCH4811,Rattan-Raval,5812,Food,Partnership,lucknow,Uttar Pradesh,2025-06-05 00:00:00,PPVP9119915286785,ACTIVE,-896.7,MCH4811,1,0,0,0,0,0,0
MCH3819,Butala-Patla,5999,Misc Retail,INDIVIDUAL,Delhi,Delhi,2023-04-08 00:00:00,XXXX5729,ACTIVE,2466.12,MCH3819,0,0,0,0,0,0,0
MCH4681,"Sengupta,VenkataramanandKonda",5411,Grocery Stores,INDIVIDUAL,pune,Maharashtra,2026-01-10 08:52:00,,ACTIVE,526.79,MCH4681,0,0,0,1,0,0,0
MCH3264,Gopal Ltd,7011,HOTEL_LODGING,SOLE_PROPRIETOR,Poona,Maharashtra,2023-05-14 07:52:02,,ACTIVE,1501.67,MCH3264,0,0,0,1,0,0,0
MCH1518,"Deol, Mand and Bhattacharyya",4131,Transportation,partnership,Jaipur,Rajasthan,2023-09-17 16:16:07,,SUSPENDED,0.862,MCH1518,0,0,0,1,0,1,0
MCH5497,Devan Ltd,5912,Medical,partnership,kolkata,West Bengal,2023-11-20 00:00:00,,ACTIVE,266.7,MCH5497,0,0,0,1,0,0,0
MCH3421,"Sandhu, Saxena and Talwar",5942,Stationery,Sole Proprietor,Delhi,Delhi,,XXXX6543,SUSPENDED,1117.58,MCH3421,0,0,0,0,1,1,0
MCH4623,"Gokhale, Ranganathan and Shenoy",5999,miscellaneous,PRIVATE_LIMITED,HYDERABAD,Telangana,2025-08-17 15:21:40,0347099856,ACTIVE,0.171,MCH4623,0,0,0,0,0,0,0
MCH8296,GARA INC,5411,groceries,PARTNERSHIP,Jalandhar,Punjab,2025-07-16 16:55:50,MFEL4687001236835,ACTIVE,,MCH-8296,0,1,0,0,0,0,0
MCH6183,Nayar and Sons,4131,Bus/Taxi,Individual,jalandhar,Punjab,2023-06-07 00:00:00,XXXX7204,ACTIVE,0.2423,MCH6183,0,0,0,0,0,0,0
MCH1171,Sampath-Shroff,5912,MEDICAL_STORE,PARTNERSHIP,Dilli,Delhi,2026-01-19 05:21:00,,ACTIVE,393.94,MCH1171,0,0,0,1,0,0,0
MCH8411,Chopra Group,,eating place,Private Limited,Jalandar,Punjab,2023-01-01 00:00:00,,INACTIVE,1067.4,MCH-8411,0,0,1,1,0,0,0
MCH1022,Ramesh-Bhat,,Other,PRIVATE-LIMITED,HYDERABAD,Telangana,,,ACTIVE,3026.17,MCH1022,0,0,1,1,1,0,0
MCH9635,Parekh-Mammen,5411,Grocery,PRIVATE_LIMITED,Poona,Maharashtra,2025-05-07 07:22:44,,ACTIVE,1533.7,MCH 9635,0,0,0,1,0,0,0
MCH1675,"sarma, saxena and chandran",,Department Stores,Private Limited,jaipur,Rajasthan,2023-09-06 00:00:00,,ACTIVE,1777.8,MCH1675,0,0,1,1,0,0,0
MCH8592,ramaswamy plc,4814,Mobile Recharge,individual,Amritsar,Punjab,,,SUSPENDED,0.661,mch8592,0,0,0,1,1,1,0
MCH7735,GARG-BALAN,5999,Misc Retail,SOLE_PROPRIETOR,Ludhiana,Punjab,2024-01-24 00:00:00,7094886442,ACTIVE,-639.06,MCH7735,1,0,0,0,0,0,0
MCH5023,"B0rde, Venkataraman and Sura",,Hotels,PRIVATE-LIMITED,chennai,Tamil Nadu,2024-06-07 00:00:00,,ACTIVE,1983.28,MCH5023,0,0,1,1,0,0,0
MCH3423,Sant-Singh,7011,HOTEL_LODGING,partnership,Delhi,Delhi,2023-01-01 09:47:09,9051549967,ACTIVE,11283.23,mch3423,0,0,0,0,0,0,0
MCH5023,rastogi ltd,4110,Grocery Stores,INDIVIDUAL,LDH,Punjab,2024-09-22 20:08:35,6206604276,ACTIVE,532.62,MCH5023,0,0,0,0,0,0,0
MCH6058,Loke LLC,5942,Book Store,sole_proprietor,amritsar,Punjab,,TMOY5327017538734,ACTIVE,317.07,MCH6058,0,0,0,0,1,0,0
MCH4648,Tara-Pandya,5699,Clothing,partnership,Chennai,Tamil Nadu,2026-01-02 00:00:00,TEXQ3961216144905,ACTIVE,852.19,MCH4648,0,0,0,0,0,0,0
MCH3696,"pandya, maharaj and sundaram",9420,Book Store,INDIVIDUAL,Poona,Maharashtra,2025-08-07 00:00:00,,HOLD,416.04,MCH 3696,0,0,0,1,0,0,0
MCH6577,D’Alia Inc,5699,CLOTHS,partnership,Bangalore,Karnataka,2023-08-05 16:50:00,,ACTIVE,1979.76,MCH6577,0,0,0,1,0,0,0
MCH2077,Sahota Inc,5942,Book Store,partnership,lucknow,Uttar Pradesh,2024-09-01 00:00:00,BSBT5352705836134,ACTIVE,2058.18,MCH2077,0,0,0,0,0,0,0
MCH7536,Kalla-Deo,5311,DEPT_STORE,Partnership,kolkata,West Bengal,2024-08-29 00:00:00,5654813293,ACTIVE,803.42,MCH7536,0,0,0,0,0,0,0
MCH6024,"Doshi, Peri and Keer",4131,Transportation,PARTNERSHIP,Pune,Maharashtra,2025-01-01 16:46:07,,ACTIVE,142.5,MCH-6024,0,0,0,1,0,0,0
MCH1883,"BAHL, KASHYAP AND SIBAL",5812,Restaurant,PRIVATE_LIMITED,jalandhar,Punjab,2023-04-01 00:00:00,XXXX4248,ACTIVE,,MCH 1883,0,1,0,0,0,0,0
MCH1946,Sibal LLC,7011,Hospitality,SOLE-PROPRIETOR,Jalandar,Punjab,2026-01-24 21:05:43,QGEZ9290048707008,ACTIVE,2804.71,MCH1946,0,0,0,0,0,0,0
5664,"Om, Kari and Pandit",5812,eating place,PARTNERSHIP,Hyd,Telangana,2024-07-15 00:00:00,7995815997,INACTIVE,6853.27,5664,0,0,0,0,0,0,0
MCH2816,Yogi-Palan,,Miscellaneous,individual,mumbai,Maharashtra,2025-02-14 00:00:00,YLAY0045447026896,SUSPENDED,2753.81,MCH2816,0,0,1,0,0,1,0
MCH1816,Samra-Bhattacharyya,5912,Medical,individual,Kolkata,West Bengal,2024-11-07 00:00:00,,ACTIVE,1868.22,MCH1816,0,0,0,1,0,0,0
MCH5792,"bava, krish and ghose",4131,Bus/Taxi,partnership,Amritsar,Punjab,2024-07-09 00:00:00,0878817279,HOLD,1136.54,mch5792,0,0,0,0,0,0,0
7389,Basu-Bedi,5812,eating place,PARTNERSHIP,BLR,Karnataka,2023-04-07 12:28:00,XXXX3335,ACTIVE,,7389,0,1,0,0,0,0,0
MCH2123,"Pandey, Swamy and Desai",5912,chemist,PRIVATE-LIMITED,Hyderabad,Telangana,2024-03-31 00:00:00,1343743370,ACTIVE,0.2367,MCH2123,0,0,0,0,0,0,0
MCH5321,Maharaj Ltd,5912,Pharmacy,SOLE_PROPRIETOR,MUMBAI,Maharashtra,2024-08-29 00:00:00,9534555078,INACTIVE,-2746.79,MCH5321,1,0,0,0,0,0,0
MCH7765,Dyal LLC,5812,eating place,individual,amritsar,Punjab,2025-02-27 00:00:00,XXXX8941,ACTIVE,3067.55,MCH 7765,0,0,0,0,0,0,0
MCH6502,Mall PLC,5999,Retail Other,SOLE_PROPRIETOR,Chennai,Tamil Nadu,2025-05-10 03:33:00,,INACTIVE,1695.37,MCH6502,0,0,0,1,0,0,0
MCH4050,"ARYA, DYAL AND AURORA",5411,GROCERY_STORE,Partnership,kolkata,West Bengal,2026-01-23 02:54:00,,ACTIVE,980.29,mch4050,0,0,0,1,0,0,0
MCH4927,mohan plc,5699,Apparel,Individual,JPR,Rajasthan,2025-03-04 00:00:00,MQQO7446373111287,ACTIVE,1972.99,MCH-4927,0,0,0,0,0,0,0
MCH9548,Raja PLC,,Transportation,partnership,JPR,Rajasthan,2026-02-22 14:03:23,XXXX5841,ACTIVE,0.1649,MCH9548,0,0,1,0,0,0,0
MCH2441,bhatnagar plc,4814,phone service,Individual,Jaipur,Rajasthan,2024-05-04 23:00:00,4907126528,ACTIVE,0.1789,MCH2441,0,0,0,0,0,0,0
MCH8082,Contractor and Sons,7011,Hospitality,SOLE-PROPRIETOR,Amritsar,Punjab,2025-02-20 00:00:00,XXXX4733,ACTIVE,4480.58,MCH8082,0,0,0,0,0,0,0
7729,"Jain, Bail and Rattan",5411,Grocery,PRIVATE_LIMITED,Pune,Maharashtra,2023-03-04 07:27:56,,ACTIVE,2571.4,7729,0,0,0,1,0,0,0
MCH1977,Chahal-Kumer,5942,Stationery,SOLE-PROPRIETOR,Calcutta,West Bengal,2025-09-01 00:00:00,XXXX3479,ACTIVE,0.897,MCH1977,0,0,0,0,0,0,0
MCH2954,"Keer, Borra and Hayre",7011,Hotels,private_limited,LDH,Punjab,2025-12-23 00:00:00,,ACTIVE,-1556.07,MCH2954,1,0,0,1,0,0,0
MCH3698,Khanna-Bail,5912,Medical,PARTNERSHIP,lucknow,Uttar Pradesh,2024-11-10 00:00:00,,ACTIVE,2901.24,mch3698,0,0,0,1,0,0,0
MCH4984,Rege-Mane,7011,HOTEL_LODGING,INDIVIDUAL,bengaluru,Karnataka,2023-08-14 00:00:00,,INACTIVE,-693.28,MCH4984,1,0,0,1,0,0,0
MCH9350,SINGH-SANE,5411,kirana,PRIVATE_LIMITED,LDH,Punjab,2023-04-13 00:00:00,1346716181,ACTIVE,840.43,MCH 9350,0,0,0,0,0,0,0
MCH7031,Chander Inc,4814,Telecom,Private Limited,Poona,Maharashtra,2025-09-28 00:00:00,XXXX5142,ACTIVE,1538.5,MCH 7031,0,0,0,0,0,0,0
MCH4917,"Bhat, Saha and Wable",4131,TRAVEL,private_limited,Jaipur,Rajasthan,2025-04-14 00:00:00,XXXX6979,ACTIVE,6159.51,MCH4917,0,0,0,0,0,0,0
MCH9831,Kala-Wason,9420,Stationery,INDIVIDUAL,chennai,Tamil Nadu,2024-09-21 00:00:00,XXXX7493,ACTIVE,1222.6,MCH9831,0,0,0,0,0,0,0
MCH6856,"Dalal, Morar and Gala",7011,Hospitality,PRIVATE-LIMITED,Madras,Tamil Nadu,2025-11-18 11:40:38,XXXX3477,ACTIVE,-1373.13,MCH6856,1,0,0,0,0,0,0
MCH8239,"Brahmbhatt, 0ak and Dhar",5411,Grocery,partnership,Jaipur,Rajasthan,2025-05-19 21:53:30,,ACTIVE,0.266,MCH8239,0,0,0,1,0,0,0
MCH4477,"Ray, Agate and Som",4814,Telecom,PARTNERSHIP,Amritsar,Punjab,2025-01-27 15:16:06,3942164768,ACTIVE,3504.19,MCH4477,0,0,0,0,0,0,0
MCH5587,Pau-Gour,5812,Food,Private Limited,Pune,Maharashtra,2025-10-13 20:14:02,AIKN3298712438615,ACTIVE,246.08,mch5587,0,0,0,0,0,0,0
MCH5874,Mann-Ma11ick,7011,Hotel,PARTNERSHIP,Delhi,Delhi,2023-11-29 00:00:00,7898379818,ACTIVE,0.116,MCH5874,0,0,0,0,0,0,0
MCH4243,"Ramesh, Venkatesh and Ravel",5311,Retail,sole_proprietor,amritsar,Punjab,2025-06-24 00:00:00,,ACTIVE,133.28,MCH4243,0,0,0,1,0,0,0
MCH7016,Ratti PLC,4131,TRAVEL,PARTNERSHIP,LKO,Uttar Pradesh,2025-10-18 02:35:27,HWTR3220006102269,ACTIVE,319.94,MCH7016,0,0,0,0,0,0,0
MCH9174,"Chander, Goswami and Butala",7011,Hospitality,Partnership,Jalandar,Punjab,2024-06-14 12:24:00,1722137543,ACTIVE,914.67,MCH9174,0,0,0,0,0,0,0
MCH8308,Thakkar PLC,,HOTEL_LODGING,SOLE-PROPRIETOR,mumbai,Maharashtra,2023-06-06 21:51:00,LHVQ2811292052937,ACTIVE,0.1612,mch8308,0,0,1,0,0,0,0
MCH2726,sant-sani,5411,Grocery,Individual,Lucknow,Uttar Pradesh,2024-01-28 00:00:00,,BLOCKED,2020.62,MCH2726,0,0,0,1,0,0,1
MCH7257,"Nagi, Gera and Bedi",5999,Miscellaneous,Sole Proprietor,JPR,Rajasthan,2023-10-29 03:03:00,,ACTIVE,786.7,MCH7257,0,0,0,1,0,0,0
3181,"Kothari, Sengupta and Sandal",4131,Bus/Taxi,PRIVATE_LIMITED,Lucknow,Uttar Pradesh,2025-12-06 23:52:00,,ACTIVE,9001.75,3181,0,0,0,1,0,0,0
MCH5797,Sami Ltd,5942,Books,Individual,jalandhar,Punjab,2024-03-05 15:38:56,YJXP8191139167716,ACTIVE,651.76,MCH5797,0,0,0,0,0,0,0
MCH1994,"Naik, Bhasin and Virk",7011,HOTEL_LODGING,SOLE-PROPRIETOR,ASR,Punjab,2024-09-24 12:17:05,3176426647,ACTIVE,886.83,MCH1994,0,0,0,0,0,0,0
MCH4048,"Lall, Kara and Uppal",5812,Food,PARTNERSHIP,Jalandar,Punjab,2024-06-14 00:00:00,,INACTIVE,1748.0,MCH4048,0,0,0,1,0,0,0
MCH4371,Chahal-Chaudhari,4814,phone service,Sole Proprietor,ludhiana,Punjab,2025-01-20 00:00:00,,SUSPENDED,219.82,mch4371,0,0,0,1,0,1,0
MCH1833,"Sabharwal, Chopra and Nayar",1310,transprt,PRIVATE-LIMITED,Poona,Maharashtra,2023-07-26 05:30:00,8483394590,ACTIVE,1391.53,MCH1833,0,0,0,0,0,0,0
MCH6300,Kumar PLC,6990,CLOTHS,PARTNERSHIP,jaipur,Rajasthan,2025-04-17 00:00:00,,ACTIVE,1647.52,MCH6300,0,0,0,1,0,0,0
MCH8405,Roy Ltd,,garments,Private Limited,kolkata,West Bengal,2023-02-13 22:05:26,MAGL2579020752689,INACTIVE,1147.53,MCH-8405,0,0,1,0,0,0,0
MCH8537,Mital and Sons,5411,grocery,PARTNERSHIP,Jalandar,Punjab,2023-05-14 00:00:00,XXXX8286,ACTIVE,-3683.74,MCH8537,1,0,0,0,0,0,0
MCH6256,Rana-Walia,5812,Restaurants,SOLE-PROPRIETOR,LDH,Punjab,2025-02-27 00:00:00,XXXX5533,INACTIVE,330.34,MCH6256,0,0,0,0,0,0,0
MCH5028,"Chhabra, Deo and Chakrabarti",7011,Hotels,partnership,Ludhiana,Punjab,2024-03-14 00:00:00,RQQO5337522783830,INACTIVE,716.94,MCH 5028,0,0,0,0,0,0,0
MCH5547,RAJU GROUP,5411,Grocery Stores,Partnership,bengaluru,Karnataka,2025-04-15 00:00:00,,ACTIVE,915.94,MCH5547,0,0,0,1,0,0,0
MCH3311,Sule Ltd,5942,BOOKS_STATIONERY,SOLE_PROPRIETOR,Pune,Maharashtra,2026-01-30 17:36:53,XXXX2539,ACTIVE,1079.15,mch3311,0,0,0,0,0,0,0
8032,Roy-Ramesh,5699,garments,partnership,Bombay,Maharashtra,2025-05-24 00:00:00,,ACTIVE,1773.07,8032,0,0,0,1,0,0,0
MCH4509,"shanker, sem and varughese",4131,Bus/Taxi,SOLE_PROPRIETOR,Pune,Maharashtra,2023-08-16 00:00:00,,ACTIVE,,mch4509,0,1,0,1,0,0,0
MCH2418,mangal-krishnamurthy,5942,Stationery,Individual,DELHI,Delhi,2024-07-21 00:00:00,,ACTIVE,436.58,MCH2418,0,0,0,1,0,0,0
MCH8297,NAYAR LTD,5912,Medical,Partnership,Calcutta,West Bengal,,5258052297,INACTIVE,465.08,MCH8297,0,0,0,0,1,0,0
MCH2986,Kade-Anne,4131,TRAVEL,PARTNERSHIP,amritsar,Punjab,2025-11-29 00:00:00,,BLOCKED,736.81,MCH2986,0,0,0,1,0,0,1
MCH3694,"Date, Naidu and Raja",5912,Pharmacies,partnership,Jalandhar,Punjab,2024-11-22 04:13:38,GPTO7610757270352,ACTIVE,4933.54,MCH3694,0,0,0,0,0,0,0
MCH9692,Pandey-Behl,8120,Restaurants,PRIVATE-LIMITED,HYDERABAD,Telangana,2024-08-31 00:00:00,XXXX3446,ACTIVE,522.57,mch9692,0,0,0,0,0,0,0
MCH4614,BADAMI LLC,5942,Stationery,Partnership,Jaipur,Rajasthan,2025-04-02 17:40:30,3429375766,ACTIVE,4687.53,MCH4614,0,0,0,0,0,0,0
MCH5197,AcharyaInc,1310,Transportation,private_limited,Jalandar,Punjab,,XXXX5691,ACTIVE,699.94,MCH5197,0,0,0,0,1,0,0
MCH3558,Balakrishnan LLC,5311,Department Store,SOLE-PROPRIETOR,bengaluru,Karnataka,2023-06-17 00:45:00,XXXX0210,SUSPENDED,0.918,MCH-3558,0,0,0,0,0,1,0
MCH1823,"Patla, Bhasin and Parsa",,Hotel,PARTNERSHIP,Lucknow,Uttar Pradesh,2023-06-15 00:00:00,,ACTIVE,3003.2,MCH1823,0,0,1,1,0,0,0
MCH3699,Lal Ltd,5999,Other,Private Limited,jaipur,Rajasthan,2023-06-25 06:53:54,MSXL7767787846316,ACTIVE,479.97,MCH3699,0,0,0,0,0,0,0
MCH8132,Jain-Peri,5912,MEDICAL_STORE,SOLE-PROPRIETOR,ludhiana,Punjab,2024-10-25 00:00:00,,ACTIVE,594.94,mch8132,0,0,0,1,0,0,0
MCH4401,BEDI AND SONS,5699,Fashion,partnership,Calcutta,West Bengal,2024-05-16 03:12:04,HWLG9372836696223,ACTIVE,557.79,MCH4401,0,0,0,0,0,0,0
MCH2910,"Mall, Sankaran and Mittal",4131,bus/taxi,Private Limited,Delhi,Delhi,2025-09-28 00:00:00,XXXX0107,INACTIVE,3631.28,MCH 2910,0,0,0,0,0,0,0
MCH6837,"Wali, Upadhyay and Shukla",5411,Grocery Stores,Sole Proprietor,Hyderabad,Telangana,2025-05-22 00:00:00,MLUM4465205062232,HOLD,-413.96,MCH6837,1,0,0,0,0,0,0
MCH8559,"Gokhale, Dugal and Pradhan",5812,eating place,PRIVATE-LIMITED,pune,Maharashtra,2023-07-09 00:00:00,,SUSPENDED,2171.47,MCH 8559,0,0,0,1,0,1,0
MCH7628,"Chawla, Datta and Ahuja",5411,GROCERY_STORE,partnership,Poona,Maharashtra,2024-01-05 00:00:00,,ACTIVE,979.26,mch7628,0,0,0,1,0,0,0
3736,"Morar, Roy and Bali",,kirana,Private Limited,Ludhiana,Punjab,2023-05-18 00:00:00,1010746003,ACTIVE,1684.27,3736,0,0,1,0,0,0,0
MCH7939,Mand LLC,5812,FOOD_SERVICES,PRIVATE_LIMITED,Bengaluru,Karnataka,2025-01-23 00:00:00,,ACTIVE,2096.4,MCH7939,0,0,0,1,0,0,0
MCH5156,"Bumb, Buch and R0ut",7011,HOTEL_LODGING,PRIVATE_LIMITED,mumbai,Maharashtra,2025-10-11 21:13:00,,ACTIVE,1483.33,MCH5156,0,0,0,1,0,0,0
MCH3748,Bedi-Cherian,5311,Retail,Individual,Mumbay,Maharashtra,2025-03-19 00:00:00,XXXX2002,HOLD,1343.58,MCH3748,0,0,0,0,0,0,0
MCH7220,Rege-Sharaf,5812,Restaurants,private_limited,Amritsar,Punjab,2023-12-15 00:00:00,RRUP8952328372225,ACTIVE,978.47,MCH7220,0,0,0,0,0,0,0
MCH4135,sunder ltd,5411,Grocery,partnership,ludhiana,Punjab,2025-01-28 00:00:00,,ACTIVE,6745.05,mch4135,0,0,0,1,0,0,0
8756,Warrior Inc,6990,fashion,private_limited,Jalandar,Punjab,2023-04-10 00:00:00,9910438985,ACTIVE,1476.03,8756,0,0,0,0,0,0,0
MCH5117,BAVA-SANI,5311,Department Store,Private Limited,amritsar,Punjab,2023-05-07 15:56:29,ICYL7735321082205,ACTIVE,557.72,MCH5117,0,0,0,0,0,0,0
MCH5200,Saha PLC,4131,Bus/Taxi,Private Limited,ludhiana,Punjab,2025-10-11 08:57:00,,ACTIVE,913.24,MCH5200,0,0,0,1,0,0,0
MCH7309,"LOKE, CHADA AND BADAL",,Fashion,SOLE_PROPRIETOR,ludhiana,Punjab,2023-07-26 00:00:00,9268725800,ACTIVE,3465.02,MCH7309,0,0,1,0,0,0,0
MCH9847,Dube and Sons,4814,Telecom,PARTNERSHIP,DELHI,Delhi,2023-06-06 03:41:54,6626610678,ACTIVE,918.47,MCH-9847,0,0,0,0,0,0,0
MCH3656,Agrawal Ltd,4814,Telecom,PRIVATE_LIMITED,ludhiana,Punjab,2024-08-05 00:00:00,XXXX7009,ACTIVE,3644.12,MCH3656,0,0,0,0,0,0,0
MCH6785,rai llc,7011,HOTEL_LODGING,Sole Proprietor,Chennai,Tamil Nadu,2024-12-01 08:40:45,,ACTIVE,2498.92,MCH6785,0,0,0,1,0,0,0
MCH4244,"DOCTOR, PILLAY AND NORI",5311,Department Store,INDIVIDUAL,LDH,Punjab,2026-02-22 00:00:00,8115439991,ACTIVE,2111.57,MCH4244,0,0,0,0,0,0,0
MCH4163,Rajag0pa1an-Hans,5812,FOOD_SERVICES,sole_proprietor,Poona,Maharashtra,2023-06-29 15:13:09,GQKM7843504448024,ACTIVE,,MCH-4163,0,1,0,0,0,0,0
MCH4220,chaudry ltd,,Hotel,individual,Lucknow,Uttar Pradesh,,,ACTIVE,788.42,MCH-4220,0,0,1,1,1,0,0
MCH2881,J0ha1 PLC,,FOOD_SERVICES,PARTNERSHIP,ASR,Punjab,2023-05-16 23:44:00,WTST5086684279337,ACTIVE,807.63,MCH2881,0,0,1,0,0,0,0
MCH4804,Swamy PLC,,Fashion,partnership,LKO,Uttar Pradesh,2025-01-12 09:37:41,,BLOCKED,207.24,MCH4804,0,0,1,1,0,0,1
MCH4858,MALHOTRA-DOCTOR,8140,TELECOM,individual,Ludhiana,Punjab,2024-11-20 00:00:00,4066282320,ACTIVE,7460.92,MCH4858,0,0,0,0,0,0,0
MCH6083,"Shah, Deep and Swaminathan",5411,GROCERY_STORE,PARTNERSHIP,amritsar,Punjab,2025-06-28 00:00:00,,ACTIVE,0.1417,MCH6083,0,0,0,1,0,0,0
MCH8968,Sankar-Zachariah,5411,Grocery Stores,individual,Madras,Tamil Nadu,,VDPY3965638190434,ACTIVE,7171.02,MCH8968,0,0,0,0,1,0,0
MCH5280,Mani-Chada,4131,Bus/Taxi,SOLE-PROPRIETOR,chennai,Tamil Nadu,2025-03-18 00:00:00,XXXX6717,ACTIVE,1112.24,mch5280,0,0,0,0,0,0,0
MCH8832,KALA LLC,,Telecom,Individual,Hyd,Telangana,2025-12-10 00:00:00,XXXX8743,ACTIVE,292.25,MCH8832,0,0,1,0,0,0,0
MCH2052,"Saraf, Maharaj and Kakar",5999,Misc Retail,INDIVIDUAL,Poona,Maharashtra,2025-01-30 00:00:00,XXXX8291,ACTIVE,3476.81,MCH2052,0,0,0,0,0,0,0
MCH6947,"DESAI, DARA AND DANI",,Telecom,INDIVIDUAL,BLR,Karnataka,2023-10-13 16:09:00,,ACTIVE,947.15,MCH6947,0,0,1,1,0,0,0
1956,"Magar, Ramakrishnan and Dhingra",5912,MEDICAL_STORE,private_limited,LDH,Punjab,2024-02-05 00:00:00,XXXX9114,ACTIVE,919.28,1956,0,0,0,0,0,0,0
MCH9366,"Parsa, Walia and Viswanathan",5699,Clothing,INDIVIDUAL,jalandhar,Punjab,2024-11-13 00:00:00,XXXX5233,ACTIVE,7891.78,MCH9366,0,0,0,0,0,0,0
MCH5256,GhoshLLC,4131,Transport,INDIVIDUAL,Madras,Tamil Nadu,,ASNK4892862388041,ACTIVE,429.35,MCH5256,0,0,0,0,1,0,0
MCH9239,BALAKRISHNAN-DAS,5411,groceries,partnership,BLR,Karnataka,2025-12-11 06:31:01,EHOI0009201922607,ACTIVE,,MCH9239,0,1,0,0,0,0,0
MCH8055,"Gade, Dani and Daya1",5812,Restaurant,Private Limited,BLR,Karnataka,2024-06-02 16:33:31,VCUQ2055885788947,INACTIVE,1539.89,MCH8055,0,0,0,0,0,0,0
MCH9377,chaudhuri plc,5699,Clothing,SOLE_PROPRIETOR,New Delhi,Delhi,2023-04-14 00:00:00,6784208248,ACTIVE,1583.18,mch9377,0,0,0,0,0,0,0
MCH3564,Chadha-Sarin,5812,FOOD_SERVICES,INDIVIDUAL,LKO,Uttar Pradesh,2024-06-09 00:00:00,XXXX4527,ACTIVE,506.02,MCH 3564,0,0,0,0,0,0,0
MCH9720,Hayre Ltd,5942,Stationery,SOLE_PROPRIETOR,Poona,Maharashtra,2024-04-24 00:00:00,,ACTIVE,507.94,MCH 9720,0,0,0,1,0,0,0
MCH4051,Desai-Tank,5812,Restaurant,PARTNERSHIP,lucknow,Uttar Pradesh,2025-02-21 00:00:00,XXXX7388,ACTIVE,0.389,MCH4051,0,0,0,0,0,0,0
MCH7918,Purohit LLC,5942,BOOKS_STATIONERY,private_limited,Calcutta,West Bengal,2024-09-06 00:00:00,XXXX2495,ACTIVE,0.1204,MCH7918,0,0,0,0,0,0,0
MCH9846,"Nadig, Saran and Prabhakar",,kirana,PRIVATE_LIMITED,Amritsar,Punjab,2023-05-30 00:00:00,,ACTIVE,0.672,MCH9846,0,0,1,1,0,0,0
MCH7821,Deshmukh Inc,,Other,partnership,Bangalore,Karnataka,2026-01-26 00:00:00,3967998762,ACTIVE,1463.63,mch7821,0,0,1,0,0,0,0
MCH1016,"CHAR, BHARGAVA AND CHAUDHARY",5812,Restaurant,PRIVATE_LIMITED,Hyd,Telangana,,TODJ2902550918108,ACTIVE,0.1933,MCH 1016,0,0,0,0,1,0,0
MCH3801,"Arya, Sachar and Khanna",5912,Pharmacy,Partnership,BLR,Karnataka,2024-01-03 13:59:47,XXXX2457,SUSPENDED,639.86,MCH3801,0,0,0,0,0,1,0
MCH3386,Mody LLC,5311,Retail,sole_proprietor,Bombay,Maharashtra,2023-12-21 00:00:00,9912276450,ACTIVE,1737.99,MCH-3386,0,0,0,0,0,0,0
MCH4831,"Raja, Rout and Singh",5411,GROCERY_STORE,INDIVIDUAL,Kolkata,West Bengal,2023-09-01 00:00:00,XXXX4829,ACTIVE,1885.15,MCH4831,0,0,0,0,0,0,0
MCH1686,Chokshi and Sons,9420,Stationery,INDIVIDUAL,Bangalore,Karnataka,2024-02-02 00:00:00,,ACTIVE,1116.34,MCH1686,0,0,0,1,0,0,0
MCH9534,DESHMUKH-YADAV,7011,Hospitality,INDIVIDUAL,Hyd,Telangana,2024-08-13 00:00:00,XXXX7810,ACTIVE,1143.6,MCH-9534,0,0,0,0,0,0,0
MCH4342,"bhavsar, mital and garde",4131,transprt,PRIVATE_LIMITED,Kolkata,West Bengal,2025-10-06 00:00:00,,SUSPENDED,-341.44,MCH4342,1,0,0,1,0,1,0
MCH9447,Sundaram LLC,5999,Retail Other,individual,Hyderabad,Telangana,2026-01-30 00:00:00,XXXX5917,ACTIVE,974.62,MCH-9447,0,0,0,0,0,0,0
MCH1324,"EDWIN, SAVANT AND TANDON",7011,Hotel,partnership,Bangalore,Karnataka,2026-01-26 00:00:00,,ACTIVE,1192.31,mch1324,0,0,0,1,0,0,0
MCH2264,"Sule, Sarma and Sur",5311,retail,individual,New Delhi,Delhi,2025-10-21 00:00:00,HGHS4575612385959,SUSPENDED,0.4017,mch2264,0,0,0,0,0,1,0
MCH2014,Sundaram and Sons,5999,Miscellaneous,PRIVATE_LIMITED,Ludhiana,Punjab,2024-01-27 00:00:00,XXXX5436,ACTIVE,0.4199,MCH 2014,0,0,0,0,0,0,0
MCH1912,Keer-Mitra,4131,transprt,Sole Proprietor,Madras,Tamil Nadu,2024-10-27 18:55:18,XXXX9508,ACTIVE,3259.24,MCH1912,0,0,0,0,0,0,0
MCH2428,Suresh-Varma,4814,TELECOM,Private Limited,Hyd,Telangana,2024-05-31 00:00:00,XXXX3635,ACTIVE,0.949,MCH2428,0,0,0,0,0,0,0
MCH3383,Muni Inc,5999,Other,SOLE_PROPRIETOR,delhi,Delhi,2023-04-21 22:36:00,XXXX2845,ACTIVE,5804.6,MCH3383,0,0,0,0,0,0,0
MCH4692,Bhat Inc,4131,TRAVEL,Sole Proprietor,HYDERABAD,Telangana,2024-06-05 00:00:00,,ACTIVE,3808.17,MCH4692,0,0,0,1,0,0,0
MCH9704,"Wason, Upadhyay and Palla",5311,Retail,Private Limited,Mumbai,Maharashtra,2024-07-11 02:29:00,0272024202,ACTIVE,,MCH9704,0,1,0,0,0,0,0
MCH2122,"Bava, Bal and Mittal",,MEDICAL_STORE,INDIVIDUAL,Pune,Maharashtra,2024-01-04 00:00:00,,ACTIVE,1119.03,MCH2122,0,0,1,1,0,0,0
MCH4776,Lall Inc,5912,chemist,PRIVATE_LIMITED,amritsar,Punjab,2023-07-22 00:00:00,6483794741,ACTIVE,4262.37,mch4776,0,0,0,0,0,0,0
MCH5660,Sama LLC,,CLOTHS,PRIVATE_LIMITED,LKO,Uttar Pradesh,,,ACTIVE,18060.85,MCH5660,0,0,1,1,1,0,0
MCH3513,"Gade, Raghavan and Ben",5942,Stationery,Individual,Chennai,Tamil Nadu,2024-07-21 08:51:00,EGJQ8131249829529,INACTIVE,1116.95,MCH3513,0,0,0,0,0,0,0
MCH7462,"MALHOTRA, SACHDEVA AND SANT",5411,GROCERY_STORE,SOLE_PROPRIETOR,Hyderabad,Telangana,2025-11-11 00:00:00,EIQX3043472487822,ACTIVE,1601.35,MCH7462,0,0,0,0,0,0,0
MCH8935,tella-bawa,1310,Bus/Taxi,individual,JPR,Rajasthan,2024-01-13 15:35:49,JHDG3104790925076,ACTIVE,997.56,MCH-8935,0,0,0,0,0,0,0
MCH9266,Nazareth Ltd,5942,Books,SOLE-PROPRIETOR,LKO,Uttar Pradesh,2023-07-07 00:00:00,,ACTIVE,1049.97,MCH9266,0,0,0,1,0,0,0
MCH3509,Dara-Rajagopalan,5912,Pharmacies,Sole Proprietor,Kolkata,West Bengal,2023-09-09 00:00:00,JSXR7999494577088,ACTIVE,1651.56,MCH3509,0,0,0,0,0,0,0
MCH5193,Shetty Inc,5912,chemist,partnership,amritsar,Punjab,2025-07-13 00:00:00,QQWR4601081024609,ACTIVE,-1291.02,MCH5193,1,0,0,0,0,0,0
MCH1305,Ghose-Batta,4131,Transport,individual,Hyd,Telangana,2025-12-20 00:00:00,,INACTIVE,380.06,MCH1305,0,0,0,1,0,0,0
MCH1162,"Anand, Mistry and Khare",5999,Miscellaneous,private_limited,New Delhi,Delhi,2025-02-12 00:00:00,XXXX2346,ACTIVE,0.1311,mch1162,0,0,0,0,0,0,0
MCH1387,HANDA-TALWAR,4131,TRAVEL,sole_proprietor,lucknow,Uttar Pradesh,2023-10-05 03:18:00,,ACTIVE,0.754,MCH1387,0,0,0,1,0,0,0
MCH4114,Pate1 PLC,4131,transprt,PRIVATE_LIMITED,Madras,Tamil Nadu,2023-03-17 00:00:00,,ACTIVE,2658.88,MCH4114,0,0,0,1,0,0,0
MCH6721,"Saran, Varughese and Savant",5912,Pharmacies,INDIVIDUAL,ludhiana,Punjab,2025-11-11 00:00:00,EEDF3505931890281,ACTIVE,1696.94,MCH6721,0,0,0,0,0,0,0
MCH4669,Bail PLC,4131,Bus/Taxi,sole_proprietor,lucknow,Uttar Pradesh,2023-09-17 00:00:00,XXXX4093,INACTIVE,1960.77,MCH4669,0,0,0,0,0,0,0
MCH7126,Deol Ltd,5999,Other,PARTNERSHIP,delhi,Delhi,2025-06-25 00:00:00,,ACTIVE,495.33,MCH7126,0,0,0,1,0,0,0
MCH9805,Sha-Mitter,5311,Retail,PARTNERSHIP,Jalandar,Punjab,,6239132906,ACTIVE,1993.26,MCH9805,0,0,0,0,1,0,0
MCH6064,"Wable, Virk and Gaba",5812,FOOD_SERVICES,Private Limited,ASR,Punjab,2025-06-09 01:56:12,0328512355,ACTIVE,5256.61,MCH6064,0,0,0,0,0,0,0
MCH3369,Hans LLC,5942,Stationery,SOLE-PROPRIETOR,Mumbay,Maharashtra,,YCNF1081951553349,ACTIVE,3188.62,MCH 3369,0,0,0,0,1,0,0
MCH2306,GOSWAMI INC,7011,HOTEL_LODGING,SOLE-PROPRIETOR,bengaluru,Karnataka,,4771057298,ACTIVE,1562.95,MCH2306,0,0,0,0,1,0,0
MCH1874,"Bail, Madan and Mahal",5411,Grocery Stores,PRIVATE-LIMITED,Jalandhar,Punjab,2025-11-03 21:30:47,0723751803,ACTIVE,928.89,MCH1874,0,0,0,0,0,0,0
MCH4939,Bath-Kumer,4814,Mobile Recharge,partnership,DELHI,Delhi,2023-06-10 12:33:00,XXXX8414,ACTIVE,1620.24,MCH4939,0,0,0,0,0,0,0
MCH4290,Venkataraman-Wadhwa,5999,Other,Individual,lucknow,Uttar Pradesh,2023-04-16 00:00:00,NGRS4293634400913,ACTIVE,0.1056,MCH-4290,0,0,0,0,0,0,0
MCH9143,Kibe and Sons,,Mobile Recharge,Individual,Jalandhar,Punjab,2025-12-06 00:00:00,,ACTIVE,924.79,MCH9143,0,0,1,1,0,0,0
MCH7187,Sandhu Inc,5812,Restaurant,Individual,ASR,Punjab,,0356861723,ACTIVE,4006.56,MCH7187,0,0,0,0,1,0,0
MCH9896,wali group,4814,TELECOM,SOLE-PROPRIETOR,pune,Maharashtra,2023-08-15 00:00:00,,BLOCKED,1708.02,MCH-9896,0,0,0,1,0,0,1
MCH1776,Vohra and Sons,5999,Retail Other,PRIVATE_LIMITED,lucknow,Uttar Pradesh,2023-06-16 00:00:00,XXXX6558,ACTIVE,843.8,MCH1776,0,0,0,0,0,0,0
5147,"Rao, Mahal and Wable",5999,Other,PRIVATE-LIMITED,Jalandar,Punjab,2024-09-16 08:12:00,8569345830,ACTIVE,0.687,5147,0,0,0,0,0,0,0
MCH9154,"PAL, DARA AND YADAV",9990,Retail Other,PRIVATE_LIMITED,jaipur,Rajasthan,2025-07-12 00:00:00,XXXX2752,ACTIVE,3887.81,MCH9154,0,0,0,0,0,0,0
MCH8086,Kala LLC,,groceries,Partnership,jalandhar,Punjab,2024-12-29 00:00:00,XXXX1156,ACTIVE,1335.85,MCH 8086,0,0,1,0,0,0,0
MCH9593,Daya1 Inc,,Transportation,PARTNERSHIP,kolkata,West Bengal,2024-05-06 00:00:00,,ACTIVE,2414.51,MCH9593,0,0,1,1,0,0,0
MCH3935,Majumdar-Aggarwal,5311,Department Store,PRIVATE_LIMITED,Delhi,Delhi,2024-07-07 10:50:51,5282295543,ACTIVE,3614.23,MCH3935,0,0,0,0,0,0,0
MCH3046,Walla PLC,5942,Book Store,Private Limited,Jalandhar,Punjab,2023-03-12 00:00:00,DJCZ8193007555479,HOLD,6756.54,MCH3046,0,0,0,0,0,0,0
MCH6308,Panchal PLC,5999,Other,PARTNERSHIP,JPR,Rajasthan,,,ACTIVE,3549.84,MCH 6308,0,0,0,1,1,0,0
MCH9822,Thaman-Parsa,5311,Department Store,PRIVATE_LIMITED,bengaluru,Karnataka,,0500860031,ACTIVE,534.71,MCH 9822,0,0,0,0,1,0,0
MCH5235,Yogi-Dutt,4131,TRAVEL,SOLE_PROPRIETOR,LDH,Punjab,2023-10-19 00:25:55,,ACTIVE,-1341.4,MCH5235,1,0,0,1,0,0,0
MCH5525,Nagy and Sons,7011,HOTEL_LODGING,partnership,Bangalore,Karnataka,2026-01-29 04:09:00,EFCT6045045841970,ACTIVE,1141.1,MCH5525,0,0,0,0,0,0,0
MCH3587,Sagar-Raval,7011,hotel_lodging,partnership,Jalandar,Punjab,2024-07-31 00:00:00,,SUSPENDED,1064.25,MCH3587,0,0,0,1,0,1,0
MCH1128,Natt-Keer,5999,Retail Other,SOLE-PROPRIETOR,Hyd,Telangana,2026-01-10 12:42:55,XXXX1918,ACTIVE,1028.32,MCH1128,0,0,0,0,0,0,0
MCH5317,Seth PLC,7011,HOTEL_LODGING,sole_proprietor,Bangalore,Karnataka,2023-03-01 07:27:37,,ACTIVE,2738.46,mch5317,0,0,0,1,0,0,0
MCH1561,Gera-Kota,5942,Books,sole_proprietor,jaipur,Rajasthan,2024-06-15 00:00:00,8921681390,INACTIVE,0.53,MCH1561,0,0,0,0,0,0,0
MCH5932,Jani-Sathe,4814,TELECOM,PARTNERSHIP,ludhiana,Punjab,2024-10-09 04:03:57,,INACTIVE,2383.64,MCH 5932,0,0,0,1,0,0,0
MCH5477,CHOPRA INC,5411,kirana,individual,LDH,Punjab,2025-01-14 15:06:24,HOQQ9340168679590,ACTIVE,878.29,MCH5477,0,0,0,0,0,0,0
MCH4401,"Misra, Sama and Shetty",4814,phone service,INDIVIDUAL,Poona,Maharashtra,2023-12-10 00:00:00,4220162821,ACTIVE,0.4329,MCH4401,0,0,0,0,0,0,0
MCH9911,"Pal, Dash and Nagi",4131,Transport,INDIVIDUAL,MUMBAI,Maharashtra,2024-11-28 00:00:00,XXXX9114,ACTIVE,1474.73,MCH9911,0,0,0,0,0,0,0
MCH3461,"Balakrishnan, Sachdeva and Sekhon",5999,Miscellaneous,individual,Mumbai,Maharashtra,2025-09-23 02:42:23,QTCR6301966166012,ACTIVE,1049.37,MCH 3461,0,0,0,0,0,0,0
MCH3655,Batra LLC,5912,MEDICAL_STORE,SOLE_PROPRIETOR,Poona,Maharashtra,2024-08-17 00:00:00,,ACTIVE,-528.59,MCH-3655,1,0,0,1,0,0,0
MCH2263,Puri-D’Alia,5311,Department Store,PRIVATE-LIMITED,ASR,Punjab,2024-08-29 00:00:00,CMUQ0128896673333,ACTIVE,2781.79,MCH 2263,0,0,0,0,0,0,0
MCH9001,Mangat-Sachar,4814,Mobile Recharge,Individual,Kolkata,West Bengal,2023-09-11 00:00:00,MHGZ0836129052576,ACTIVE,805.62,MCH9001,0,0,0,0,0,0,0
MCH6595,More-Sharma,7011,Hotel,SOLE_PROPRIETOR,jalandhar,Punjab,2023-11-12 00:00:00,,ACTIVE,308.54,MCH6595,0,0,0,1,0,0,0
MCH6430,prakash group,4814,TELECOM,individual,Hyd,Telangana,2025-08-05 00:00:00,,BLOCKED,5278.71,MCH6430,0,0,0,1,0,0,1
1612,Salvi-Patel,5812,Restaurant,partnership,Dilli,Delhi,2023-09-05 00:00:00,3960939473,SUSPENDED,1940.8,1612,0,0,0,0,0,1,0
MCH9990,Mishra Inc,9120,MEDICAL_STORE,PRIVATE_LIMITED,Mumbay,Maharashtra,2023-02-18 00:00:00,XXXX3137,ACTIVE,970.05,MCH9990,0,0,0,0,0,0,0
MCH8521,Rao Ltd,5812,Food,SOLE-PROPRIETOR,jaipur,Rajasthan,2023-02-05 00:00:00,1686745515,HOLD,2388.44,MCH8521,0,0,0,0,0,0,0
MCH7631,DOSHI-VERMA,5942,BOOKS_STATIONERY,Partnership,kolkata,West Bengal,2024-01-27 00:00:00,,ACTIVE,2548.32,MCH7631,0,0,0,1,0,0,0
MCH4454,"RAMAN, MUKHERJEE AND SINHA",9420,BOOKS_STATIONERY,SOLE-PROPRIETOR,kolkata,West Bengal,2024-12-26 22:24:01,NRFQ4744687183200,ACTIVE,567.26,MCH4454,0,0,0,0,0,0,0
MCH5847,Andra-Tata,5699,Fashion,Private Limited,Jaipur,Rajasthan,2023-01-02 11:44:45,,ACTIVE,693.92,MCH5847,0,0,0,1,0,0,0
MCH4444,Khalsa PLC,5999,Retail Other,Partnership,ludhiana,Punjab,2023-05-25 00:00:00,XXXX2938,ACTIVE,2332.61,MCH4444,0,0,0,0,0,0,0
MCH7074,tripathi-nayar,,Transportation,Individual,Calcutta,West Bengal,2023-09-15 21:13:08,XXXX6196,INACTIVE,3455.86,MCH7074,0,0,1,0,0,0,0
MCH4556,Bhakta Inc,5942,Book Store,PRIVATE-LIMITED,Mumbai,Maharashtra,2026-02-03 00:00:00,,ACTIVE,881.89,MCH4556,0,0,0,1,0,0,0
MCH1966,Munshi-Bath,4131,TRAVEL,private_limited,Bangalore,Karnataka,2026-01-27 00:00:00,,SUSPENDED,1858.12,MCH 1966,0,0,0,1,0,1,0
MCH6321,Chander Ltd,5999,Other,private_limited,jaipur,Rajasthan,,,ACTIVE,380.1,MCH6321,0,0,0,1,1,0,0
MCH9119,Dyal-Salvi,4814,TELECOM,Partnership,Chennai,Tamil Nadu,2023-04-20 00:00:00,,ACTIVE,6428.96,MCH9119,0,0,0,1,0,0,0
MCH1509,"Rajan, Dash and Bora",,Transportation,private_limited,Amritsar,Punjab,2025-04-26 00:00:00,,INACTIVE,0.806,MCH 1509,0,0,1,1,0,0,0
MCH7566,KADE-BHATTACHARYYA,5912,Pharmacy,Individual,MUMBAI,Maharashtra,2024-12-11 00:00:00,,INACTIVE,748.55,MCH7566,0,0,0,1,0,0,0
MCH7795,Maharaj PLC,5812,Restaurant,SOLE-PROPRIETOR,amritsar,Punjab,2023-01-14 00:00:00,,ACTIVE,0.1446,MCH7795,0,0,0,1,0,0,0
MCH6707,Kari Ltd,,Books,Sole Proprietor,Bangalore,Karnataka,2025-06-21 00:00:00,8891593046,ACTIVE,1949.47,mch6707,0,0,1,0,0,0,0
9999,"KONDA, SUBRAMANIAN AND RAU",5999,Retail Other,Individual,MUMBAI,Maharashtra,2024-01-16 20:59:00,,ACTIVE,0.51,9999,0,0,0,1,0,0,0
MCH2954,gour group,5912,MEDICAL_STORE,partnership,Calcutta,West Bengal,2024-02-13 21:15:01,,ACTIVE,0.1398,MCH2954,0,0,0,1,0,0,0
MCH1627,DUA LTD,5999,Miscellaneous,private_limited,LKO,Uttar Pradesh,2024-07-31 00:00:00,,ACTIVE,160.25,MCH1627,0,0,0,1,0,0,0
MCH5505,Korpal Inc,4814,Telecom,INDIVIDUAL,Bombay,Maharashtra,2025-05-05 00:00:00,,ACTIVE,1908.25,MCH5505,0,0,0,1,0,0,0
MCH2588,datta inc,5699,Apparel,Private Limited,Jaipur,Rajasthan,2024-09-28 00:00:00,XXXX7714,ACTIVE,311.95,MCH2588,0,0,0,0,0,0,0
MCH4187,"Tella, Hayre and Patla",8120,eating place,sole_proprietor,Jaipur,Rajasthan,2023-09-08 00:00:00,,SUSPENDED,2332.84,MCH4187,0,0,0,1,0,1,0
MCH2470,Chadha LLC,,Retail Other,INDIVIDUAL,LKO,Uttar Pradesh,2025-01-28 00:00:00,DYBS8259485877528,ACTIVE,144.47,MCH 2470,0,0,1,0,0,0,0
MCH9257,Deep-Venkataraman,0110,Hotels,PARTNERSHIP,ASR,Punjab,2023-12-17 00:00:00,AYAD9422325940628,ACTIVE,705.83,MCH9257,0,0,0,0,0,0,0
3404,"parekh, lad and soman",5311,DEPT_STORE,Individual,Mumbai,Maharashtra,2023-02-16 00:00:00,PSMJ2500672647390,ACTIVE,-1405.46,3404,1,0,0,0,0,0,0
MCH6447,"Mody, Dara and Ray",5812,Restaurant,INDIVIDUAL,Calcutta,West Bengal,2023-05-19 00:00:00,XXXX4551,ACTIVE,860.24,MCH 6447,0,0,0,0,0,0,0
MCH9335,Shenoy Group,5699,garments,PARTNERSHIP,Lucknow,Uttar Pradesh,2024-07-07 04:29:20,,ACTIVE,1203.23,MCH9335,0,0,0,1,0,0,0
MCH6974,Ramaswamy Ltd,5311,Department Stores,INDIVIDUAL,Delhi,Delhi,2026-01-01 00:00:00,XXXX1883,ACTIVE,0.1499,MCH6974,0,0,0,0,0,0,0
MCH8648,MUKHOPADHYAY PLC,1310,Bus/Taxi,Sole Proprietor,Mumbai,Maharashtra,2023-11-21 00:00:00,YHOL6648547123400,ACTIVE,0.1325,MCH8648,0,0,0,0,0,0,0
MCH2445,"Vohra, Gill and Saini",5311,DEPT_STORE,Individual,JPR,Rajasthan,2025-05-01 00:00:00,XXXX4477,INACTIVE,887.98,MCH2445,0,0,0,0,0,0,0
MCH8934,kakar group,5812,FOOD_SERVICES,SOLE-PROPRIETOR,LDH,Punjab,,WUVU9130782874849,ACTIVE,1507.45,MCH8934,0,0,0,0,1,0,0
7386,Tara PLC,5912,chemist,PRIVATE-LIMITED,Hyd,Telangana,2025-12-17 00:00:00,,HOLD,1062.8,7386,0,0,0,1,0,0,0
MCH9353,"Baral, Raj and Mishra",4110,kirana,PARTNERSHIP,bengaluru,Karnataka,2025-03-19 22:49:10,1787550452,ACTIVE,,MCH9353,0,1,0,0,0,0,0
MCH1960,Bail-Chand,5411,kirana,PARTNERSHIP,Hyd,Telangana,2024-08-26 00:00:00,XXXX7716,ACTIVE,0.613,MCH 1960,0,0,0,0,0,0,0
MCH5067,Mangat-Pant,4814,TELECOM,Individual,Poona,Maharashtra,2024-02-27 00:00:00,NOGU4869470784091,ACTIVE,1263.65,mch5067,0,0,0,0,0,0,0
MCH4082,Khurana Inc,5999,Other,private_limited,delhi,Delhi,2023-06-02 00:00:00,MAKF1380226043660,INACTIVE,288.7,MCH4082,0,0,0,0,0,0,0
MCH5637,pandit-bail,5311,Retail,Private Limited,lucknow,Uttar Pradesh,2024-09-15 00:00:00,XXXX5250,ACTIVE,905.79,MCH 5637,0,0,0,0,0,0,0
5662,BUCH PLC,1310,TRAVEL,partnership,DELHI,Delhi,2023-01-18 20:50:14,9769098268,ACTIVE,2776.96,5662,0,0,0,0,0,0,0
MCH8725,"SHAH, KRISHNA AND BORRA",5699,Clothing,SOLE-PROPRIETOR,lucknow,Uttar Pradesh,2024-02-15 00:00:00,,ACTIVE,-508.73,MCH8725,1,0,0,1,0,0,0
MCH4374,Venkatesh LLC,7011,Hotel,INDIVIDUAL,Jalandhar,Punjab,2025-01-15 22:22:17,,ACTIVE,418.37,MCH4374,0,0,0,1,0,0,0
MCH4131,"Goyal, Krishnamurthy and Dewan",4131,Transport,INDIVIDUAL,Jaipur,Rajasthan,2023-10-24 14:15:00,4282467745,INACTIVE,319.32,MCH4131,0,0,0,0,0,0,0
4818,Trivedi-Randhawa,5411,Grocery,partnership,bengaluru,Karnataka,,XXXX9024,ACTIVE,1275.92,4818,0,0,0,0,1,0,0
MCH5186,"Iyer, Sarma and Issac",5311,department store,PRIVATE-LIMITED,jaipur,Rajasthan,2023-03-27 20:46:00,WHOY9873117052427,INACTIVE,830.18,MCH5186,0,0,0,0,0,0,0
7509,Narasimhan-Naidu,5699,garments,SOLE-PROPRIETOR,Kolkata,West Bengal,2025-07-29 00:00:00,RUXH2213582281170,ACTIVE,1271.23,7509,0,0,0,0,0,0,0
MCH6992,"Srivastava, Sha and Natarajan",5812,Restaurant,Partnership,amritsar,Punjab,2026-01-21 00:00:00,5921074250,ACTIVE,0.893,MCH6992,0,0,0,0,0,0,0
MCH4145,"Dalal, Dass and Vaidya",5942,Book Store,sole_proprietor,Poona,Maharashtra,2025-09-16 00:00:00,PZMX8375142166938,SUSPENDED,-1294.48,MCH-4145,1,0,0,0,0,1,0
MCH6356,"pandit, wagle and kata",7011,Hospitality,private_limited,ASR,Punjab,2024-08-03 09:31:28,XXXX6397,INACTIVE,499.8,MCH6356,0,0,0,0,0,0,0
MCH7540,Buch-Das,5311,DEPT_STORE,SOLE-PROPRIETOR,Hyd,Telangana,2025-05-17 00:00:00,ILTI6803944844549,ACTIVE,-2362.92,MCH 7540,1,0,0,0,0,0,0
MCH6020,Goda Ltd,5942,Books,SOLE_PROPRIETOR,Lucknow,Uttar Pradesh,2025-01-09 00:00:00,XXXX5529,ACTIVE,2555.72,mch6020,0,0,0,0,0,0,0
MCH8921,"Palla, Kanda and Kohli",5411,Grocery Stores,INDIVIDUAL,jaipur,Rajasthan,2023-04-01 00:00:00,,INACTIVE,1560.65,mch8921,0,0,0,1,0,0,0
MCH5770,kari llc,5912,Medical,Private Limited,HYDERABAD,Telangana,2025-01-29 10:38:17,,ACTIVE,573.41,MCH5770,0,0,0,1,0,0,0
MCH8324,Golla-Chaudhuri,7011,Hospitality,PRIVATE_LIMITED,jalandhar,Punjab,2025-06-04 00:00:00,,ACTIVE,,mch8324,0,1,0,1,0,0,0
MCH5596,Biswas Group,5311,Retail,partnership,Bangalore,Karnataka,2024-02-12 00:00:00,MQQQ6004896266330,SUSPENDED,-464.03,MCH5596,1,0,0,0,0,1,0
MCH7832,"Sodhi, Venkataraman and Kohli",5999,Misc Retail,INDIVIDUAL,Delhi,Delhi,2025-06-02 00:45:12,XXXX9396,ACTIVE,4116.49,MCH7832,0,0,0,0,0,0,0
MCH6977,SATHE-JHA,5942,Book Store,INDIVIDUAL,LKO,Uttar Pradesh,2023-08-06 00:00:00,XXXX2950,ACTIVE,-1341.62,MCH6977,1,0,0,0,0,0,0
MCH9472,Sankaran-Om,5699,Apparel,private_limited,delhi,Delhi,2023-03-06 00:00:00,OYDX9439754020828,INACTIVE,4710.1,mch9472,0,0,0,0,0,0,0
5955,Lad-K0nda,5411,Grocery,sole_proprietor,JPR,Rajasthan,2023-07-26 00:00:00,,ACTIVE,1069.21,5955,0,0,0,1,0,0,0
MCH4288,KASHYAP-PUROHIT,5699,Fashion,private_limited,JPR,Rajasthan,2025-10-08 00:00:00,,ACTIVE,262.02,MCH4288,0,0,0,1,0,0,0
MCH8579,OM LLC,5311,Department Stores,SOLE-PROPRIETOR,BLR,Karnataka,2024-10-05 00:00:00,IKJV1180612753786,ACTIVE,3034.67,MCH8579,0,0,0,0,0,0,0
MCH7685,"Badal, Khurana and Bansal",3110,Department Stores,INDIVIDUAL,Jalandhar,Punjab,2025-05-06 00:19:28,XXXX6889,INACTIVE,-3304.25,MCH7685,1,0,0,0,0,0,0
MCH5217,"Kapur, Sabharwal and Chaudhuri",5311,Retail,Sole Proprietor,lucknow,Uttar Pradesh,2023-03-07 21:02:17,OZSL0162567761883,INACTIVE,499.03,MCH5217,0,0,0,0,0,0,0
MCH4754,"Chhabra, Setty and Srinivasan",5699,CLOTHS,PRIVATE-LIMITED,HYDERABAD,Telangana,2023-12-04 00:00:00,LSCG0121828291549,INACTIVE,2016.37,MCH4754,0,0,0,0,0,0,0
MCH3778,"Bhagat, Sama and Murthy",,phone service,individual,amritsar,Punjab,2026-01-18 00:00:00,ETOX8271252256292,INACTIVE,2790.66,mch3778,0,0,1,0,0,0,0
MCH4544,"Som, Deshmukh and Narang",5411,kirana,Partnership,Bangalore,Karnataka,2023-04-28 00:00:00,,ACTIVE,4619.33,MCH-4544,0,0,0,1,0,0,0
MCH4642,Jaggi Ltd,5411,GROCERY_STORE,PARTNERSHIP,delhi,Delhi,2024-04-16 00:00:00,XXXX5243,SUSPENDED,1180.53,MCH-4642,0,0,0,0,0,1,0
MCH5409,Buch Inc,5699,Apparel,SOLE-PROPRIETOR,Amritsar,Punjab,2023-03-04 00:10:00,VIYX5305249313484,ACTIVE,0.922,MCH5409,0,0,0,0,0,0,0
MCH2681,Mahajan and Sons,5699,Fashion,Sole Proprietor,Bengaluru,Karnataka,2023-03-17 00:00:00,XXXX6222,ACTIVE,721.36,mch2681,0,0,0,0,0,0,0
MCH6099,Yadav LLC,4814,TELECOM,PARTNERSHIP,Bengaluru,Karnataka,2025-06-16 00:00:00,7606007756,ACTIVE,4726.0,MCH6099,0,0,0,0,0,0,0
MCH5843,Wason and Sons,4814,Mobile Recharge,INDIVIDUAL,HYDERABAD,Telangana,2023-05-30 00:00:00,,INACTIVE,1023.46,MCH5843,0,0,0,1,0,0,0
MCH2816,Behl Group,5812,Food,sole_proprietor,amritsar,Punjab,2023-02-17 00:00:00,UHYF4970596803050,INACTIVE,5297.33,MCH2816,0,0,0,0,0,0,0
MCH5961,Batra Ltd,5812,Restaurant,Individual,jalandhar,Punjab,2024-05-24 00:00:00,CHMJ2049480871128,ACTIVE,0.608,MCH5961,0,0,0,0,0,0,0
MCH2797,Sandhu-Singh,7011,HOTEL_LODGING,Partnership,Bengaluru,Karnataka,2025-05-27 00:00:00,XXXX2336,ACTIVE,1083.54,MCH 2797,0,0,0,0,0,0,0
MCH7621,Iyer-Mangal,5411,kirana,SOLE-PROPRIETOR,Jalandar,Punjab,2023-09-14 09:28:09,9620926226,ACTIVE,1096.69,MCH-7621,0,0,0,0,0,0,0
MCH2574,Bala and Sons,5699,Fashion,individual,DELHI,Delhi,,HZFE1194010260924,SUSPENDED,197.23,MCH 2574,0,0,0,0,1,1,0
MCH1894,Shenoy-Venkatesh,5699,CLOTHS,INDIVIDUAL,Dilli,Delhi,2024-09-16 09:00:00,CBAO3449497595676,ACTIVE,666.26,MCH1894,0,0,0,0,0,0,0
3265,Rau PLC,5311,Department Stores,partnership,Poona,Maharashtra,2023-07-01 00:00:00,,ACTIVE,843.84,3265,0,0,0,1,0,0,0
MCH8967,"KAKAR, MANDAL AND SEHGAL",4814,TELECOM,private_limited,DELHI,Delhi,2024-01-26 00:00:00,XXXX8902,ACTIVE,-3964.67,MCH8967,1,0,0,0,0,0,0
MCH9769,Setty-Mistry,5311,Retail,PARTNERSHIP,Mumbay,Maharashtra,2023-10-31 00:00:00,,ACTIVE,301.79,MCH9769,0,0,0,1,0,0,0
MCH6445,Shere and Sons,5912,Medical,individual,Ludhiana,Punjab,2025-01-28 00:00:00,,ACTIVE,0.766,MCH6445,0,0,0,1,0,0,0
MCH8591,Dutta and Sons,5999,Misc Retail,Individual,Kolkata,West Bengal,2025-02-02 00:00:00,XXXX4892,ACTIVE,2731.17,MCH8591,0,0,0,0,0,0,0
MCH5851,Sani Ltd,5999,Retail Other,Partnership,Jaipur,Rajasthan,2023-02-06 00:00:00,5213441540,ACTIVE,1306.04,MCH5851,0,0,0,0,0,0,0
MCH8769,Dara-Keer,5912,Pharmacies,Private Limited,JPR,Rajasthan,2024-12-29 11:46:00,,ACTIVE,637.83,MCH8769,0,0,0,1,0,0,0
MCH8437,"Kurian, Yadav and Sidhu",5812,eating place,partnership,ASR,Punjab,2024-09-09 00:00:00,,ACTIVE,1382.63,MCH8437,0,0,0,1,0,0,0
MCH8654,Bal-Rastogi,9420,Books,INDIVIDUAL,Lucknow,Uttar Pradesh,,OIHN1833579743530,INACTIVE,619.2,MCH8654,0,0,0,0,1,0,0
MCH5829,Mall LLC,5699,Apparel,SOLE_PROPRIETOR,Madras,Tamil Nadu,2023-07-12 00:00:00,,ACTIVE,-940.71,MCH5829,1,0,0,1,0,0,0
MCH3321,Barad-Trivedi,,transprt,Sole Proprietor,amritsar,Punjab,2025-09-19 04:50:00,,ACTIVE,2096.6,MCH3321,0,0,1,1,0,0,0
MCH8091,"TRIVEDI, VOHRA AND DASH",5812,FOOD_SERVICES,SOLE-PROPRIETOR,LDH,Punjab,2023-03-26 00:00:00,XXXX3774,ACTIVE,1507.11,MCH8091,0,0,0,0,0,0,0
MCH6944,Amb1e-Duga1,4131,Bus/Taxi,INDIVIDUAL,Bombay,Maharashtra,2023-02-22 00:00:00,YQIS3275286791151,ACTIVE,1017.42,MCH6944,0,0,0,0,0,0,0
MCH3328,Singh-Comar,5912,MEDICAL_STORE,sole_proprietor,pune,Maharashtra,2025-12-14 00:00:00,XXXX6840,ACTIVE,-3993.96,MCH3328,1,0,0,0,0,0,0
MCH7272,Kulkarni-Subramanian,4131,TRAVEL,Sole Proprietor,bengaluru,Karnataka,2023-12-21 09:01:15,XXXX7890,INACTIVE,376.69,MCH7272,0,0,0,0,0,0,0
MCH9743,Sahota-Krish,5942,Stationery,private_limited,LDH,Punjab,2023-05-22 00:00:00,,ACTIVE,873.78,mch9743,0,0,0,1,0,0,0
MCH3601,Deshpande-Nigam,4131,Transport,Partnership,Bengaluru,Karnataka,2024-12-06 06:21:00,7464108463,ACTIVE,2765.11,MCH3601,0,0,0,0,0,0,0
MCH7795,"Samra, Venkataraman and Bhatti",4131,TRAVEL,PRIVATE-LIMITED,Amritsar,Punjab,2024-03-08 04:15:00,XXXX1904,ACTIVE,723.93,MCH7795,0,0,0,0,0,0,0
MCH9456,Anne Group,5999,Misc Retail,Sole Proprietor,chennai,Tamil Nadu,2024-05-16 00:00:00,,ACTIVE,896.81,MCH9456,0,0,0,1,0,0,0
MCH4385,Bera-S0m,,groceries,private_limited,Jalandar,Punjab,2023-05-08 00:00:00,XXXX8868,ACTIVE,2548.67,MCH4385,0,0,1,0,0,0,0
MCH2604,Sharaf-Kaur,4131,Transportation,Private Limited,Lucknow,Uttar Pradesh,2023-10-30 00:00:00,CYOT7406673710255,ACTIVE,1813.01,MCH2604,0,0,0,0,0,0,0
3936,Bath Inc,5411,GROCERY_STORE,INDIVIDUAL,Lucknow,Uttar Pradesh,2023-06-13 00:00:00,,ACTIVE,879.38,3936,0,0,0,1,0,0,0
MCH5861,MANNE-CHATTERJEE,5812,Food,SOLE_PROPRIETOR,DELHI,Delhi,2024-10-28 00:00:00,,ACTIVE,174.45,MCH 5861,0,0,0,1,0,0,0
MCH5293,Palla-Dhar,4131,TRAVEL,Private Limited,bengaluru,Karnataka,2024-07-12 00:00:00,DZXI0061252359392,SUSPENDED,1936.57,MCH5293,0,0,0,0,0,1,0
MCH5809,Buch PLC,4131,Bus/Taxi,INDIVIDUAL,BLR,Karnataka,2025-01-22 00:00:00,,ACTIVE,461.99,MCH5809,0,0,0,1,0,0,0
MCH9120,sood ltd,7011,Hotel,SOLE-PROPRIETOR,Mumbay,Maharashtra,2025-09-24 21:17:00,,ACTIVE,680.9,MCH9120,0,0,0,1,0,0,0
MCH7326,"Mandal, Behl and Bhattacharyya",7011,Hospitality,sole_proprietor,Chennai,Tamil Nadu,2024-10-26 07:07:51,,ACTIVE,1119.05,MCH7326,0,0,0,1,0,0,0
MCH4042,ROUT-MAHARAJ,5999,Miscellaneous,PARTNERSHIP,amritsar,Punjab,2024-12-01 06:50:00,LYKH2325135629245,ACTIVE,696.23,MCH4042,0,0,0,0,0,0,0
MCH1216,"Agarwal, Dave and Vala",7011,hotels,SOLE-PROPRIETOR,chennai,Tamil Nadu,2024-10-18 00:00:00,,ACTIVE,2228.42,MCH1216,0,0,0,1,0,0,0
MCH3384,BALA-DHALIWAL,5942,Book Store,INDIVIDUAL,Mumbai,Maharashtra,,,ACTIVE,635.55,mch3384,0,0,0,1,1,0,0
MCH4567,Bhatti Inc,7011,Hotels,partnership,HYDERABAD,Telangana,2023-03-29 00:00:00,XXXX2555,ACTIVE,1514.65,mch4567,0,0,0,0,0,0,0
MCH9092,Deshmukh Inc,7011,HOTEL_LODGING,Individual,jalandhar,Punjab,2024-02-11 00:00:00,PJZZ8412701337348,INACTIVE,859.52,MCH9092,0,0,0,0,0,0,0
MCH8622,choudhry-krishna,7011,HOTEL_LODGING,Partnership,Pune,Maharashtra,2025-03-18 00:00:00,,ACTIVE,196.86,MCH8622,0,0,0,1,0,0,0
MCH5618,Mital-Sandhu,5411,Grocery Stores,PARTNERSHIP,Poona,Maharashtra,,4978324715,ACTIVE,0.862,MCH5618,0,0,0,0,1,0,0
MCH8945,"Sankar, Swamy and Char",5411,groceries,sole_proprietor,kolkata,West Bengal,2026-02-26 00:00:00,XXXX4564,ACTIVE,0.1329,MCH 8945,0,0,0,0,0,0,0
9662,Basu-Korpal,4814,TELECOM,private_limited,Poona,Maharashtra,2023-09-13 15:28:38,WZTV1265477628451,ACTIVE,0.1152,9662,0,0,0,0,0,0,0
MCH9229,Anne-Parikh,,BOOKS_STATIONERY,Private Limited,jaipur,Rajasthan,2025-10-23 00:00:00,,INACTIVE,173.81,MCH9229,0,0,1,1,0,0,0
MCH8013,Thakkar-Vohra,5942,Books,Sole Proprietor,Bengaluru,Karnataka,2024-08-06 00:00:00,8058369632,ACTIVE,,MCH8013,0,1,0,0,0,0,0
MCH2418,Dasgupta-Dhingra,4131,Transport,individual,Mumbay,Maharashtra,2023-01-26 00:00:00,YNNK7976103050442,INACTIVE,665.99,MCH2418,0,0,0,0,0,0,0
MCH2093,Ghosh-Gaba,,Misc Retail,SOLE-PROPRIETOR,Ludhiana,Punjab,2024-02-05 00:00:00,IJYU8161082317804,ACTIVE,0.2389,MCH2093,0,0,1,0,0,0,0
MCH8053,CHHABRA INC,4814,telecom,individual,Hyderabad,Telangana,2023-03-29 01:53:59,XXXX7777,ACTIVE,1235.44,mch8053,0,0,0,0,0,0,0
MCH1555,Raj LLC,5942,Stationery,individual,Pune,Maharashtra,2023-04-23 00:00:00,,ACTIVE,0.602,MCH1555,0,0,0,1,0,0,0
7581,"Deshpande, Butala and Jain",5699,Clothing,Private Limited,Lucknow,Uttar Pradesh,2024-08-13 00:00:00,5640516477,ACTIVE,,7581,0,1,0,0,0,0,0
7930,"Bhatt, Ganguly and Dhingra",5311,Department Stores,sole_proprietor,Dilli,Delhi,2025-12-16 00:00:00,,BLOCKED,1892.15,7930,0,0,0,1,0,0,1
MCH2248,Mutti-Manne,5812,Restaurant,PARTNERSHIP,Ludhiana,Punjab,2023-11-22 00:00:00,,INACTIVE,0.1021,mch2248,0,0,0,1,0,0,0
MCH1840,Chahal and Sons,5942,Stationery,SOLE-PROPRIETOR,Ludhiana,Punjab,2026-06-02 00:00:00,XXXX9616,ACTIVE,0.764,MCH1840,0,0,0,0,0,0,0
MCH4495,"Nadig, Gade and Jha",5942,Book Store,partnership,Hyd,Telangana,2024-05-10 06:24:00,,ACTIVE,1329.61,mch4495,0,0,0,1,0,0,0
MCH1405,chandra inc,5311,Department Store,PARTNERSHIP,ludhiana,Punjab,2026-02-10 00:00:00,4121935460,INACTIVE,0.1248,MCH1405,0,0,0,0,0,0,0
MCH2033,"Munshi, Sundaram and Bhasin",5699,garments,PRIVATE-LIMITED,Poona,Maharashtra,2025-09-30 00:00:00,XXXX3680,ACTIVE,294.83,MCH2033,0,0,0,0,0,0,0
MCH4529,Wali LLC,5999,Other,SOLE-PROPRIETOR,DELHI,Delhi,2023-02-13 00:00:00,XXXX0169,HOLD,468.55,MCH4529,0,0,0,0,0,0,0
MCH3233,"Dada, Pingle and Date",5699,Fashion,INDIVIDUAL,Poona,Maharashtra,2025-11-23 00:00:00,,INACTIVE,5434.84,MCH 3233,0,0,0,1,0,0,0
MCH1573,"Tailor, Som and Soni",4814,phone service,PARTNERSHIP,jalandhar,Punjab,2023-12-11 00:00:00,,ACTIVE,540.2,mch1573,0,0,0,1,0,0,0
MCH8795,basak-bhavsar,5942,BOOKS_STATIONERY,SOLE_PROPRIETOR,Jaipur,Rajasthan,2024-03-15 00:00:00,XXXX0185,INACTIVE,243.16,MCH-8795,0,0,0,0,0,0,0
MCH3272,Gera Group,6990,CLOTHS,sole_proprietor,chennai,Tamil Nadu,2023-03-04 12:44:00,EMXM6349169987807,ACTIVE,2272.01,MCH3272,0,0,0,0,0,0,0
MCH2223,Dhaliwal LLC,4814,Mobile Recharge,individual,mumbai,Maharashtra,2024-07-14 16:20:52,XXXX3669,ACTIVE,543.88,MCH2223,0,0,0,0,0,0,0
MCH8644,M0re-L0ke,4131,Transportation,individual,ludhiana,Punjab,2025-07-20 00:00:00,,ACTIVE,1294.91,MCH8644,0,0,0,1,0,0,0
6666,"atwal, sahni and baral",5311,Retail,PRIVATE_LIMITED,mumbai,Maharashtra,2025-03-03 00:00:00,,HOLD,2735.37,6666,0,0,0,1,0,0,0
MCH2188,"Sundaram, Prakash and Sheth",5699,Fashion,sole_proprietor,HYDERABAD,Telangana,2025-11-02 20:29:00,,ACTIVE,-778.36,MCH-2188,1,0,0,1,0,0,0
MCH1732,"BAL, LOKE AND CHADHA",5411,GROCERY_STORE,PRIVATE-LIMITED,Delhi,Delhi,2024-10-24 00:00:00,9581945425,ACTIVE,3477.98,MCH1732,0,0,0,0,0,0,0
MCH8492,Narayan Gr0up,4814,TELECOM,Individual,Calcutta,West Bengal,,XXXX3928,INACTIVE,,MCH8492,0,1,0,0,1,0,0
MCH7991,Rastogi PLC,5942,Book Store,PARTNERSHIP,Mumbay,Maharashtra,,,ACTIVE,1076.7,MCH 7991,0,0,0,1,1,0,0
MCH1816,Modi-Sinha,,Grocery Stores,INDIVIDUAL,HYDERABAD,Telangana,2023-11-24 00:00:00,XXXX5140,ACTIVE,,MCH1816,0,1,1,0,0,0,0
MCH1956,Sodhi PLC,5912,pharmacy,INDIVIDUAL,amritsar,Punjab,2025-09-28 15:41:51,TLKU2109519549509,ACTIVE,1459.74,MCH1956,0,0,0,0,0,0,0
MCH1343,NARASIMHAN-SHETTY,9990,Miscellaneous,INDIVIDUAL,kolkata,West Bengal,2023-08-18 00:00:00,LWCS5510064722287,ACTIVE,3443.8,MCH1343,0,0,0,0,0,0,0
MCH8674,"Mani, Dutta and Issac",5812,Food,PRIVATE_LIMITED,chennai,Tamil Nadu,2023-05-05 15:05:33,1748773482,ACTIVE,,MCH 8674,0,1,0,0,0,0,0
MCH4637,Mitter-Pandya,5411,Grocery Stores,Individual,Chennai,Tamil Nadu,2023-05-09 20:41:00,XXXX4099,ACTIVE,2198.28,MCH4637,0,0,0,0,0,0,0
MCH7833,"Chopra, Baral and Hayre",5942,Books,sole_proprietor,HYDERABAD,Telangana,2023-02-10 07:53:34,,SUSPENDED,0.648,MCH7833,0,0,0,1,0,1,0
MCH4767,Prasad Inc,,phone service,PRIVATE-LIMITED,pune,Maharashtra,2023-06-20 00:00:00,,INACTIVE,789.87,MCH 4767,0,0,1,1,0,0,0
MCH9298,Jain Ltd,5942,Books,SOLE_PROPRIETOR,Bangalore,Karnataka,2024-02-03 12:58:21,XXXX4996,ACTIVE,8519.11,MCH9298,0,0,0,0,0,0,0
MCH5268,Nagy-Ravel,5999,Misc Retail,sole_proprietor,kolkata,West Bengal,2025-10-23 00:00:00,AMOJ0905717120034,BLOCKED,4125.6,MCH 5268,0,0,0,0,0,0,1
MCH2786,"MAJUMDAR, RAMACHANDRAN AND BAVA",5699,Clothing,Private Limited,Ludhiana,Punjab,2023-12-17 00:00:00,,ACTIVE,1259.46,MCH-2786,0,0,0,1,0,0,0
2020,"Gole, Bera and Patla",5912,Medical,Sole Proprietor,bengaluru,Karnataka,2024-03-31 00:00:00,,ACTIVE,-4119.49,2020,1,0,0,1,0,0,0
MCH6814,Gara-Seth,4814,TELECOM,PRIVATE_LIMITED,Jaipur,Rajasthan,2024-02-07 00:00:00,2121833537,ACTIVE,-1223.19,mch6814,1,0,0,0,0,0,0
MCH6143,BARAL PLC,5411,kirana,PARTNERSHIP,Calcutta,West Bengal,2024-12-05 02:07:44,7112045329,ACTIVE,1054.97,MCH6143,0,0,0,0,0,0,0
MCH1336,Contractor-Dube,5912,Pharmacies,Partnership,Jalandhar,Punjab,2025-05-26 00:00:00,,ACTIVE,0.885,MCH1336,0,0,0,1,0,0,0
MCH9188,Randhawa PLC,4814,Mobile Recharge,PARTNERSHIP,Jalandhar,Punjab,2024-09-11 00:00:00,XXXX7941,ACTIVE,,MCH9188,0,1,0,0,0,0,0
MCH9474,"dutta, ramesh and buch",7011,Hospitality,SOLE_PROPRIETOR,Hyderabad,Telangana,2024-10-13 00:00:00,,BLOCKED,290.21,mch9474,0,0,0,1,0,0,1
MCH4692,"Bhargava, Rajagopal and Karan",7011,Hotel,PRIVATE-LIMITED,New Delhi,Delhi,2024-08-06 00:00:00,6021368633,ACTIVE,,MCH4692,0,1,0,0,0,0,0
MCH1756,"Borah, Sura and Kunda",5411,groceries,PRIVATE-LIMITED,Jaipur,Rajasthan,2025-10-21 00:00:00,,ACTIVE,1371.78,MCH1756,0,0,0,1,0,0,0
MCH2201,"Chandra, Sen and Ray",5812,eating place,PRIVATE-LIMITED,BLR,Karnataka,2025-11-17 00:00:00,XXXX8373,ACTIVE,-384.1,MCH2201,1,0,0,0,0,0,0
MCH3391,Dass Inc,4131,transprt,PARTNERSHIP,Lucknow,Uttar Pradesh,,XXXX1148,ACTIVE,0.1298,MCH3391,0,0,0,0,1,0,0
MCH1100,swamy inc,5311,retail,Partnership,Ludhiana,Punjab,2024-08-17 00:00:00,9084083237,INACTIVE,2008.22,MCH1100,0,0,0,0,0,0,0
MCH5445,Ganesan Ltd,5311,Retail,PARTNERSHIP,Dilli,Delhi,2025-10-19 00:00:00,BVDS4788304098373,ACTIVE,0.2186,MCH5445,0,0,0,0,0,0,0
MCH9276,TRIVEDI-KUNDA,5699,cloths,INDIVIDUAL,Delhi,Delhi,2025-12-31 04:58:00,XXXX9182,INACTIVE,2310.01,MCH9276,0,0,0,0,0,0,0
MCH3925,Buch-Zachariah,5999,Other,partnership,amritsar,Punjab,2025-03-01 20:26:00,BUKN1515786567969,ACTIVE,-2071.12,MCH3925,1,0,0,0,0,0,0
MCH5037,Chadha LLC,5311,DEPT_STORE,Private Limited,JPR,Rajasthan,2025-05-03 00:00:00,5877889834,ACTIVE,-5536.23,MCH5037,1,0,0,0,0,0,0
MCH2960,Malhotra-Buch,4131,Bus/Taxi,PRIVATE_LIMITED,chennai,Tamil Nadu,2023-06-01 00:00:00,XXXX6660,ACTIVE,2348.07,MCH2960,0,0,0,0,0,0,0
MCH4497,Padmanabhan Group,5812,Restaurant,Individual,MUMBAI,Maharashtra,,,ACTIVE,2142.62,mch4497,0,0,0,1,1,0,0
MCH8844,Bains PLC,,eating place,individual,delhi,Delhi,2023-08-25 11:37:14,,ACTIVE,1442.98,MCH8844,0,0,1,1,0,0,0
MCH6225,"LOYAL, MANDER AND AGRAWAL",5411,Grocery,SOLE-PROPRIETOR,Kolkata,West Bengal,2023-12-17 00:00:00,,ACTIVE,859.91,MCH6225,0,0,0,1,0,0,0
MCH2806,"Raman, Aggarwal and Salvi",9990,Retail Other,PARTNERSHIP,Hyderabad,Telangana,2024-10-16 00:00:00,,ACTIVE,2271.51,MCH2806,0,0,0,1,0,0,0
MCH2655,"Brahmbhatt, Desai and Sangha",4814,telecom,Sole Proprietor,amritsar,Punjab,2026-01-04 00:00:00,4532869649,INACTIVE,0.3102,MCH2655,0,0,0,0,0,0,0
MCH8953,Sibal Group,5699,CLOTHS,PARTNERSHIP,Calcutta,West Bengal,2023-02-28 00:00:00,ZSUM7213589595095,SUSPENDED,1723.81,MCH8953,0,0,0,0,0,1,0
MCH3618,"Narang, Atwal and Merchant",,medical,SOLE_PROPRIETOR,Mumbai,Maharashtra,2023-07-25 00:00:00,LZII0053942814377,ACTIVE,1728.22,MCH3618,0,0,1,0,0,0,0
MCH2896,Jayaraman-Nazareth,5912,MEDICAL_STORE,PRIVATE-LIMITED,Calcutta,West Bengal,2025-07-30 12:10:42,,ACTIVE,1312.79,mch2896,0,0,0,1,0,0,0
MCH2510,sathe plc,5912,chemist,Partnership,Madras,Tamil Nadu,2024-02-02 01:49:36,XXXX9018,ACTIVE,596.36,MCH2510,0,0,0,0,0,0,0
MCH8259,Lall Group,9420,Stationery,sole_proprietor,Jalandhar,Punjab,2023-04-13 00:00:00,,ACTIVE,2667.52,MCH 8259,0,0,0,1,0,0,0
MCH1364,kumar llc,5942,Stationery,partnership,Jalandar,Punjab,2023-04-15 00:00:00,UUOX3735339322838,ACTIVE,1017.95,MCH1364,0,0,0,0,0,0,0
MCH1568,Chandran Ltd,7011,HOTEL_LODGING,SOLE_PROPRIETOR,lucknow,Uttar Pradesh,2024-09-04 00:00:00,,ACTIVE,3618.31,MCH1568,0,0,0,1,0,0,0
MCH6950,"Bal, Swaminathan and Desai",5912,Pharmacy,PARTNERSHIP,jaipur,Rajasthan,2025-04-10 00:08:00,XXXX4795,ACTIVE,1101.05,MCH6950,0,0,0,0,0,0,0
MCH2153,"Dara, Vala and Venkatesh",5699,CLOTHS,partnership,Madras,Tamil Nadu,2023-06-21 00:00:00,,ACTIVE,-1608.19,MCH2153,1,0,0,1,0,0,0
MCH4225,Karnik LLC,6990,CLOTHS,INDIVIDUAL,LDH,Punjab,2025-02-05 13:25:31,5426893917,ACTIVE,537.99,MCH4225,0,0,0,0,0,0,0
MCH3119,CHANA-DESHMUKH,5311,Department Stores,PRIVATE_LIMITED,Hyderabad,Telangana,2024-12-02 00:00:00,,ACTIVE,0.4993,MCH3119,0,0,0,1,0,0,0
MCH9481,"Seshadri, Hora and Magar",,Mobile Recharge,sole_proprietor,Jalandhar,Punjab,2024-02-09 00:00:00,,ACTIVE,927.01,MCH 9481,0,0,1,1,0,0,0
MCH6738,Bhavsar LLC,5699,Apparel,Individual,Lucknow,Uttar Pradesh,2024-05-29 00:00:00,,ACTIVE,,MCH6738,0,1,0,1,0,0,0
MCH1397,Memon LLC,,Stationery,private_limited,BLR,Karnataka,2025-04-18 00:00:00,XXXX0515,ACTIVE,1062.38,MCH1397,0,0,1,0,0,0,0
MCH9059,Shroff Ltd,5311,Department Store,PRIVATE_LIMITED,Jalandhar,Punjab,2023-07-18 00:00:00,,ACTIVE,399.71,MCH9059,0,0,0,1,0,0,0
MCH8329,"Halder, Panchal and Pandit",,Retail Other,INDIVIDUAL,LKO,Uttar Pradesh,2025-07-10 00:00:00,XXXX8898,ACTIVE,0.422,MCH8329,0,0,1,0,0,0,0
MCH4086,"Kannan, Varghese and Lalla",5311,retail,private_limited,mumbai,Maharashtra,2024-08-12 00:00:00,0493830742,ACTIVE,1459.96,MCH4086,0,0,0,0,0,0,0
MCH4958,Dara Inc,4814,phone service,PARTNERSHIP,Pune,Maharashtra,2025-03-30 00:00:00,XXXX0462,ACTIVE,,MCH 4958,0,1,0,0,0,0,0
MCH4582,Pai-Shenoy,,phone service,INDIVIDUAL,Poona,Maharashtra,2025-03-18 00:00:00,XXXX2537,ACTIVE,0.1857,MCH4582,0,0,1,0,0,0,0
MCH1939,"Lal,SahniandChopra",7011,Hotels,PRIVATE_LIMITED,Ludhiana,Punjab,2026-02-05 00:00:00,XXXX8735,ACTIVE,0.509,MCH1939,0,0,0,0,0,0,0
MCH2799,KADAKIA-NAYAK,5812,eating place,Sole Proprietor,delhi,Delhi,2025-05-04 23:51:09,LDOE2045126421896,ACTIVE,-249.35,MCH 2799,1,0,0,0,0,0,0
MCH9353,Ray-Gaba,5812,Restaurants,Private Limited,pune,Maharashtra,2023-09-21 00:00:00,4567108215,ACTIVE,1357.72,MCH9353,0,0,0,0,0,0,0
MCH3818,Gopal-Khalsa,4814,TELECOM,PARTNERSHIP,ASR,Punjab,,,ACTIVE,200.35,MCH3818,0,0,0,1,1,0,0
MCH1245,"Kumer, Varghese and Dhawan",,chemist,PARTNERSHIP,Poona,Maharashtra,2023-08-23 00:00:00,,ACTIVE,725.32,MCH1245,0,0,1,1,0,0,0
MCH4649,"Mand,DattaandSanghvi",7011,Hotels,Partnership,Ludhiana,Punjab,2024-10-16 00:00:00,,ACTIVE,666.8,MCH4649,0,0,0,1,0,0,0
MCH6662,Din-Gour,5999,Misc Retail,INDIVIDUAL,Poona,Maharashtra,2024-02-26 00:00:00,XXXX2767,ACTIVE,3959.93,MCH6662,0,0,0,0,0,0,0
MCH9369,Kara Group,7011,Hospitality,sole_proprietor,Calcutta,West Bengal,2024-07-06 20:37:37,,ACTIVE,0.2036,MCH9369,0,0,0,1,0,0,0
MCH3178,GanesanGroup,5699,Clothing,Individual,New Delhi,Delhi,2025-12-01 00:00:00,,ACTIVE,0.136,MCH3178,0,0,0,1,0,0,0
MCH4157,Minhas-Saran,4814,Telecom,PARTNERSHIP,Bombay,Maharashtra,2025-11-02 00:00:00,,ACTIVE,-2413.97,mch4157,1,0,0,1,0,0,0
4458,"Gola, Dixit and Banik",5411,GROCERY_STORE,SOLE-PROPRIETOR,Amritsar,Punjab,2023-08-25 00:00:00,XXXX8441,ACTIVE,991.85,4458,0,0,0,0,0,0,0
MCH8314,Chawla-Mander,4131,Transportation,partnership,Kolkata,West Bengal,2024-09-07 00:00:00,PBDO0323494203428,ACTIVE,93.33,MCH-8314,0,0,0,0,0,0,0
MCH8472,Guha-Sandhu,8140,phone service,partnership,amritsar,Punjab,,,ACTIVE,1828.57,MCH8472,0,0,0,1,1,0,0
MCH6575,"Nagarajan, Rout and Suri",,Hospitality,individual,bengaluru,Karnataka,2025-01-09 00:00:00,,ACTIVE,-1355.19,MCH6575,1,0,1,1,0,0,0
MCH5929,"Natt, Iyengar and Desai",5699,Apparel,sole_proprietor,delhi,Delhi,2024-02-21 00:00:00,VDBK0710307689723,ACTIVE,1050.02,MCH5929,0,0,0,0,0,0,0
MCH9434,Srinivasan-Savant,5812,Food,partnership,chennai,Tamil Nadu,2023-05-01 21:28:13,XXXX0171,ACTIVE,,MCH9434,0,1,0,0,0,0,0
MCH6582,SAGAR GROUP,5912,Pharmacies,Partnership,Calcutta,West Bengal,2023-06-09 00:00:00,,ACTIVE,0.1999,MCH6582,0,0,0,1,0,0,0
MCH5015,"Pall, Mand and Balakrishnan",5812,eating place,Sole Proprietor,Lucknow,Uttar Pradesh,2024-12-23 20:34:32,9471379053,ACTIVE,2215.59,MCH 5015,0,0,0,0,0,0,0
MCH1706,"Vala, Nagarajan and Saxena",3110,DEPT_STORE,partnership,MUMBAI,Maharashtra,2023-08-27 00:00:00,XXXX3189,INACTIVE,513.27,MCH1706,0,0,0,0,0,0,0
MCH4296,Varty-Varma,5999,Misc Retail,private_limited,amritsar,Punjab,2026-02-24 00:00:00,,ACTIVE,,MCH4296,0,1,0,1,0,0,0
MCH7105,Saini PLC,5812,Food,partnership,kolkata,West Bengal,2023-09-17 00:00:00,,ACTIVE,717.73,MCH-7105,0,0,0,1,0,0,0
MCH7105,Mann-Oommen,4814,Telecom,Private Limited,chennai,Tamil Nadu,2025-11-09 10:45:31,,ACTIVE,461.62,mch7105,0,0,0,1,0,0,0
MCH3069,MAGAR INC,5699,Fashion,Individual,Mumbay,Maharashtra,2024-10-18 00:00:00,,ACTIVE,5346.85,MCH3069,0,0,0,1,0,0,0
MCH1815,Saha-Varghese,4131,Bus/Taxi,PRIVATE_LIMITED,DELHI,Delhi,2024-04-22 07:33:36,XXXX3927,ACTIVE,846.74,MCH 1815,0,0,0,0,0,0,0
8165,"Sandhu, Saran and Dhar",5999,Retail Other,Sole Proprietor,chennai,Tamil Nadu,2023-04-09 00:00:00,XXXX2851,INACTIVE,1269.15,8165,0,0,0,0,0,0,0
MCH6598,"Banik, Halder and Sabharwal",7011,hotel_lodging,individual,mumbai,Maharashtra,2025-06-02 00:00:00,XXXX2729,SUSPENDED,230.53,MCH6598,0,0,0,0,0,1,0
MCH5044,Mahajan-Narasimhan,,Book Store,INDIVIDUAL,Chennai,Tamil Nadu,2025-09-04 00:00:00,,ACTIVE,0.1148,mch5044,0,0,1,1,0,0,0
MCH1941,Bath-Sunder,4814,TELECOM,Sole Proprietor,Jaipur,Rajasthan,2024-05-22 00:00:00,,SUSPENDED,,MCH-1941,0,1,0,1,0,1,0
MCH9012,"Bada1, Saxena and Banik",5912,Medical,SOLE_PROPRIETOR,Madras,Tamil Nadu,2023-04-06 00:00:00,BQEZ6789281493194,ACTIVE,275.88,mch9012,0,0,0,0,0,0,0
MCH9565,Subramanian-Bakshi,4814,Mobile Recharge,PRIVATE_LIMITED,Hyderabad,Telangana,2025-06-26 00:00:00,XXXX4080,INACTIVE,1964.93,MCH9565,0,0,0,0,0,0,0
MCH8135,Bhakta PLC,5999,Miscellaneous,Private Limited,ASR,Punjab,2024-04-09 00:00:00,,ACTIVE,0.857,MCH8135,0,0,0,1,0,0,0
MCH5399,Agate-Wali,9990,Other,private_limited,Chennai,Tamil Nadu,2025-12-26 00:00:00,,ACTIVE,1379.64,MCH5399,0,0,0,1,0,0,0
MCH9877,"Garde, Sabharwal and Prashad",5942,Stationery,PRIVATE-LIMITED,Hyd,Telangana,2024-03-02 00:00:00,9136330532,ACTIVE,1246.91,MCH9877,0,0,0,0,0,0,0
MCH5292,Shankar-Dhawan,5411,kirana,INDIVIDUAL,DELHI,Delhi,,XXXX7847,ACTIVE,,MCH5292,0,1,0,0,1,0,0
MCH2139,"Bali, Mahajan and Oza",5942,Stationery,sole_proprietor,Bengaluru,Karnataka,2023-02-12 00:00:00,XXXX2161,ACTIVE,512.11,MCH2139,0,0,0,0,0,0,0
MCH1032,Manda-Hayer,7011,hotels,PARTNERSHIP,amritsar,Punjab,2025-04-20 00:00:00,XXXX4099,INACTIVE,674.56,mch1032,0,0,0,0,0,0,0
MCH2224,Nadig-Varma,5812,FOOD_SERVICES,PRIVATE-LIMITED,Chennai,Tamil Nadu,2025-10-29 00:00:00,,ACTIVE,0.2261,MCH2224,0,0,0,1,0,0,0
MCH7879,SAWHNEY-GODA,4814,Telecom,Individual,Jalandhar,Punjab,2023-12-30 23:35:00,,ACTIVE,1760.85,MCH7879,0,0,0,1,0,0,0
MCH8835,"Natarajan, Hegde and Varughese",5999,Retail Other,sole_proprietor,Mumbai,Maharashtra,2025-04-08 15:21:00,FGCL8739381455039,ACTIVE,523.96,MCH8835,0,0,0,0,0,0,0
MCH9356,WagleLLC,5411,groceries,partnership,Delhi,Delhi,2025-09-15 00:00:00,XXXX8552,ACTIVE,0.862,MCH9356,0,0,0,0,0,0,0
MCH9502,VYAS-HAYRE,5942,Book Store,SOLE_PROPRIETOR,mumbai,Maharashtra,2023-03-25 00:00:00,,ACTIVE,777.19,MCH 9502,0,0,0,1,0,0,0
MCH4009,Batra Inc,5912,Pharmacy,Individual,Bengaluru,Karnataka,2023-01-02 00:00:00,XXXX5230,INACTIVE,0.1109,MCH-4009,0,0,0,0,0,0,0
9082,"dutt, behl and sant",3110,DEPT_STORE,INDIVIDUAL,Hyd,Telangana,,6486570374,ACTIVE,621.31,9082,0,0,0,0,1,0,0
MCH1447,Uppal Ltd,5912,Medical,Partnership,lucknow,Uttar Pradesh,2026-02-20 00:00:00,,ACTIVE,236.04,MCH-1447,0,0,0,1,0,0,0
MCH3736,Goyal-Thakur,5411,kirana,Individual,Bangalore,Karnataka,2023-12-08 00:00:00,,ACTIVE,1865.39,MCH3736,0,0,0,1,0,0,0
MCH3520,"Kannan, Bail and Sundaram",6990,CLOTHS,sole_proprietor,LDH,Punjab,2024-09-16 08:13:00,XXXX2156,ACTIVE,-383.3,MCH3520,1,0,0,0,0,0,0
MCH4249,Jhaveri Ltd,5812,FOOD_SERVICES,SOLE_PROPRIETOR,bengaluru,Karnataka,2024-01-04 01:29:00,,ACTIVE,6385.99,MCH4249,0,0,0,1,0,0,0
MCH4752,"Chaudhuri, Sampath and Wali",5311,Department Store,INDIVIDUAL,Bengaluru,Karnataka,2024-01-10 00:00:00,0013923003,ACTIVE,399.3,MCH4752,0,0,0,0,0,0,0
MCH1779,Char-Karnik,5699,garments,PRIVATE_LIMITED,Jaipur,Rajasthan,,2529504175,ACTIVE,6097.01,MCH1779,0,0,0,0,1,0,0
MCH1314,"Pant, Mammen and Doctor",5699,Clothing,Individual,Jaipur,Rajasthan,2023-11-12 16:47:12,,ACTIVE,1045.43,MCH-1314,0,0,0,1,0,0,0
MCH6025,korpal-mutti,5812,Restaurants,private_limited,Delhi,Delhi,2024-02-16 00:00:00,,INACTIVE,3367.31,MCH 6025,0,0,0,1,0,0,0
MCH1683,"Sampath, Anne and Madan",5812,FOOD_SERVICES,PARTNERSHIP,Madras,Tamil Nadu,2026-02-14 00:00:00,XXXX9435,ACTIVE,2458.98,mch1683,0,0,0,0,0,0,0
MCH3446,Ganesan-Contractor,4110,GROCERY_STORE,SOLE-PROPRIETOR,Lucknow,Uttar Pradesh,2026-01-24 03:27:14,7922786735,INACTIVE,348.14,mch3446,0,0,0,0,0,0,0
MCH3614,Morar-Sundaram,5812,Food,Individual,Mumbai,Maharashtra,2023-08-09 00:00:00,XXXX5060,ACTIVE,1484.85,MCH 3614,0,0,0,0,0,0,0
MCH5222,"Char, Warrior and Cherian",5699,Apparel,Partnership,Madras,Tamil Nadu,2024-03-19 18:57:00,XXXX0689,INACTIVE,352.83,MCH5222,0,0,0,0,0,0,0
MCH8975,"shanker, kothari and balasubramanian",4814,TELECOM,INDIVIDUAL,Bombay,Maharashtra,2025-10-24 08:14:24,,ACTIVE,-1231.77,MCH 8975,1,0,0,1,0,0,0
MCH6023,DATTA PLC,5411,kirana,Partnership,LDH,Punjab,2026-01-27 00:00:00,6184043041,ACTIVE,2183.74,MCH-6023,0,0,0,0,0,0,0
MCH7325,Chatterjee-Manda,,Misc Retail,Individual,kolkata,West Bengal,2023-01-04 13:43:25,8809607607,ACTIVE,0.142,MCH7325,0,0,1,0,0,0,0
MCH1375,Doctor-Srinivasan,5912,chemist,private_limited,Madras,Tamil Nadu,,,ACTIVE,0.3,MCH-1375,0,0,0,1,1,0,0
MCH3387,Boase Ltd,4814,Mobile Recharge,Sole Proprietor,Chennai,Tamil Nadu,2024-10-20 00:00:00,,ACTIVE,4926.8,MCH 3387,0,0,0,1,0,0,0
MCH2766,Lalla Group,4131,Transportation,PRIVATE_LIMITED,jaipur,Rajasthan,2025-02-06 00:00:00,9008298856,ACTIVE,2585.61,MCH-2766,0,0,0,0,0,0,0
MCH6824,"Talwar, Ramesh and Hora",,BOOKS_STATIONERY,SOLE-PROPRIETOR,Bangalore,Karnataka,2023-10-09 00:00:00,XXXX8796,ACTIVE,3249.65,MCH6824,0,0,1,0,0,0,0
MCH9226,"Sandhu, Jha and Randhawa",5699,Clothing,individual,pune,Maharashtra,2024-12-03 00:00:00,SCBS7759924913955,ACTIVE,5451.11,MCH9226,0,0,0,0,0,0,0
MCH8247,"Pandya, Muni and Hora",8140,phone service,Partnership,Lucknow,Uttar Pradesh,2024-10-24 08:45:00,ODLV2829878275215,ACTIVE,1396.47,MCH8247,0,0,0,0,0,0,0
MCH9428,"Dyal, Varma and Sachdeva",5999,Other,PRIVATE-LIMITED,LKO,Uttar Pradesh,,,ACTIVE,1955.23,mch9428,0,0,0,1,1,0,0
MCH3677,Toor and Sons,5912,MEDICAL_STORE,SOLE_PROPRIETOR,amritsar,Punjab,2025-03-03 06:28:03,XXXX6857,ACTIVE,4703.03,MCH3677,0,0,0,0,0,0,0
MCH3452,"Tandon, Oza and Sharma",5411,Grocery Stores,SOLE-PROPRIETOR,Poona,Maharashtra,2025-08-04 00:00:00,,INACTIVE,-186.45,mch3452,1,0,0,1,0,0,0
MCH9994,"Barad, Lall and Shetty",9420,Stationery,partnership,delhi,Delhi,2026-01-13 00:00:00,5940602579,ACTIVE,1588.48,MCH9994,0,0,0,0,0,0,0
MCH2839,"brar, varughese and cherian",5411,kirana,Partnership,Poona,Maharashtra,2025-04-21 03:59:43,,ACTIVE,614.31,MCH2839,0,0,0,1,0,0,0
MCH5196,Sagar-Kohli,4131,TRAVEL,Partnership,New Delhi,Delhi,2024-02-14 00:00:00,9496058139,ACTIVE,0.3536,mch5196,0,0,0,0,0,0,0
MCH3415,Keer Inc,5812,Restaurant,SOLE_PROPRIETOR,Chennai,Tamil Nadu,2025-06-05 05:53:37,XXXX8129,ACTIVE,-184.25,MCH3415,1,0,0,0,0,0,0
MCH7609,"Nagy, Bhat and Chaudhuri",4131,transprt,individual,delhi,Delhi,2024-01-10 21:47:11,XXXX5106,ACTIVE,3649.36,MCH7609,0,0,0,0,0,0,0
MCH6360,Sur Ltd,4814,TELECOM,Partnership,pune,Maharashtra,2024-01-13 00:00:00,,ACTIVE,2499.76,MCH6360,0,0,0,1,0,0,0
MCH1593,Wali-Murthy,5999,Miscellaneous,sole_proprietor,BLR,Karnataka,2026-02-23 12:14:26,XXXX7216,ACTIVE,15388.22,MCH1593,0,0,0,0,0,0,0
MCH3270,"CHOKSHI, DASH AND SRIVASTAVA",4131,Transport,PARTNERSHIP,Chennai,Tamil Nadu,2024-10-07 00:00:00,,ACTIVE,1910.46,mch3270,0,0,0,1,0,0,0
7868,Chander-Ramakrishnan,5311,Department Stores,individual,pune,Maharashtra,2025-09-21 01:36:00,XXXX9717,ACTIVE,563.96,7868,0,0,0,0,0,0,0
MCH2142,"Banerjee, Ghose and Parekh",5942,BOOKS_STATIONERY,SOLE_PROPRIETOR,Delhi,Delhi,2024-08-23 00:00:00,VSPN0134800422309,ACTIVE,-3367.02,mch2142,1,0,0,0,0,0,0
MCH4245,Dua Group,4131,transprt,Partnership,Ludhiana,Punjab,2024-07-25 18:42:24,0504410036,ACTIVE,323.1,MCH4245,0,0,0,0,0,0,0
MCH3002,"Dey, Chopra and Vig",6990,Clothing,INDIVIDUAL,Ludhiana,Punjab,2024-10-27 00:00:00,7833308029,ACTIVE,761.12,MCH3002,0,0,0,0,0,0,0
MCH5052,Pillay-Bora,,Retail Other,Partnership,Hyderabad,Telangana,2024-01-04 00:00:00,XXXX9697,ACTIVE,0.1127,MCH5052,0,0,1,0,0,0,0
MCH1134,"Shenoy, Gokhale and Soman",5411,Grocery,Individual,DELHI,Delhi,2024-12-11 00:00:00,KZYJ5215017385369,ACTIVE,284.86,MCH 1134,0,0,0,0,0,0,0
MCH2258,Walia Group,5311,DEPT_STORE,SOLE_PROPRIETOR,Jalandhar,Punjab,2025-10-14 00:00:00,XXXX1416,ACTIVE,1902.49,MCH2258,0,0,0,0,0,0,0
MCH1308,SUBRAMANIAM-SHANKAR,5912,Pharmacy,PARTNERSHIP,Bengaluru,Karnataka,2024-12-28 00:00:00,RSHZ2134290298030,INACTIVE,2112.78,MCH1308,0,0,0,0,0,0,0
MCH1770,Prabhu Inc,5411,Grocery Stores,PARTNERSHIP,kolkata,West Bengal,2026-02-19 00:00:00,STER3056508036813,ACTIVE,1130.22,MCH1770,0,0,0,0,0,0,0
MCH9683,Pillai Inc,5411,Grocery,PARTNERSHIP,bengaluru,Karnataka,2024-11-28 00:00:00,,SUSPENDED,1862.68,MCH9683,0,0,0,1,0,1,0
MCH3260,Rana and Sons,5311,Retail,INDIVIDUAL,ASR,Punjab,2023-09-23 00:00:00,,ACTIVE,4589.68,MCH 3260,0,0,0,1,0,0,0
MCH1953,"Banerjee, Maharaj and Rege",7011,Hotel,sole_proprietor,Jalandhar,Punjab,2025-12-14 00:00:00,QMMB6426177933216,ACTIVE,1226.94,MCH1953,0,0,0,0,0,0,0
MCH3630,Chacko Ltd,5812,Restaurant,PARTNERSHIP,Mumbai,Maharashtra,2023-06-11 00:00:00,,INACTIVE,2433.39,MCH3630,0,0,0,1,0,0,0
MCH9471,"bajaj, sandal and barad",5912,Pharmacies,Sole Proprietor,Mumbai,Maharashtra,2025-05-23 00:00:00,XXXX5365,ACTIVE,-457.15,MCH9471,1,0,0,0,0,0,0
MCH6570,Venkataraman Ltd,5912,Medical,PRIVATE-LIMITED,New Delhi,Delhi,2024-01-23 00:00:00,,ACTIVE,332.15,MCH6570,0,0,0,1,0,0,0
MCH4284,Tand0n Inc,5999,Other,partnership,Calcutta,West Bengal,2024-09-16 00:58:24,,SUSPENDED,-429.03,mch4284,1,0,0,1,0,1,0
MCH2593,Gour Inc,5999,Miscellaneous,SOLE-PROPRIETOR,jalandhar,Punjab,2025-10-20 00:00:00,4362658883,ACTIVE,1307.82,MCH2593,0,0,0,0,0,0,0
MCH6028,"Devan, Saha and Nagar",7011,Hospitality,partnership,jalandhar,Punjab,2023-05-02 08:52:59,XXXX4040,ACTIVE,2112.02,MCH6028,0,0,0,0,0,0,0
MCH9638,"Dara, Badami and Sen",5699,garments,SOLE-PROPRIETOR,LKO,Uttar Pradesh,2026-01-22 00:00:00,,ACTIVE,3649.35,MCH9638,0,0,0,1,0,0,0
MCH9802,Contractor-Keer,5699,garments,INDIVIDUAL,Dilli,Delhi,2024-04-08 00:00:00,6197117381,ACTIVE,1430.48,MCH9802,0,0,0,0,0,0,0
MCH4503,"Varghese, Hora and Narayanan",7011,HOTEL_LODGING,SOLE_PROPRIETOR,LDH,Punjab,,,ACTIVE,0.1258,MCH4503,0,0,0,1,1,0,0
MCH3842,"Walia, Khatri and Dey",4131,Transport,Individual,Ludhiana,Punjab,2023-05-20 20:08:15,,INACTIVE,,MCH3842,0,1,0,1,0,0,0
MCH8615,Anand Inc,5699,Apparel,partnership,chennai,Tamil Nadu,2024-11-02 00:00:00,NYLA3280465068444,INACTIVE,0.1493,MCH-8615,0,0,0,0,0,0,0
MCH2744,"DIVAN, NARANG AND JHAVERI",9120,MEDICAL_STORE,PARTNERSHIP,lucknow,Uttar Pradesh,2025-11-04 23:49:11,2199444279,SUSPENDED,734.64,MCH-2744,0,0,0,0,0,1,0
MCH7096,Saxena-Kara,5942,books,partnership,Jaipur,Rajasthan,2025-01-25 02:10:00,,ACTIVE,1167.73,MCH7096,0,0,0,1,0,0,0
MCH4209,GARG-GOEL,5812,Restaurants,PARTNERSHIP,Amritsar,Punjab,2025-08-02 09:42:09,VSHI3966663578716,ACTIVE,1244.58,MCH4209,0,0,0,0,0,0,0
MCH3107,KAPOOR INC,,Medical,partnership,pune,Maharashtra,2023-10-28 00:00:00,7807494643,ACTIVE,-1009.16,MCH3107,1,0,1,0,0,0,0
MCH5384,Sibal Inc,5411,groceries,PRIVATE_LIMITED,jaipur,Rajasthan,,,ACTIVE,951.53,MCH-5384,0,0,0,1,1,0,0
MCH6372,"MEMON, MASTER AND OAK",5311,DEPT_STORE,PARTNERSHIP,Amritsar,Punjab,2024-02-16 01:17:00,,ACTIVE,-2524.29,MCH6372,1,0,0,1,0,0,0
MCH9609,Bhatti Inc,5411,GROCERY_STORE,INDIVIDUAL,Hyderabad,Telangana,2026-01-29 00:00:00,BTIY5631851884644,SUSPENDED,1792.34,MCH9609,0,0,0,0,0,1,0
MCH8628,"char, sastry and sane",4131,Bus/Taxi,individual,pune,Maharashtra,2023-08-18 01:53:50,KLDA6853429090498,ACTIVE,1108.74,MCH8628,0,0,0,0,0,0,0
MCH2598,"Dutta, Ramanathan and Date",,Hospitality,sole_proprietor,DELHI,Delhi,2024-02-04 00:00:00,XXXX9756,ACTIVE,168.75,mch2598,0,0,1,0,0,0,0
MCH7448,mittal inc,4814,phone service,PRIVATE-LIMITED,Hyderabad,Telangana,2024-12-07 00:00:00,9231182109,INACTIVE,760.79,MCH 7448,0,0,0,0,0,0,0
MCH6391,"SAXENA, SARMA AND MENON",5411,kirana,Individual,Hyderabad,Telangana,2023-05-31 16:32:17,,ACTIVE,0.337,MCH 6391,0,0,0,1,0,0,0
MCH3686,Prasad Inc,5812,Restaurants,SOLE-PROPRIETOR,mumbai,Maharashtra,2024-09-04 03:46:00,GHWB3739951927219,ACTIVE,1179.14,MCH3686,0,0,0,0,0,0,0
MCH1926,bhattacharyya-om,5311,DEPT_STORE,INDIVIDUAL,Mumbay,Maharashtra,2025-06-16 00:00:00,3013938494,ACTIVE,2425.42,MCH1926,0,0,0,0,0,0,0
MCH5416,Yadav LLC,4131,transprt,Private Limited,Jalandhar,Punjab,,,ACTIVE,898.37,MCH5416,0,0,0,1,1,0,0
MCH8417,Bhalla-Batta,5311,Department Store,PARTNERSHIP,bengaluru,Karnataka,2025-07-07 16:05:00,,ACTIVE,544.37,MCH8417,0,0,0,1,0,0,0
MCH2994,Ratta Group,4131,Transport,PARTNERSHIP,LDH,Punjab,2023-11-14 00:00:00,GYYN8574685496959,ACTIVE,2132.38,MCH2994,0,0,0,0,0,0,0
MCH2344,"Purohit, Rege and Patil",,CLOTHS,private_limited,Jaipur,Rajasthan,,,ACTIVE,,MCH2344,0,1,1,1,1,0,0
MCH9623,Subramanian LLC,9120,Medical,individual,Hyd,Telangana,2025-07-06 00:00:00,XXXX2659,ACTIVE,1226.76,MCH9623,0,0,0,0,0,0,0
MCH7804,Choudhry and Sons,9420,Books,sole_proprietor,LDH,Punjab,2024-02-04 20:13:00,XXXX6038,ACTIVE,0.586,mch7804,0,0,0,0,0,0,0
3935,Natarajan-Karnik,4814,Telecom,SOLE-PROPRIETOR,delhi,Delhi,2025-04-23 00:23:30,,ACTIVE,461.4,3935,0,0,0,1,0,0,0
MCH1353,Lata LLC,5999,Misc Retail,INDIVIDUAL,Calcutta,West Bengal,,,SUSPENDED,1213.36,mch1353,0,0,0,1,1,1,0
MCH6514,Lalla-Palan,5812,Restaurants,individual,Kolkata,West Bengal,2025-03-26 09:22:56,XXXX0164,ACTIVE,,MCH6514,0,1,0,0,0,0,0
MCH6379,CHANA-MAHAJAN,5942,BOOKS_STATIONERY,PRIVATE_LIMITED,BLR,Karnataka,2025-08-08 17:00:00,XXXX7525,ACTIVE,2923.98,MCH6379,0,0,0,0,0,0,0
MCH9587,Krishnamurthy-Contractor,4814,Mobile Recharge,sole_proprietor,Calcutta,West Bengal,2024-12-09 00:00:00,XXXX7878,ACTIVE,211.86,MCH9587,0,0,0,0,0,0,0
MCH5133,sawhney group,,GROCERY_STORE,Individual,Hyderabad,Telangana,2024-12-10 00:00:00,0959364769,ACTIVE,1388.77,MCH5133,0,0,1,0,0,0,0
MCH5038,"din, som and bahl",,Pharmacies,PARTNERSHIP,Lucknow,Uttar Pradesh,2024-10-20 00:00:00,DJBJ3245727756471,ACTIVE,1056.12,mch5038,0,0,1,0,0,0,0
4158,SASTRY INC,,BOOKS_STATIONERY,PARTNERSHIP,DELHI,Delhi,2024-08-15 00:00:00,DAYK8556309990572,INACTIVE,480.93,4158,0,0,1,0,0,0,0
MCH7885,Sura LLC,5699,garments,PARTNERSHIP,Lucknow,Uttar Pradesh,2025-04-15 09:52:00,XXXX8127,ACTIVE,2999.12,MCH7885,0,0,0,0,0,0,0
MCH8475,"Karpe, Iyer and Gole",5942,Stationery,PRIVATE-LIMITED,bengaluru,Karnataka,2025-04-20 00:00:00,,ACTIVE,2426.04,MCH8475,0,0,0,1,0,0,0
MCH7297,Kala-Sibal,5311,Department Store,PARTNERSHIP,Chennai,Tamil Nadu,2024-09-02 00:00:00,UMLP7890709268939,ACTIVE,2004.49,MCH7297,0,0,0,0,0,0,0
MCH6131,"Dhar, Dada and Bakshi",,cloths,Partnership,Bangalore,Karnataka,2024-03-10 19:58:24,4600930161,INACTIVE,0.1921,mch6131,0,0,1,0,0,0,0
MCH5226,Tiwari-Pau,5999,Other,INDIVIDUAL,Lucknow,Uttar Pradesh,2023-12-24 02:18:00,6912933947,ACTIVE,271.33,MCH5226,0,0,0,0,0,0,0
MCH2074,"Kaur, Minhas and Ramakrishnan",5411,Grocery,SOLE-PROPRIETOR,HYDERABAD,Telangana,2023-02-08 00:00:00,4592290564,ACTIVE,0.5123,MCH2074,0,0,0,0,0,0,0
MCH8767,Golla Group,5699,garments,Sole Proprietor,Hyderabad,Telangana,2023-11-05 00:00:00,,ACTIVE,397.99,mch8767,0,0,0,1,0,0,0
MCH2510,Kakar Group,5411,kirana,SOLE_PROPRIETOR,Hyderabad,Telangana,2024-03-29 12:22:51,XXXX3606,ACTIVE,744.85,MCH2510,0,0,0,0,0,0,0
MCH8565,"MAMMEN, MODI AND SANKAR",5812,Restaurants,sole_proprietor,JPR,Rajasthan,2024-07-27 21:42:00,,ACTIVE,609.89,MCH8565,0,0,0,1,0,0,0
MCH8003,Tank Ltd,5311,DEPT_STORE,SOLE-PROPRIETOR,HYDERABAD,Telangana,2023-12-14 00:00:00,RVNR6882512785280,ACTIVE,614.4,MCH8003,0,0,0,0,0,0,0
MCH5629,Dixit LLC,3110,Retail,PRIVATE-LIMITED,ASR,Punjab,2023-09-16 02:35:10,OIIO2318495567735,ACTIVE,1084.28,MCH5629,0,0,0,0,0,0,0
MCH7379,tella-mahal,5699,CLOTHS,PARTNERSHIP,jaipur,Rajasthan,2024-03-06 00:00:00,OFAG5218783703549,ACTIVE,,mch7379,0,1,0,0,0,0,0
MCH6861,Venkataraman Ltd,5999,Other,PRIVATE-LIMITED,MUMBAI,Maharashtra,2023-07-24 17:35:00,2685186379,ACTIVE,0.81,MCH6861,0,0,0,0,0,0,0
MCH1202,KOSHY-BORDE,5311,Retail,PARTNERSHIP,Ludhiana,Punjab,2023-04-27 14:11:10,QMOB6262370066772,ACTIVE,1998.99,MCH 1202,0,0,0,0,0,0,0
MCH9110,Barad LLC,7011,Hospitality,individual,Lucknow,Uttar Pradesh,2024-08-01 13:01:22,XXXX8331,INACTIVE,1477.89,mch9110,0,0,0,0,0,0,0
MCH6593,"Bajaj, Kha1sa and Wab1e",5699,Clothing,partnership,mumbai,Maharashtra,2024-10-27 13:25:29,XXXX6331,ACTIVE,-842.7,MCH6593,1,0,0,0,0,0,0
MCH7156,"Sathe, Patla and Tailor",,DEPT_STORE,INDIVIDUAL,jaipur,Rajasthan,2023-04-07 00:00:00,3942092126,ACTIVE,2168.89,MCH 7156,0,0,1,0,0,0,0
MCH6585,Bansal Ltd,5411,kirana,PRIVATE_LIMITED,mumbai,Maharashtra,2025-01-25 10:52:00,WOEP4190245385925,INACTIVE,729.86,MCH6585,0,0,0,0,0,0,0
MCH4073,Gopal PLC,5812,Restaurants,individual,Jaipur,Rajasthan,2024-12-27 20:52:16,XXXX0031,ACTIVE,,MCH4073,0,1,0,0,0,0,0
MCH4112,Sodhi-Desai,,Department Store,SOLE-PROPRIETOR,Hyd,Telangana,2023-06-06 00:00:00,,INACTIVE,0.3193,MCH4112,0,0,1,1,0,0,0
MCH7932,Kaur-De,,kirana,SOLE-PROPRIETOR,Delhi,Delhi,2024-06-20 12:33:00,EEPU7483825861961,ACTIVE,0.883,mch7932,0,0,1,0,0,0,0
MCH6889,Vala PLC,5311,Department Stores,SOLE_PROPRIETOR,Ludhiana,Punjab,2024-07-03 00:00:00,XXXX2033,ACTIVE,2028.13,MCH6889,0,0,0,0,0,0,0
MCH3254,Maharaj-Sharaf,5942,Stationery,PARTNERSHIP,amritsar,Punjab,2024-12-03 00:00:00,7494346991,ACTIVE,958.41,mch3254,0,0,0,0,0,0,0
MCH4859,VASA-RAJU,5812,restaurant,SOLE_PROPRIETOR,Hyd,Telangana,2025-03-17 02:59:45,XXXX9523,SUSPENDED,0.214,MCH4859,0,0,0,0,0,1,0
MCH6935,"Sagar,BadalandJha",5912,Pharmacy,private_limited,Delhi,Delhi,2025-11-06 00:00:00,,ACTIVE,319.7,MCH6935,0,0,0,1,0,0,0
MCH1829,Ramaswamy Group,4131,Transport,SOLE-PROPRIETOR,Calcutta,West Bengal,2024-03-15 00:00:00,,ACTIVE,2351.23,MCH1829,0,0,0,1,0,0,0
MCH2725,"Sridhar, Jayaraman and Rajagopalan",,HOTEL_LODGING,private_limited,LKO,Uttar Pradesh,,5996031822,SUSPENDED,1550.81,MCH2725,0,0,1,0,1,1,0
MCH3285,"Prasad, Luthra and Suri",3110,Retail,partnership,Bangalore,Karnataka,2023-02-22 00:00:00,3068852550,ACTIVE,669.58,MCH-3285,0,0,0,0,0,0,0
MCH5009,arora-wagle,5699,garments,INDIVIDUAL,HYDERABAD,Telangana,2024-11-06 16:41:40,XXXX1307,INACTIVE,1125.91,MCH5009,0,0,0,0,0,0,0
MCH1033,Virk PLC,7011,Hospitality,INDIVIDUAL,amritsar,Punjab,2023-07-08 00:00:00,XXXX6158,INACTIVE,-1825.13,MCH1033,1,0,0,0,0,0,0
MCH1128,Srinivasan Group,,GROCERY_STORE,PRIVATE-LIMITED,Madras,Tamil Nadu,2024-04-19 00:00:00,,ACTIVE,-749.84,MCH1128,1,0,1,1,0,0,0
MCH1587,Srivastava-Saha,5912,Pharmacies,PRIVATE-LIMITED,kolkata,West Bengal,,XXXX9260,ACTIVE,0.1502,mch1587,0,0,0,0,1,0,0
MCH9914,"Parmar, Sekhon and Kakar",1310,Bus/Taxi,PRIVATE_LIMITED,amritsar,Punjab,2025-12-15 03:30:38,1204552607,ACTIVE,1356.48,MCH9914,0,0,0,0,0,0,0
MCH9548,Sur PLC,5912,Pharmacies,SOLE_PROPRIETOR,Bengaluru,Karnataka,2024-08-14 00:00:00,,ACTIVE,,MCH9548,0,1,0,1,0,0,0
MCH7146,Bali PLC,4814,phone service,PRIVATE_LIMITED,HYDERABAD,Telangana,2025-02-14 00:00:00,6264736894,ACTIVE,8255.11,MCH7146,0,0,0,0,0,0,0
MCH6338,Dutta PLC,5311,DEPT_STORE,INDIVIDUAL,Kolkata,West Bengal,2024-06-29 00:00:00,,ACTIVE,1835.5,MCH6338,0,0,0,1,0,0,0
MCH3780,"DASS, BATH AND HALDER",5311,Department Stores,SOLE_PROPRIETOR,Madras,Tamil Nadu,2024-02-11 00:00:00,,ACTIVE,2876.39,MCH3780,0,0,0,1,0,0,0
MCH1965,chawla-sawhney,4814,phone service,INDIVIDUAL,BLR,Karnataka,2025-08-21 00:00:00,,ACTIVE,4592.95,MCH1965,0,0,0,1,0,0,0
MCH9955,NORI-NAZARETH,5699,Fashion,SOLE_PROPRIETOR,Delhi,Delhi,2024-05-22 02:32:54,,HOLD,673.27,MCH9955,0,0,0,1,0,0,0
MCH1200,Vora and Sons,,CLOTHS,private_limited,pune,Maharashtra,2023-02-08 00:00:00,MQRX2052089170910,ACTIVE,0.1072,MCH 1200,0,0,1,0,0,0,0
MCH6543,Goswami-Ray,5699,CLOTHS,PARTNERSHIP,Madras,Tamil Nadu,2025-04-04 00:00:00,XXXX9238,ACTIVE,2501.19,MCH6543,0,0,0,0,0,0,0
MCH1115,Nadkarni LLC,4131,transprt,Partnership,Jalandhar,Punjab,,,ACTIVE,0.6943,mch1115,0,0,0,1,1,0,0
MCH9853,Dhar-Raval,5912,Pharmacies,Sole Proprietor,kolkata,West Bengal,,,ACTIVE,795.17,MCH9853,0,0,0,1,1,0,0
MCH9942,Choudhry-Shenoy,4814,TELECOM,partnership,ASR,Punjab,2024-09-08 09:43:00,JYCX6599095859245,ACTIVE,1359.79,MCH9942,0,0,0,0,0,0,0
MCH4353,"Sha, Thaman and Bhasin",5699,Apparel,partnership,Lucknow,Uttar Pradesh,2024-05-02 00:00:00,XXXX4052,INACTIVE,-391.43,MCH4353,1,0,0,0,0,0,0
MCH3675,Soman LLC,5999,Miscellaneous,individual,Hyderabad,Telangana,2026-02-13 00:00:00,,INACTIVE,0.223,MCH3675,0,0,0,1,0,0,0
MCH8054,"Kant, Gara and Grewal",4131,Transportation,SOLE-PROPRIETOR,chennai,Tamil Nadu,2024-12-12 00:00:00,RGWT7200559316561,ACTIVE,,MCH8054,0,1,0,0,0,0,0
MCH9757,Venkataraman-Vig,5311,DEPT_STORE,sole_proprietor,ASR,Punjab,2025-03-26 02:02:24,,ACTIVE,-1622.73,MCH9757,1,0,0,1,0,0,0
MCH7919,MAJUMDAR-CHANDRAN,4131,Transportation,partnership,jaipur,Rajasthan,2025-12-09 01:54:00,ZYZN0297509951145,ACTIVE,4626.02,MCH-7919,0,0,0,0,0,0,0
MCH9145,"Naik, Bhargava and Cherian",5912,chemist,PARTNERSHIP,LKO,Uttar Pradesh,2024-06-13 09:31:54,EJTD8248302454682,ACTIVE,1754.6,MCH9145,0,0,0,0,0,0,0
MCH3111,Cherian-G0swami,,Telecom,PRIVATE_LIMITED,Bengaluru,Karnataka,,,ACTIVE,1311.29,mch3111,0,0,1,1,1,0,0
MCH1973,Pau-H0ra,5311,Department Stores,individual,amritsar,Punjab,2023-02-23 00:00:00,,ACTIVE,1264.21,MCH1973,0,0,0,1,0,0,0
MCH9755,ANAND INC,5311,Department Store,PRIVATE-LIMITED,lucknow,Uttar Pradesh,2024-10-09 16:48:00,EWFI4945547358021,ACTIVE,2048.19,MCH-9755,0,0,0,0,0,0,0
MCH9050,"Oza, Shukla and Chandra",7011,Hotels,INDIVIDUAL,jalandhar,Punjab,2024-05-12 00:00:00,XXXX1789,ACTIVE,2974.94,MCH 9050,0,0,0,0,0,0,0
MCH3563,Shan Inc,5912,chemist,SOLE-PROPRIETOR,bengaluru,Karnataka,2024-04-01 06:07:35,XXXX8095,ACTIVE,335.55,MCH3563,0,0,0,0,0,0,0
2392,Shetty and Sons,,Grocery Stores,INDIVIDUAL,amritsar,Punjab,2025-12-18 00:00:00,XXXX1862,ACTIVE,655.01,2392,0,0,1,0,0,0,0
MCH9565,"Dhar, Shukla and Chaudhary",5942,Books,individual,Chennai,Tamil Nadu,2025-08-22 13:59:00,6503799014,ACTIVE,2205.09,MCH9565,0,0,0,0,0,0,0
MCH1153,"Johal, Suri and Rama",5999,Miscellaneous,SOLE-PROPRIETOR,kolkata,West Bengal,2023-05-08 00:00:00,XXXX9937,ACTIVE,153.84,MCH1153,0,0,0,0,0,0,0
MCH9483,"Yohannan, Ghose and Pal",5699,Clothing,PARTNERSHIP,Hyd,Telangana,2023-03-21 23:53:34,,ACTIVE,4425.5,MCH9483,0,0,0,1,0,0,0
MCH5665,"Parikh, Ray and Lall",5942,Stationery,PARTNERSHIP,jaipur,Rajasthan,2023-09-12 00:00:00,XXXX1393,ACTIVE,0.1428,MCH5665,0,0,0,0,0,0,0
MCH1233,"Upadhyay, Lall and Kala",5942,Books,private_limited,Pune,Maharashtra,2024-07-19 00:00:00,,ACTIVE,-1465.98,MCH1233,1,0,0,1,0,0,0
MCH4331,"Wali, Buch and Nagi",5699,garments,SOLE_PROPRIETOR,amritsar,Punjab,2025-07-31 20:39:00,5107486763,INACTIVE,1154.33,MCH4331,0,0,0,0,0,0,0
MCH3061,Krishnamurthy-Tandon,4131,Transportation,Partnership,pune,Maharashtra,2024-07-26 00:00:00,,ACTIVE,431.86,mch3061,0,0,0,1,0,0,0
MCH9935,Sahni-Barad,5999,Miscellaneous,PARTNERSHIP,delhi,Delhi,2023-06-12 00:00:00,,ACTIVE,0.1444,MCH9935,0,0,0,1,0,0,0
MCH4342,S0m PLC,4814,Mobile Recharge,PRIVATE_LIMITED,jaipur,Rajasthan,2025-11-08 00:00:00,,INACTIVE,337.31,MCH4342,0,0,0,1,0,0,0
MCH1786,"Tank, Nadkarni and Srinivasan",1310,TRAVEL,PRIVATE-LIMITED,amritsar,Punjab,2024-03-15 00:00:00,DQUX6492697797570,ACTIVE,353.77,MCH1786,0,0,0,0,0,0,0
MCH4115,"Bandi, Rau and Hayre",4131,Transportation,SOLE_PROPRIETOR,Jaipur,Rajasthan,2025-03-05 00:00:00,YBME5428003718558,SUSPENDED,748.37,MCH4115,0,0,0,0,0,1,0
MCH8864,Lala-Ben,5912,Pharmacies,INDIVIDUAL,Ludhiana,Punjab,2025-12-28 05:23:00,,ACTIVE,869.2,MCH8864,0,0,0,1,0,0,0
MCH8007,hans group,4131,Bus/Taxi,SOLE-PROPRIETOR,Madras,Tamil Nadu,2023-11-09 00:00:00,2894393423,SUSPENDED,2825.02,MCH8007,0,0,0,0,0,1,0
MCH1480,Bala-Magar,5999,Misc Retail,INDIVIDUAL,HYDERABAD,Telangana,,,ACTIVE,,MCH1480,0,1,0,1,1,0,0
MCH2674,Rajagopalan Inc,5912,Pharmacies,partnership,amritsar,Punjab,2023-03-08 00:00:00,,ACTIVE,0.1499,MCH2674,0,0,0,1,0,0,0
MCH9094,"YADAV, ZACHARIA AND DUTT",5912,Pharmacy,SOLE-PROPRIETOR,ludhiana,Punjab,2023-09-24 00:00:00,2133770313,SUSPENDED,1081.32,MCH9094,0,0,0,0,0,1,0
MCH9423,apte group,7011,Hotels,sole_proprietor,Madras,Tamil Nadu,2025-10-24 00:00:00,HHBU3998361677128,ACTIVE,3132.43,MCH9423,0,0,0,0,0,0,0
MCH9165,Batta PLC,,Bus/Taxi,PRIVATE-LIMITED,Madras,Tamil Nadu,2023-11-06 11:40:00,8743490607,SUSPENDED,,MCH9165,0,1,1,0,0,1,0
MCH6930,Dave and Sons,,garments,PRIVATE-LIMITED,Delhi,Delhi,2025-01-17 00:00:00,3789755588,ACTIVE,,MCH6930,0,1,1,0,0,0,0
MCH8616,RATTI-JHA,5699,Apparel,sole_proprietor,Pune,Maharashtra,2025-05-30 00:00:00,,ACTIVE,,MCH 8616,0,1,0,1,0,0,0
MCH2470,Mutti-Bawa,,chemist,INDIVIDUAL,Jalandar,Punjab,2025-12-13 00:00:00,XXXX5194,SUSPENDED,444.91,MCH2470,0,0,1,0,0,1,0
MCH2710,"Sami, Sibal and Sabharwal",4814,TELECOM,Sole Proprietor,Ludhiana,Punjab,2024-02-08 00:00:00,AKLL1339623695675,ACTIVE,1319.1,MCH2710,0,0,0,0,0,0,0
MCH3722,jhaveri ltd,5912,Pharmacies,PRIVATE_LIMITED,ludhiana,Punjab,2024-06-29 00:00:00,6603889131,ACTIVE,0.4309,MCH3722,0,0,0,0,0,0,0
MCH4382,modi-sengupta,9120,Pharmacies,individual,MUMBAI,Maharashtra,2025-02-15 00:00:00,9182714411,ACTIVE,650.1,mch4382,0,0,0,0,0,0,0
MCH7191,Bhargava Ltd,5942,BOOKS_STATIONERY,Sole Proprietor,Hyd,Telangana,2023-07-26 00:00:00,XXXX5061,INACTIVE,528.97,MCH7191,0,0,0,0,0,0,0
MCH6101,DORA-BAJWA,9120,Medical,Private Limited,Pune,Maharashtra,2025-07-28 00:00:00,2854493333,ACTIVE,3328.35,MCH6101,0,0,0,0,0,0,0
MCH6511,"Doctor, Sur and Badal",5411,kirana,SOLE_PROPRIETOR,Pune,Maharashtra,2024-07-27 20:57:52,XXXX9778,ACTIVE,778.51,MCH 6511,0,0,0,0,0,0,0
MCH2903,Swamy-Parsa,5699,Fashion,Individual,Bombay,Maharashtra,2023-04-14 00:00:00,,INACTIVE,1218.16,MCH2903,0,0,0,1,0,0,0
MCH1443,Swamy PLC,9990,Misc Retail,PRIVATE-LIMITED,lucknow,Uttar Pradesh,2023-06-10 00:00:00,,INACTIVE,209.63,MCH1443,0,0,0,1,0,0,0
MCH8703,MODY GROUP,,Other,partnership,HYDERABAD,Telangana,2023-04-09 03:36:19,XXXX1194,SUSPENDED,2908.51,mch8703,0,0,1,0,0,1,0
MCH8574,vohra group,5912,MEDICAL_STORE,Individual,jaipur,Rajasthan,2026-04-02 00:00:00,NSHE9263060444640,INACTIVE,-746.57,MCH8574,1,0,0,0,0,0,0
MCH4096,Raman Inc,,Apparel,PRIVATE-LIMITED,Chennai,Tamil Nadu,,6736501272,ACTIVE,0.2014,MCH4096,0,0,1,0,1,0,0
MCH2060,Grover-Dugar,,Hotel,Individual,chennai,Tamil Nadu,2025-10-02 05:31:26,DZGT5983407724510,ACTIVE,0.54,MCH2060,0,0,1,0,0,0,0
MCH9190,"Dugar, Babu and Ba1a",8120,Restaurant,INDIVIDUAL,Chennai,Tamil Nadu,2025-01-24 00:00:00,,ACTIVE,471.43,MCH-9190,0,0,0,1,0,0,0
MCH5441,Sur Group,5411,Grocery Stores,PRIVATE_LIMITED,LDH,Punjab,2023-02-08 00:00:00,UQUC6317470493069,ACTIVE,1094.34,MCH5441,0,0,0,0,0,0,0
MCH8119,SubramanianandSons,,Bus/Taxi,Sole Proprietor,amritsar,Punjab,2023-06-14 00:00:00,,ACTIVE,1285.93,mch8119,0,0,1,1,0,0,0
MCH1144,Morar-Rattan,5699,CLOTHS,SOLE-PROPRIETOR,jaipur,Rajasthan,2025-01-20 00:00:00,,ACTIVE,1182.28,MCH1144,0,0,0,1,0,0,0
MCH4428,Raja-Kapadia,5942,BOOKS_STATIONERY,Private Limited,Poona,Maharashtra,2023-01-21 00:00:00,4361145093,ACTIVE,0.3396,MCH4428,0,0,0,0,0,0,0
MCH8209,"Cheema, Bansal and Comar",5699,Fashion,sole_proprietor,ludhiana,Punjab,2023-12-27 00:00:00,WBQV3675439647595,ACTIVE,0.6788,MCH8209,0,0,0,0,0,0,0
MCH6555,Tata-Bajwa,5311,Retail,PARTNERSHIP,LKO,Uttar Pradesh,2023-12-24 00:00:00,,HOLD,0.389,MCH6555,0,0,0,1,0,0,0
MCH8456,Srinivasan and Sons,5411,kirana,Individual,Jalandar,Punjab,2023-03-04 13:45:00,XXXX9275,ACTIVE,0.3454,MCH8456,0,0,0,0,0,0,0
MCH4656,Purohit-Sinha,4131,transprt,SOLE_PROPRIETOR,Lucknow,Uttar Pradesh,,9508093837,ACTIVE,1533.86,MCH4656,0,0,0,0,1,0,0
MCH7236,bhasin llc,5699,Fashion,Partnership,jalandhar,Punjab,2025-01-31 00:00:00,XXXX8980,ACTIVE,0.1228,MCH7236,0,0,0,0,0,0,0
MCH6554,vora llc,7011,Hospitality,Individual,Bengaluru,Karnataka,2024-10-06 15:25:00,,INACTIVE,3625.66,MCH6554,0,0,0,1,0,0,0
MCH9032,Johal-Vaidya,5311,DEPT_STORE,PARTNERSHIP,MUMBAI,Maharashtra,2023-06-07 06:53:00,,ACTIVE,821.89,MCH 9032,0,0,0,1,0,0,0
MCH2671,Mohanty-Chakrabarti,5999,Retail Other,PARTNERSHIP,Jalandhar,Punjab,2023-05-08 18:02:00,,ACTIVE,1187.55,mch2671,0,0,0,1,0,0,0
MCH6331,"varughese, sandhu and issac",,BOOKS_STATIONERY,Individual,Hyd,Telangana,2025-01-09 00:00:00,,ACTIVE,0.868,MCH6331,0,0,1,1,0,0,0
MCH2126,Golla and Sons,5311,Department Store,partnership,Hyderabad,Telangana,2024-04-15 00:00:00,VOOP9800619907319,ACTIVE,0.342,MCH2126,0,0,0,0,0,0,0
1391,"Kale, Shroff and Barad",7011,Hotels,Individual,Kolkata,West Bengal,2025-10-31 06:57:00,,BLOCKED,0.2757,1391,0,0,0,1,0,0,1
MCH4303,"Dhingra, Khurana and Zachariah",8140,Mobile Recharge,partnership,Bombay,Maharashtra,2023-08-25 03:02:00,,ACTIVE,0.2476,MCH4303,0,0,0,1,0,0,0
MCH9881,Kalla-Tara,4110,Grocery,private_limited,delhi,Delhi,2025-04-10 00:00:00,,ACTIVE,1174.86,MCH9881,0,0,0,1,0,0,0
MCH7384,Ahuja Group,,DEPT_STORE,INDIVIDUAL,Dilli,Delhi,2023-05-18 02:59:53,XXXX3860,ACTIVE,0.1058,MCH7384,0,0,1,0,0,0,0
MCH4593,dube-ravel,7011,Hospitality,PARTNERSHIP,HYDERABAD,Telangana,2025-08-30 00:00:00,,ACTIVE,0.1285,MCH4593,0,0,0,1,0,0,0
MCH5656,Narayanan Group,4814,Mobile Recharge,Partnership,LKO,Uttar Pradesh,2023-11-12 08:59:00,SICD4237260629825,ACTIVE,509.12,MCH5656,0,0,0,0,0,0,0
MCH2297,Mutti and Sons,5942,BOOKS_STATIONERY,partnership,LDH,Punjab,2026-01-15 05:18:27,,ACTIVE,1134.74,MCH-2297,0,0,0,1,0,0,0
MCH9319,Cherian and Sons,5699,Fashion,INDIVIDUAL,jaipur,Rajasthan,2025-07-03 00:00:00,XXXX4972,ACTIVE,1697.03,MCH9319,0,0,0,0,0,0,0
9442,issac-batra,7011,Hospitality,PARTNERSHIP,Dilli,Delhi,2025-08-12 00:00:00,,ACTIVE,1049.17,9442,0,0,0,1,0,0,0
MCH5622,"Biswas, Shetty and Nazareth",9120,Pharmacy,partnership,lucknow,Uttar Pradesh,2025-11-13 00:00:00,,ACTIVE,1250.67,MCH5622,0,0,0,1,0,0,0
MCH2037,"Kaul, Peri and Viswanathan",5311,Department Stores,Private Limited,Kolkata,West Bengal,2023-09-23 16:17:00,,ACTIVE,1457.35,MCH2037,0,0,0,1,0,0,0
MCH1878,Narula Group,7011,HOTEL_LODGING,PRIVATE-LIMITED,DELHI,Delhi,2025-02-26 00:00:00,XXXX5015,ACTIVE,,MCH1878,0,1,0,0,0,0,0
MCH2588,"Kala, Mahajan and Kumar",5912,Pharmacy,individual,jalandhar,Punjab,2023-08-15 00:00:00,,ACTIVE,641.02,MCH2588,0,0,0,1,0,0,0
MCH6397,Tella-Lad,5912,Pharmacies,private_limited,Lucknow,Uttar Pradesh,2025-10-10 00:00:00,,ACTIVE,0.872,MCH6397,0,0,0,1,0,0,0
MCH7001,Das LLC,8140,Telecom,PRIVATE-LIMITED,kolkata,West Bengal,2025-09-02 00:00:00,,ACTIVE,3255.38,MCH-7001,0,0,0,1,0,0,0
MCH4263,Kari and Sons,8140,Mobile Recharge,PRIVATE_LIMITED,Kolkata,West Bengal,2023-11-27 00:00:00,,ACTIVE,-616.52,MCH4263,1,0,0,1,0,0,0
MCH1089,RANDHAWA-BARAD,5942,BOOKS_STATIONERY,INDIVIDUAL,Jalandhar,Punjab,2025-06-12 00:00:00,,ACTIVE,8714.78,MCH-1089,0,0,0,1,0,0,0
MCH6167,"Chawla, Andra and Varty",4814,Telecom,PARTNERSHIP,Hyderabad,Telangana,2023-05-08 00:00:00,6258351219,ACTIVE,2407.62,MCH6167,0,0,0,0,0,0,0
MCH7192,Nanda and Sons,,HOTEL_LODGING,Private Limited,Bangalore,Karnataka,2025-02-01 00:51:00,4205108918,ACTIVE,650.92,mch7192,0,0,1,0,0,0,0
MCH6422,Dayal-Kapur,7011,Hotel,INDIVIDUAL,lucknow,Uttar Pradesh,2023-11-17 00:00:00,XXXX3524,INACTIVE,0.869,MCH6422,0,0,0,0,0,0,0
MCH2279,Sarma Inc,5912,Pharmacies,private_limited,mumbai,Maharashtra,2024-07-29 00:00:00,CIPY5229888115398,ACTIVE,2197.82,mch2279,0,0,0,0,0,0,0
MCH3911,Bera-Pingle,5912,Pharmacy,private_limited,Hyderabad,Telangana,2023-09-13 22:36:02,,INACTIVE,1548.45,mch3911,0,0,0,1,0,0,0
MCH2107,"wali, srinivas and vyas",5912,Pharmacies,PRIVATE-LIMITED,Madras,Tamil Nadu,2023-08-29 00:00:00,KNZL1450578164711,ACTIVE,679.27,MCH2107,0,0,0,0,0,0,0
MCH8445,CHAND INC,5999,Miscellaneous,PARTNERSHIP,JPR,Rajasthan,2025-12-27 10:31:00,,ACTIVE,2873.41,MCH8445,0,0,0,1,0,0,0
MCH3094,Bali Inc,4814,Mobile Recharge,sole_proprietor,Jalandhar,Punjab,,REUR1699185299963,ACTIVE,,MCH3094,0,1,0,0,1,0,0
MCH9117,"KALE, KOHLI AND CHHABRA",9420,Book Store,Sole Proprietor,Jalandar,Punjab,,,HOLD,206.51,MCH9117,0,0,0,1,1,0,0
MCH7343,Dixit Ltd,5912,Pharmacy,PARTNERSHIP,JPR,Rajasthan,,XXXX6255,ACTIVE,0.3142,MCH7343,0,0,0,0,1,0,0
MCH6377,BalasubramanianLLC,5912,MEDICAL_STORE,Individual,Mumbai,Maharashtra,2025-12-06 00:00:00,LULW1753905866525,ACTIVE,1259.93,MCH6377,0,0,0,0,0,0,0
MCH9580,"murthy, virk and lad",,DEPT_STORE,partnership,ludhiana,Punjab,2025-09-20 00:00:00,,ACTIVE,1520.62,MCH9580,0,0,1,1,0,0,0
MCH5205,"Yogi, Minhas and Goda",5311,Department Store,PARTNERSHIP,ludhiana,Punjab,2025-01-06 00:00:00,,INACTIVE,0.455,MCH5205,0,0,0,1,0,0,0
MCH8416,Kha1sa-Prashad,5411,Grocery,PRIVATE_LIMITED,New Delhi,Delhi,2023-12-02 00:00:00,8760894033,ACTIVE,478.64,MCH8416,0,0,0,0,0,0,0
MCH5245,Aggarwal Inc,4110,kirana,SOLE-PROPRIETOR,kolkata,West Bengal,2024-07-15 00:00:00,,ACTIVE,,mch5245,0,1,0,1,0,0,0
MCH6451,Cheema Ltd,4814,Telecom,Partnership,MUMBAI,Maharashtra,,,ACTIVE,,MCH6451,0,1,0,1,1,0,0
MCH5611,Walia-Lad,7011,Hospitality,PARTNERSHIP,Lucknow,Uttar Pradesh,2025-07-01 06:56:00,XXXX6019,ACTIVE,269.25,MCH5611,0,0,0,0,0,0,0
MCH9627,Randhawa Gr0up,7011,Hotel,private_limited,Madras,Tamil Nadu,2023-08-31 05:51:15,,ACTIVE,-714.24,MCH9627,1,0,0,1,0,0,0
MCH9246,"Krishna, Wable and Kanda",4814,Mobile Recharge,SOLE_PROPRIETOR,pune,Maharashtra,2023-01-03 00:00:00,XXXX5813,ACTIVE,859.77,MCH9246,0,0,0,0,0,0,0
MCH2398,"Nagarajan, Radhakrishnan and Amble",5311,Department Store,Individual,Calcutta,West Bengal,2023-08-10 00:00:00,UTUF0431950842048,ACTIVE,3317.39,MCH 2398,0,0,0,0,0,0,0
MCH8036,"Sarma, Madan and Pandey",5912,MEDICAL_STORE,PARTNERSHIP,mumbai,Maharashtra,2025-07-12 21:56:39,,ACTIVE,2055.77,MCH8036,0,0,0,1,0,0,0
MCH5678,Bhat-Borra,5912,MEDICAL_STORE,Private Limited,ASR,Punjab,2024-06-08 00:00:00,5991796313,ACTIVE,677.93,MCH 5678,0,0,0,0,0,0,0
MCH3607,Va1a-D0ra,5812,eating place,individual,LDH,Punjab,2024-11-09 00:00:00,,ACTIVE,1953.09,MCH 3607,0,0,0,1,0,0,0
MCH3232,Shroff-Bobal,8120,Restaurants,PARTNERSHIP,Kolkata,West Bengal,2024-04-26 00:00:00,,ACTIVE,613.79,MCH3232,0,0,0,1,0,0,0
MCH5835,"Kanda, Saraf and Prashad",5699,Fashion,sole_proprietor,jalandhar,Punjab,2023-03-06 00:00:00,,ACTIVE,622.64,MCH5835,0,0,0,1,0,0,0
MCH7810,Bora-Chawla,,Stationery,individual,amritsar,Punjab,2023-04-11 21:20:23,WADW8907156741077,ACTIVE,631.58,MCH7810,0,0,1,0,0,0,0
MCH5204,Gokhale Ltd,5411,Grocery,SOLE-PROPRIETOR,Hyd,Telangana,,IWXN3869048789492,ACTIVE,955.33,MCH-5204,0,0,0,0,1,0,0
MCH8941,mutti-sharaf,7011,Hospitality,sole_proprietor,Bangalore,Karnataka,2025-01-26 19:23:00,,ACTIVE,153.27,MCH8941,0,0,0,1,0,0,0
MCH4947,"DADA, SHROFF AND LALL",,Apparel,INDIVIDUAL,Hyd,Telangana,2023-03-17 00:00:00,,ACTIVE,1747.23,MCH4947,0,0,1,1,0,0,0
MCH1944,Srinivas-Singh,,Hotels,Individual,Mumbai,Maharashtra,2025-08-27 00:00:00,SBWS9188089804745,ACTIVE,1161.95,MCH1944,0,0,1,0,0,0,0
MCH6866,Shroff PLC,5912,MEDICAL_STORE,PARTNERSHIP,Ludhiana,Punjab,2023-01-16 00:00:00,4290543649,ACTIVE,1819.8,MCH6866,0,0,0,0,0,0,0
MCH2971,"Garg, Merchant and Kuruvilla",5699,Fashion,INDIVIDUAL,Ludhiana,Punjab,2024-08-28 00:00:00,,ACTIVE,-205.16,MCH2971,1,0,0,1,0,0,0
MCH9263,"Chatterjee, Anand and Mani",5999,Retail Other,PARTNERSHIP,Calcutta,West Bengal,2024-05-05 00:44:32,,ACTIVE,628.47,MCH9263,0,0,0,1,0,0,0
MCH3061,Bansal Inc,5311,Department Stores,private_limited,Madras,Tamil Nadu,2024-09-02 00:00:00,XXXX4596,ACTIVE,2114.75,MCH3061,0,0,0,0,0,0,0
MCH6524,Chaudry-Lall,0110,Hotels,SOLE_PROPRIETOR,delhi,Delhi,2023-12-25 00:00:00,RGKG5701905439053,INACTIVE,,MCH6524,0,1,0,0,0,0,0
MCH5001,Prabhakar-Badami,5699,Fashion,Sole Proprietor,Calcutta,West Bengal,2023-03-12 00:00:00,GTJY4648425755583,ACTIVE,4621.27,MCH5001,0,0,0,0,0,0,0
MCH6530,Yogi-D’Alia,4131,Transport,private_limited,jaipur,Rajasthan,2024-06-16 00:00:00,,INACTIVE,828.59,MCH6530,0,0,0,1,0,0,0
MCH5944,Dave-Bal,4131,transprt,PRIVATE-LIMITED,Mumbai,Maharashtra,2024-12-18 00:00:00,ETMK1453170948286,ACTIVE,-1778.76,MCH5944,1,0,0,0,0,0,0
MCH3264,"Narayanan, Krishnan and Bail",5411,Grocery Stores,SOLE-PROPRIETOR,JPR,Rajasthan,2025-03-25 00:00:00,XXXX4525,ACTIVE,3885.91,mch3264,0,0,0,0,0,0,0
MCH5966,"Bala, Tandon and Keer",,Grocery Stores,INDIVIDUAL,LKO,Uttar Pradesh,2023-06-02 00:00:00,,ACTIVE,255.77,MCH5966,0,0,1,1,0,0,0
MCH7200,Madan PLC,5699,Fashion,INDIVIDUAL,New Delhi,Delhi,2025-02-03 00:00:00,4050915455,ACTIVE,190.57,MCH7200,0,0,0,0,0,0,0
MCH1249,"Garg, Saha and Rattan",5999,Other,PARTNERSHIP,jalandhar,Punjab,2023-08-21 00:00:00,,ACTIVE,-854.43,MCH1249,1,0,0,1,0,0,0
MCH8988,"Ratti, Rattan and Menon",5942,Stationery,PRIVATE_LIMITED,Madras,Tamil Nadu,2026-02-21 19:46:26,XXXX5339,ACTIVE,1897.88,MCH8988,0,0,0,0,0,0,0
MCH4326,Morar-Jani,7011,Hotels,partnership,LKO,Uttar Pradesh,2025-12-14 00:00:00,,ACTIVE,9768.01,MCH4326,0,0,0,1,0,0,0
MCH5567,"Apte, Sanghvi and Varkey",5812,Restaurants,partnership,Chennai,Tamil Nadu,2023-05-06 00:00:00,XXXX9947,INACTIVE,0.2121,MCH5567,0,0,0,0,0,0,0
MCH2605,Swamy Inc,5812,eating place,INDIVIDUAL,Chennai,Tamil Nadu,2026-01-22 00:00:00,,INACTIVE,1335.82,MCH2605,0,0,0,1,0,0,0
MCH7865,Rout Inc,,Department Store,Individual,Hyderabad,Telangana,2023-11-13 13:57:04,XXXX3299,ACTIVE,2187.26,MCH7865,0,0,1,0,0,0,0
MCH1340,"Dash, Saxena and Kara",4131,Transport,private_limited,HYDERABAD,Telangana,2024-03-04 00:00:00,,INACTIVE,4203.63,MCH1340,0,0,0,1,0,0,0
