component_id,user_count,merchant_count,edge_count,total_transactions,total_amount,total_chargebacks,chargeback_rate,network_density,max_shared_users_per_merchant,shared_merchant_count,avg_relationship_risk,max_relationship_risk,network_risk_score,risk_band,signals
1013,7,1,7,7,91459.25,2,0.2857,1.0,7,1,35.06,48.19,74.02,HIGH,SHARED_MERCHANT|DENSE_USER_MERCHANT_NETWORK|HIGH_CHARGEBACK_CONCENTRATION|LARGE_CONNECTED_CLUSTER
1901,7,1,7,7,79678.3,2,0.2857,1.0,7,1,31.03,57.3,73.21,HIGH,SHARED_MERCHANT|DENSE_USER_MERCHANT_NETWORK|HIGH_CHARGEBACK_CONCENTRATION|LARGE_CONNECTED_CLUSTER
750,6,1,6,6,58942.31,2,0.3333,1.0,6,1,34.79,76.69,71.17,HIGH,SHARED_MERCHANT|DENSE_USER_MERCHANT_NETWORK|HIGH_CHARGEBACK_CONCENTRATION|LARGE_CONNECTED_CLUSTER
1303,6,1,6,6,89963.06,2,0.3333,1.0,6,1,33.72,59.52,70.96,HIGH,SHARED_MERCHANT|DENSE_USER_MERCHANT_NETWORK|HIGH_CHARGEBACK_CONCENTRATION|LARGE_CONNECTED_CLUSTER
216,6,1,6,6,38410.06,2,0.3333,1.0,6,1,32.81,60.97,70.78,HIGH,SHARED_MERCHANT|DENSE_USER_MERCHANT_NETWORK|HIGH_CHARGEBACK_CONCENTRATION|LARGE_CONNECTED_CLUSTER
46,5,1,5,5,55752.05,2,0.4,1.0,5,1,46.1,73.02,70.6,HIGH,SHARED_MERCHANT|DENSE_USER_MERCHANT_NETWORK|HIGH_CHARGEBACK_CONCENTRATION|LARGE_CONNECTED_CLUSTER
1109,5,1,5,5,67000.56,2,0.4,1.0,5,1,45.62,73.2,70.51,HIGH,SHARED_MERCHANT|DENSE_USER_MERCHANT_NETWORK|HIGH_CHARGEBACK_CONCENTRATION|LARGE_CONNECTED_CLUSTER
4296,6,1,6,6,41561.19,2,0.3333,1.0,6,1,30.53,55.54,70.32,HIGH,SHARED_MERCHANT|DENSE_USER_MERCHANT_NETWORK|HIGH_CHARGEBACK_CONCENTRATION|LARGE_CONNECTED_CLUSTER
3544,5,1,5,5,41006.69,3,0.6,1.0,5,1,42.46,64.43,69.87,HIGH,SHARED_MERCHANT|DENSE_USER_MERCHANT_NETWORK|HIGH_CHARGEBACK_CONCENTRATION|LARGE_CONNECTED_CLUSTER
3089,5,1,5,5,59964.89,1,0.2,1.0,5,1,42.37,75.66,69.86,HIGH,SHARED_MERCHANT|DENSE_USER_MERCHANT_NETWORK|HIGH_CHARGEBACK_CONCENTRATION|LARGE_CONNECTED_CLUSTER
1060,5,1,5,5,80599.72,2,0.4,1.0,5,1,42.13,58.23,69.81,HIGH,SHARED_MERCHANT|DENSE_USER_MERCHANT_NETWORK|HIGH_CHARGEBACK_CONCENTRATION|LARGE_CONNECTED_CLUSTER
1437,5,1,5,5,77246.08,2,0.4,1.0,5,1,41.35,60.54,69.65,HIGH,SHARED_MERCHANT|DENSE_USER_MERCHANT_NETWORK|HIGH_CHARGEBACK_CONCENTRATION|LARGE_CONNECTED_CLUSTER
2322,5,1,5,5,60899.54,2,0.4,1.0,5,1,41.19,70.69,69.62,HIGH,SHARED_MERCHANT|DENSE_USER_MERCHANT_NETWORK|HIGH_CHARGEBACK_CONCENTRATION|LARGE_CONNECTED_CLUSTER
2346,5,1,5,5,58058.46,3,0.6,1.0,5,1,40.9,56.67,69.56,HIGH,SHARED_MERCHANT|DENSE_USER_MERCHANT_NETWORK|HIGH_CHARGEBACK_CONCENTRATION|LARGE_CONNECTED_CLUSTER
2450,5,1,5,5,64396.16,2,0.4,1.0,5,1,39.61,59.39,69.31,HIGH,SHARED_MERCHANT|DENSE_USER_MERCHANT_NETWORK|HIGH_CHARGEBACK_CONCENTRATION|LARGE_CONNECTED_CLUSTER
1560,5,1,5,5,88019.81,1,0.2,1.0,5,1,36.99,62.57,68.78,HIGH,SHARED_MERCHANT|DENSE_USER_MERCHANT_NETWORK|HIGH_CHARGEBACK_CONCENTRATION|LARGE_CONNECTED_CLUSTER
3637,5,1,5,5,60539.13,2,0.4,1.0,5,1,36.35,59.22,68.65,HIGH,SHARED_MERCHANT|DENSE_USER_MERCHANT_NETWORK|HIGH_CHARGEBACK_CONCENTRATION|LARGE_CONNECTED_CLUSTER
1676,5,1,5,5,70533.87,2,0.4,1.0,5,1,36.12,55.22,68.61,HIGH,SHARED_MERCHANT|DENSE_USER_MERCHANT_NETWORK|HIGH_CHARGEBACK_CONCENTRATION|LARGE_CONNECTED_CLUSTER
2832,5,1,5,5,72642.56,2,0.4,1.0,5,1,35.99,53.87,68.58,HIGH,SHARED_MERCHANT|DENSE_USER_MERCHANT_NETWORK|HIGH_CHARGEBACK_CONCENTRATION|LARGE_CONNECTED_CLUSTER
28,5,1,5,5,87112.33,1,0.2,1.0,5,1,35.99,59.37,68.58,HIGH,SHARED_MERCHANT|DENSE_USER_MERCHANT_NETWORK|HIGH_CHARGEBACK_CONCENTRATION|LARGE_CONNECTED_CLUSTER
1223,5,1,5,5,48580.87,2,0.4,1.0,5,1,35.86,51.53,68.56,HIGH,SHARED_MERCHANT|DENSE_USER_MERCHANT_NETWORK|HIGH_CHARGEBACK_CONCENTRATION|LARGE_CONNECTED_CLUSTER
1929,5,1,5,5,66810.87,2,0.4,1.0,5,1,35.65,53.85,68.51,HIGH,SHARED_MERCHANT|DENSE_USER_MERCHANT_NETWORK|HIGH_CHARGEBACK_CONCENTRATION|LARGE_CONNECTED_CLUSTER
25,5,1,5,5,62937.02,2,0.4,1.0,5,1,35.47,52.5,68.48,HIGH,SHARED_MERCHANT|DENSE_USER_MERCHANT_NETWORK|HIGH_CHARGEBACK_CONCENTRATION|LARGE_CONNECTED_CLUSTER
1905,4,1,4,4,46445.43,3,0.75,1.0,4,1,49.57,63.8,68.4,HIGH,SHARED_MERCHANT|DENSE_USER_MERCHANT_NETWORK|HIGH_CHARGEBACK_CONCENTRATION
2643,5,1,5,5,65392.73,2,0.4,1.0,5,1,35.01,55.74,68.38,HIGH,SHARED_MERCHANT|DENSE_USER_MERCHANT_NETWORK|HIGH_CHARGEBACK_CONCENTRATION|LARGE_CONNECTED_CLUSTER
3336,4,1,4,4,41843.09,3,0.75,1.0,4,1,49.33,64.35,68.35,HIGH,SHARED_MERCHANT|DENSE_USER_MERCHANT_NETWORK|HIGH_CHARGEBACK_CONCENTRATION
1154,5,1,5,5,58766.01,2,0.4,1.0,5,1,34.7,60.59,68.32,HIGH,SHARED_MERCHANT|DENSE_USER_MERCHANT_NETWORK|HIGH_CHARGEBACK_CONCENTRATION|LARGE_CONNECTED_CLUSTER
3104,5,1,5,5,63464.84,1,0.2,1.0,5,1,34.65,73.42,68.31,HIGH,SHARED_MERCHANT|DENSE_USER_MERCHANT_NETWORK|HIGH_CHARGEBACK_CONCENTRATION|LARGE_CONNECTED_CLUSTER
4182,5,1,5,5,100149.6,1,0.2,1.0,5,1,33.77,59.94,68.14,HIGH,SHARED_MERCHANT|DENSE_USER_MERCHANT_NETWORK|HIGH_CHARGEBACK_CONCENTRATION|LARGE_CONNECTED_CLUSTER
2245,5,1,5,5,63310.47,1,0.2,1.0,5,1,33.72,60.59,68.13,HIGH,SHARED_MERCHANT|DENSE_USER_MERCHANT_NETWORK|HIGH_CHARGEBACK_CONCENTRATION|LARGE_CONNECTED_CLUSTER
3270,5,1,5,5,64939.23,1,0.2,1.0,5,1,33.41,48.1,68.07,HIGH,SHARED_MERCHANT|DENSE_USER_MERCHANT_NETWORK|HIGH_CHARGEBACK_CONCENTRATION|LARGE_CONNECTED_CLUSTER
558,5,1,5,5,47960.06,2,0.4,1.0,5,1,33.29,52.17,68.04,HIGH,SHARED_MERCHANT|DENSE_USER_MERCHANT_NETWORK|HIGH_CHARGEBACK_CONCENTRATION|LARGE_CONNECTED_CLUSTER
1381,5,1,5,5,66968.76,1,0.2,1.0,5,1,33.17,54.48,68.02,HIGH,SHARED_MERCHANT|DENSE_USER_MERCHANT_NETWORK|HIGH_CHARGEBACK_CONCENTRATION|LARGE_CONNECTED_CLUSTER
448,5,1,5,5,74826.31,1,0.2,1.0,5,1,33.18,60.49,68.02,HIGH,SHARED_MERCHANT|DENSE_USER_MERCHANT_NETWORK|HIGH_CHARGEBACK_CONCENTRATION|LARGE_CONNECTED_CLUSTER
2553,4,1,4,4,92967.45,1,0.25,1.0,4,1,47.55,79.78,68.0,HIGH,SHARED_MERCHANT|DENSE_USER_MERCHANT_NETWORK|HIGH_CHARGEBACK_CONCENTRATION
2112,5,1,5,5,41348.6,1,0.2,1.0,5,1,32.86,48.29,67.96,HIGH,SHARED_MERCHANT|DENSE_USER_MERCHANT_NETWORK|HIGH_CHARGEBACK_CONCENTRATION|LARGE_CONNECTED_CLUSTER
2638,5,1,5,5,48521.1,1,0.2,1.0,5,1,32.58,50.97,67.9,HIGH,SHARED_MERCHANT|DENSE_USER_MERCHANT_NETWORK|HIGH_CHARGEBACK_CONCENTRATION|LARGE_CONNECTED_CLUSTER
3213,5,1,5,5,51485.87,1,0.2,1.0,5,1,32.59,55.44,67.9,HIGH,SHARED_MERCHANT|DENSE_USER_MERCHANT_NETWORK|HIGH_CHARGEBACK_CONCENTRATION|LARGE_CONNECTED_CLUSTER
1667,5,1,5,5,66652.6,1,0.2,1.0,5,1,32.55,50.23,67.89,HIGH,SHARED_MERCHANT|DENSE_USER_MERCHANT_NETWORK|HIGH_CHARGEBACK_CONCENTRATION|LARGE_CONNECTED_CLUSTER
1168,5,1,5,5,44464.33,2,0.4,1.0,5,1,32.34,54.79,67.85,HIGH,SHARED_MERCHANT|DENSE_USER_MERCHANT_NETWORK|HIGH_CHARGEBACK_CONCENTRATION|LARGE_CONNECTED_CLUSTER
4707,5,1,5,5,81133.25,1,0.2,1.0,5,1,32.3,58.92,67.84,HIGH,SHARED_MERCHANT|DENSE_USER_MERCHANT_NETWORK|HIGH_CHARGEBACK_CONCENTRATION|LARGE_CONNECTED_CLUSTER
3793,5,1,5,5,49283.86,1,0.2,1.0,5,1,32.08,46.53,67.8,HIGH,SHARED_MERCHANT|DENSE_USER_MERCHANT_NETWORK|HIGH_CHARGEBACK_CONCENTRATION|LARGE_CONNECTED_CLUSTER
1302,5,1,5,5,52723.63,1,0.2,1.0,5,1,31.97,63.63,67.78,HIGH,SHARED_MERCHANT|DENSE_USER_MERCHANT_NETWORK|HIGH_CHARGEBACK_CONCENTRATION|LARGE_CONNECTED_CLUSTER
2973,5,1,5,5,44746.0,1,0.2,1.0,5,1,31.89,52.75,67.76,HIGH,SHARED_MERCHANT|DENSE_USER_MERCHANT_NETWORK|HIGH_CHARGEBACK_CONCENTRATION|LARGE_CONNECTED_CLUSTER
4809,4,1,4,4,31973.89,2,0.5,1.0,4,1,46.19,55.45,67.73,HIGH,SHARED_MERCHANT|DENSE_USER_MERCHANT_NETWORK|HIGH_CHARGEBACK_CONCENTRATION
1867,5,1,5,5,83540.7,1,0.2,1.0,5,1,31.36,49.22,67.65,HIGH,SHARED_MERCHANT|DENSE_USER_MERCHANT_NETWORK|HIGH_CHARGEBACK_CONCENTRATION|LARGE_CONNECTED_CLUSTER
1895,5,1,5,5,53489.54,1,0.2,1.0,5,1,31.2,48.01,67.62,HIGH,SHARED_MERCHANT|DENSE_USER_MERCHANT_NETWORK|HIGH_CHARGEBACK_CONCENTRATION|LARGE_CONNECTED_CLUSTER
3307,5,1,5,5,77807.41,1,0.2,1.0,5,1,31.2,54.26,67.62,HIGH,SHARED_MERCHANT|DENSE_USER_MERCHANT_NETWORK|HIGH_CHARGEBACK_CONCENTRATION|LARGE_CONNECTED_CLUSTER
38,5,1,5,5,49037.12,1,0.2,1.0,5,1,31.14,47.81,67.61,HIGH,SHARED_MERCHANT|DENSE_USER_MERCHANT_NETWORK|HIGH_CHARGEBACK_CONCENTRATION|LARGE_CONNECTED_CLUSTER
463,5,1,5,5,65393.54,1,0.2,1.0,5,1,30.72,51.81,67.53,HIGH,SHARED_MERCHANT|DENSE_USER_MERCHANT_NETWORK|HIGH_CHARGEBACK_CONCENTRATION|LARGE_CONNECTED_CLUSTER
3205,5,1,5,5,40301.88,1,0.2,1.0,5,1,30.59,48.33,67.5,HIGH,SHARED_MERCHANT|DENSE_USER_MERCHANT_NETWORK|HIGH_CHARGEBACK_CONCENTRATION|LARGE_CONNECTED_CLUSTER
1495,5,1,5,5,69860.83,1,0.2,1.0,5,1,30.45,46.64,67.47,HIGH,SHARED_MERCHANT|DENSE_USER_MERCHANT_NETWORK|HIGH_CHARGEBACK_CONCENTRATION|LARGE_CONNECTED_CLUSTER
1170,9,2,10,10,148764.35,2,0.2,0.5556,8,2,30.66,59.02,67.44,HIGH,SHARED_MERCHANT|MULTIPLE_SHARED_MERCHANTS|DENSE_USER_MERCHANT_NETWORK|HIGH_CHARGEBACK_CONCENTRATION|LARGE_CONNECTED_CLUSTER
761,5,1,5,5,64304.45,1,0.2,1.0,5,1,30.13,54.79,67.41,HIGH,SHARED_MERCHANT|DENSE_USER_MERCHANT_NETWORK|HIGH_CHARGEBACK_CONCENTRATION|LARGE_CONNECTED_CLUSTER
65,5,1,5,5,36598.28,1,0.2,1.0,5,1,29.83,51.82,67.35,HIGH,SHARED_MERCHANT|DENSE_USER_MERCHANT_NETWORK|HIGH_CHARGEBACK_CONCENTRATION|LARGE_CONNECTED_CLUSTER
1940,5,1,5,5,70896.29,1,0.2,1.0,5,1,29.77,52.15,67.34,HIGH,SHARED_MERCHANT|DENSE_USER_MERCHANT_NETWORK|HIGH_CHARGEBACK_CONCENTRATION|LARGE_CONNECTED_CLUSTER
3351,5,1,5,5,62639.0,1,0.2,1.0,5,1,29.79,47.29,67.34,HIGH,SHARED_MERCHANT|DENSE_USER_MERCHANT_NETWORK|HIGH_CHARGEBACK_CONCENTRATION|LARGE_CONNECTED_CLUSTER
4038,5,1,5,5,42395.86,1,0.2,1.0,5,1,29.76,56.14,67.33,HIGH,SHARED_MERCHANT|DENSE_USER_MERCHANT_NETWORK|HIGH_CHARGEBACK_CONCENTRATION|LARGE_CONNECTED_CLUSTER
3022,5,1,5,5,29550.59,1,0.2,1.0,5,1,29.57,52.33,67.3,HIGH,SHARED_MERCHANT|DENSE_USER_MERCHANT_NETWORK|HIGH_CHARGEBACK_CONCENTRATION|LARGE_CONNECTED_CLUSTER
958,5,1,5,5,59802.57,1,0.2,1.0,5,1,29.58,52.74,67.3,HIGH,SHARED_MERCHANT|DENSE_USER_MERCHANT_NETWORK|HIGH_CHARGEBACK_CONCENTRATION|LARGE_CONNECTED_CLUSTER
3374,5,1,5,5,59864.34,1,0.2,1.0,5,1,29.25,48.65,67.23,HIGH,SHARED_MERCHANT|DENSE_USER_MERCHANT_NETWORK|HIGH_CHARGEBACK_CONCENTRATION|LARGE_CONNECTED_CLUSTER
1862,4,1,4,4,64811.12,1,0.25,1.0,4,1,43.18,50.12,67.12,HIGH,SHARED_MERCHANT|DENSE_USER_MERCHANT_NETWORK|HIGH_CHARGEBACK_CONCENTRATION
1898,4,1,4,4,70094.53,1,0.25,1.0,4,1,42.86,76.62,67.06,HIGH,SHARED_MERCHANT|DENSE_USER_MERCHANT_NETWORK|HIGH_CHARGEBACK_CONCENTRATION
137,5,1,5,5,53878.19,1,0.2,1.0,5,1,28.19,55.58,67.02,HIGH,SHARED_MERCHANT|DENSE_USER_MERCHANT_NETWORK|HIGH_CHARGEBACK_CONCENTRATION|LARGE_CONNECTED_CLUSTER
1959,5,1,5,5,50918.52,1,0.2,1.0,5,1,28.04,49.07,66.99,HIGH,SHARED_MERCHANT|DENSE_USER_MERCHANT_NETWORK|HIGH_CHARGEBACK_CONCENTRATION|LARGE_CONNECTED_CLUSTER
1282,5,1,5,5,61190.85,1,0.2,1.0,5,1,28.02,46.8,66.99,HIGH,SHARED_MERCHANT|DENSE_USER_MERCHANT_NETWORK|HIGH_CHARGEBACK_CONCENTRATION|LARGE_CONNECTED_CLUSTER
970,5,1,5,5,58132.88,1,0.2,1.0,5,1,28.03,59.35,66.99,HIGH,SHARED_MERCHANT|DENSE_USER_MERCHANT_NETWORK|HIGH_CHARGEBACK_CONCENTRATION|LARGE_CONNECTED_CLUSTER
764,5,1,5,5,55073.47,1,0.2,1.0,5,1,27.94,48.66,66.97,HIGH,SHARED_MERCHANT|DENSE_USER_MERCHANT_NETWORK|HIGH_CHARGEBACK_CONCENTRATION|LARGE_CONNECTED_CLUSTER
2372,5,1,5,5,51547.59,1,0.2,1.0,5,1,27.96,45.46,66.97,HIGH,SHARED_MERCHANT|DENSE_USER_MERCHANT_NETWORK|HIGH_CHARGEBACK_CONCENTRATION|LARGE_CONNECTED_CLUSTER
1235,5,1,5,5,66930.75,1,0.2,1.0,5,1,27.94,48.51,66.97,HIGH,SHARED_MERCHANT|DENSE_USER_MERCHANT_NETWORK|HIGH_CHARGEBACK_CONCENTRATION|LARGE_CONNECTED_CLUSTER
4984,5,1,5,5,54933.63,1,0.2,1.0,5,1,27.93,52.41,66.97,HIGH,SHARED_MERCHANT|DENSE_USER_MERCHANT_NETWORK|HIGH_CHARGEBACK_CONCENTRATION|LARGE_CONNECTED_CLUSTER
4646,4,1,4,4,85446.94,1,0.25,1.0,4,1,42.31,80.19,66.95,HIGH,SHARED_MERCHANT|DENSE_USER_MERCHANT_NETWORK|HIGH_CHARGEBACK_CONCENTRATION
493,5,1,5,5,36461.09,1,0.2,1.0,5,1,27.86,52.73,66.95,HIGH,SHARED_MERCHANT|DENSE_USER_MERCHANT_NETWORK|HIGH_CHARGEBACK_CONCENTRATION|LARGE_CONNECTED_CLUSTER
1853,4,1,4,4,71883.3,2,0.5,1.0,4,1,42.27,59.27,66.94,HIGH,SHARED_MERCHANT|DENSE_USER_MERCHANT_NETWORK|HIGH_CHARGEBACK_CONCENTRATION
3794,5,1,5,5,53958.57,1,0.2,1.0,5,1,27.73,48.61,66.93,HIGH,SHARED_MERCHANT|DENSE_USER_MERCHANT_NETWORK|HIGH_CHARGEBACK_CONCENTRATION|LARGE_CONNECTED_CLUSTER
1180,5,1,5,5,54749.21,1,0.2,1.0,5,1,27.62,55.65,66.91,HIGH,SHARED_MERCHANT|DENSE_USER_MERCHANT_NETWORK|HIGH_CHARGEBACK_CONCENTRATION|LARGE_CONNECTED_CLUSTER
3603,5,1,5,5,43617.99,1,0.2,1.0,5,1,27.61,55.76,66.9,HIGH,SHARED_MERCHANT|DENSE_USER_MERCHANT_NETWORK|HIGH_CHARGEBACK_CONCENTRATION|LARGE_CONNECTED_CLUSTER
3547,4,1,4,4,43841.92,2,0.5,1.0,4,1,42.01,70.7,66.89,HIGH,SHARED_MERCHANT|DENSE_USER_MERCHANT_NETWORK|HIGH_CHARGEBACK_CONCENTRATION
1167,5,1,5,5,48505.45,1,0.2,1.0,5,1,27.39,44.66,66.86,HIGH,SHARED_MERCHANT|DENSE_USER_MERCHANT_NETWORK|HIGH_CHARGEBACK_CONCENTRATION|LARGE_CONNECTED_CLUSTER
622,5,1,5,5,56347.33,1,0.2,1.0,5,1,27.32,53.06,66.85,HIGH,SHARED_MERCHANT|DENSE_USER_MERCHANT_NETWORK|HIGH_CHARGEBACK_CONCENTRATION|LARGE_CONNECTED_CLUSTER
478,6,1,6,6,107132.75,1,0.1667,1.0,6,1,33.76,60.42,66.8,HIGH,SHARED_MERCHANT|DENSE_USER_MERCHANT_NETWORK|HIGH_CHARGEBACK_CONCENTRATION|LARGE_CONNECTED_CLUSTER
786,5,1,5,5,47644.57,1,0.2,1.0,5,1,27.09,47.0,66.8,HIGH,SHARED_MERCHANT|DENSE_USER_MERCHANT_NETWORK|HIGH_CHARGEBACK_CONCENTRATION|LARGE_CONNECTED_CLUSTER
2053,5,1,5,5,45028.71,1,0.2,1.0,5,1,27.0,41.9,66.78,HIGH,SHARED_MERCHANT|DENSE_USER_MERCHANT_NETWORK|HIGH_CHARGEBACK_CONCENTRATION|LARGE_CONNECTED_CLUSTER
4331,2,1,2,2,19604.76,2,1.0,1.0,2,1,71.97,72.69,66.78,HIGH,HIGH_CHARGEBACK_CONCENTRATION|HIGH_RELATIONSHIP_RISK
3832,4,1,4,4,47919.5,1,0.25,1.0,4,1,41.33,71.75,66.75,HIGH,SHARED_MERCHANT|DENSE_USER_MERCHANT_NETWORK|HIGH_CHARGEBACK_CONCENTRATION
852,6,1,6,6,96319.87,1,0.1667,1.0,6,1,33.43,59.63,66.74,HIGH,SHARED_MERCHANT|DENSE_USER_MERCHANT_NETWORK|HIGH_CHARGEBACK_CONCENTRATION|LARGE_CONNECTED_CLUSTER
2980,7,1,7,7,93632.82,1,0.1429,1.0,7,1,34.39,61.15,66.74,HIGH,SHARED_MERCHANT|DENSE_USER_MERCHANT_NETWORK|HIGH_CHARGEBACK_CONCENTRATION|LARGE_CONNECTED_CLUSTER
3771,3,1,3,3,60618.7,2,0.6667,1.0,3,1,56.09,62.35,66.72,HIGH,SHARED_MERCHANT|DENSE_USER_MERCHANT_NETWORK|HIGH_CHARGEBACK_CONCENTRATION
2780,6,1,6,6,101216.96,1,0.1667,1.0,6,1,33.27,60.62,66.7,HIGH,SHARED_MERCHANT|DENSE_USER_MERCHANT_NETWORK|HIGH_CHARGEBACK_CONCENTRATION|LARGE_CONNECTED_CLUSTER
2306,5,1,5,5,36138.55,1,0.2,1.0,5,1,26.55,50.96,66.69,HIGH,SHARED_MERCHANT|DENSE_USER_MERCHANT_NETWORK|HIGH_CHARGEBACK_CONCENTRATION|LARGE_CONNECTED_CLUSTER
732,4,1,4,4,68632.19,2,0.5,1.0,4,1,41.01,59.31,66.69,HIGH,SHARED_MERCHANT|DENSE_USER_MERCHANT_NETWORK|HIGH_CHARGEBACK_CONCENTRATION
1453,6,1,6,6,85381.2,1,0.1667,1.0,6,1,32.98,60.2,66.65,HIGH,SHARED_MERCHANT|DENSE_USER_MERCHANT_NETWORK|HIGH_CHARGEBACK_CONCENTRATION|LARGE_CONNECTED_CLUSTER
3152,4,1,4,4,25699.8,2,0.5,1.0,4,1,40.75,70.84,66.64,HIGH,SHARED_MERCHANT|DENSE_USER_MERCHANT_NETWORK|HIGH_CHARGEBACK_CONCENTRATION
3169,4,1,4,4,40819.34,1,0.25,1.0,4,1,40.55,79.59,66.6,HIGH,SHARED_MERCHANT|DENSE_USER_MERCHANT_NETWORK|HIGH_CHARGEBACK_CONCENTRATION
3512,5,1,5,5,47393.67,1,0.2,1.0,5,1,26.03,45.09,66.59,HIGH,SHARED_MERCHANT|DENSE_USER_MERCHANT_NETWORK|HIGH_CHARGEBACK_CONCENTRATION|LARGE_CONNECTED_CLUSTER
1850,4,1,4,4,34184.46,1,0.25,1.0,4,1,40.21,52.37,66.53,HIGH,SHARED_MERCHANT|DENSE_USER_MERCHANT_NETWORK|HIGH_CHARGEBACK_CONCENTRATION
3360,4,1,4,4,16995.84,1,0.25,1.0,4,1,40.15,52.93,66.52,HIGH,SHARED_MERCHANT|DENSE_USER_MERCHANT_NETWORK|HIGH_CHARGEBACK_CONCENTRATION
2398,5,1,5,5,36170.77,1,0.2,1.0,5,1,25.45,46.19,66.47,HIGH,SHARED_MERCHANT|DENSE_USER_MERCHANT_NETWORK|HIGH_CHARGEBACK_CONCENTRATION|LARGE_CONNECTED_CLUSTER
3805,4,1,4,4,75950.83,1,0.25,1.0,4,1,39.86,61.41,66.46,HIGH,SHARED_MERCHANT|DENSE_USER_MERCHANT_NETWORK|HIGH_CHARGEBACK_CONCENTRATION
2380,5,1,5,5,28820.35,1,0.2,1.0,5,1,25.39,50.77,66.46,HIGH,SHARED_MERCHANT|DENSE_USER_MERCHANT_NETWORK|HIGH_CHARGEBACK_CONCENTRATION|LARGE_CONNECTED_CLUSTER
979,4,1,4,4,65104.99,2,0.5,1.0,4,1,39.56,54.33,66.4,HIGH,SHARED_MERCHANT|DENSE_USER_MERCHANT_NETWORK|HIGH_CHARGEBACK_CONCENTRATION
2932,6,1,6,6,41270.72,1,0.1667,1.0,6,1,31.7,57.4,66.39,HIGH,SHARED_MERCHANT|DENSE_USER_MERCHANT_NETWORK|HIGH_CHARGEBACK_CONCENTRATION|LARGE_CONNECTED_CLUSTER
1329,3,1,3,3,45200.09,3,1.0,1.0,3,1,54.14,55.8,66.33,HIGH,SHARED_MERCHANT|DENSE_USER_MERCHANT_NETWORK|HIGH_CHARGEBACK_CONCENTRATION
2752,3,1,3,3,47166.97,3,1.0,1.0,3,1,53.91,55.47,66.29,HIGH,SHARED_MERCHANT|DENSE_USER_MERCHANT_NETWORK|HIGH_CHARGEBACK_CONCENTRATION
1701,4,1,4,4,67510.12,1,0.25,1.0,4,1,38.96,58.28,66.28,HIGH,SHARED_MERCHANT|DENSE_USER_MERCHANT_NETWORK|HIGH_CHARGEBACK_CONCENTRATION
3913,6,1,6,6,61273.83,1,0.1667,1.0,6,1,31.09,54.01,66.27,HIGH,SHARED_MERCHANT|DENSE_USER_MERCHANT_NETWORK|HIGH_CHARGEBACK_CONCENTRATION|LARGE_CONNECTED_CLUSTER
1224,6,1,6,6,70057.22,1,0.1667,1.0,6,1,30.99,75.09,66.25,HIGH,SHARED_MERCHANT|DENSE_USER_MERCHANT_NETWORK|HIGH_CHARGEBACK_CONCENTRATION|LARGE_CONNECTED_CLUSTER
254,4,1,4,4,74295.29,1,0.25,1.0,4,1,38.84,60.59,66.25,HIGH,SHARED_MERCHANT|DENSE_USER_MERCHANT_NETWORK|HIGH_CHARGEBACK_CONCENTRATION
5264,4,1,4,4,25890.79,2,0.5,1.0,4,1,38.76,67.3,66.24,HIGH,SHARED_MERCHANT|DENSE_USER_MERCHANT_NETWORK|HIGH_CHARGEBACK_CONCENTRATION
1313,4,1,4,4,26185.15,2,0.5,1.0,4,1,38.76,56.34,66.24,HIGH,SHARED_MERCHANT|DENSE_USER_MERCHANT_NETWORK|HIGH_CHARGEBACK_CONCENTRATION
3396,4,1,4,4,55441.04,2,0.5,1.0,4,1,38.74,58.59,66.23,HIGH,SHARED_MERCHANT|DENSE_USER_MERCHANT_NETWORK|HIGH_CHARGEBACK_CONCENTRATION
1575,4,1,4,4,39908.42,1,0.25,1.0,4,1,38.68,54.76,66.22,HIGH,SHARED_MERCHANT|DENSE_USER_MERCHANT_NETWORK|HIGH_CHARGEBACK_CONCENTRATION
628,4,1,4,4,58643.55,2,0.5,1.0,4,1,38.64,57.71,66.22,HIGH,SHARED_MERCHANT|DENSE_USER_MERCHANT_NETWORK|HIGH_CHARGEBACK_CONCENTRATION
250,4,1,4,4,22227.87,2,0.5,1.0,4,1,38.44,46.84,66.17,HIGH,SHARED_MERCHANT|DENSE_USER_MERCHANT_NETWORK|HIGH_CHARGEBACK_CONCENTRATION
2543,4,1,4,4,54046.05,2,0.5,1.0,4,1,38.27,56.37,66.14,HIGH,SHARED_MERCHANT|DENSE_USER_MERCHANT_NETWORK|HIGH_CHARGEBACK_CONCENTRATION
3735,4,1,4,4,53762.41,1,0.25,1.0,4,1,38.23,80.23,66.13,HIGH,SHARED_MERCHANT|DENSE_USER_MERCHANT_NETWORK|HIGH_CHARGEBACK_CONCENTRATION
72,4,1,4,4,67638.26,1,0.25,1.0,4,1,38.21,60.42,66.13,HIGH,SHARED_MERCHANT|DENSE_USER_MERCHANT_NETWORK|HIGH_CHARGEBACK_CONCENTRATION
2850,6,1,6,6,29534.3,1,0.1667,1.0,6,1,30.39,64.79,66.13,HIGH,SHARED_MERCHANT|DENSE_USER_MERCHANT_NETWORK|HIGH_CHARGEBACK_CONCENTRATION|LARGE_CONNECTED_CLUSTER
398,4,1,4,4,50029.25,2,0.5,1.0,4,1,38.14,60.23,66.12,HIGH,SHARED_MERCHANT|DENSE_USER_MERCHANT_NETWORK|HIGH_CHARGEBACK_CONCENTRATION
514,7,1,7,7,89382.36,1,0.1429,1.0,7,1,31.22,49.15,66.11,HIGH,SHARED_MERCHANT|DENSE_USER_MERCHANT_NETWORK|HIGH_CHARGEBACK_CONCENTRATION|LARGE_CONNECTED_CLUSTER
3653,4,1,4,4,61700.16,1,0.25,1.0,4,1,37.77,48.69,66.04,HIGH,SHARED_MERCHANT|DENSE_USER_MERCHANT_NETWORK|HIGH_CHARGEBACK_CONCENTRATION
45,7,1,7,7,88159.25,1,0.1429,1.0,7,1,30.88,57.1,66.04,HIGH,SHARED_MERCHANT|DENSE_USER_MERCHANT_NETWORK|HIGH_CHARGEBACK_CONCENTRATION|LARGE_CONNECTED_CLUSTER
1672,6,1,6,6,94288.28,1,0.1667,1.0,6,1,29.91,44.8,66.03,HIGH,SHARED_MERCHANT|DENSE_USER_MERCHANT_NETWORK|HIGH_CHARGEBACK_CONCENTRATION|LARGE_CONNECTED_CLUSTER
1607,4,1,4,4,37455.78,2,0.5,1.0,4,1,37.6,57.09,66.01,HIGH,SHARED_MERCHANT|DENSE_USER_MERCHANT_NETWORK|HIGH_CHARGEBACK_CONCENTRATION
900,5,1,5,5,22637.3,1,0.2,1.0,5,1,23.05,43.7,65.99,HIGH,SHARED_MERCHANT|DENSE_USER_MERCHANT_NETWORK|HIGH_CHARGEBACK_CONCENTRATION|LARGE_CONNECTED_CLUSTER
5140,4,1,4,4,52637.75,2,0.5,1.0,4,1,37.42,56.78,65.97,HIGH,SHARED_MERCHANT|DENSE_USER_MERCHANT_NETWORK|HIGH_CHARGEBACK_CONCENTRATION
2427,5,1,5,5,21298.17,1,0.2,1.0,5,1,22.73,44.66,65.93,HIGH,SHARED_MERCHANT|DENSE_USER_MERCHANT_NETWORK|HIGH_CHARGEBACK_CONCENTRATION|LARGE_CONNECTED_CLUSTER
1983,4,1,4,4,45081.03,2,0.5,1.0,4,1,37.22,54.87,65.93,HIGH,SHARED_MERCHANT|DENSE_USER_MERCHANT_NETWORK|HIGH_CHARGEBACK_CONCENTRATION
361,6,1,6,6,82634.57,1,0.1667,1.0,6,1,29.22,48.09,65.89,HIGH,SHARED_MERCHANT|DENSE_USER_MERCHANT_NETWORK|HIGH_CHARGEBACK_CONCENTRATION|LARGE_CONNECTED_CLUSTER
4014,4,1,4,4,66369.46,1,0.25,1.0,4,1,37.02,74.85,65.89,HIGH,SHARED_MERCHANT|DENSE_USER_MERCHANT_NETWORK|HIGH_CHARGEBACK_CONCENTRATION
4980,4,1,4,4,61220.58,1,0.25,1.0,4,1,36.91,50.56,65.87,HIGH,SHARED_MERCHANT|DENSE_USER_MERCHANT_NETWORK|HIGH_CHARGEBACK_CONCENTRATION
3942,4,1,4,4,67402.09,1,0.25,1.0,4,1,36.89,58.24,65.87,HIGH,SHARED_MERCHANT|DENSE_USER_MERCHANT_NETWORK|HIGH_CHARGEBACK_CONCENTRATION
2264,4,1,4,4,53650.33,1,0.25,1.0,4,1,36.58,52.67,65.8,HIGH,SHARED_MERCHANT|DENSE_USER_MERCHANT_NETWORK|HIGH_CHARGEBACK_CONCENTRATION
4731,3,1,3,3,34526.56,2,0.6667,1.0,3,1,51.47,77.07,65.8,HIGH,SHARED_MERCHANT|DENSE_USER_MERCHANT_NETWORK|HIGH_CHARGEBACK_CONCENTRATION
204,3,1,3,3,43872.22,2,0.6667,1.0,3,1,51.32,55.9,65.77,HIGH,SHARED_MERCHANT|DENSE_USER_MERCHANT_NETWORK|HIGH_CHARGEBACK_CONCENTRATION
3348,4,1,4,4,54410.54,1,0.25,1.0,4,1,36.41,76.22,65.77,HIGH,SHARED_MERCHANT|DENSE_USER_MERCHANT_NETWORK|HIGH_CHARGEBACK_CONCENTRATION
4395,4,1,4,4,39315.91,2,0.5,1.0,4,1,36.36,47.49,65.76,HIGH,SHARED_MERCHANT|DENSE_USER_MERCHANT_NETWORK|HIGH_CHARGEBACK_CONCENTRATION
902,4,1,4,4,42577.08,2,0.5,1.0,4,1,36.36,57.79,65.76,HIGH,SHARED_MERCHANT|DENSE_USER_MERCHANT_NETWORK|HIGH_CHARGEBACK_CONCENTRATION
650,4,1,4,4,33654.28,1,0.25,1.0,4,1,36.28,60.08,65.74,HIGH,SHARED_MERCHANT|DENSE_USER_MERCHANT_NETWORK|HIGH_CHARGEBACK_CONCENTRATION
456,4,1,4,4,34714.7,2,0.5,1.0,4,1,36.27,55.85,65.74,HIGH,SHARED_MERCHANT|DENSE_USER_MERCHANT_NETWORK|HIGH_CHARGEBACK_CONCENTRATION
757,7,1,7,7,102863.71,1,0.1429,1.0,7,1,29.35,45.68,65.73,HIGH,SHARED_MERCHANT|DENSE_USER_MERCHANT_NETWORK|HIGH_CHARGEBACK_CONCENTRATION|LARGE_CONNECTED_CLUSTER
785,4,1,4,4,55111.15,1,0.25,1.0,4,1,36.17,54.28,65.72,HIGH,SHARED_MERCHANT|DENSE_USER_MERCHANT_NETWORK|HIGH_CHARGEBACK_CONCENTRATION
870,11,3,13,13,206707.09,3,0.2308,0.3939,8,3,35.54,61.84,65.7,HIGH,SHARED_MERCHANT|MULTIPLE_SHARED_MERCHANTS|HIGH_CHARGEBACK_CONCENTRATION|LARGE_CONNECTED_CLUSTER
2705,4,1,4,4,43146.58,1,0.25,1.0,4,1,35.9,64.46,65.67,HIGH,SHARED_MERCHANT|DENSE_USER_MERCHANT_NETWORK|HIGH_CHARGEBACK_CONCENTRATION
3695,4,1,4,4,39864.03,2,0.5,1.0,4,1,35.93,56.32,65.67,HIGH,SHARED_MERCHANT|DENSE_USER_MERCHANT_NETWORK|HIGH_CHARGEBACK_CONCENTRATION
101,4,1,4,4,51992.79,1,0.25,1.0,4,1,35.85,57.73,65.66,HIGH,SHARED_MERCHANT|DENSE_USER_MERCHANT_NETWORK|HIGH_CHARGEBACK_CONCENTRATION
2976,4,1,4,4,87489.69,1,0.25,1.0,4,1,35.85,58.17,65.66,HIGH,SHARED_MERCHANT|DENSE_USER_MERCHANT_NETWORK|HIGH_CHARGEBACK_CONCENTRATION
724,4,1,4,4,53465.83,1,0.25,1.0,4,1,35.77,52.91,65.64,HIGH,SHARED_MERCHANT|DENSE_USER_MERCHANT_NETWORK|HIGH_CHARGEBACK_CONCENTRATION
4742,1,1,1,1,19571.0,1,1.0,1.0,1,0,83.16,83.16,65.63,HIGH,HIGH_CHARGEBACK_CONCENTRATION|HIGH_RELATIONSHIP_RISK
1406,4,1,4,4,52551.16,1,0.25,1.0,4,1,35.67,61.1,65.62,HIGH,SHARED_MERCHANT|DENSE_USER_MERCHANT_NETWORK|HIGH_CHARGEBACK_CONCENTRATION
444,4,1,4,4,48256.1,1,0.25,1.0,4,1,35.67,60.07,65.62,HIGH,SHARED_MERCHANT|DENSE_USER_MERCHANT_NETWORK|HIGH_CHARGEBACK_CONCENTRATION
664,4,1,4,4,38048.79,2,0.5,1.0,4,1,35.66,57.46,65.62,HIGH,SHARED_MERCHANT|DENSE_USER_MERCHANT_NETWORK|HIGH_CHARGEBACK_CONCENTRATION
660,7,1,7,7,98969.25,1,0.1429,1.0,7,1,28.72,46.07,65.61,HIGH,SHARED_MERCHANT|DENSE_USER_MERCHANT_NETWORK|HIGH_CHARGEBACK_CONCENTRATION|LARGE_CONNECTED_CLUSTER
471,3,1,3,3,31913.47,2,0.6667,1.0,3,1,50.47,68.76,65.6,HIGH,SHARED_MERCHANT|DENSE_USER_MERCHANT_NETWORK|HIGH_CHARGEBACK_CONCENTRATION
1594,4,1,4,4,52788.73,1,0.25,1.0,4,1,35.57,58.1,65.6,HIGH,SHARED_MERCHANT|DENSE_USER_MERCHANT_NETWORK|HIGH_CHARGEBACK_CONCENTRATION
1424,6,1,6,6,63103.97,1,0.1667,1.0,6,1,27.72,49.03,65.59,HIGH,SHARED_MERCHANT|DENSE_USER_MERCHANT_NETWORK|HIGH_CHARGEBACK_CONCENTRATION|LARGE_CONNECTED_CLUSTER
2068,4,1,4,4,77172.54,1,0.25,1.0,4,1,35.45,61.95,65.58,HIGH,SHARED_MERCHANT|DENSE_USER_MERCHANT_NETWORK|HIGH_CHARGEBACK_CONCENTRATION
4754,6,1,6,6,70839.24,1,0.1667,1.0,6,1,27.48,51.83,65.55,HIGH,SHARED_MERCHANT|DENSE_USER_MERCHANT_NETWORK|HIGH_CHARGEBACK_CONCENTRATION|LARGE_CONNECTED_CLUSTER
2006,4,1,4,4,44126.69,1,0.25,1.0,4,1,35.14,50.47,65.51,HIGH,SHARED_MERCHANT|DENSE_USER_MERCHANT_NETWORK|HIGH_CHARGEBACK_CONCENTRATION
1601,9,2,10,10,117462.41,3,0.3,0.5556,7,2,33.52,56.88,65.51,HIGH,SHARED_MERCHANT|MULTIPLE_SHARED_MERCHANTS|DENSE_USER_MERCHANT_NETWORK|HIGH_CHARGEBACK_CONCENTRATION|LARGE_CONNECTED_CLUSTER
805,8,1,8,8,93202.25,1,0.125,1.0,8,1,25.6,58.31,65.51,HIGH,SHARED_MERCHANT|DENSE_USER_MERCHANT_NETWORK|HIGH_CHARGEBACK_CONCENTRATION|LARGE_CONNECTED_CLUSTER
3550,4,1,4,4,52058.02,1,0.25,1.0,4,1,35.04,52.45,65.5,HIGH,SHARED_MERCHANT|DENSE_USER_MERCHANT_NETWORK|HIGH_CHARGEBACK_CONCENTRATION
4053,4,1,4,4,36072.15,2,0.5,1.0,4,1,35.05,52.45,65.5,HIGH,SHARED_MERCHANT|DENSE_USER_MERCHANT_NETWORK|HIGH_CHARGEBACK_CONCENTRATION
3001,3,1,3,3,43998.4,1,0.3333,1.0,3,1,49.92,53.08,65.49,HIGH,SHARED_MERCHANT|DENSE_USER_MERCHANT_NETWORK|HIGH_CHARGEBACK_CONCENTRATION
62,4,1,4,4,44365.32,1,0.25,1.0,4,1,34.82,68.53,65.45,HIGH,SHARED_MERCHANT|DENSE_USER_MERCHANT_NETWORK|HIGH_CHARGEBACK_CONCENTRATION
3093,6,1,6,6,64368.41,1,0.1667,1.0,6,1,27.02,59.04,65.45,HIGH,SHARED_MERCHANT|DENSE_USER_MERCHANT_NETWORK|HIGH_CHARGEBACK_CONCENTRATION|LARGE_CONNECTED_CLUSTER
405,4,1,4,4,69784.44,1,0.25,1.0,4,1,34.72,56.33,65.43,HIGH,SHARED_MERCHANT|DENSE_USER_MERCHANT_NETWORK|HIGH_CHARGEBACK_CONCENTRATION
648,9,2,10,10,120977.01,2,0.2,0.5556,7,2,33.1,53.76,65.43,HIGH,SHARED_MERCHANT|MULTIPLE_SHARED_MERCHANTS|DENSE_USER_MERCHANT_NETWORK|HIGH_CHARGEBACK_CONCENTRATION|LARGE_CONNECTED_CLUSTER
1409,4,1,4,4,64033.21,1,0.25,1.0,4,1,34.71,59.23,65.43,HIGH,SHARED_MERCHANT|DENSE_USER_MERCHANT_NETWORK|HIGH_CHARGEBACK_CONCENTRATION
3402,4,1,4,4,9781.63,1,0.25,1.0,4,1,34.66,51.7,65.42,HIGH,SHARED_MERCHANT|DENSE_USER_MERCHANT_NETWORK|HIGH_CHARGEBACK_CONCENTRATION
3240,4,1,4,4,78956.63,1,0.25,1.0,4,1,34.55,54.93,65.4,HIGH,SHARED_MERCHANT|DENSE_USER_MERCHANT_NETWORK|HIGH_CHARGEBACK_CONCENTRATION
2778,4,1,4,4,43175.13,1,0.25,1.0,4,1,34.41,59.43,65.37,HIGH,SHARED_MERCHANT|DENSE_USER_MERCHANT_NETWORK|HIGH_CHARGEBACK_CONCENTRATION
3197,4,1,4,4,71285.24,1,0.25,1.0,4,1,34.37,56.42,65.36,HIGH,SHARED_MERCHANT|DENSE_USER_MERCHANT_NETWORK|HIGH_CHARGEBACK_CONCENTRATION
4094,4,1,4,4,44471.02,1,0.25,1.0,4,1,34.29,55.19,65.34,HIGH,SHARED_MERCHANT|DENSE_USER_MERCHANT_NETWORK|HIGH_CHARGEBACK_CONCENTRATION
4448,6,1,6,6,60700.2,1,0.1667,1.0,6,1,26.21,46.18,65.29,HIGH,SHARED_MERCHANT|DENSE_USER_MERCHANT_NETWORK|HIGH_CHARGEBACK_CONCENTRATION|LARGE_CONNECTED_CLUSTER
2717,4,1,4,4,56922.19,1,0.25,1.0,4,1,34.03,60.42,65.29,HIGH,SHARED_MERCHANT|DENSE_USER_MERCHANT_NETWORK|HIGH_CHARGEBACK_CONCENTRATION
98,6,1,6,6,67260.09,1,0.1667,1.0,6,1,26.18,56.43,65.29,HIGH,SHARED_MERCHANT|DENSE_USER_MERCHANT_NETWORK|HIGH_CHARGEBACK_CONCENTRATION|LARGE_CONNECTED_CLUSTER
3767,4,1,4,4,39511.26,1,0.25,1.0,4,1,33.82,61.1,65.25,HIGH,SHARED_MERCHANT|DENSE_USER_MERCHANT_NETWORK|HIGH_CHARGEBACK_CONCENTRATION
3999,4,1,4,4,40364.02,1,0.25,1.0,4,1,33.8,71.43,65.25,HIGH,SHARED_MERCHANT|DENSE_USER_MERCHANT_NETWORK|HIGH_CHARGEBACK_CONCENTRATION
1500,4,1,4,4,37167.42,1,0.25,1.0,4,1,33.73,70.38,65.23,HIGH,SHARED_MERCHANT|DENSE_USER_MERCHANT_NETWORK|HIGH_CHARGEBACK_CONCENTRATION
656,7,1,7,7,76061.5,1,0.1429,1.0,7,1,26.8,56.5,65.22,HIGH,SHARED_MERCHANT|DENSE_USER_MERCHANT_NETWORK|HIGH_CHARGEBACK_CONCENTRATION|LARGE_CONNECTED_CLUSTER
3232,8,1,8,8,45727.08,1,0.125,1.0,8,1,24.04,45.59,65.19,HIGH,SHARED_MERCHANT|DENSE_USER_MERCHANT_NETWORK|HIGH_CHARGEBACK_CONCENTRATION|LARGE_CONNECTED_CLUSTER
436,3,1,3,3,36871.2,2,0.6667,1.0,3,1,48.43,57.14,65.19,HIGH,SHARED_MERCHANT|DENSE_USER_MERCHANT_NETWORK|HIGH_CHARGEBACK_CONCENTRATION
683,4,1,4,4,31656.11,1,0.25,1.0,4,1,33.45,68.46,65.18,HIGH,SHARED_MERCHANT|DENSE_USER_MERCHANT_NETWORK|HIGH_CHARGEBACK_CONCENTRATION
311,4,1,4,4,68177.61,1,0.25,1.0,4,1,33.44,52.21,65.18,HIGH,SHARED_MERCHANT|DENSE_USER_MERCHANT_NETWORK|HIGH_CHARGEBACK_CONCENTRATION
807,4,1,4,4,34583.57,1,0.25,1.0,4,1,33.41,45.81,65.17,HIGH,SHARED_MERCHANT|DENSE_USER_MERCHANT_NETWORK|HIGH_CHARGEBACK_CONCENTRATION
604,4,1,4,4,65040.79,1,0.25,1.0,4,1,33.41,52.67,65.17,HIGH,SHARED_MERCHANT|DENSE_USER_MERCHANT_NETWORK|HIGH_CHARGEBACK_CONCENTRATION
2251,3,1,3,3,60052.49,2,0.6667,1.0,3,1,48.23,62.07,65.15,HIGH,SHARED_MERCHANT|DENSE_USER_MERCHANT_NETWORK|HIGH_CHARGEBACK_CONCENTRATION
4942,4,1,4,4,69198.65,1,0.25,1.0,4,1,33.29,58.8,65.14,HIGH,SHARED_MERCHANT|DENSE_USER_MERCHANT_NETWORK|HIGH_CHARGEBACK_CONCENTRATION
1809,4,1,4,4,29252.1,1,0.25,1.0,4,1,33.1,50.76,65.11,HIGH,SHARED_MERCHANT|DENSE_USER_MERCHANT_NETWORK|HIGH_CHARGEBACK_CONCENTRATION
2699,8,2,9,9,104695.85,2,0.2222,0.5625,7,2,31.86,47.3,65.11,HIGH,SHARED_MERCHANT|MULTIPLE_SHARED_MERCHANTS|DENSE_USER_MERCHANT_NETWORK|HIGH_CHARGEBACK_CONCENTRATION|LARGE_CONNECTED_CLUSTER
2249,4,1,4,4,65429.5,1,0.25,1.0,4,1,33.06,47.5,65.1,HIGH,SHARED_MERCHANT|DENSE_USER_MERCHANT_NETWORK|HIGH_CHARGEBACK_CONCENTRATION
1638,4,1,4,4,65401.56,1,0.25,1.0,4,1,33.04,56.1,65.1,HIGH,SHARED_MERCHANT|DENSE_USER_MERCHANT_NETWORK|HIGH_CHARGEBACK_CONCENTRATION
1936,4,1,4,4,33291.02,1,0.25,1.0,4,1,32.98,47.59,65.08,HIGH,SHARED_MERCHANT|DENSE_USER_MERCHANT_NETWORK|HIGH_CHARGEBACK_CONCENTRATION
946,4,1,4,4,65887.25,1,0.25,1.0,4,1,32.81,57.95,65.05,HIGH,SHARED_MERCHANT|DENSE_USER_MERCHANT_NETWORK|HIGH_CHARGEBACK_CONCENTRATION
4300,4,1,4,4,45592.71,1,0.25,1.0,4,1,32.81,60.0,65.05,HIGH,SHARED_MERCHANT|DENSE_USER_MERCHANT_NETWORK|HIGH_CHARGEBACK_CONCENTRATION
2749,4,1,4,4,57291.86,1,0.25,1.0,4,1,32.68,46.1,65.02,HIGH,SHARED_MERCHANT|DENSE_USER_MERCHANT_NETWORK|HIGH_CHARGEBACK_CONCENTRATION
3359,4,1,4,4,34810.68,1,0.25,1.0,4,1,32.63,58.96,65.01,HIGH,SHARED_MERCHANT|DENSE_USER_MERCHANT_NETWORK|HIGH_CHARGEBACK_CONCENTRATION
1115,4,1,4,4,58749.4,1,0.25,1.0,4,1,32.59,59.5,65.01,HIGH,SHARED_MERCHANT|DENSE_USER_MERCHANT_NETWORK|HIGH_CHARGEBACK_CONCENTRATION
5175,1,1,1,1,18940.17,1,1.0,1.0,1,0,79.99,79.99,65.0,HIGH,HIGH_CHARGEBACK_CONCENTRATION|HIGH_RELATIONSHIP_RISK
2719,4,1,4,4,31761.41,1,0.25,1.0,4,1,32.58,50.61,65.0,HIGH,SHARED_MERCHANT|DENSE_USER_MERCHANT_NETWORK|HIGH_CHARGEBACK_CONCENTRATION
1169,3,1,3,3,35277.84,2,0.6667,1.0,3,1,47.31,53.88,64.97,HIGH,SHARED_MERCHANT|DENSE_USER_MERCHANT_NETWORK|HIGH_CHARGEBACK_CONCENTRATION
2766,4,1,4,4,24199.0,1,0.25,1.0,4,1,32.38,53.44,64.96,HIGH,SHARED_MERCHANT|DENSE_USER_MERCHANT_NETWORK|HIGH_CHARGEBACK_CONCENTRATION
122,4,1,4,4,60528.32,1,0.25,1.0,4,1,32.32,60.4,64.95,HIGH,SHARED_MERCHANT|DENSE_USER_MERCHANT_NETWORK|HIGH_CHARGEBACK_CONCENTRATION
983,4,1,4,4,35905.59,1,0.25,1.0,4,1,32.26,46.02,64.94,HIGH,SHARED_MERCHANT|DENSE_USER_MERCHANT_NETWORK|HIGH_CHARGEBACK_CONCENTRATION
1782,4,1,4,4,61714.91,1,0.25,1.0,4,1,32.2,60.44,64.93,HIGH,SHARED_MERCHANT|DENSE_USER_MERCHANT_NETWORK|HIGH_CHARGEBACK_CONCENTRATION
2278,4,1,4,4,22507.44,2,0.5,1.0,4,1,32.1,49.19,64.91,HIGH,SHARED_MERCHANT|DENSE_USER_MERCHANT_NETWORK|HIGH_CHARGEBACK_CONCENTRATION
847,4,1,4,4,65819.79,1,0.25,1.0,4,1,32.05,51.31,64.9,HIGH,SHARED_MERCHANT|DENSE_USER_MERCHANT_NETWORK|HIGH_CHARGEBACK_CONCENTRATION
4142,4,1,4,4,51580.8,1,0.25,1.0,4,1,31.8,60.35,64.85,HIGH,SHARED_MERCHANT|DENSE_USER_MERCHANT_NETWORK|HIGH_CHARGEBACK_CONCENTRATION
164,4,1,4,4,56953.63,1,0.25,1.0,4,1,31.82,59.08,64.85,HIGH,SHARED_MERCHANT|DENSE_USER_MERCHANT_NETWORK|HIGH_CHARGEBACK_CONCENTRATION
2076,3,1,3,3,25366.3,2,0.6667,1.0,3,1,46.5,62.61,64.8,HIGH,SHARED_MERCHANT|DENSE_USER_MERCHANT_NETWORK|HIGH_CHARGEBACK_CONCENTRATION
2600,4,1,4,4,30789.39,1,0.25,1.0,4,1,31.51,66.74,64.79,HIGH,SHARED_MERCHANT|DENSE_USER_MERCHANT_NETWORK|HIGH_CHARGEBACK_CONCENTRATION
2097,4,1,4,4,51570.92,1,0.25,1.0,4,1,31.45,59.74,64.78,HIGH,SHARED_MERCHANT|DENSE_USER_MERCHANT_NETWORK|HIGH_CHARGEBACK_CONCENTRATION
3218,4,1,4,4,64952.56,1,0.25,1.0,4,1,31.38,58.95,64.76,HIGH,SHARED_MERCHANT|DENSE_USER_MERCHANT_NETWORK|HIGH_CHARGEBACK_CONCENTRATION
821,4,1,4,4,55792.74,1,0.25,1.0,4,1,31.34,52.81,64.76,HIGH,SHARED_MERCHANT|DENSE_USER_MERCHANT_NETWORK|HIGH_CHARGEBACK_CONCENTRATION
910,4,1,4,4,57428.82,1,0.25,1.0,4,1,31.26,57.23,64.74,HIGH,SHARED_MERCHANT|DENSE_USER_MERCHANT_NETWORK|HIGH_CHARGEBACK_CONCENTRATION
512,2,1,2,2,20689.06,2,1.0,1.0,2,1,61.79,73.39,64.74,HIGH,HIGH_CHARGEBACK_CONCENTRATION|HIGH_RELATIONSHIP_RISK
5089,2,1,2,2,37471.35,1,0.5,1.0,2,1,61.77,77.83,64.73,HIGH,HIGH_CHARGEBACK_CONCENTRATION|HIGH_RELATIONSHIP_RISK
1987,3,1,3,3,20836.6,2,0.6667,1.0,3,1,46.09,69.86,64.72,HIGH,SHARED_MERCHANT|DENSE_USER_MERCHANT_NETWORK|HIGH_CHARGEBACK_CONCENTRATION
175,4,1,4,4,29462.53,1,0.25,1.0,4,1,31.18,44.93,64.72,HIGH,SHARED_MERCHANT|DENSE_USER_MERCHANT_NETWORK|HIGH_CHARGEBACK_CONCENTRATION
2614,4,1,4,4,49220.48,1,0.25,1.0,4,1,31.17,48.7,64.72,HIGH,SHARED_MERCHANT|DENSE_USER_MERCHANT_NETWORK|HIGH_CHARGEBACK_CONCENTRATION
4525,4,1,4,4,48200.51,1,0.25,1.0,4,1,31.18,59.71,64.72,HIGH,SHARED_MERCHANT|DENSE_USER_MERCHANT_NETWORK|HIGH_CHARGEBACK_CONCENTRATION
2913,4,1,4,4,42324.95,1,0.25,1.0,4,1,31.14,53.1,64.71,HIGH,SHARED_MERCHANT|DENSE_USER_MERCHANT_NETWORK|HIGH_CHARGEBACK_CONCENTRATION
2864,4,1,4,4,52511.88,1,0.25,1.0,4,1,31.14,55.55,64.71,HIGH,SHARED_MERCHANT|DENSE_USER_MERCHANT_NETWORK|HIGH_CHARGEBACK_CONCENTRATION
4316,3,1,3,3,67770.57,1,0.3333,1.0,3,1,45.97,76.44,64.7,HIGH,SHARED_MERCHANT|DENSE_USER_MERCHANT_NETWORK|HIGH_CHARGEBACK_CONCENTRATION
4096,4,1,4,4,48334.46,1,0.25,1.0,4,1,31.02,57.48,64.69,HIGH,SHARED_MERCHANT|DENSE_USER_MERCHANT_NETWORK|HIGH_CHARGEBACK_CONCENTRATION
3518,4,1,4,4,11341.05,1,0.25,1.0,4,1,30.89,46.98,64.67,HIGH,SHARED_MERCHANT|DENSE_USER_MERCHANT_NETWORK|HIGH_CHARGEBACK_CONCENTRATION
1027,4,1,4,4,23133.09,1,0.25,1.0,4,1,30.78,49.2,64.64,HIGH,SHARED_MERCHANT|DENSE_USER_MERCHANT_NETWORK|HIGH_CHARGEBACK_CONCENTRATION
1218,4,1,4,4,48000.41,1,0.25,1.0,4,1,30.77,45.73,64.64,HIGH,SHARED_MERCHANT|DENSE_USER_MERCHANT_NETWORK|HIGH_CHARGEBACK_CONCENTRATION
3203,4,1,4,4,51043.37,1,0.25,1.0,4,1,30.63,55.27,64.61,HIGH,SHARED_MERCHANT|DENSE_USER_MERCHANT_NETWORK|HIGH_CHARGEBACK_CONCENTRATION
4203,4,1,4,4,52357.03,1,0.25,1.0,4,1,30.54,60.48,64.6,HIGH,SHARED_MERCHANT|DENSE_USER_MERCHANT_NETWORK|HIGH_CHARGEBACK_CONCENTRATION
1425,4,1,4,4,52526.68,1,0.25,1.0,4,1,30.38,54.33,64.56,HIGH,SHARED_MERCHANT|DENSE_USER_MERCHANT_NETWORK|HIGH_CHARGEBACK_CONCENTRATION
4116,3,1,3,3,46034.66,1,0.3333,1.0,3,1,45.16,61.6,64.54,HIGH,SHARED_MERCHANT|DENSE_USER_MERCHANT_NETWORK|HIGH_CHARGEBACK_CONCENTRATION
4414,4,1,4,4,48752.25,1,0.25,1.0,4,1,30.29,51.99,64.54,HIGH,SHARED_MERCHANT|DENSE_USER_MERCHANT_NETWORK|HIGH_CHARGEBACK_CONCENTRATION
1471,3,1,3,3,48109.51,2,0.6667,1.0,3,1,45.14,58.63,64.53,HIGH,SHARED_MERCHANT|DENSE_USER_MERCHANT_NETWORK|HIGH_CHARGEBACK_CONCENTRATION
974,4,1,4,4,48318.48,1,0.25,1.0,4,1,30.23,54.16,64.53,HIGH,SHARED_MERCHANT|DENSE_USER_MERCHANT_NETWORK|HIGH_CHARGEBACK_CONCENTRATION
1819,4,1,4,4,45835.86,1,0.25,1.0,4,1,30.16,52.72,64.52,HIGH,SHARED_MERCHANT|DENSE_USER_MERCHANT_NETWORK|HIGH_CHARGEBACK_CONCENTRATION
3042,3,1,3,3,62613.19,1,0.3333,1.0,3,1,45.0,76.7,64.5,HIGH,SHARED_MERCHANT|DENSE_USER_MERCHANT_NETWORK|HIGH_CHARGEBACK_CONCENTRATION
2462,4,1,4,4,48956.51,1,0.25,1.0,4,1,30.0,51.48,64.49,HIGH,SHARED_MERCHANT|DENSE_USER_MERCHANT_NETWORK|HIGH_CHARGEBACK_CONCENTRATION
2989,4,1,4,4,54465.7,1,0.25,1.0,4,1,29.97,48.75,64.48,HIGH,SHARED_MERCHANT|DENSE_USER_MERCHANT_NETWORK|HIGH_CHARGEBACK_CONCENTRATION
791,4,1,4,4,37168.55,1,0.25,1.0,4,1,29.91,49.67,64.47,HIGH,SHARED_MERCHANT|DENSE_USER_MERCHANT_NETWORK|HIGH_CHARGEBACK_CONCENTRATION
1742,4,1,4,4,43219.51,1,0.25,1.0,4,1,29.88,59.82,64.46,HIGH,SHARED_MERCHANT|DENSE_USER_MERCHANT_NETWORK|HIGH_CHARGEBACK_CONCENTRATION
2301,4,1,4,4,21796.38,1,0.25,1.0,4,1,29.81,49.08,64.45,HIGH,SHARED_MERCHANT|DENSE_USER_MERCHANT_NETWORK|HIGH_CHARGEBACK_CONCENTRATION
3118,4,1,4,4,46803.23,1,0.25,1.0,4,1,29.82,46.23,64.45,HIGH,SHARED_MERCHANT|DENSE_USER_MERCHANT_NETWORK|HIGH_CHARGEBACK_CONCENTRATION
4786,2,1,2,2,16496.19,2,1.0,1.0,2,1,60.34,73.33,64.45,HIGH,HIGH_CHARGEBACK_CONCENTRATION|HIGH_RELATIONSHIP_RISK
217,4,1,4,4,17751.52,1,0.25,1.0,4,1,29.74,56.72,64.44,HIGH,SHARED_MERCHANT|DENSE_USER_MERCHANT_NETWORK|HIGH_CHARGEBACK_CONCENTRATION
3177,4,1,4,4,43289.41,1,0.25,1.0,4,1,29.77,51.19,64.44,HIGH,SHARED_MERCHANT|DENSE_USER_MERCHANT_NETWORK|HIGH_CHARGEBACK_CONCENTRATION
312,3,1,3,3,34941.89,1,0.3333,1.0,3,1,44.46,71.99,64.4,HIGH,SHARED_MERCHANT|DENSE_USER_MERCHANT_NETWORK|HIGH_CHARGEBACK_CONCENTRATION
991,4,1,4,4,37051.3,1,0.25,1.0,4,1,29.54,52.31,64.4,HIGH,SHARED_MERCHANT|DENSE_USER_MERCHANT_NETWORK|HIGH_CHARGEBACK_CONCENTRATION
3745,1,1,1,1,20911.0,1,1.0,1.0,1,0,76.87,76.87,64.38,HIGH,HIGH_CHARGEBACK_CONCENTRATION|HIGH_RELATIONSHIP_RISK
1009,4,1,4,4,40381.62,1,0.25,1.0,4,1,29.4,59.05,64.37,HIGH,SHARED_MERCHANT|DENSE_USER_MERCHANT_NETWORK|HIGH_CHARGEBACK_CONCENTRATION
1412,4,1,4,4,44026.76,1,0.25,1.0,4,1,29.42,61.89,64.37,HIGH,SHARED_MERCHANT|DENSE_USER_MERCHANT_NETWORK|HIGH_CHARGEBACK_CONCENTRATION
1932,1,1,1,1,18639.0,1,1.0,1.0,1,0,76.77,76.77,64.36,HIGH,HIGH_CHARGEBACK_CONCENTRATION|HIGH_RELATIONSHIP_RISK
5044,2,1,2,2,49370.93,2,1.0,1.0,2,1,59.86,59.96,64.35,HIGH,HIGH_CHARGEBACK_CONCENTRATION
4235,4,1,4,4,39931.28,1,0.25,1.0,4,1,29.25,47.79,64.34,HIGH,SHARED_MERCHANT|DENSE_USER_MERCHANT_NETWORK|HIGH_CHARGEBACK_CONCENTRATION
3310,1,1,1,1,23679.35,1,1.0,1.0,1,0,76.65,76.65,64.33,HIGH,HIGH_CHARGEBACK_CONCENTRATION|HIGH_RELATIONSHIP_RISK
282,4,1,4,4,41532.28,1,0.25,1.0,4,1,29.19,59.73,64.32,HIGH,SHARED_MERCHANT|DENSE_USER_MERCHANT_NETWORK|HIGH_CHARGEBACK_CONCENTRATION
510,4,1,4,4,43198.14,1,0.25,1.0,4,1,29.13,45.57,64.31,HIGH,SHARED_MERCHANT|DENSE_USER_MERCHANT_NETWORK|HIGH_CHARGEBACK_CONCENTRATION
446,4,1,4,4,13140.5,1,0.25,1.0,4,1,29.09,45.73,64.31,HIGH,SHARED_MERCHANT|DENSE_USER_MERCHANT_NETWORK|HIGH_CHARGEBACK_CONCENTRATION
215,3,1,3,3,54274.87,1,0.3333,1.0,3,1,44.03,52.8,64.31,HIGH,SHARED_MERCHANT|DENSE_USER_MERCHANT_NETWORK|HIGH_CHARGEBACK_CONCENTRATION
747,4,1,4,4,44016.3,1,0.25,1.0,4,1,29.1,49.85,64.31,HIGH,SHARED_MERCHANT|DENSE_USER_MERCHANT_NETWORK|HIGH_CHARGEBACK_CONCENTRATION
5653,2,1,2,2,15589.89,2,1.0,1.0,2,1,59.6,69.4,64.3,HIGH,HIGH_CHARGEBACK_CONCENTRATION
2869,4,1,4,4,31556.93,1,0.25,1.0,4,1,29.0,52.16,64.29,HIGH,SHARED_MERCHANT|DENSE_USER_MERCHANT_NETWORK|HIGH_CHARGEBACK_CONCENTRATION
530,4,1,4,4,38712.94,1,0.25,1.0,4,1,28.93,46.69,64.27,HIGH,SHARED_MERCHANT|DENSE_USER_MERCHANT_NETWORK|HIGH_CHARGEBACK_CONCENTRATION
1760,4,1,4,4,38328.07,1,0.25,1.0,4,1,28.83,54.72,64.25,HIGH,SHARED_MERCHANT|DENSE_USER_MERCHANT_NETWORK|HIGH_CHARGEBACK_CONCENTRATION
5418,1,1,1,1,10203.04,1,1.0,1.0,1,0,76.2,76.2,64.24,HIGH,HIGH_CHARGEBACK_CONCENTRATION|HIGH_RELATIONSHIP_RISK
3896,3,1,3,3,46458.83,2,0.6667,1.0,3,1,43.57,58.21,64.22,HIGH,SHARED_MERCHANT|DENSE_USER_MERCHANT_NETWORK|HIGH_CHARGEBACK_CONCENTRATION
1767,4,1,4,4,35236.7,1,0.25,1.0,4,1,28.5,48.55,64.19,HIGH,SHARED_MERCHANT|DENSE_USER_MERCHANT_NETWORK|HIGH_CHARGEBACK_CONCENTRATION
4563,3,1,3,3,28916.8,2,0.6667,1.0,3,1,43.28,53.23,64.16,HIGH,SHARED_MERCHANT|DENSE_USER_MERCHANT_NETWORK|HIGH_CHARGEBACK_CONCENTRATION
3786,3,1,3,3,43747.1,2,0.6667,1.0,3,1,43.21,54.61,64.15,HIGH,SHARED_MERCHANT|DENSE_USER_MERCHANT_NETWORK|HIGH_CHARGEBACK_CONCENTRATION
2008,4,1,4,4,29185.76,1,0.25,1.0,4,1,28.27,53.33,64.14,HIGH,SHARED_MERCHANT|DENSE_USER_MERCHANT_NETWORK|HIGH_CHARGEBACK_CONCENTRATION
2247,4,1,4,4,38178.46,1,0.25,1.0,4,1,28.2,52.6,64.13,HIGH,SHARED_MERCHANT|DENSE_USER_MERCHANT_NETWORK|HIGH_CHARGEBACK_CONCENTRATION
814,3,1,3,3,47725.38,1,0.3333,1.0,3,1,43.09,59.9,64.12,HIGH,SHARED_MERCHANT|DENSE_USER_MERCHANT_NETWORK|HIGH_CHARGEBACK_CONCENTRATION
3247,3,1,3,3,47118.06,2,0.6667,1.0,3,1,43.08,54.66,64.12,HIGH,SHARED_MERCHANT|DENSE_USER_MERCHANT_NETWORK|HIGH_CHARGEBACK_CONCENTRATION
3487,4,1,4,4,36891.31,1,0.25,1.0,4,1,27.99,51.17,64.09,HIGH,SHARED_MERCHANT|DENSE_USER_MERCHANT_NETWORK|HIGH_CHARGEBACK_CONCENTRATION
376,4,1,4,4,36010.42,1,0.25,1.0,4,1,27.85,45.16,64.06,HIGH,SHARED_MERCHANT|DENSE_USER_MERCHANT_NETWORK|HIGH_CHARGEBACK_CONCENTRATION
2830,2,1,2,2,46552.96,2,1.0,1.0,2,1,58.41,58.5,64.06,HIGH,HIGH_CHARGEBACK_CONCENTRATION
3588,3,1,3,3,29223.33,2,0.6667,1.0,3,1,42.68,59.41,64.04,HIGH,SHARED_MERCHANT|DENSE_USER_MERCHANT_NETWORK|HIGH_CHARGEBACK_CONCENTRATION
5133,2,1,2,2,25614.16,1,0.5,1.0,2,1,58.22,70.43,64.02,HIGH,HIGH_CHARGEBACK_CONCENTRATION
4253,1,1,1,1,8344.14,1,1.0,1.0,1,0,75.09,75.09,64.02,HIGH,HIGH_CHARGEBACK_CONCENTRATION|HIGH_RELATIONSHIP_RISK
1458,4,1,4,4,32986.77,1,0.25,1.0,4,1,27.6,44.53,64.01,HIGH,SHARED_MERCHANT|DENSE_USER_MERCHANT_NETWORK|HIGH_CHARGEBACK_CONCENTRATION
2891,4,1,4,4,29021.0,1,0.25,1.0,4,1,27.54,51.15,64.0,HIGH,SHARED_MERCHANT|DENSE_USER_MERCHANT_NETWORK|HIGH_CHARGEBACK_CONCENTRATION
1770,4,1,4,4,23332.76,1,0.25,1.0,4,1,27.52,43.47,63.99,HIGH,SHARED_MERCHANT|DENSE_USER_MERCHANT_NETWORK|HIGH_CHARGEBACK_CONCENTRATION
2369,3,1,3,3,48899.98,1,0.3333,1.0,3,1,42.32,60.66,63.97,HIGH,SHARED_MERCHANT|DENSE_USER_MERCHANT_NETWORK|HIGH_CHARGEBACK_CONCENTRATION
1945,4,1,4,4,33271.65,1,0.25,1.0,4,1,27.39,49.32,63.97,HIGH,SHARED_MERCHANT|DENSE_USER_MERCHANT_NETWORK|HIGH_CHARGEBACK_CONCENTRATION
1253,2,1,2,2,44224.57,1,0.5,1.0,2,1,57.9,80.18,63.96,HIGH,HIGH_CHARGEBACK_CONCENTRATION
1341,4,1,4,4,17525.9,1,0.25,1.0,4,1,27.33,44.87,63.95,HIGH,SHARED_MERCHANT|DENSE_USER_MERCHANT_NETWORK|HIGH_CHARGEBACK_CONCENTRATION
2283,4,1,4,4,28585.5,1,0.25,1.0,4,1,27.2,53.08,63.93,HIGH,SHARED_MERCHANT|DENSE_USER_MERCHANT_NETWORK|HIGH_CHARGEBACK_CONCENTRATION
841,3,1,3,3,38379.86,2,0.6667,1.0,3,1,42.15,56.97,63.93,HIGH,SHARED_MERCHANT|DENSE_USER_MERCHANT_NETWORK|HIGH_CHARGEBACK_CONCENTRATION
3195,4,1,4,4,12158.05,1,0.25,1.0,4,1,27.2,42.53,63.93,HIGH,SHARED_MERCHANT|DENSE_USER_MERCHANT_NETWORK|HIGH_CHARGEBACK_CONCENTRATION
2503,3,1,3,3,49315.61,1,0.3333,1.0,3,1,42.15,54.45,63.93,HIGH,SHARED_MERCHANT|DENSE_USER_MERCHANT_NETWORK|HIGH_CHARGEBACK_CONCENTRATION
879,3,1,3,3,7137.12,2,0.6667,1.0,3,1,42.07,45.72,63.92,HIGH,SHARED_MERCHANT|DENSE_USER_MERCHANT_NETWORK|HIGH_CHARGEBACK_CONCENTRATION
4549,3,1,3,3,47662.67,1,0.3333,1.0,3,1,42.08,53.47,63.92,HIGH,SHARED_MERCHANT|DENSE_USER_MERCHANT_NETWORK|HIGH_CHARGEBACK_CONCENTRATION
1559,3,1,3,3,32493.96,2,0.6667,1.0,3,1,42.0,56.89,63.9,HIGH,SHARED_MERCHANT|DENSE_USER_MERCHANT_NETWORK|HIGH_CHARGEBACK_CONCENTRATION
3148,4,1,4,4,30569.55,1,0.25,1.0,4,1,26.99,58.0,63.89,HIGH,SHARED_MERCHANT|DENSE_USER_MERCHANT_NETWORK|HIGH_CHARGEBACK_CONCENTRATION
1744,4,1,4,4,27544.42,1,0.25,1.0,4,1,27.0,51.96,63.89,HIGH,SHARED_MERCHANT|DENSE_USER_MERCHANT_NETWORK|HIGH_CHARGEBACK_CONCENTRATION
2615,3,1,3,3,38583.17,2,0.6667,1.0,3,1,41.89,57.13,63.88,HIGH,SHARED_MERCHANT|DENSE_USER_MERCHANT_NETWORK|HIGH_CHARGEBACK_CONCENTRATION
3440,3,1,3,3,49730.18,1,0.3333,1.0,3,1,41.66,75.4,63.84,HIGH,SHARED_MERCHANT|DENSE_USER_MERCHANT_NETWORK|HIGH_CHARGEBACK_CONCENTRATION
2241,3,1,3,3,22864.26,2,0.6667,1.0,3,1,41.63,50.94,63.83,HIGH,SHARED_MERCHANT|DENSE_USER_MERCHANT_NETWORK|HIGH_CHARGEBACK_CONCENTRATION
2246,3,1,3,3,37990.16,1,0.3333,1.0,3,1,41.6,71.32,63.82,HIGH,SHARED_MERCHANT|DENSE_USER_MERCHANT_NETWORK|HIGH_CHARGEBACK_CONCENTRATION
4968,4,1,4,4,28311.18,1,0.25,1.0,4,1,26.66,43.94,63.82,HIGH,SHARED_MERCHANT|DENSE_USER_MERCHANT_NETWORK|HIGH_CHARGEBACK_CONCENTRATION
2771,4,1,4,4,28749.46,1,0.25,1.0,4,1,26.62,50.88,63.81,HIGH,SHARED_MERCHANT|DENSE_USER_MERCHANT_NETWORK|HIGH_CHARGEBACK_CONCENTRATION
743,4,1,4,4,18761.31,1,0.25,1.0,4,1,26.56,46.22,63.8,HIGH,SHARED_MERCHANT|DENSE_USER_MERCHANT_NETWORK|HIGH_CHARGEBACK_CONCENTRATION
5275,3,1,3,3,41840.68,1,0.3333,1.0,3,1,41.48,69.6,63.8,HIGH,SHARED_MERCHANT|DENSE_USER_MERCHANT_NETWORK|HIGH_CHARGEBACK_CONCENTRATION
2559,4,1,4,4,29162.9,1,0.25,1.0,4,1,26.56,50.35,63.8,HIGH,SHARED_MERCHANT|DENSE_USER_MERCHANT_NETWORK|HIGH_CHARGEBACK_CONCENTRATION
1869,4,1,4,4,18253.84,1,0.25,1.0,4,1,26.34,54.03,63.75,HIGH,SHARED_MERCHANT|DENSE_USER_MERCHANT_NETWORK|HIGH_CHARGEBACK_CONCENTRATION
972,4,1,4,4,25451.85,1,0.25,1.0,4,1,26.2,43.0,63.73,HIGH,SHARED_MERCHANT|DENSE_USER_MERCHANT_NETWORK|HIGH_CHARGEBACK_CONCENTRATION
3630,3,1,3,3,33060.93,2,0.6667,1.0,3,1,41.07,48.63,63.72,HIGH,SHARED_MERCHANT|DENSE_USER_MERCHANT_NETWORK|HIGH_CHARGEBACK_CONCENTRATION
1285,4,1,4,4,28115.16,1,0.25,1.0,4,1,26.05,47.76,63.7,HIGH,SHARED_MERCHANT|DENSE_USER_MERCHANT_NETWORK|HIGH_CHARGEBACK_CONCENTRATION
4421,1,1,1,1,13041.28,1,1.0,1.0,1,0,73.47,73.47,63.7,HIGH,HIGH_CHARGEBACK_CONCENTRATION|HIGH_RELATIONSHIP_RISK
231,4,1,4,4,29139.92,1,0.25,1.0,4,1,26.0,45.76,63.69,HIGH,SHARED_MERCHANT|DENSE_USER_MERCHANT_NETWORK|HIGH_CHARGEBACK_CONCENTRATION
5915,1,1,1,1,11863.0,1,1.0,1.0,1,0,73.22,73.22,63.65,HIGH,HIGH_CHARGEBACK_CONCENTRATION|HIGH_RELATIONSHIP_RISK
103,4,1,4,4,28915.82,1,0.25,1.0,4,1,25.78,55.21,63.64,HIGH,SHARED_MERCHANT|DENSE_USER_MERCHANT_NETWORK|HIGH_CHARGEBACK_CONCENTRATION
3674,4,1,4,4,25883.88,1,0.25,1.0,4,1,25.66,44.64,63.62,HIGH,SHARED_MERCHANT|DENSE_USER_MERCHANT_NETWORK|HIGH_CHARGEBACK_CONCENTRATION
4481,4,1,4,4,19773.47,1,0.25,1.0,4,1,25.65,44.46,63.62,HIGH,SHARED_MERCHANT|DENSE_USER_MERCHANT_NETWORK|HIGH_CHARGEBACK_CONCENTRATION
506,3,1,3,3,41910.05,1,0.3333,1.0,3,1,40.5,59.35,63.6,HIGH,SHARED_MERCHANT|DENSE_USER_MERCHANT_NETWORK|HIGH_CHARGEBACK_CONCENTRATION
1693,3,1,3,3,45046.74,1,0.3333,1.0,3,1,40.5,48.25,63.6,HIGH,SHARED_MERCHANT|DENSE_USER_MERCHANT_NETWORK|HIGH_CHARGEBACK_CONCENTRATION
3824,3,1,3,3,32384.49,1,0.3333,1.0,3,1,40.45,53.36,63.59,HIGH,SHARED_MERCHANT|DENSE_USER_MERCHANT_NETWORK|HIGH_CHARGEBACK_CONCENTRATION
5747,1,1,1,1,12056.21,1,1.0,1.0,1,0,72.87,72.87,63.58,HIGH,HIGH_CHARGEBACK_CONCENTRATION|HIGH_RELATIONSHIP_RISK
227,3,1,3,3,46177.19,1,0.3333,1.0,3,1,40.31,74.22,63.57,HIGH,SHARED_MERCHANT|DENSE_USER_MERCHANT_NETWORK|HIGH_CHARGEBACK_CONCENTRATION
2344,4,1,4,4,20376.3,1,0.25,1.0,4,1,25.36,48.38,63.56,HIGH,SHARED_MERCHANT|DENSE_USER_MERCHANT_NETWORK|HIGH_CHARGEBACK_CONCENTRATION
5301,4,1,4,4,31020.71,1,0.25,1.0,4,1,25.37,44.1,63.56,HIGH,SHARED_MERCHANT|DENSE_USER_MERCHANT_NETWORK|HIGH_CHARGEBACK_CONCENTRATION
1670,3,1,3,3,68590.08,1,0.3333,1.0,3,1,40.21,60.43,63.55,HIGH,SHARED_MERCHANT|DENSE_USER_MERCHANT_NETWORK|HIGH_CHARGEBACK_CONCENTRATION
2414,3,1,3,3,32961.52,1,0.3333,1.0,3,1,40.18,64.78,63.54,HIGH,SHARED_MERCHANT|DENSE_USER_MERCHANT_NETWORK|HIGH_CHARGEBACK_CONCENTRATION
1206,3,1,3,3,34754.14,1,0.3333,1.0,3,1,40.18,57.99,63.54,HIGH,SHARED_MERCHANT|DENSE_USER_MERCHANT_NETWORK|HIGH_CHARGEBACK_CONCENTRATION
2735,3,1,3,3,27121.73,2,0.6667,1.0,3,1,40.15,46.73,63.53,HIGH,SHARED_MERCHANT|DENSE_USER_MERCHANT_NETWORK|HIGH_CHARGEBACK_CONCENTRATION
2991,4,1,4,4,16557.26,1,0.25,1.0,4,1,25.14,45.32,63.52,HIGH,SHARED_MERCHANT|DENSE_USER_MERCHANT_NETWORK|HIGH_CHARGEBACK_CONCENTRATION
271,3,1,3,3,39439.51,1,0.3333,1.0,3,1,40.04,47.85,63.51,HIGH,SHARED_MERCHANT|DENSE_USER_MERCHANT_NETWORK|HIGH_CHARGEBACK_CONCENTRATION
2348,2,1,2,2,27568.04,2,1.0,1.0,2,1,55.59,57.3,63.5,HIGH,HIGH_CHARGEBACK_CONCENTRATION
1879,3,1,3,3,37043.42,1,0.3333,1.0,3,1,39.93,49.1,63.49,HIGH,SHARED_MERCHANT|DENSE_USER_MERCHANT_NETWORK|HIGH_CHARGEBACK_CONCENTRATION
4477,3,1,3,3,26475.39,2,0.6667,1.0,3,1,39.92,46.28,63.49,HIGH,SHARED_MERCHANT|DENSE_USER_MERCHANT_NETWORK|HIGH_CHARGEBACK_CONCENTRATION
5671,3,1,3,3,38525.02,1,0.3333,1.0,3,1,39.84,57.16,63.47,HIGH,SHARED_MERCHANT|DENSE_USER_MERCHANT_NETWORK|HIGH_CHARGEBACK_CONCENTRATION
3153,4,1,4,4,8910.88,1,0.25,1.0,4,1,24.89,47.78,63.46,HIGH,SHARED_MERCHANT|DENSE_USER_MERCHANT_NETWORK|HIGH_CHARGEBACK_CONCENTRATION
3312,3,1,3,3,40442.22,1,0.3333,1.0,3,1,39.79,50.37,63.46,HIGH,SHARED_MERCHANT|DENSE_USER_MERCHANT_NETWORK|HIGH_CHARGEBACK_CONCENTRATION
1796,4,1,4,4,16614.82,1,0.25,1.0,4,1,24.76,48.87,63.44,HIGH,SHARED_MERCHANT|DENSE_USER_MERCHANT_NETWORK|HIGH_CHARGEBACK_CONCENTRATION
3966,3,1,3,3,37907.64,1,0.3333,1.0,3,1,39.68,77.78,63.44,HIGH,SHARED_MERCHANT|DENSE_USER_MERCHANT_NETWORK|HIGH_CHARGEBACK_CONCENTRATION
1047,3,1,3,3,64149.5,1,0.3333,1.0,3,1,39.53,57.52,63.41,HIGH,SHARED_MERCHANT|DENSE_USER_MERCHANT_NETWORK|HIGH_CHARGEBACK_CONCENTRATION
1888,3,1,3,3,62297.37,1,0.3333,1.0,3,1,39.37,56.71,63.38,HIGH,SHARED_MERCHANT|DENSE_USER_MERCHANT_NETWORK|HIGH_CHARGEBACK_CONCENTRATION
1088,8,2,9,9,107361.71,3,0.3333,0.5625,6,2,35.71,74.15,63.38,HIGH,SHARED_MERCHANT|MULTIPLE_SHARED_MERCHANTS|DENSE_USER_MERCHANT_NETWORK|HIGH_CHARGEBACK_CONCENTRATION|LARGE_CONNECTED_CLUSTER
1456,4,1,4,4,11132.93,1,0.25,1.0,4,1,24.31,44.57,63.35,HIGH,SHARED_MERCHANT|DENSE_USER_MERCHANT_NETWORK|HIGH_CHARGEBACK_CONCENTRATION
5066,3,1,3,3,18991.05,2,0.6667,1.0,3,1,39.17,54.41,63.34,HIGH,SHARED_MERCHANT|DENSE_USER_MERCHANT_NETWORK|HIGH_CHARGEBACK_CONCENTRATION
3092,3,1,3,3,38110.45,1,0.3333,1.0,3,1,39.12,54.62,63.33,HIGH,SHARED_MERCHANT|DENSE_USER_MERCHANT_NETWORK|HIGH_CHARGEBACK_CONCENTRATION
4848,3,1,3,3,40921.4,1,0.3333,1.0,3,1,39.03,53.57,63.31,HIGH,SHARED_MERCHANT|DENSE_USER_MERCHANT_NETWORK|HIGH_CHARGEBACK_CONCENTRATION
5764,1,1,1,1,9770.15,1,1.0,1.0,1,0,71.48,71.48,63.3,HIGH,HIGH_CHARGEBACK_CONCENTRATION|HIGH_RELATIONSHIP_RISK
2239,4,1,4,4,15830.84,1,0.25,1.0,4,1,24.08,52.29,63.3,HIGH,SHARED_MERCHANT|DENSE_USER_MERCHANT_NETWORK|HIGH_CHARGEBACK_CONCENTRATION
2632,3,1,3,3,22672.69,2,0.6667,1.0,3,1,38.92,53.9,63.29,HIGH,SHARED_MERCHANT|DENSE_USER_MERCHANT_NETWORK|HIGH_CHARGEBACK_CONCENTRATION
1065,3,1,3,3,23938.72,2,0.6667,1.0,3,1,38.75,51.1,63.25,HIGH,SHARED_MERCHANT|DENSE_USER_MERCHANT_NETWORK|HIGH_CHARGEBACK_CONCENTRATION
2785,3,1,3,3,23956.55,1,0.3333,1.0,3,1,38.66,48.09,63.24,HIGH,SHARED_MERCHANT|DENSE_USER_MERCHANT_NETWORK|HIGH_CHARGEBACK_CONCENTRATION
2965,2,1,2,2,48642.4,1,0.5,1.0,2,1,54.29,60.54,63.24,HIGH,HIGH_CHARGEBACK_CONCENTRATION
1913,3,1,3,3,35932.07,1,0.3333,1.0,3,1,38.65,60.58,63.23,HIGH,SHARED_MERCHANT|DENSE_USER_MERCHANT_NETWORK|HIGH_CHARGEBACK_CONCENTRATION
920,3,1,3,3,17548.51,2,0.6667,1.0,3,1,38.61,50.37,63.23,HIGH,SHARED_MERCHANT|DENSE_USER_MERCHANT_NETWORK|HIGH_CHARGEBACK_CONCENTRATION
3857,3,1,3,3,35602.96,1,0.3333,1.0,3,1,38.61,52.23,63.23,HIGH,SHARED_MERCHANT|DENSE_USER_MERCHANT_NETWORK|HIGH_CHARGEBACK_CONCENTRATION
370,28,8,35,35,329227.31,6,0.1714,0.1562,10,7,29.48,56.47,63.22,HIGH,SHARED_MERCHANT|MULTIPLE_SHARED_MERCHANTS|HIGH_CHARGEBACK_CONCENTRATION|LARGE_CONNECTED_CLUSTER
2952,2,1,2,2,40837.7,1,0.5,1.0,2,1,54.08,62.6,63.2,HIGH,HIGH_CHARGEBACK_CONCENTRATION
153,3,1,3,3,31449.29,1,0.3333,1.0,3,1,38.38,49.66,63.18,HIGH,SHARED_MERCHANT|DENSE_USER_MERCHANT_NETWORK|HIGH_CHARGEBACK_CONCENTRATION
4976,1,1,1,1,8718.9,1,1.0,1.0,1,0,70.86,70.86,63.17,HIGH,HIGH_CHARGEBACK_CONCENTRATION|HIGH_RELATIONSHIP_RISK
3911,2,1,2,2,47324.38,1,0.5,1.0,2,1,53.55,79.18,63.09,HIGH,HIGH_CHARGEBACK_CONCENTRATION
2292,2,1,2,2,28191.4,2,1.0,1.0,2,1,53.55,57.84,63.09,HIGH,HIGH_CHARGEBACK_CONCENTRATION
780,2,1,2,2,20606.44,2,1.0,1.0,2,1,53.47,56.23,63.07,HIGH,HIGH_CHARGEBACK_CONCENTRATION
3100,3,1,3,3,21924.31,1,0.3333,1.0,3,1,37.82,55.38,63.07,HIGH,SHARED_MERCHANT|DENSE_USER_MERCHANT_NETWORK|HIGH_CHARGEBACK_CONCENTRATION
3007,3,1,3,3,23854.51,2,0.6667,1.0,3,1,37.78,53.91,63.06,HIGH,SHARED_MERCHANT|DENSE_USER_MERCHANT_NETWORK|HIGH_CHARGEBACK_CONCENTRATION
1750,3,1,3,3,36789.77,1,0.3333,1.0,3,1,37.8,49.81,63.06,HIGH,SHARED_MERCHANT|DENSE_USER_MERCHANT_NETWORK|HIGH_CHARGEBACK_CONCENTRATION
134,3,1,3,3,31534.31,1,0.3333,1.0,3,1,37.8,70.81,63.06,HIGH,SHARED_MERCHANT|DENSE_USER_MERCHANT_NETWORK|HIGH_CHARGEBACK_CONCENTRATION
1749,2,1,2,2,32783.65,1,0.5,1.0,2,1,53.33,79.89,63.05,HIGH,HIGH_CHARGEBACK_CONCENTRATION
2121,3,1,3,3,17088.19,1,0.3333,1.0,3,1,37.51,47.67,63.01,HIGH,SHARED_MERCHANT|DENSE_USER_MERCHANT_NETWORK|HIGH_CHARGEBACK_CONCENTRATION
2844,3,1,3,3,25702.56,1,0.3333,1.0,3,1,37.55,49.13,63.01,HIGH,SHARED_MERCHANT|DENSE_USER_MERCHANT_NETWORK|HIGH_CHARGEBACK_CONCENTRATION
5227,2,1,2,2,19490.03,2,1.0,1.0,2,1,53.12,54.78,63.0,HIGH,HIGH_CHARGEBACK_CONCENTRATION
3207,4,1,4,4,11831.25,1,0.25,1.0,4,1,22.52,40.98,62.99,HIGH,SHARED_MERCHANT|DENSE_USER_MERCHANT_NETWORK|HIGH_CHARGEBACK_CONCENTRATION
5449,3,1,3,3,24497.68,1,0.3333,1.0,3,1,37.32,64.26,62.97,HIGH,SHARED_MERCHANT|DENSE_USER_MERCHANT_NETWORK|HIGH_CHARGEBACK_CONCENTRATION
1114,3,1,3,3,53865.57,1,0.3333,1.0,3,1,37.28,57.73,62.96,HIGH,SHARED_MERCHANT|DENSE_USER_MERCHANT_NETWORK|HIGH_CHARGEBACK_CONCENTRATION
1043,2,1,2,2,31549.94,1,0.5,1.0,2,1,52.87,61.81,62.95,HIGH,HIGH_CHARGEBACK_CONCENTRATION
4402,1,1,1,1,3435.12,1,1.0,1.0,1,0,69.59,69.59,62.92,HIGH,HIGH_CHARGEBACK_CONCENTRATION|HIGH_RELATIONSHIP_RISK
3499,3,1,3,3,50313.26,1,0.3333,1.0,3,1,37.06,59.07,62.92,HIGH,SHARED_MERCHANT|DENSE_USER_MERCHANT_NETWORK|HIGH_CHARGEBACK_CONCENTRATION
1688,3,1,3,3,57863.62,1,0.3333,1.0,3,1,37.05,55.26,62.91,HIGH,SHARED_MERCHANT|DENSE_USER_MERCHANT_NETWORK|HIGH_CHARGEBACK_CONCENTRATION
3224,2,1,2,2,39623.86,1,0.5,1.0,2,1,52.52,59.39,62.88,HIGH,HIGH_CHARGEBACK_CONCENTRATION
1287,3,1,3,3,24861.53,1,0.3333,1.0,3,1,36.87,63.93,62.88,HIGH,SHARED_MERCHANT|DENSE_USER_MERCHANT_NETWORK|HIGH_CHARGEBACK_CONCENTRATION
1847,2,1,2,2,34759.11,1,0.5,1.0,2,1,52.3,73.24,62.84,HIGH,HIGH_CHARGEBACK_CONCENTRATION
953,3,1,3,3,54541.55,1,0.3333,1.0,3,1,36.65,51.73,62.83,HIGH,SHARED_MERCHANT|DENSE_USER_MERCHANT_NETWORK|HIGH_CHARGEBACK_CONCENTRATION
4977,3,1,3,3,20731.56,1,0.3333,1.0,3,1,36.56,56.21,62.82,HIGH,SHARED_MERCHANT|DENSE_USER_MERCHANT_NETWORK|HIGH_CHARGEBACK_CONCENTRATION
4257,2,1,2,2,31068.48,1,0.5,1.0,2,1,52.18,55.42,62.82,HIGH,HIGH_CHARGEBACK_CONCENTRATION
5743,3,1,3,3,18967.4,1,0.3333,1.0,3,1,36.45,49.71,62.79,HIGH,SHARED_MERCHANT|DENSE_USER_MERCHANT_NETWORK|HIGH_CHARGEBACK_CONCENTRATION
1092,3,1,3,3,50122.6,1,0.3333,1.0,3,1,36.37,49.92,62.78,HIGH,SHARED_MERCHANT|DENSE_USER_MERCHANT_NETWORK|HIGH_CHARGEBACK_CONCENTRATION
1924,3,1,3,3,49246.44,1,0.3333,1.0,3,1,36.38,52.93,62.78,HIGH,SHARED_MERCHANT|DENSE_USER_MERCHANT_NETWORK|HIGH_CHARGEBACK_CONCENTRATION
5011,3,1,3,3,48757.7,1,0.3333,1.0,3,1,36.34,57.57,62.77,HIGH,SHARED_MERCHANT|DENSE_USER_MERCHANT_NETWORK|HIGH_CHARGEBACK_CONCENTRATION
3976,3,1,3,3,31594.38,1,0.3333,1.0,3,1,36.33,51.24,62.77,HIGH,SHARED_MERCHANT|DENSE_USER_MERCHANT_NETWORK|HIGH_CHARGEBACK_CONCENTRATION
3770,3,1,3,3,44405.6,1,0.3333,1.0,3,1,36.3,60.69,62.76,HIGH,SHARED_MERCHANT|DENSE_USER_MERCHANT_NETWORK|HIGH_CHARGEBACK_CONCENTRATION
89,3,1,3,3,23341.05,1,0.3333,1.0,3,1,36.3,45.55,62.76,HIGH,SHARED_MERCHANT|DENSE_USER_MERCHANT_NETWORK|HIGH_CHARGEBACK_CONCENTRATION
4136,2,1,2,2,42821.97,1,0.5,1.0,2,1,51.91,58.39,62.76,HIGH,HIGH_CHARGEBACK_CONCENTRATION
4310,3,1,3,3,45123.08,1,0.3333,1.0,3,1,36.19,49.74,62.74,HIGH,SHARED_MERCHANT|DENSE_USER_MERCHANT_NETWORK|HIGH_CHARGEBACK_CONCENTRATION
2598,3,1,3,3,58853.21,1,0.3333,1.0,3,1,36.2,58.32,62.74,HIGH,SHARED_MERCHANT|DENSE_USER_MERCHANT_NETWORK|HIGH_CHARGEBACK_CONCENTRATION
3875,3,1,3,3,20750.67,1,0.3333,1.0,3,1,36.11,49.95,62.73,HIGH,SHARED_MERCHANT|DENSE_USER_MERCHANT_NETWORK|HIGH_CHARGEBACK_CONCENTRATION
4202,3,1,3,3,53218.84,1,0.3333,1.0,3,1,36.12,59.14,62.73,HIGH,SHARED_MERCHANT|DENSE_USER_MERCHANT_NETWORK|HIGH_CHARGEBACK_CONCENTRATION
1790,2,1,2,2,29432.52,2,1.0,1.0,2,1,51.75,53.54,62.73,HIGH,HIGH_CHARGEBACK_CONCENTRATION
3386,3,1,3,3,23440.92,1,0.3333,1.0,3,1,36.1,74.06,62.72,HIGH,SHARED_MERCHANT|DENSE_USER_MERCHANT_NETWORK|HIGH_CHARGEBACK_CONCENTRATION
2080,3,1,3,3,23260.05,1,0.3333,1.0,3,1,36.07,56.02,62.72,HIGH,SHARED_MERCHANT|DENSE_USER_MERCHANT_NETWORK|HIGH_CHARGEBACK_CONCENTRATION
713,10,2,11,11,131689.08,2,0.1818,0.55,7,2,30.54,56.4,62.72,HIGH,SHARED_MERCHANT|MULTIPLE_SHARED_MERCHANTS|DENSE_USER_MERCHANT_NETWORK|HIGH_CHARGEBACK_CONCENTRATION|LARGE_CONNECTED_CLUSTER
3391,2,1,2,2,23891.98,2,1.0,1.0,2,1,51.67,59.09,62.71,HIGH,HIGH_CHARGEBACK_CONCENTRATION
2811,3,1,3,3,48392.98,1,0.3333,1.0,3,1,36.0,54.06,62.7,HIGH,SHARED_MERCHANT|DENSE_USER_MERCHANT_NETWORK|HIGH_CHARGEBACK_CONCENTRATION
2205,3,1,3,3,17837.33,1,0.3333,1.0,3,1,36.0,48.32,62.7,HIGH,SHARED_MERCHANT|DENSE_USER_MERCHANT_NETWORK|HIGH_CHARGEBACK_CONCENTRATION
5699,2,1,2,2,30030.4,1,0.5,1.0,2,1,51.59,57.05,62.7,HIGH,HIGH_CHARGEBACK_CONCENTRATION
2104,3,1,3,3,22561.37,1,0.3333,1.0,3,1,35.91,48.07,62.69,HIGH,SHARED_MERCHANT|DENSE_USER_MERCHANT_NETWORK|HIGH_CHARGEBACK_CONCENTRATION
3140,3,1,3,3,30686.51,1,0.3333,1.0,3,1,35.92,51.83,62.69,HIGH,SHARED_MERCHANT|DENSE_USER_MERCHANT_NETWORK|HIGH_CHARGEBACK_CONCENTRATION
3256,3,1,3,3,51112.62,1,0.3333,1.0,3,1,35.91,51.71,62.69,HIGH,SHARED_MERCHANT|DENSE_USER_MERCHANT_NETWORK|HIGH_CHARGEBACK_CONCENTRATION
2855,3,1,3,3,51812.48,1,0.3333,1.0,3,1,35.87,59.92,62.68,HIGH,SHARED_MERCHANT|DENSE_USER_MERCHANT_NETWORK|HIGH_CHARGEBACK_CONCENTRATION
4761,3,1,3,3,41398.62,1,0.3333,1.0,3,1,35.88,53.63,62.68,HIGH,SHARED_MERCHANT|DENSE_USER_MERCHANT_NETWORK|HIGH_CHARGEBACK_CONCENTRATION
3984,3,1,3,3,17387.85,1,0.3333,1.0,3,1,35.83,50.25,62.67,HIGH,SHARED_MERCHANT|DENSE_USER_MERCHANT_NETWORK|HIGH_CHARGEBACK_CONCENTRATION
1026,3,1,3,3,51107.59,1,0.3333,1.0,3,1,35.74,60.07,62.65,HIGH,SHARED_MERCHANT|DENSE_USER_MERCHANT_NETWORK|HIGH_CHARGEBACK_CONCENTRATION
1123,1,1,1,1,1864.0,1,1.0,1.0,1,0,68.23,68.23,62.65,HIGH,HIGH_CHARGEBACK_CONCENTRATION|HIGH_RELATIONSHIP_RISK
3327,3,1,3,3,32855.31,1,0.3333,1.0,3,1,35.7,60.15,62.64,HIGH,SHARED_MERCHANT|DENSE_USER_MERCHANT_NETWORK|HIGH_CHARGEBACK_CONCENTRATION
3117,2,1,2,2,16809.57,2,1.0,1.0,2,1,51.3,54.29,62.64,HIGH,HIGH_CHARGEBACK_CONCENTRATION
2248,3,1,3,3,44854.57,1,0.3333,1.0,3,1,35.59,60.77,62.62,HIGH,SHARED_MERCHANT|DENSE_USER_MERCHANT_NETWORK|HIGH_CHARGEBACK_CONCENTRATION
1076,3,1,3,3,52198.67,1,0.3333,1.0,3,1,35.5,61.54,62.6,HIGH,SHARED_MERCHANT|DENSE_USER_MERCHANT_NETWORK|HIGH_CHARGEBACK_CONCENTRATION
4891,3,1,3,3,55967.84,1,0.3333,1.0,3,1,35.43,52.5,62.59,HIGH,SHARED_MERCHANT|DENSE_USER_MERCHANT_NETWORK|HIGH_CHARGEBACK_CONCENTRATION
3733,2,1,2,2,32520.74,1,0.5,1.0,2,1,50.99,52.91,62.58,HIGH,HIGH_CHARGEBACK_CONCENTRATION
1795,3,1,3,3,41932.76,1,0.3333,1.0,3,1,35.38,61.29,62.58,HIGH,SHARED_MERCHANT|DENSE_USER_MERCHANT_NETWORK|HIGH_CHARGEBACK_CONCENTRATION
1614,3,1,3,3,38279.45,1,0.3333,1.0,3,1,35.32,56.34,62.57,HIGH,SHARED_MERCHANT|DENSE_USER_MERCHANT_NETWORK|HIGH_CHARGEBACK_CONCENTRATION
3076,3,1,3,3,49297.8,1,0.3333,1.0,3,1,35.35,51.76,62.57,HIGH,SHARED_MERCHANT|DENSE_USER_MERCHANT_NETWORK|HIGH_CHARGEBACK_CONCENTRATION
2108,8,2,9,9,126816.55,2,0.2222,0.5625,6,2,31.65,59.58,62.57,HIGH,SHARED_MERCHANT|MULTIPLE_SHARED_MERCHANTS|DENSE_USER_MERCHANT_NETWORK|HIGH_CHARGEBACK_CONCENTRATION|LARGE_CONNECTED_CLUSTER
1378,3,1,3,3,19751.19,1,0.3333,1.0,3,1,35.31,65.94,62.57,HIGH,SHARED_MERCHANT|DENSE_USER_MERCHANT_NETWORK|HIGH_CHARGEBACK_CONCENTRATION
1443,3,1,3,3,47410.58,1,0.3333,1.0,3,1,35.28,58.31,62.56,HIGH,SHARED_MERCHANT|DENSE_USER_MERCHANT_NETWORK|HIGH_CHARGEBACK_CONCENTRATION
2218,3,1,3,3,50991.3,1,0.3333,1.0,3,1,35.29,58.26,62.56,HIGH,SHARED_MERCHANT|DENSE_USER_MERCHANT_NETWORK|HIGH_CHARGEBACK_CONCENTRATION
3199,3,1,3,3,18783.98,1,0.3333,1.0,3,1,35.16,64.66,62.54,HIGH,SHARED_MERCHANT|DENSE_USER_MERCHANT_NETWORK|HIGH_CHARGEBACK_CONCENTRATION
3136,3,1,3,3,7859.97,1,0.3333,1.0,3,1,35.18,47.56,62.54,HIGH,SHARED_MERCHANT|DENSE_USER_MERCHANT_NETWORK|HIGH_CHARGEBACK_CONCENTRATION
2984,3,1,3,3,40703.9,1,0.3333,1.0,3,1,35.14,53.25,62.53,HIGH,SHARED_MERCHANT|DENSE_USER_MERCHANT_NETWORK|HIGH_CHARGEBACK_CONCENTRATION
4208,9,2,10,10,145416.65,2,0.2,0.5556,6,2,31.04,53.31,62.52,HIGH,SHARED_MERCHANT|MULTIPLE_SHARED_MERCHANTS|DENSE_USER_MERCHANT_NETWORK|HIGH_CHARGEBACK_CONCENTRATION|LARGE_CONNECTED_CLUSTER
3850,3,1,3,3,47361.64,1,0.3333,1.0,3,1,34.98,56.63,62.5,HIGH,SHARED_MERCHANT|DENSE_USER_MERCHANT_NETWORK|HIGH_CHARGEBACK_CONCENTRATION
2446,3,1,3,3,47097.67,1,0.3333,1.0,3,1,34.94,57.4,62.49,HIGH,SHARED_MERCHANT|DENSE_USER_MERCHANT_NETWORK|HIGH_CHARGEBACK_CONCENTRATION
3955,3,1,3,3,46991.28,1,0.3333,1.0,3,1,34.91,57.96,62.49,HIGH,SHARED_MERCHANT|DENSE_USER_MERCHANT_NETWORK|HIGH_CHARGEBACK_CONCENTRATION
5196,1,1,1,1,2773.37,1,1.0,1.0,1,0,67.43,67.43,62.49,HIGH,HIGH_CHARGEBACK_CONCENTRATION|HIGH_RELATIONSHIP_RISK
2557,2,1,2,2,32828.08,1,0.5,1.0,2,1,50.49,73.63,62.48,HIGH,HIGH_CHARGEBACK_CONCENTRATION
5254,3,1,3,3,21628.04,1,0.3333,1.0,3,1,34.86,52.14,62.48,HIGH,SHARED_MERCHANT|DENSE_USER_MERCHANT_NETWORK|HIGH_CHARGEBACK_CONCENTRATION
3154,3,1,3,3,46518.5,1,0.3333,1.0,3,1,34.82,53.02,62.47,HIGH,SHARED_MERCHANT|DENSE_USER_MERCHANT_NETWORK|HIGH_CHARGEBACK_CONCENTRATION
2707,3,1,3,3,17081.23,1,0.3333,1.0,3,1,34.84,43.52,62.47,HIGH,SHARED_MERCHANT|DENSE_USER_MERCHANT_NETWORK|HIGH_CHARGEBACK_CONCENTRATION
187,3,1,3,3,46531.15,1,0.3333,1.0,3,1,34.8,53.07,62.46,HIGH,SHARED_MERCHANT|DENSE_USER_MERCHANT_NETWORK|HIGH_CHARGEBACK_CONCENTRATION
4664,3,1,3,3,38800.05,1,0.3333,1.0,3,1,34.77,50.23,62.46,HIGH,SHARED_MERCHANT|DENSE_USER_MERCHANT_NETWORK|HIGH_CHARGEBACK_CONCENTRATION
4807,3,1,3,3,48091.77,1,0.3333,1.0,3,1,34.72,55.46,62.45,HIGH,SHARED_MERCHANT|DENSE_USER_MERCHANT_NETWORK|HIGH_CHARGEBACK_CONCENTRATION
1544,3,1,3,3,45935.01,1,0.3333,1.0,3,1,34.72,56.77,62.45,HIGH,SHARED_MERCHANT|DENSE_USER_MERCHANT_NETWORK|HIGH_CHARGEBACK_CONCENTRATION
4437,3,1,3,3,47090.23,1,0.3333,1.0,3,1,34.7,57.12,62.44,HIGH,SHARED_MERCHANT|DENSE_USER_MERCHANT_NETWORK|HIGH_CHARGEBACK_CONCENTRATION
5770,2,1,2,2,32002.95,1,0.5,1.0,2,1,50.23,56.97,62.43,HIGH,HIGH_CHARGEBACK_CONCENTRATION
2261,3,1,3,3,13572.95,1,0.3333,1.0,3,1,34.58,62.74,62.42,HIGH,SHARED_MERCHANT|DENSE_USER_MERCHANT_NETWORK|HIGH_CHARGEBACK_CONCENTRATION
1309,3,1,3,3,35216.45,1,0.3333,1.0,3,1,34.6,54.29,62.42,HIGH,SHARED_MERCHANT|DENSE_USER_MERCHANT_NETWORK|HIGH_CHARGEBACK_CONCENTRATION
3894,2,1,2,2,28369.95,1,0.5,1.0,2,1,50.12,56.4,62.4,HIGH,HIGH_CHARGEBACK_CONCENTRATION
3002,2,1,2,2,9483.67,2,1.0,1.0,2,1,50.06,51.06,62.39,HIGH,HIGH_CHARGEBACK_CONCENTRATION
3354,3,1,3,3,35835.01,1,0.3333,1.0,3,1,34.44,50.1,62.39,HIGH,SHARED_MERCHANT|DENSE_USER_MERCHANT_NETWORK|HIGH_CHARGEBACK_CONCENTRATION
1258,10,2,11,11,113700.41,3,0.2727,0.55,6,2,29.91,60.64,62.37,HIGH,SHARED_MERCHANT|MULTIPLE_SHARED_MERCHANTS|DENSE_USER_MERCHANT_NETWORK|HIGH_CHARGEBACK_CONCENTRATION|LARGE_CONNECTED_CLUSTER
2797,3,1,3,3,44160.34,1,0.3333,1.0,3,1,34.35,56.48,62.37,HIGH,SHARED_MERCHANT|DENSE_USER_MERCHANT_NETWORK|HIGH_CHARGEBACK_CONCENTRATION
224,3,1,3,3,44927.32,1,0.3333,1.0,3,1,34.28,55.3,62.36,HIGH,SHARED_MERCHANT|DENSE_USER_MERCHANT_NETWORK|HIGH_CHARGEBACK_CONCENTRATION
307,35,14,48,48,583957.64,9,0.1875,0.098,9,13,30.16,75.78,62.36,HIGH,SHARED_MERCHANT|MULTIPLE_SHARED_MERCHANTS|HIGH_CHARGEBACK_CONCENTRATION|LARGE_CONNECTED_CLUSTER
2079,3,1,3,3,39673.68,1,0.3333,1.0,3,1,34.29,57.58,62.36,HIGH,SHARED_MERCHANT|DENSE_USER_MERCHANT_NETWORK|HIGH_CHARGEBACK_CONCENTRATION
2257,9,2,10,10,71727.31,2,0.2,0.5556,6,2,30.24,65.0,62.35,HIGH,SHARED_MERCHANT|MULTIPLE_SHARED_MERCHANTS|DENSE_USER_MERCHANT_NETWORK|HIGH_CHARGEBACK_CONCENTRATION|LARGE_CONNECTED_CLUSTER
2156,3,1,3,3,43367.44,1,0.3333,1.0,3,1,34.19,55.35,62.34,HIGH,SHARED_MERCHANT|DENSE_USER_MERCHANT_NETWORK|HIGH_CHARGEBACK_CONCENTRATION
4745,3,1,3,3,13898.49,1,0.3333,1.0,3,1,34.16,43.81,62.34,HIGH,SHARED_MERCHANT|DENSE_USER_MERCHANT_NETWORK|HIGH_CHARGEBACK_CONCENTRATION
4517,3,1,3,3,35591.14,1,0.3333,1.0,3,1,34.06,60.76,62.32,HIGH,SHARED_MERCHANT|DENSE_USER_MERCHANT_NETWORK|HIGH_CHARGEBACK_CONCENTRATION
2107,3,1,3,3,45012.36,1,0.3333,1.0,3,1,34.09,54.35,62.32,HIGH,SHARED_MERCHANT|DENSE_USER_MERCHANT_NETWORK|HIGH_CHARGEBACK_CONCENTRATION
2951,3,1,3,3,48038.07,1,0.3333,1.0,3,1,34.07,51.54,62.32,HIGH,SHARED_MERCHANT|DENSE_USER_MERCHANT_NETWORK|HIGH_CHARGEBACK_CONCENTRATION
4212,2,1,2,2,30092.39,1,0.5,1.0,2,1,49.67,72.03,62.31,HIGH,HIGH_CHARGEBACK_CONCENTRATION
4498,3,1,3,3,42639.03,1,0.3333,1.0,3,1,34.04,58.92,62.31,HIGH,SHARED_MERCHANT|DENSE_USER_MERCHANT_NETWORK|HIGH_CHARGEBACK_CONCENTRATION
819,3,1,3,3,42545.83,1,0.3333,1.0,3,1,34.02,58.73,62.31,HIGH,SHARED_MERCHANT|DENSE_USER_MERCHANT_NETWORK|HIGH_CHARGEBACK_CONCENTRATION
797,3,1,3,3,42426.92,1,0.3333,1.0,3,1,34.0,58.49,62.3,HIGH,SHARED_MERCHANT|DENSE_USER_MERCHANT_NETWORK|HIGH_CHARGEBACK_CONCENTRATION
1517,3,1,3,3,43551.49,1,0.3333,1.0,3,1,33.81,48.24,62.27,HIGH,SHARED_MERCHANT|DENSE_USER_MERCHANT_NETWORK|HIGH_CHARGEBACK_CONCENTRATION
882,3,1,3,3,41924.77,1,0.3333,1.0,3,1,33.83,58.08,62.27,HIGH,SHARED_MERCHANT|DENSE_USER_MERCHANT_NETWORK|HIGH_CHARGEBACK_CONCENTRATION
2622,2,1,2,2,29399.75,1,0.5,1.0,2,1,49.45,55.07,62.27,HIGH,HIGH_CHARGEBACK_CONCENTRATION
1461,3,1,3,3,38098.61,1,0.3333,1.0,3,1,33.82,52.38,62.27,HIGH,SHARED_MERCHANT|DENSE_USER_MERCHANT_NETWORK|HIGH_CHARGEBACK_CONCENTRATION
635,3,1,3,3,37179.97,1,0.3333,1.0,3,1,33.78,55.81,62.26,HIGH,SHARED_MERCHANT|DENSE_USER_MERCHANT_NETWORK|HIGH_CHARGEBACK_CONCENTRATION
5193,3,1,3,3,41015.25,1,0.3333,1.0,3,1,33.72,48.87,62.25,HIGH,SHARED_MERCHANT|DENSE_USER_MERCHANT_NETWORK|HIGH_CHARGEBACK_CONCENTRATION
1637,3,1,3,3,28438.35,1,0.3333,1.0,3,1,33.7,54.31,62.24,HIGH,SHARED_MERCHANT|DENSE_USER_MERCHANT_NETWORK|HIGH_CHARGEBACK_CONCENTRATION
1134,2,1,2,2,33000.88,1,0.5,1.0,2,1,49.3,70.15,62.24,HIGH,HIGH_CHARGEBACK_CONCENTRATION
4179,3,1,3,3,47974.9,1,0.3333,1.0,3,1,33.66,53.66,62.24,HIGH,SHARED_MERCHANT|DENSE_USER_MERCHANT_NETWORK|HIGH_CHARGEBACK_CONCENTRATION
5074,3,1,3,3,44608.07,1,0.3333,1.0,3,1,33.59,55.57,62.22,HIGH,SHARED_MERCHANT|DENSE_USER_MERCHANT_NETWORK|HIGH_CHARGEBACK_CONCENTRATION
5497,2,1,2,2,15742.74,2,1.0,1.0,2,1,49.13,51.26,62.21,HIGH,HIGH_CHARGEBACK_CONCENTRATION
107,3,1,3,3,39282.35,1,0.3333,1.0,3,1,33.53,50.68,62.21,HIGH,SHARED_MERCHANT|DENSE_USER_MERCHANT_NETWORK|HIGH_CHARGEBACK_CONCENTRATION
3110,3,1,3,3,39439.05,1,0.3333,1.0,3,1,33.4,54.42,62.18,HIGH,SHARED_MERCHANT|DENSE_USER_MERCHANT_NETWORK|HIGH_CHARGEBACK_CONCENTRATION
1527,3,1,3,3,14705.74,1,0.3333,1.0,3,1,33.4,45.46,62.18,HIGH,SHARED_MERCHANT|DENSE_USER_MERCHANT_NETWORK|HIGH_CHARGEBACK_CONCENTRATION
1321,2,1,2,2,33141.11,1,0.5,1.0,2,1,49.02,54.02,62.18,HIGH,HIGH_CHARGEBACK_CONCENTRATION
3883,3,1,3,3,36115.15,1,0.3333,1.0,3,1,33.32,47.21,62.17,HIGH,SHARED_MERCHANT|DENSE_USER_MERCHANT_NETWORK|HIGH_CHARGEBACK_CONCENTRATION
726,3,1,3,3,46661.03,1,0.3333,1.0,3,1,33.22,59.01,62.15,HIGH,SHARED_MERCHANT|DENSE_USER_MERCHANT_NETWORK|HIGH_CHARGEBACK_CONCENTRATION
2998,3,1,3,3,38355.65,1,0.3333,1.0,3,1,33.18,48.88,62.14,HIGH,SHARED_MERCHANT|DENSE_USER_MERCHANT_NETWORK|HIGH_CHARGEBACK_CONCENTRATION
228,3,1,3,3,43544.55,1,0.3333,1.0,3,1,33.19,52.82,62.14,HIGH,SHARED_MERCHANT|DENSE_USER_MERCHANT_NETWORK|HIGH_CHARGEBACK_CONCENTRATION
2400,2,1,2,2,16465.87,2,1.0,1.0,2,1,48.73,50.15,62.13,HIGH,HIGH_CHARGEBACK_CONCENTRATION
3596,3,1,3,3,38885.61,1,0.3333,1.0,3,1,33.08,51.96,62.12,HIGH,SHARED_MERCHANT|DENSE_USER_MERCHANT_NETWORK|HIGH_CHARGEBACK_CONCENTRATION
1512,3,1,3,3,42726.43,1,0.3333,1.0,3,1,33.01,57.82,62.11,HIGH,SHARED_MERCHANT|DENSE_USER_MERCHANT_NETWORK|HIGH_CHARGEBACK_CONCENTRATION
526,3,1,3,3,12053.16,1,0.3333,1.0,3,1,33.05,63.0,62.11,HIGH,SHARED_MERCHANT|DENSE_USER_MERCHANT_NETWORK|HIGH_CHARGEBACK_CONCENTRATION
4623,1,1,1,1,0.58,1,1.0,1.0,1,0,65.49,65.49,62.1,HIGH,HIGH_CHARGEBACK_CONCENTRATION|HIGH_RELATIONSHIP_RISK
3209,3,1,3,3,35132.85,1,0.3333,1.0,3,1,32.99,51.65,62.1,HIGH,SHARED_MERCHANT|DENSE_USER_MERCHANT_NETWORK|HIGH_CHARGEBACK_CONCENTRATION
208,2,1,2,2,26538.31,1,0.5,1.0,2,1,48.6,61.02,62.1,HIGH,HIGH_CHARGEBACK_CONCENTRATION
3254,2,1,2,2,11945.45,2,1.0,1.0,2,1,48.58,51.41,62.1,HIGH,HIGH_CHARGEBACK_CONCENTRATION
2899,2,1,2,2,47939.0,1,0.5,1.0,2,1,48.57,63.4,62.09,HIGH,HIGH_CHARGEBACK_CONCENTRATION
1661,3,1,3,3,44072.97,1,0.3333,1.0,3,1,32.86,49.62,62.08,HIGH,SHARED_MERCHANT|DENSE_USER_MERCHANT_NETWORK|HIGH_CHARGEBACK_CONCENTRATION
1990,3,1,3,3,41709.34,1,0.3333,1.0,3,1,32.82,58.62,62.07,HIGH,SHARED_MERCHANT|DENSE_USER_MERCHANT_NETWORK|HIGH_CHARGEBACK_CONCENTRATION
556,2,1,2,2,26027.09,1,0.5,1.0,2,1,48.43,57.86,62.07,HIGH,HIGH_CHARGEBACK_CONCENTRATION
1436,3,1,3,3,42242.76,1,0.3333,1.0,3,1,32.81,60.11,62.07,HIGH,SHARED_MERCHANT|DENSE_USER_MERCHANT_NETWORK|HIGH_CHARGEBACK_CONCENTRATION
3281,3,1,3,3,26014.0,1,0.3333,1.0,3,1,32.8,61.77,62.06,HIGH,SHARED_MERCHANT|DENSE_USER_MERCHANT_NETWORK|HIGH_CHARGEBACK_CONCENTRATION
3012,2,1,2,2,25904.71,1,0.5,1.0,2,1,48.41,55.75,62.06,HIGH,HIGH_CHARGEBACK_CONCENTRATION
1904,3,1,3,3,35873.49,1,0.3333,1.0,3,1,32.66,49.06,62.04,HIGH,SHARED_MERCHANT|DENSE_USER_MERCHANT_NETWORK|HIGH_CHARGEBACK_CONCENTRATION
3478,3,1,3,3,37309.08,1,0.3333,1.0,3,1,32.7,45.05,62.04,HIGH,SHARED_MERCHANT|DENSE_USER_MERCHANT_NETWORK|HIGH_CHARGEBACK_CONCENTRATION
2944,3,1,3,3,40962.01,1,0.3333,1.0,3,1,32.67,46.73,62.04,HIGH,SHARED_MERCHANT|DENSE_USER_MERCHANT_NETWORK|HIGH_CHARGEBACK_CONCENTRATION
2575,2,1,2,2,23232.68,1,0.5,1.0,2,1,48.24,49.62,62.03,HIGH,HIGH_CHARGEBACK_CONCENTRATION
226,2,1,2,2,13838.88,2,1.0,1.0,2,1,48.19,52.51,62.02,HIGH,HIGH_CHARGEBACK_CONCENTRATION
2729,3,1,3,3,35281.91,1,0.3333,1.0,3,1,32.56,58.65,62.02,HIGH,SHARED_MERCHANT|DENSE_USER_MERCHANT_NETWORK|HIGH_CHARGEBACK_CONCENTRATION
1344,3,1,3,3,34962.19,1,0.3333,1.0,3,1,32.47,57.61,62.0,HIGH,SHARED_MERCHANT|DENSE_USER_MERCHANT_NETWORK|HIGH_CHARGEBACK_CONCENTRATION
916,3,1,3,3,36854.39,1,0.3333,1.0,3,1,32.47,56.51,62.0,HIGH,SHARED_MERCHANT|DENSE_USER_MERCHANT_NETWORK|HIGH_CHARGEBACK_CONCENTRATION
534,3,1,3,3,28746.23,1,0.3333,1.0,3,1,32.5,55.62,62.0,HIGH,SHARED_MERCHANT|DENSE_USER_MERCHANT_NETWORK|HIGH_CHARGEBACK_CONCENTRATION
895,3,1,3,3,38953.31,1,0.3333,1.0,3,1,32.44,56.09,61.99,HIGH,SHARED_MERCHANT|DENSE_USER_MERCHANT_NETWORK|HIGH_CHARGEBACK_CONCENTRATION
3115,2,1,2,2,18407.99,1,0.5,1.0,2,1,48.02,52.42,61.98,HIGH,HIGH_CHARGEBACK_CONCENTRATION
1949,3,1,3,3,36704.85,1,0.3333,1.0,3,1,32.35,43.85,61.97,HIGH,SHARED_MERCHANT|DENSE_USER_MERCHANT_NETWORK|HIGH_CHARGEBACK_CONCENTRATION
2658,3,1,3,3,34186.42,1,0.3333,1.0,3,1,32.31,56.47,61.97,HIGH,SHARED_MERCHANT|DENSE_USER_MERCHANT_NETWORK|HIGH_CHARGEBACK_CONCENTRATION
2521,3,1,3,3,36120.94,1,0.3333,1.0,3,1,32.32,48.32,61.97,HIGH,SHARED_MERCHANT|DENSE_USER_MERCHANT_NETWORK|HIGH_CHARGEBACK_CONCENTRATION
4859,2,1,2,2,29531.16,1,0.5,1.0,2,1,47.92,64.96,61.96,HIGH,HIGH_CHARGEBACK_CONCENTRATION
66,2,1,2,2,25295.94,1,0.5,1.0,2,1,47.91,48.09,61.96,HIGH,HIGH_CHARGEBACK_CONCENTRATION
2997,3,1,3,3,28452.31,1,0.3333,1.0,3,1,32.23,61.45,61.95,HIGH,SHARED_MERCHANT|DENSE_USER_MERCHANT_NETWORK|HIGH_CHARGEBACK_CONCENTRATION
3434,3,1,3,3,4786.45,1,0.3333,1.0,3,1,32.18,45.04,61.94,HIGH,SHARED_MERCHANT|DENSE_USER_MERCHANT_NETWORK|HIGH_CHARGEBACK_CONCENTRATION
2703,3,1,3,3,28119.22,1,0.3333,1.0,3,1,32.19,51.0,61.94,HIGH,SHARED_MERCHANT|DENSE_USER_MERCHANT_NETWORK|HIGH_CHARGEBACK_CONCENTRATION
3285,3,1,3,3,33144.21,1,0.3333,1.0,3,1,32.13,49.66,61.93,HIGH,SHARED_MERCHANT|DENSE_USER_MERCHANT_NETWORK|HIGH_CHARGEBACK_CONCENTRATION
1271,3,1,3,3,32707.54,1,0.3333,1.0,3,1,32.03,46.44,61.91,HIGH,SHARED_MERCHANT|DENSE_USER_MERCHANT_NETWORK|HIGH_CHARGEBACK_CONCENTRATION
1020,3,1,3,3,36336.45,1,0.3333,1.0,3,1,31.94,51.32,61.89,HIGH,SHARED_MERCHANT|DENSE_USER_MERCHANT_NETWORK|HIGH_CHARGEBACK_CONCENTRATION
2926,2,1,2,2,19159.67,1,0.5,1.0,2,1,47.51,66.87,61.88,HIGH,HIGH_CHARGEBACK_CONCENTRATION
426,3,1,3,3,35817.13,1,0.3333,1.0,3,1,31.85,50.04,61.87,HIGH,SHARED_MERCHANT|DENSE_USER_MERCHANT_NETWORK|HIGH_CHARGEBACK_CONCENTRATION
3508,3,1,3,3,31475.04,1,0.3333,1.0,3,1,31.79,53.81,61.86,HIGH,SHARED_MERCHANT|DENSE_USER_MERCHANT_NETWORK|HIGH_CHARGEBACK_CONCENTRATION
4304,3,1,3,3,31738.25,1,0.3333,1.0,3,1,31.8,50.06,61.86,HIGH,SHARED_MERCHANT|DENSE_USER_MERCHANT_NETWORK|HIGH_CHARGEBACK_CONCENTRATION
2229,3,1,3,3,24292.5,1,0.3333,1.0,3,1,31.77,47.37,61.86,HIGH,SHARED_MERCHANT|DENSE_USER_MERCHANT_NETWORK|HIGH_CHARGEBACK_CONCENTRATION
702,7,2,8,8,64106.39,2,0.25,0.5714,6,2,28.34,50.69,61.86,HIGH,SHARED_MERCHANT|MULTIPLE_SHARED_MERCHANTS|DENSE_USER_MERCHANT_NETWORK|HIGH_CHARGEBACK_CONCENTRATION|LARGE_CONNECTED_CLUSTER
1078,3,1,3,3,29841.33,1,0.3333,1.0,3,1,31.8,45.16,61.86,HIGH,SHARED_MERCHANT|DENSE_USER_MERCHANT_NETWORK|HIGH_CHARGEBACK_CONCENTRATION
1780,3,1,3,3,36448.15,1,0.3333,1.0,3,1,31.75,51.63,61.85,HIGH,SHARED_MERCHANT|DENSE_USER_MERCHANT_NETWORK|HIGH_CHARGEBACK_CONCENTRATION
3684,3,1,3,3,31488.6,1,0.3333,1.0,3,1,31.7,42.57,61.84,HIGH,SHARED_MERCHANT|DENSE_USER_MERCHANT_NETWORK|HIGH_CHARGEBACK_CONCENTRATION
1798,3,1,3,3,32801.09,1,0.3333,1.0,3,1,31.66,53.78,61.84,HIGH,SHARED_MERCHANT|DENSE_USER_MERCHANT_NETWORK|HIGH_CHARGEBACK_CONCENTRATION
3895,3,1,3,3,35180.9,1,0.3333,1.0,3,1,31.7,52.79,61.84,HIGH,SHARED_MERCHANT|DENSE_USER_MERCHANT_NETWORK|HIGH_CHARGEBACK_CONCENTRATION
244,2,1,2,2,31366.49,1,0.5,1.0,2,1,47.25,68.87,61.83,HIGH,HIGH_CHARGEBACK_CONCENTRATION
1082,3,1,3,3,45146.91,1,0.3333,1.0,3,1,31.64,52.69,61.83,HIGH,SHARED_MERCHANT|DENSE_USER_MERCHANT_NETWORK|HIGH_CHARGEBACK_CONCENTRATION
2854,3,1,3,3,34297.79,1,0.3333,1.0,3,1,31.53,46.92,61.81,HIGH,SHARED_MERCHANT|DENSE_USER_MERCHANT_NETWORK|HIGH_CHARGEBACK_CONCENTRATION
2329,3,1,3,3,30275.47,1,0.3333,1.0,3,1,31.52,53.09,61.81,HIGH,SHARED_MERCHANT|DENSE_USER_MERCHANT_NETWORK|HIGH_CHARGEBACK_CONCENTRATION
2267,2,1,2,2,21689.45,1,0.5,1.0,2,1,47.09,50.4,61.8,HIGH,HIGH_CHARGEBACK_CONCENTRATION
4167,3,1,3,3,33648.16,1,0.3333,1.0,3,1,31.35,53.58,61.77,HIGH,SHARED_MERCHANT|DENSE_USER_MERCHANT_NETWORK|HIGH_CHARGEBACK_CONCENTRATION
4974,3,1,3,3,33300.07,1,0.3333,1.0,3,1,31.32,51.63,61.77,HIGH,SHARED_MERCHANT|DENSE_USER_MERCHANT_NETWORK|HIGH_CHARGEBACK_CONCENTRATION
1778,7,2,8,8,108726.61,3,0.375,0.5714,5,2,40.42,59.15,61.77,HIGH,SHARED_MERCHANT|MULTIPLE_SHARED_MERCHANTS|DENSE_USER_MERCHANT_NETWORK|HIGH_CHARGEBACK_CONCENTRATION|LARGE_CONNECTED_CLUSTER
5202,3,1,3,3,26022.93,1,0.3333,1.0,3,1,31.26,58.78,61.76,HIGH,SHARED_MERCHANT|DENSE_USER_MERCHANT_NETWORK|HIGH_CHARGEBACK_CONCENTRATION
5437,3,1,3,3,25984.01,1,0.3333,1.0,3,1,31.26,48.47,61.76,HIGH,SHARED_MERCHANT|DENSE_USER_MERCHANT_NETWORK|HIGH_CHARGEBACK_CONCENTRATION
1063,2,1,2,2,20189.25,1,0.5,1.0,2,1,46.9,70.9,61.76,HIGH,HIGH_CHARGEBACK_CONCENTRATION
1242,3,1,3,3,27033.64,1,0.3333,1.0,3,1,31.26,54.36,61.76,HIGH,SHARED_MERCHANT|DENSE_USER_MERCHANT_NETWORK|HIGH_CHARGEBACK_CONCENTRATION
3220,2,1,2,2,25161.67,1,0.5,1.0,2,1,46.92,47.67,61.76,HIGH,HIGH_CHARGEBACK_CONCENTRATION
2362,3,1,3,3,31664.79,1,0.3333,1.0,3,1,31.22,56.3,61.75,HIGH,SHARED_MERCHANT|DENSE_USER_MERCHANT_NETWORK|HIGH_CHARGEBACK_CONCENTRATION
963,3,1,3,3,33691.97,1,0.3333,1.0,3,1,31.2,52.76,61.74,HIGH,SHARED_MERCHANT|DENSE_USER_MERCHANT_NETWORK|HIGH_CHARGEBACK_CONCENTRATION
1507,2,1,2,2,20615.98,1,0.5,1.0,2,1,46.77,56.87,61.74,HIGH,HIGH_CHARGEBACK_CONCENTRATION
1912,3,1,3,3,30565.64,1,0.3333,1.0,3,1,31.17,54.37,61.74,HIGH,SHARED_MERCHANT|DENSE_USER_MERCHANT_NETWORK|HIGH_CHARGEBACK_CONCENTRATION
246,2,1,2,2,13609.72,2,1.0,1.0,2,1,46.8,51.74,61.74,HIGH,HIGH_CHARGEBACK_CONCENTRATION
173,3,1,3,3,32642.39,1,0.3333,1.0,3,1,31.18,48.12,61.74,HIGH,SHARED_MERCHANT|DENSE_USER_MERCHANT_NETWORK|HIGH_CHARGEBACK_CONCENTRATION
5725,2,1,2,2,24622.35,1,0.5,1.0,2,1,46.76,65.05,61.73,HIGH,HIGH_CHARGEBACK_CONCENTRATION
4769,2,1,2,2,17586.65,1,0.5,1.0,2,1,46.77,75.5,61.73,HIGH,HIGH_CHARGEBACK_CONCENTRATION
1111,2,1,2,2,18458.8,1,0.5,1.0,2,1,46.77,52.62,61.73,HIGH,HIGH_CHARGEBACK_CONCENTRATION
525,3,1,3,3,13891.54,1,0.3333,1.0,3,1,31.08,52.91,61.72,HIGH,SHARED_MERCHANT|DENSE_USER_MERCHANT_NETWORK|HIGH_CHARGEBACK_CONCENTRATION
3071,3,1,3,3,37360.07,1,0.3333,1.0,3,1,31.08,46.18,61.72,HIGH,SHARED_MERCHANT|DENSE_USER_MERCHANT_NETWORK|HIGH_CHARGEBACK_CONCENTRATION
1972,3,1,3,3,32043.33,1,0.3333,1.0,3,1,31.06,49.48,61.72,HIGH,SHARED_MERCHANT|DENSE_USER_MERCHANT_NETWORK|HIGH_CHARGEBACK_CONCENTRATION
980,3,1,3,3,33123.48,1,0.3333,1.0,3,1,31.06,58.9,61.72,HIGH,SHARED_MERCHANT|DENSE_USER_MERCHANT_NETWORK|HIGH_CHARGEBACK_CONCENTRATION
2946,3,1,3,3,32052.64,1,0.3333,1.0,3,1,31.02,50.31,61.71,HIGH,SHARED_MERCHANT|DENSE_USER_MERCHANT_NETWORK|HIGH_CHARGEBACK_CONCENTRATION
1422,3,1,3,3,30613.49,1,0.3333,1.0,3,1,31.02,45.83,61.71,HIGH,SHARED_MERCHANT|DENSE_USER_MERCHANT_NETWORK|HIGH_CHARGEBACK_CONCENTRATION
5297,3,1,3,3,27950.6,1,0.3333,1.0,3,1,31.05,52.21,61.71,HIGH,SHARED_MERCHANT|DENSE_USER_MERCHANT_NETWORK|HIGH_CHARGEBACK_CONCENTRATION
4856,3,1,3,3,33220.28,1,0.3333,1.0,3,1,31.01,52.61,61.71,HIGH,SHARED_MERCHANT|DENSE_USER_MERCHANT_NETWORK|HIGH_CHARGEBACK_CONCENTRATION
2617,2,1,2,2,20049.45,1,0.5,1.0,2,1,46.61,48.45,61.7,HIGH,HIGH_CHARGEBACK_CONCENTRATION
3839,3,1,3,3,20564.49,1,0.3333,1.0,3,1,30.99,51.24,61.7,HIGH,SHARED_MERCHANT|DENSE_USER_MERCHANT_NETWORK|HIGH_CHARGEBACK_CONCENTRATION
1598,3,1,3,3,32657.5,1,0.3333,1.0,3,1,30.97,46.93,61.7,HIGH,SHARED_MERCHANT|DENSE_USER_MERCHANT_NETWORK|HIGH_CHARGEBACK_CONCENTRATION
3933,3,1,3,3,28587.69,1,0.3333,1.0,3,1,30.86,59.43,61.68,HIGH,SHARED_MERCHANT|DENSE_USER_MERCHANT_NETWORK|HIGH_CHARGEBACK_CONCENTRATION
5251,3,1,3,3,32916.76,1,0.3333,1.0,3,1,30.83,42.93,61.67,HIGH,SHARED_MERCHANT|DENSE_USER_MERCHANT_NETWORK|HIGH_CHARGEBACK_CONCENTRATION
3734,3,1,3,3,23039.07,1,0.3333,1.0,3,1,30.76,49.51,61.66,HIGH,SHARED_MERCHANT|DENSE_USER_MERCHANT_NETWORK|HIGH_CHARGEBACK_CONCENTRATION
3475,3,1,3,3,17102.25,1,0.3333,1.0,3,1,30.79,48.98,61.66,HIGH,SHARED_MERCHANT|DENSE_USER_MERCHANT_NETWORK|HIGH_CHARGEBACK_CONCENTRATION
3654,3,1,3,3,30042.51,1,0.3333,1.0,3,1,30.69,44.72,61.64,HIGH,SHARED_MERCHANT|DENSE_USER_MERCHANT_NETWORK|HIGH_CHARGEBACK_CONCENTRATION
3174,3,1,3,3,36313.69,1,0.3333,1.0,3,1,30.68,54.13,61.64,HIGH,SHARED_MERCHANT|DENSE_USER_MERCHANT_NETWORK|HIGH_CHARGEBACK_CONCENTRATION
3389,3,1,3,3,27190.34,1,0.3333,1.0,3,1,30.69,49.89,61.64,HIGH,SHARED_MERCHANT|DENSE_USER_MERCHANT_NETWORK|HIGH_CHARGEBACK_CONCENTRATION
343,3,1,3,3,29827.84,1,0.3333,1.0,3,1,30.7,43.66,61.64,HIGH,SHARED_MERCHANT|DENSE_USER_MERCHANT_NETWORK|HIGH_CHARGEBACK_CONCENTRATION
1816,2,1,2,2,14335.49,1,0.5,1.0,2,1,46.23,57.33,61.63,HIGH,HIGH_CHARGEBACK_CONCENTRATION
2860,2,1,2,2,16696.52,1,0.5,1.0,2,1,46.22,69.34,61.62,HIGH,HIGH_CHARGEBACK_CONCENTRATION
5350,1,1,1,1,23576.09,1,1.0,1.0,1,0,63.09,63.09,61.62,HIGH,HIGH_CHARGEBACK_CONCENTRATION|HIGH_RELATIONSHIP_RISK
310,1,1,1,1,20529.94,1,1.0,1.0,1,0,63.03,63.03,61.61,HIGH,HIGH_CHARGEBACK_CONCENTRATION|HIGH_RELATIONSHIP_RISK
417,7,2,8,8,95344.59,4,0.5,0.5714,5,2,39.56,68.79,61.6,HIGH,SHARED_MERCHANT|MULTIPLE_SHARED_MERCHANTS|DENSE_USER_MERCHANT_NETWORK|HIGH_CHARGEBACK_CONCENTRATION|LARGE_CONNECTED_CLUSTER
3533,3,1,3,3,23901.4,1,0.3333,1.0,3,1,30.46,52.4,61.6,HIGH,SHARED_MERCHANT|DENSE_USER_MERCHANT_NETWORK|HIGH_CHARGEBACK_CONCENTRATION
2810,3,1,3,3,24324.82,1,0.3333,1.0,3,1,30.46,43.14,61.6,HIGH,SHARED_MERCHANT|DENSE_USER_MERCHANT_NETWORK|HIGH_CHARGEBACK_CONCENTRATION
1678,3,1,3,3,26669.97,1,0.3333,1.0,3,1,30.42,50.04,61.59,HIGH,SHARED_MERCHANT|DENSE_USER_MERCHANT_NETWORK|HIGH_CHARGEBACK_CONCENTRATION
1165,2,1,2,2,14927.82,1,0.5,1.0,2,1,46.0,48.05,61.58,HIGH,HIGH_CHARGEBACK_CONCENTRATION
5283,2,1,2,2,45685.09,1,0.5,1.0,2,1,45.99,61.62,61.58,HIGH,HIGH_CHARGEBACK_CONCENTRATION
2004,3,1,3,3,26831.04,1,0.3333,1.0,3,1,30.35,56.7,61.57,HIGH,SHARED_MERCHANT|DENSE_USER_MERCHANT_NETWORK|HIGH_CHARGEBACK_CONCENTRATION
4013,3,1,3,3,24957.73,1,0.3333,1.0,3,1,30.26,57.5,61.56,HIGH,SHARED_MERCHANT|DENSE_USER_MERCHANT_NETWORK|HIGH_CHARGEBACK_CONCENTRATION
5525,2,1,2,2,24792.39,1,0.5,1.0,2,1,45.92,78.91,61.56,HIGH,HIGH_CHARGEBACK_CONCENTRATION
360,1,1,1,1,23058.0,1,1.0,1.0,1,0,62.77,62.77,61.56,HIGH,HIGH_CHARGEBACK_CONCENTRATION|HIGH_RELATIONSHIP_RISK
673,1,1,1,1,15387.54,1,1.0,1.0,1,0,62.75,62.75,61.55,HIGH,HIGH_CHARGEBACK_CONCENTRATION|HIGH_RELATIONSHIP_RISK
5198,2,1,2,2,44938.43,1,0.5,1.0,2,1,45.78,60.88,61.54,HIGH,HIGH_CHARGEBACK_CONCENTRATION
3900,3,1,3,3,15454.46,1,0.3333,1.0,3,1,30.2,46.27,61.54,HIGH,SHARED_MERCHANT|DENSE_USER_MERCHANT_NETWORK|HIGH_CHARGEBACK_CONCENTRATION
4055,2,1,2,2,45971.25,1,0.5,1.0,2,1,45.77,59.94,61.54,HIGH,HIGH_CHARGEBACK_CONCENTRATION
4333,3,1,3,3,22012.99,1,0.3333,1.0,3,1,30.16,48.32,61.54,HIGH,SHARED_MERCHANT|DENSE_USER_MERCHANT_NETWORK|HIGH_CHARGEBACK_CONCENTRATION
1001,3,1,3,3,17098.68,1,0.3333,1.0,3,1,30.11,56.64,61.53,HIGH,SHARED_MERCHANT|DENSE_USER_MERCHANT_NETWORK|HIGH_CHARGEBACK_CONCENTRATION
3673,3,1,3,3,23509.07,1,0.3333,1.0,3,1,30.09,52.02,61.52,HIGH,SHARED_MERCHANT|DENSE_USER_MERCHANT_NETWORK|HIGH_CHARGEBACK_CONCENTRATION
2309,2,1,2,2,21980.13,1,0.5,1.0,2,1,45.61,54.16,61.5,HIGH,HIGH_CHARGEBACK_CONCENTRATION
4015,1,1,1,1,24818.19,1,1.0,1.0,1,0,62.42,62.42,61.49,HIGH,HIGH_CHARGEBACK_CONCENTRATION|HIGH_RELATIONSHIP_RISK
3873,2,1,2,2,16563.51,1,0.5,1.0,2,1,45.54,48.67,61.49,HIGH,HIGH_CHARGEBACK_CONCENTRATION
4971,2,1,2,2,17961.27,1,0.5,1.0,2,1,45.42,63.5,61.47,HIGH,HIGH_CHARGEBACK_CONCENTRATION
527,3,1,3,3,23437.11,1,0.3333,1.0,3,1,29.77,44.61,61.46,HIGH,SHARED_MERCHANT|DENSE_USER_MERCHANT_NETWORK|HIGH_CHARGEBACK_CONCENTRATION
867,2,1,2,2,15846.64,1,0.5,1.0,2,1,45.28,69.85,61.44,HIGH,HIGH_CHARGEBACK_CONCENTRATION
927,2,1,2,2,43393.13,1,0.5,1.0,2,1,45.28,58.5,61.44,HIGH,HIGH_CHARGEBACK_CONCENTRATION
834,3,1,3,3,32408.83,1,0.3333,1.0,3,1,29.67,49.35,61.44,HIGH,SHARED_MERCHANT|DENSE_USER_MERCHANT_NETWORK|HIGH_CHARGEBACK_CONCENTRATION
4183,3,1,3,3,26121.09,1,0.3333,1.0,3,1,29.65,47.92,61.43,HIGH,SHARED_MERCHANT|DENSE_USER_MERCHANT_NETWORK|HIGH_CHARGEBACK_CONCENTRATION
3969,2,1,2,2,15629.36,1,0.5,1.0,2,1,45.24,65.45,61.43,HIGH,HIGH_CHARGEBACK_CONCENTRATION
3720,3,1,3,3,24757.43,1,0.3333,1.0,3,1,29.56,48.1,61.42,HIGH,SHARED_MERCHANT|DENSE_USER_MERCHANT_NETWORK|HIGH_CHARGEBACK_CONCENTRATION
521,3,1,3,3,20684.57,1,0.3333,1.0,3,1,29.51,49.92,61.41,HIGH,SHARED_MERCHANT|DENSE_USER_MERCHANT_NETWORK|HIGH_CHARGEBACK_CONCENTRATION
3912,3,1,3,3,25286.35,1,0.3333,1.0,3,1,29.46,54.2,61.4,HIGH,SHARED_MERCHANT|DENSE_USER_MERCHANT_NETWORK|HIGH_CHARGEBACK_CONCENTRATION
4725,3,1,3,3,17321.65,1,0.3333,1.0,3,1,29.42,53.14,61.39,HIGH,SHARED_MERCHANT|DENSE_USER_MERCHANT_NETWORK|HIGH_CHARGEBACK_CONCENTRATION
1754,3,1,3,3,20371.65,1,0.3333,1.0,3,1,29.44,50.81,61.39,HIGH,SHARED_MERCHANT|DENSE_USER_MERCHANT_NETWORK|HIGH_CHARGEBACK_CONCENTRATION
1316,3,1,3,3,19947.88,1,0.3333,1.0,3,1,29.38,46.34,61.38,HIGH,SHARED_MERCHANT|DENSE_USER_MERCHANT_NETWORK|HIGH_CHARGEBACK_CONCENTRATION
2137,3,1,3,3,28931.99,1,0.3333,1.0,3,1,29.31,43.51,61.37,HIGH,SHARED_MERCHANT|DENSE_USER_MERCHANT_NETWORK|HIGH_CHARGEBACK_CONCENTRATION
2212,3,1,3,3,27814.2,1,0.3333,1.0,3,1,29.26,45.47,61.36,HIGH,SHARED_MERCHANT|DENSE_USER_MERCHANT_NETWORK|HIGH_CHARGEBACK_CONCENTRATION
2912,3,1,3,3,20391.71,1,0.3333,1.0,3,1,29.21,54.68,61.35,HIGH,SHARED_MERCHANT|DENSE_USER_MERCHANT_NETWORK|HIGH_CHARGEBACK_CONCENTRATION
2223,3,1,3,3,23225.04,1,0.3333,1.0,3,1,29.23,52.81,61.35,HIGH,SHARED_MERCHANT|DENSE_USER_MERCHANT_NETWORK|HIGH_CHARGEBACK_CONCENTRATION
4921,3,1,3,3,9710.82,1,0.3333,1.0,3,1,29.25,46.88,61.35,HIGH,SHARED_MERCHANT|DENSE_USER_MERCHANT_NETWORK|HIGH_CHARGEBACK_CONCENTRATION
1133,3,1,3,3,25970.79,1,0.3333,1.0,3,1,29.22,51.8,61.35,HIGH,SHARED_MERCHANT|DENSE_USER_MERCHANT_NETWORK|HIGH_CHARGEBACK_CONCENTRATION
964,2,1,2,2,1.14,2,1.0,1.0,2,1,44.69,44.83,61.32,HIGH,HIGH_CHARGEBACK_CONCENTRATION
1627,3,1,3,3,19962.54,1,0.3333,1.0,3,1,29.02,44.95,61.31,HIGH,SHARED_MERCHANT|DENSE_USER_MERCHANT_NETWORK|HIGH_CHARGEBACK_CONCENTRATION
2203,3,1,3,3,23829.18,1,0.3333,1.0,3,1,28.99,43.51,61.3,HIGH,SHARED_MERCHANT|DENSE_USER_MERCHANT_NETWORK|HIGH_CHARGEBACK_CONCENTRATION
982,2,1,2,2,10467.23,1,0.5,1.0,2,1,44.59,70.39,61.3,HIGH,HIGH_CHARGEBACK_CONCENTRATION
3967,7,2,8,8,92986.09,2,0.25,0.5714,5,2,37.93,57.12,61.28,HIGH,SHARED_MERCHANT|MULTIPLE_SHARED_MERCHANTS|DENSE_USER_MERCHANT_NETWORK|HIGH_CHARGEBACK_CONCENTRATION|LARGE_CONNECTED_CLUSTER
298,3,1,3,3,28309.73,1,0.3333,1.0,3,1,28.87,44.55,61.28,HIGH,SHARED_MERCHANT|DENSE_USER_MERCHANT_NETWORK|HIGH_CHARGEBACK_CONCENTRATION
4945,2,1,2,2,15173.7,1,0.5,1.0,2,1,44.47,51.77,61.27,HIGH,HIGH_CHARGEBACK_CONCENTRATION
2444,3,1,3,3,23907.56,1,0.3333,1.0,3,1,28.78,46.0,61.26,HIGH,SHARED_MERCHANT|DENSE_USER_MERCHANT_NETWORK|HIGH_CHARGEBACK_CONCENTRATION
753,1,1,1,1,0.13,1,1.0,1.0,1,0,61.3,61.3,61.26,HIGH,HIGH_CHARGEBACK_CONCENTRATION|HIGH_RELATIONSHIP_RISK
1981,3,1,3,3,19975.29,1,0.3333,1.0,3,1,28.78,47.12,61.26,HIGH,SHARED_MERCHANT|DENSE_USER_MERCHANT_NETWORK|HIGH_CHARGEBACK_CONCENTRATION
3086,3,1,3,3,22945.04,1,0.3333,1.0,3,1,28.76,47.3,61.26,HIGH,SHARED_MERCHANT|DENSE_USER_MERCHANT_NETWORK|HIGH_CHARGEBACK_CONCENTRATION
3290,2,1,2,2,14798.78,1,0.5,1.0,2,1,44.32,67.57,61.25,HIGH,HIGH_CHARGEBACK_CONCENTRATION
2696,2,1,2,2,44557.27,1,0.5,1.0,2,1,44.27,59.44,61.24,HIGH,HIGH_CHARGEBACK_CONCENTRATION
1746,3,1,3,3,23666.32,1,0.3333,1.0,3,1,28.7,49.26,61.24,HIGH,SHARED_MERCHANT|DENSE_USER_MERCHANT_NETWORK|HIGH_CHARGEBACK_CONCENTRATION
1503,3,1,3,3,23342.35,1,0.3333,1.0,3,1,28.67,43.61,61.24,HIGH,SHARED_MERCHANT|DENSE_USER_MERCHANT_NETWORK|HIGH_CHARGEBACK_CONCENTRATION
1856,3,1,3,3,17605.92,1,0.3333,1.0,3,1,28.64,53.99,61.23,HIGH,SHARED_MERCHANT|DENSE_USER_MERCHANT_NETWORK|HIGH_CHARGEBACK_CONCENTRATION
1377,2,1,2,2,5109.42,1,0.5,1.0,2,1,44.27,68.86,61.23,HIGH,HIGH_CHARGEBACK_CONCENTRATION
5914,1,1,1,1,24602.92,1,1.0,1.0,1,0,61.04,61.04,61.21,HIGH,HIGH_CHARGEBACK_CONCENTRATION|HIGH_RELATIONSHIP_RISK
787,3,1,3,3,15784.76,1,0.3333,1.0,3,1,28.47,45.48,61.2,HIGH,SHARED_MERCHANT|DENSE_USER_MERCHANT_NETWORK|HIGH_CHARGEBACK_CONCENTRATION
5542,2,1,2,2,2952.92,2,1.0,1.0,2,1,44.08,44.54,61.2,HIGH,HIGH_CHARGEBACK_CONCENTRATION
3961,3,1,3,3,23671.25,1,0.3333,1.0,3,1,28.47,42.33,61.2,HIGH,SHARED_MERCHANT|DENSE_USER_MERCHANT_NETWORK|HIGH_CHARGEBACK_CONCENTRATION
1729,2,1,2,2,16570.72,1,0.5,1.0,2,1,43.98,48.82,61.18,HIGH,HIGH_CHARGEBACK_CONCENTRATION
3077,3,1,3,3,21718.52,1,0.3333,1.0,3,1,28.39,50.81,61.18,HIGH,SHARED_MERCHANT|DENSE_USER_MERCHANT_NETWORK|HIGH_CHARGEBACK_CONCENTRATION
2801,2,1,2,2,38404.53,1,0.5,1.0,2,1,43.85,60.76,61.15,HIGH,HIGH_CHARGEBACK_CONCENTRATION
3557,3,1,3,3,23087.63,1,0.3333,1.0,3,1,28.11,50.58,61.13,HIGH,SHARED_MERCHANT|DENSE_USER_MERCHANT_NETWORK|HIGH_CHARGEBACK_CONCENTRATION
4829,2,1,2,2,46625.11,1,0.5,1.0,2,1,43.74,59.25,61.13,HIGH,HIGH_CHARGEBACK_CONCENTRATION
5115,2,1,2,2,44573.9,1,0.5,1.0,2,1,43.76,58.38,61.13,HIGH,HIGH_CHARGEBACK_CONCENTRATION
5067,2,1,2,2,45246.08,1,0.5,1.0,2,1,43.64,57.89,61.11,HIGH,HIGH_CHARGEBACK_CONCENTRATION
3452,3,1,3,3,13299.37,1,0.3333,1.0,3,1,27.95,46.11,61.09,HIGH,SHARED_MERCHANT|DENSE_USER_MERCHANT_NETWORK|HIGH_CHARGEBACK_CONCENTRATION
1466,3,1,3,3,21953.56,1,0.3333,1.0,3,1,27.94,45.36,61.09,HIGH,SHARED_MERCHANT|DENSE_USER_MERCHANT_NETWORK|HIGH_CHARGEBACK_CONCENTRATION
3724,2,1,2,2,32099.02,1,0.5,1.0,2,1,43.51,58.24,61.08,HIGH,HIGH_CHARGEBACK_CONCENTRATION
2022,3,1,3,3,12699.74,1,0.3333,1.0,3,1,27.83,50.58,61.07,HIGH,SHARED_MERCHANT|DENSE_USER_MERCHANT_NETWORK|HIGH_CHARGEBACK_CONCENTRATION
4418,3,1,3,3,24408.21,1,0.3333,1.0,3,1,27.81,48.71,61.07,HIGH,SHARED_MERCHANT|DENSE_USER_MERCHANT_NETWORK|HIGH_CHARGEBACK_CONCENTRATION
1976,3,1,3,3,21021.36,1,0.3333,1.0,3,1,27.79,46.14,61.06,HIGH,SHARED_MERCHANT|DENSE_USER_MERCHANT_NETWORK|HIGH_CHARGEBACK_CONCENTRATION
2126,2,1,2,2,42492.44,1,0.5,1.0,2,1,43.41,59.89,61.06,HIGH,HIGH_CHARGEBACK_CONCENTRATION
4997,1,1,1,1,23025.65,1,1.0,1.0,1,0,60.26,60.26,61.05,HIGH,HIGH_CHARGEBACK_CONCENTRATION|HIGH_RELATIONSHIP_RISK
5618,2,1,2,2,18637.59,1,0.5,1.0,2,1,43.36,64.34,61.05,HIGH,HIGH_CHARGEBACK_CONCENTRATION
5709,1,1,1,1,18653.66,1,1.0,1.0,1,0,60.18,60.18,61.04,HIGH,HIGH_CHARGEBACK_CONCENTRATION|HIGH_RELATIONSHIP_RISK
621,2,1,2,2,34259.09,1,0.5,1.0,2,1,43.29,57.58,61.04,HIGH,HIGH_CHARGEBACK_CONCENTRATION
4312,3,1,3,3,16704.07,1,0.3333,1.0,3,1,27.64,46.33,61.03,HIGH,SHARED_MERCHANT|DENSE_USER_MERCHANT_NETWORK|HIGH_CHARGEBACK_CONCENTRATION
3864,2,1,2,2,16134.12,1,0.5,1.0,2,1,43.12,73.74,61.01,HIGH,HIGH_CHARGEBACK_CONCENTRATION
4303,2,1,2,2,3624.38,1,0.5,1.0,2,1,43.11,68.61,61.0,HIGH,HIGH_CHARGEBACK_CONCENTRATION
5234,2,1,2,2,43161.81,1,0.5,1.0,2,1,43.03,56.82,60.99,HIGH,HIGH_CHARGEBACK_CONCENTRATION
4099,3,1,3,3,18091.12,1,0.3333,1.0,3,1,27.42,49.72,60.99,HIGH,SHARED_MERCHANT|DENSE_USER_MERCHANT_NETWORK|HIGH_CHARGEBACK_CONCENTRATION
620,2,1,2,2,43053.77,1,0.5,1.0,2,1,42.95,54.63,60.97,HIGH,HIGH_CHARGEBACK_CONCENTRATION
2314,2,1,2,2,40233.32,1,0.5,1.0,2,1,42.83,57.92,60.95,HIGH,HIGH_CHARGEBACK_CONCENTRATION
1786,6,2,7,7,94459.2,2,0.2857,0.5833,5,2,36.4,60.41,60.95,HIGH,SHARED_MERCHANT|MULTIPLE_SHARED_MERCHANTS|DENSE_USER_MERCHANT_NETWORK|HIGH_CHARGEBACK_CONCENTRATION|LARGE_CONNECTED_CLUSTER
4604,1,1,1,1,17722.05,1,1.0,1.0,1,0,59.63,59.63,60.93,HIGH,HIGH_CHARGEBACK_CONCENTRATION
1051,2,1,2,2,28738.76,1,0.5,1.0,2,1,42.71,54.06,60.92,HIGH,HIGH_CHARGEBACK_CONCENTRATION
2866,2,1,2,2,42042.34,1,0.5,1.0,2,1,42.69,56.4,60.92,HIGH,HIGH_CHARGEBACK_CONCENTRATION
4992,3,1,3,3,16005.64,1,0.3333,1.0,3,1,27.1,48.41,60.92,HIGH,SHARED_MERCHANT|DENSE_USER_MERCHANT_NETWORK|HIGH_CHARGEBACK_CONCENTRATION
1010,2,1,2,2,30406.97,1,0.5,1.0,2,1,42.68,62.78,60.92,HIGH,HIGH_CHARGEBACK_CONCENTRATION
3461,3,1,3,3,13630.62,1,0.3333,1.0,3,1,26.97,47.64,60.9,HIGH,SHARED_MERCHANT|DENSE_USER_MERCHANT_NETWORK|HIGH_CHARGEBACK_CONCENTRATION
1163,3,1,3,3,16685.24,1,0.3333,1.0,3,1,26.97,44.1,60.9,HIGH,SHARED_MERCHANT|DENSE_USER_MERCHANT_NETWORK|HIGH_CHARGEBACK_CONCENTRATION
4225,1,1,1,1,24940.73,1,1.0,1.0,1,0,59.46,59.46,60.89,HIGH,HIGH_CHARGEBACK_CONCENTRATION
2508,1,1,1,1,21568.23,1,1.0,1.0,1,0,59.41,59.41,60.88,HIGH,HIGH_CHARGEBACK_CONCENTRATION
4359,3,1,3,3,12518.1,1,0.3333,1.0,3,1,26.86,45.71,60.88,HIGH,SHARED_MERCHANT|DENSE_USER_MERCHANT_NETWORK|HIGH_CHARGEBACK_CONCENTRATION
4746,2,1,2,2,28526.51,1,0.5,1.0,2,1,42.48,55.61,60.88,HIGH,HIGH_CHARGEBACK_CONCENTRATION
2624,1,1,1,1,24731.51,1,1.0,1.0,1,0,59.34,59.34,60.87,HIGH,HIGH_CHARGEBACK_CONCENTRATION
4085,3,1,3,3,9817.7,1,0.3333,1.0,3,1,26.8,46.27,60.86,HIGH,SHARED_MERCHANT|DENSE_USER_MERCHANT_NETWORK|HIGH_CHARGEBACK_CONCENTRATION
5620,1,1,1,1,24511.97,1,1.0,1.0,1,0,59.2,59.2,60.84,HIGH,HIGH_CHARGEBACK_CONCENTRATION
4427,2,1,2,2,7069.81,1,0.5,1.0,2,1,42.3,63.72,60.84,HIGH,HIGH_CHARGEBACK_CONCENTRATION
4583,1,1,1,1,24378.11,1,1.0,1.0,1,0,59.12,59.12,60.83,HIGH,HIGH_CHARGEBACK_CONCENTRATION
3909,3,1,3,3,6989.75,1,0.3333,1.0,3,1,26.63,46.17,60.83,HIGH,SHARED_MERCHANT|DENSE_USER_MERCHANT_NETWORK|HIGH_CHARGEBACK_CONCENTRATION
3339,1,1,1,1,24415.67,1,1.0,1.0,1,0,59.15,59.15,60.83,HIGH,HIGH_CHARGEBACK_CONCENTRATION
5041,1,1,1,1,21408.57,1,1.0,1.0,1,0,59.04,59.04,60.81,HIGH,HIGH_CHARGEBACK_CONCENTRATION
3338,2,1,2,2,32437.9,1,0.5,1.0,2,1,42.08,58.51,60.8,HIGH,HIGH_CHARGEBACK_CONCENTRATION
1549,2,1,2,2,13195.51,1,0.5,1.0,2,1,42.1,53.91,60.8,HIGH,HIGH_CHARGEBACK_CONCENTRATION
138,11,3,13,13,174801.94,3,0.2308,0.3939,6,3,35.96,68.49,60.79,HIGH,SHARED_MERCHANT|MULTIPLE_SHARED_MERCHANTS|HIGH_CHARGEBACK_CONCENTRATION|LARGE_CONNECTED_CLUSTER
371,3,1,3,3,6818.82,1,0.3333,1.0,3,1,26.42,45.86,60.79,HIGH,SHARED_MERCHANT|DENSE_USER_MERCHANT_NETWORK|HIGH_CHARGEBACK_CONCENTRATION
2639,2,1,2,2,39724.29,1,0.5,1.0,2,1,42.01,54.78,60.78,HIGH,HIGH_CHARGEBACK_CONCENTRATION
632,3,1,3,3,6066.25,1,0.3333,1.0,3,1,26.39,47.13,60.78,HIGH,SHARED_MERCHANT|DENSE_USER_MERCHANT_NETWORK|HIGH_CHARGEBACK_CONCENTRATION
989,1,1,1,1,23990.21,1,1.0,1.0,1,0,58.89,58.89,60.78,HIGH,HIGH_CHARGEBACK_CONCENTRATION
4685,1,1,1,1,23913.15,1,1.0,1.0,1,0,58.84,58.84,60.77,HIGH,HIGH_CHARGEBACK_CONCENTRATION
74,6,2,7,7,99744.7,2,0.2857,0.5833,5,2,35.47,52.14,60.77,HIGH,SHARED_MERCHANT|MULTIPLE_SHARED_MERCHANTS|DENSE_USER_MERCHANT_NETWORK|HIGH_CHARGEBACK_CONCENTRATION|LARGE_CONNECTED_CLUSTER
5187,1,1,1,1,20562.33,1,1.0,1.0,1,0,58.82,58.82,60.77,HIGH,HIGH_CHARGEBACK_CONCENTRATION
4566,1,1,1,1,16342.48,1,1.0,1.0,1,0,58.78,58.78,60.76,HIGH,HIGH_CHARGEBACK_CONCENTRATION
4156,1,1,1,1,16348.58,1,1.0,1.0,1,0,58.79,58.79,60.76,HIGH,HIGH_CHARGEBACK_CONCENTRATION
859,2,1,2,2,6497.27,1,0.5,1.0,2,1,41.91,46.12,60.76,HIGH,HIGH_CHARGEBACK_CONCENTRATION
3075,6,2,7,7,85613.38,2,0.2857,0.5833,5,2,35.45,56.11,60.76,HIGH,SHARED_MERCHANT|MULTIPLE_SHARED_MERCHANTS|DENSE_USER_MERCHANT_NETWORK|HIGH_CHARGEBACK_CONCENTRATION|LARGE_CONNECTED_CLUSTER
978,2,1,2,2,11081.77,1,0.5,1.0,2,1,41.86,46.07,60.75,HIGH,HIGH_CHARGEBACK_CONCENTRATION
5076,1,1,1,1,18187.66,1,1.0,1.0,1,0,58.67,58.67,60.74,HIGH,HIGH_CHARGEBACK_CONCENTRATION
4214,2,1,2,2,39042.42,1,0.5,1.0,2,1,41.8,58.48,60.74,HIGH,HIGH_CHARGEBACK_CONCENTRATION
1199,2,1,2,2,39008.43,1,0.5,1.0,2,1,41.8,59.32,60.74,HIGH,HIGH_CHARGEBACK_CONCENTRATION
3017,2,1,2,2,2853.16,1,0.5,1.0,2,1,41.78,66.0,60.74,HIGH,HIGH_CHARGEBACK_CONCENTRATION
3335,3,1,3,3,7266.82,1,0.3333,1.0,3,1,26.2,45.77,60.74,HIGH,SHARED_MERCHANT|DENSE_USER_MERCHANT_NETWORK|HIGH_CHARGEBACK_CONCENTRATION
1473,2,1,2,2,11853.39,1,0.5,1.0,2,1,41.75,62.88,60.73,HIGH,HIGH_CHARGEBACK_CONCENTRATION
2716,1,1,1,1,18451.32,1,1.0,1.0,1,0,58.64,58.64,60.73,HIGH,HIGH_CHARGEBACK_CONCENTRATION
4324,3,1,3,3,2895.33,1,0.3333,1.0,3,1,26.05,45.39,60.71,HIGH,SHARED_MERCHANT|DENSE_USER_MERCHANT_NETWORK|HIGH_CHARGEBACK_CONCENTRATION
3689,2,1,2,2,42520.79,1,0.5,1.0,2,1,41.59,54.94,60.7,HIGH,HIGH_CHARGEBACK_CONCENTRATION
2054,3,1,3,3,6779.91,1,0.3333,1.0,3,1,25.96,47.89,60.7,HIGH,SHARED_MERCHANT|DENSE_USER_MERCHANT_NETWORK|HIGH_CHARGEBACK_CONCENTRATION
4964,2,1,2,2,30871.96,1,0.5,1.0,2,1,41.58,52.7,60.7,HIGH,HIGH_CHARGEBACK_CONCENTRATION
4816,2,1,2,2,38167.67,1,0.5,1.0,2,1,41.55,53.67,60.69,HIGH,HIGH_CHARGEBACK_CONCENTRATION
4877,1,1,1,1,23204.02,1,1.0,1.0,1,0,58.39,58.39,60.68,HIGH,HIGH_CHARGEBACK_CONCENTRATION
3736,2,1,2,2,37931.26,1,0.5,1.0,2,1,41.48,57.29,60.68,HIGH,HIGH_CHARGEBACK_CONCENTRATION
1232,8,2,9,9,99262.65,3,0.3333,0.5625,5,2,34.65,57.65,60.67,HIGH,SHARED_MERCHANT|MULTIPLE_SHARED_MERCHANTS|DENSE_USER_MERCHANT_NETWORK|HIGH_CHARGEBACK_CONCENTRATION|LARGE_CONNECTED_CLUSTER
4981,2,1,2,2,37671.25,1,0.5,1.0,2,1,41.39,54.67,60.66,HIGH,HIGH_CHARGEBACK_CONCENTRATION
1588,3,1,3,3,2044.59,1,0.3333,1.0,3,1,25.75,44.8,60.65,HIGH,SHARED_MERCHANT|DENSE_USER_MERCHANT_NETWORK|HIGH_CHARGEBACK_CONCENTRATION
1403,5,2,6,6,69266.25,2,0.3333,0.6,5,1,34.53,57.2,60.62,HIGH,SHARED_MERCHANT|DENSE_USER_MERCHANT_NETWORK|HIGH_CHARGEBACK_CONCENTRATION|LARGE_CONNECTED_CLUSTER
4782,1,1,1,1,22612.8,1,1.0,1.0,1,0,58.07,58.07,60.62,HIGH,HIGH_CHARGEBACK_CONCENTRATION
3230,2,1,2,2,31772.91,1,0.5,1.0,2,1,41.16,57.26,60.61,HIGH,HIGH_CHARGEBACK_CONCENTRATION
5443,1,1,1,1,24666.12,1,1.0,1.0,1,0,58.05,58.05,60.61,HIGH,HIGH_CHARGEBACK_CONCENTRATION
3024,2,1,2,2,30905.8,1,0.5,1.0,2,1,41.17,59.73,60.61,HIGH,HIGH_CHARGEBACK_CONCENTRATION
3587,2,1,2,2,33503.03,1,0.5,1.0,2,1,41.08,58.38,60.6,HIGH,HIGH_CHARGEBACK_CONCENTRATION
4425,2,1,2,2,36704.53,1,0.5,1.0,2,1,41.1,52.75,60.6,HIGH,HIGH_CHARGEBACK_CONCENTRATION
1962,12,3,14,14,196099.94,4,0.2857,0.3889,6,3,34.76,58.74,60.6,HIGH,SHARED_MERCHANT|MULTIPLE_SHARED_MERCHANTS|HIGH_CHARGEBACK_CONCENTRATION|LARGE_CONNECTED_CLUSTER
3627,1,1,1,1,21553.48,1,1.0,1.0,1,0,57.97,57.97,60.6,HIGH,HIGH_CHARGEBACK_CONCENTRATION
2518,1,1,1,1,9825.71,1,1.0,1.0,1,0,57.94,57.94,60.59,HIGH,HIGH_CHARGEBACK_CONCENTRATION
4711,1,2,2,2,42905.56,1,0.5,1.0,1,0,53.52,78.47,60.59,HIGH,HIGH_CHARGEBACK_CONCENTRATION
3261,2,1,2,2,3994.07,1,0.5,1.0,2,1,41.01,64.17,60.58,HIGH,HIGH_CHARGEBACK_CONCENTRATION
647,1,1,1,1,14827.93,1,1.0,1.0,1,0,57.91,57.91,60.58,HIGH,HIGH_CHARGEBACK_CONCENTRATION
4562,2,1,2,2,36242.16,1,0.5,1.0,2,1,40.98,52.89,60.58,HIGH,HIGH_CHARGEBACK_CONCENTRATION
1127,2,1,2,2,37347.03,1,0.5,1.0,2,1,41.0,56.39,60.58,HIGH,HIGH_CHARGEBACK_CONCENTRATION
3158,1,1,1,1,22350.8,1,1.0,1.0,1,0,57.91,57.91,60.58,HIGH,HIGH_CHARGEBACK_CONCENTRATION
2702,2,1,2,2,6611.76,1,0.5,1.0,2,1,40.94,47.8,60.57,HIGH,HIGH_CHARGEBACK_CONCENTRATION
214,2,1,2,2,18651.02,1,0.5,1.0,2,1,40.86,55.1,60.55,HIGH,HIGH_CHARGEBACK_CONCENTRATION
2814,2,1,2,2,35688.43,1,0.5,1.0,2,1,40.81,58.08,60.54,HIGH,HIGH_CHARGEBACK_CONCENTRATION
5305,2,1,2,2,37693.62,1,0.5,1.0,2,1,40.78,54.6,60.54,HIGH,HIGH_CHARGEBACK_CONCENTRATION
3473,2,1,2,2,30063.72,1,0.5,1.0,2,1,40.74,54.71,60.53,HIGH,HIGH_CHARGEBACK_CONCENTRATION
1993,2,1,2,2,35344.6,1,0.5,1.0,2,1,40.71,56.86,60.52,HIGH,HIGH_CHARGEBACK_CONCENTRATION
2841,3,1,3,3,949.31,1,0.3333,1.0,3,1,25.04,44.44,60.51,HIGH,SHARED_MERCHANT|DENSE_USER_MERCHANT_NETWORK|HIGH_CHARGEBACK_CONCENTRATION
5354,2,1,2,2,36154.67,1,0.5,1.0,2,1,40.64,56.12,60.51,HIGH,HIGH_CHARGEBACK_CONCENTRATION
4032,2,1,2,2,29623.0,1,0.5,1.0,2,1,40.59,49.45,60.5,HIGH,HIGH_CHARGEBACK_CONCENTRATION
1209,3,1,3,3,8913.65,1,0.3333,1.0,3,1,24.95,45.99,60.49,HIGH,SHARED_MERCHANT|DENSE_USER_MERCHANT_NETWORK|HIGH_CHARGEBACK_CONCENTRATION
5567,1,1,1,1,21535.45,1,1.0,1.0,1,0,57.42,57.42,60.49,HIGH,HIGH_CHARGEBACK_CONCENTRATION
4141,2,1,2,2,34380.56,1,0.5,1.0,2,1,40.42,53.68,60.47,HIGH,HIGH_CHARGEBACK_CONCENTRATION
3647,1,1,1,1,21416.0,1,1.0,1.0,1,0,57.35,57.35,60.47,HIGH,HIGH_CHARGEBACK_CONCENTRATION
842,2,1,2,2,29215.13,1,0.5,1.0,2,1,40.39,52.85,60.46,HIGH,HIGH_CHARGEBACK_CONCENTRATION
3495,1,1,1,1,21312.45,1,1.0,1.0,1,0,57.28,57.28,60.46,HIGH,HIGH_CHARGEBACK_CONCENTRATION
3675,1,1,1,1,21358.15,1,1.0,1.0,1,0,57.31,57.31,60.46,HIGH,HIGH_CHARGEBACK_CONCENTRATION
1615,1,1,1,1,21216.21,1,1.0,1.0,1,0,57.23,57.23,60.45,HIGH,HIGH_CHARGEBACK_CONCENTRATION
5345,1,1,1,1,21278.79,1,1.0,1.0,1,0,57.26,57.26,60.45,HIGH,HIGH_CHARGEBACK_CONCENTRATION
3998,2,1,2,2,39338.92,1,0.5,1.0,2,1,40.33,58.03,60.45,HIGH,HIGH_CHARGEBACK_CONCENTRATION
206,2,1,2,2,39265.35,1,0.5,1.0,2,1,40.32,59.62,60.44,HIGH,HIGH_CHARGEBACK_CONCENTRATION
2373,2,1,2,2,33869.22,1,0.5,1.0,2,1,40.27,56.34,60.43,HIGH,HIGH_CHARGEBACK_CONCENTRATION
1491,2,1,2,2,33795.78,1,0.5,1.0,2,1,40.23,52.48,60.43,HIGH,HIGH_CHARGEBACK_CONCENTRATION
881,2,1,2,2,31648.84,1,0.5,1.0,2,1,40.23,59.82,60.43,HIGH,HIGH_CHARGEBACK_CONCENTRATION
3040,2,1,2,2,33471.77,1,0.5,1.0,2,1,40.13,50.71,60.41,HIGH,HIGH_CHARGEBACK_CONCENTRATION
5402,1,1,1,1,8264.89,1,1.0,1.0,1,0,57.02,57.02,60.41,HIGH,HIGH_CHARGEBACK_CONCENTRATION
627,1,1,1,1,16595.74,1,1.0,1.0,1,0,56.97,56.97,60.4,HIGH,HIGH_CHARGEBACK_CONCENTRATION
1899,1,1,1,1,24934.55,1,1.0,1.0,1,0,56.97,56.97,60.4,HIGH,HIGH_CHARGEBACK_CONCENTRATION
2858,8,2,9,9,130013.27,2,0.2222,0.5625,5,2,33.28,51.52,60.39,HIGH,SHARED_MERCHANT|MULTIPLE_SHARED_MERCHANTS|DENSE_USER_MERCHANT_NETWORK|HIGH_CHARGEBACK_CONCENTRATION|LARGE_CONNECTED_CLUSTER
538,7,2,8,8,113668.5,2,0.25,0.5714,5,2,33.53,56.16,60.39,HIGH,SHARED_MERCHANT|MULTIPLE_SHARED_MERCHANTS|DENSE_USER_MERCHANT_NETWORK|HIGH_CHARGEBACK_CONCENTRATION|LARGE_CONNECTED_CLUSTER
3676,1,1,1,1,13221.13,1,1.0,1.0,1,0,56.96,56.96,60.39,HIGH,HIGH_CHARGEBACK_CONCENTRATION
2637,3,1,3,3,1451.83,1,0.3333,1.0,3,1,24.36,47.55,60.38,HIGH,SHARED_MERCHANT|DENSE_USER_MERCHANT_NETWORK|HIGH_CHARGEBACK_CONCENTRATION
5784,1,1,1,1,13288.19,1,1.0,1.0,1,0,56.91,56.91,60.38,HIGH,HIGH_CHARGEBACK_CONCENTRATION
543,2,1,2,2,32856.39,1,0.5,1.0,2,1,39.96,57.7,60.37,HIGH,HIGH_CHARGEBACK_CONCENTRATION
2023,11,3,13,13,138499.2,3,0.2308,0.3939,6,3,33.87,61.11,60.37,HIGH,SHARED_MERCHANT|MULTIPLE_SHARED_MERCHANTS|HIGH_CHARGEBACK_CONCENTRATION|LARGE_CONNECTED_CLUSTER
3711,1,1,1,1,20449.69,1,1.0,1.0,1,0,56.79,56.79,60.36,HIGH,HIGH_CHARGEBACK_CONCENTRATION
5372,1,1,1,1,15287.43,1,1.0,1.0,1,0,56.76,56.76,60.35,HIGH,HIGH_CHARGEBACK_CONCENTRATION
4819,2,1,2,2,32524.17,1,0.5,1.0,2,1,39.86,52.69,60.35,HIGH,HIGH_CHARGEBACK_CONCENTRATION
2304,7,2,8,8,78225.09,2,0.25,0.5714,5,2,33.29,80.25,60.35,HIGH,SHARED_MERCHANT|MULTIPLE_SHARED_MERCHANTS|DENSE_USER_MERCHANT_NETWORK|HIGH_CHARGEBACK_CONCENTRATION|LARGE_CONNECTED_CLUSTER
5519,1,1,1,1,20254.73,1,1.0,1.0,1,0,56.67,56.67,60.34,HIGH,HIGH_CHARGEBACK_CONCENTRATION
1712,2,1,2,2,36470.71,1,0.5,1.0,2,1,39.78,50.66,60.34,HIGH,HIGH_CHARGEBACK_CONCENTRATION
4993,1,1,1,1,20189.71,1,1.0,1.0,1,0,56.64,56.64,60.33,HIGH,HIGH_CHARGEBACK_CONCENTRATION
4574,1,1,1,1,14973.35,1,1.0,1.0,1,0,56.57,56.57,60.32,HIGH,HIGH_CHARGEBACK_CONCENTRATION
5013,2,1,2,2,31999.19,1,0.5,1.0,2,1,39.69,50.77,60.32,HIGH,HIGH_CHARGEBACK_CONCENTRATION
1028,2,1,2,2,26782.38,1,0.5,1.0,2,1,39.64,57.85,60.31,HIGH,HIGH_CHARGEBACK_CONCENTRATION
3881,2,1,2,2,31870.18,1,0.5,1.0,2,1,39.67,57.24,60.31,HIGH,HIGH_CHARGEBACK_CONCENTRATION
2063,2,1,2,2,30051.67,1,0.5,1.0,2,1,39.55,52.77,60.29,HIGH,HIGH_CHARGEBACK_CONCENTRATION
626,2,1,2,2,31369.89,1,0.5,1.0,2,1,39.52,52.36,60.29,HIGH,HIGH_CHARGEBACK_CONCENTRATION
5444,2,1,2,2,27306.48,1,0.5,1.0,2,1,39.56,59.22,60.29,HIGH,HIGH_CHARGEBACK_CONCENTRATION
2678,2,1,2,2,24080.62,1,0.5,1.0,2,1,39.55,51.13,60.29,HIGH,HIGH_CHARGEBACK_CONCENTRATION
2828,2,1,2,2,16699.02,1,0.5,1.0,2,1,39.55,54.17,60.29,HIGH,HIGH_CHARGEBACK_CONCENTRATION
5617,1,1,1,1,19826.63,1,1.0,1.0,1,0,56.42,56.42,60.29,HIGH,HIGH_CHARGEBACK_CONCENTRATION
5201,1,1,1,1,17795.95,1,1.0,1.0,1,0,56.46,56.46,60.29,HIGH,HIGH_CHARGEBACK_CONCENTRATION
2504,2,1,2,2,23753.18,1,0.5,1.0,2,1,39.42,60.77,60.27,HIGH,HIGH_CHARGEBACK_CONCENTRATION
4655,1,1,1,1,19676.53,1,1.0,1.0,1,0,56.33,56.33,60.27,HIGH,HIGH_CHARGEBACK_CONCENTRATION
4127,1,1,1,1,17337.94,1,1.0,1.0,1,0,56.27,56.27,60.26,HIGH,HIGH_CHARGEBACK_CONCENTRATION
4861,2,1,2,2,35091.14,1,0.5,1.0,2,1,39.38,53.46,60.26,HIGH,HIGH_CHARGEBACK_CONCENTRATION
4802,2,1,2,2,30979.01,1,0.5,1.0,2,1,39.4,57.2,60.26,HIGH,HIGH_CHARGEBACK_CONCENTRATION
5698,1,1,1,1,17735.93,1,1.0,1.0,1,0,56.24,56.24,60.25,HIGH,HIGH_CHARGEBACK_CONCENTRATION
2130,2,1,2,2,25713.02,1,0.5,1.0,2,1,39.33,60.04,60.25,HIGH,HIGH_CHARGEBACK_CONCENTRATION
3664,2,1,2,2,34952.17,1,0.5,1.0,2,1,39.34,52.85,60.25,HIGH,HIGH_CHARGEBACK_CONCENTRATION
4589,1,1,1,1,12052.46,1,1.0,1.0,1,0,56.26,56.26,60.25,HIGH,HIGH_CHARGEBACK_CONCENTRATION
413,2,1,2,2,32861.14,1,0.5,1.0,2,1,39.32,50.64,60.24,HIGH,HIGH_CHARGEBACK_CONCENTRATION
17,1,1,1,1,14301.02,1,1.0,1.0,1,0,56.17,56.17,60.24,HIGH,HIGH_CHARGEBACK_CONCENTRATION
285,2,1,2,2,30556.0,1,0.5,1.0,2,1,39.24,49.98,60.23,HIGH,HIGH_CHARGEBACK_CONCENTRATION
1743,1,1,1,1,24596.14,1,1.0,1.0,1,0,56.14,56.14,60.23,HIGH,HIGH_CHARGEBACK_CONCENTRATION
3608,2,1,2,2,32440.47,1,0.5,1.0,2,1,39.23,51.83,60.23,HIGH,HIGH_CHARGEBACK_CONCENTRATION
5807,2,1,2,2,1927.94,1,0.5,1.0,2,1,39.19,44.79,60.22,HIGH,HIGH_CHARGEBACK_CONCENTRATION
5072,1,1,1,1,19253.06,1,1.0,1.0,1,0,56.08,56.08,60.22,HIGH,HIGH_CHARGEBACK_CONCENTRATION
3867,2,1,2,2,30204.35,1,0.5,1.0,2,1,39.18,51.92,60.22,HIGH,HIGH_CHARGEBACK_CONCENTRATION
4613,1,1,1,1,11767.81,1,1.0,1.0,1,0,56.1,56.1,60.22,HIGH,HIGH_CHARGEBACK_CONCENTRATION
5221,2,1,2,2,3601.19,1,0.5,1.0,2,1,39.18,60.72,60.22,HIGH,HIGH_CHARGEBACK_CONCENTRATION
4973,2,1,2,2,30314.89,1,0.5,1.0,2,1,39.19,57.46,60.22,HIGH,HIGH_CHARGEBACK_CONCENTRATION
4724,2,1,2,2,32250.83,1,0.5,1.0,2,1,39.16,56.05,60.21,HIGH,HIGH_CHARGEBACK_CONCENTRATION
3301,2,1,2,2,25204.47,1,0.5,1.0,2,1,39.16,51.75,60.21,HIGH,HIGH_CHARGEBACK_CONCENTRATION
541,2,1,2,2,26924.3,1,0.5,1.0,2,1,39.16,48.32,60.21,HIGH,HIGH_CHARGEBACK_CONCENTRATION
5581,2,1,2,2,35008.7,1,0.5,1.0,2,1,39.04,52.64,60.19,HIGH,HIGH_CHARGEBACK_CONCENTRATION
5070,2,1,2,2,29823.02,1,0.5,1.0,2,1,39.05,48.43,60.19,HIGH,HIGH_CHARGEBACK_CONCENTRATION
4002,1,1,1,1,21145.16,1,1.0,1.0,1,0,55.9,55.9,60.18,HIGH,HIGH_CHARGEBACK_CONCENTRATION
4509,1,1,1,1,18893.0,1,1.0,1.0,1,0,55.87,55.87,60.18,HIGH,HIGH_CHARGEBACK_CONCENTRATION
3238,9,3,11,11,141901.81,3,0.2727,0.4074,6,3,33.22,59.77,60.18,HIGH,SHARED_MERCHANT|MULTIPLE_SHARED_MERCHANTS|DENSE_USER_MERCHANT_NETWORK|HIGH_CHARGEBACK_CONCENTRATION|LARGE_CONNECTED_CLUSTER
4394,2,1,2,2,29404.97,1,0.5,1.0,2,1,38.93,54.59,60.17,HIGH,HIGH_CHARGEBACK_CONCENTRATION
4990,2,1,2,2,30541.48,1,0.5,1.0,2,1,38.95,54.26,60.17,HIGH,HIGH_CHARGEBACK_CONCENTRATION
2676,9,2,10,10,161236.98,2,0.2,0.5556,5,2,31.82,52.79,60.17,HIGH,SHARED_MERCHANT|MULTIPLE_SHARED_MERCHANTS|DENSE_USER_MERCHANT_NETWORK|HIGH_CHARGEBACK_CONCENTRATION|LARGE_CONNECTED_CLUSTER
4849,2,1,2,2,19458.61,1,0.5,1.0,2,1,38.88,51.25,60.16,HIGH,HIGH_CHARGEBACK_CONCENTRATION
2760,1,1,1,1,22934.55,1,1.0,1.0,1,0,55.76,55.76,60.15,HIGH,HIGH_CHARGEBACK_CONCENTRATION
1645,2,1,2,2,29306.78,1,0.5,1.0,2,1,38.87,49.93,60.15,HIGH,HIGH_CHARGEBACK_CONCENTRATION
5473,1,1,1,1,13490.27,1,1.0,1.0,1,0,55.68,55.68,60.14,HIGH,HIGH_CHARGEBACK_CONCENTRATION
3880,1,1,1,1,23856.92,1,1.0,1.0,1,0,55.7,55.7,60.14,HIGH,HIGH_CHARGEBACK_CONCENTRATION
3437,2,1,2,2,21564.16,1,0.5,1.0,2,1,38.76,56.64,60.13,HIGH,HIGH_CHARGEBACK_CONCENTRATION
4226,2,1,2,2,24683.96,1,0.5,1.0,2,1,38.73,57.05,60.13,HIGH,HIGH_CHARGEBACK_CONCENTRATION
3804,2,1,2,2,21366.94,1,0.5,1.0,2,1,38.71,49.08,60.12,HIGH,HIGH_CHARGEBACK_CONCENTRATION
2443,2,1,2,2,30424.42,1,0.5,1.0,2,1,38.59,49.47,60.1,HIGH,HIGH_CHARGEBACK_CONCENTRATION
4420,2,1,2,2,23346.57,1,0.5,1.0,2,1,38.59,55.3,60.1,HIGH,HIGH_CHARGEBACK_CONCENTRATION
5117,2,1,2,2,15738.97,1,0.5,1.0,2,1,38.49,50.58,60.08,HIGH,HIGH_CHARGEBACK_CONCENTRATION
2276,2,1,2,2,33086.75,1,0.5,1.0,2,1,38.47,48.34,60.07,HIGH,HIGH_CHARGEBACK_CONCENTRATION
5027,2,1,2,2,32799.54,1,0.5,1.0,2,1,38.36,58.7,60.05,HIGH,HIGH_CHARGEBACK_CONCENTRATION
4620,2,1,2,2,28527.88,1,0.5,1.0,2,1,38.34,55.91,60.05,HIGH,HIGH_CHARGEBACK_CONCENTRATION
2651,2,1,2,2,27443.2,1,0.5,1.0,2,1,38.33,56.88,60.05,HIGH,HIGH_CHARGEBACK_CONCENTRATION
5659,1,1,1,1,15459.27,1,1.0,1.0,1,0,55.18,55.18,60.04,HIGH,HIGH_CHARGEBACK_CONCENTRATION
4616,2,1,2,2,27983.25,1,0.5,1.0,2,1,38.19,53.08,60.02,HIGH,HIGH_CHARGEBACK_CONCENTRATION
1759,2,1,2,2,32336.65,1,0.5,1.0,2,1,38.22,50.84,60.02,HIGH,HIGH_CHARGEBACK_CONCENTRATION
5780,1,1,1,1,21842.11,1,1.0,1.0,1,0,55.11,55.11,60.02,HIGH,HIGH_CHARGEBACK_CONCENTRATION
1881,2,1,2,2,31200.9,1,0.5,1.0,2,1,38.21,47.18,60.02,HIGH,HIGH_CHARGEBACK_CONCENTRATION
4424,2,1,2,2,21840.3,1,0.5,1.0,2,1,38.2,55.76,60.02,HIGH,HIGH_CHARGEBACK_CONCENTRATION
864,11,2,12,12,124562.17,2,0.1667,0.5455,7,2,26.06,50.45,60.01,HIGH,SHARED_MERCHANT|MULTIPLE_SHARED_MERCHANTS|DENSE_USER_MERCHANT_NETWORK|HIGH_CHARGEBACK_CONCENTRATION|LARGE_CONNECTED_CLUSTER
4582,2,1,2,2,24610.41,1,0.5,1.0,2,1,38.13,57.8,60.01,HIGH,HIGH_CHARGEBACK_CONCENTRATION
590,7,2,8,8,66349.09,2,0.25,0.5714,5,2,31.59,57.05,60.01,HIGH,SHARED_MERCHANT|MULTIPLE_SHARED_MERCHANTS|DENSE_USER_MERCHANT_NETWORK|HIGH_CHARGEBACK_CONCENTRATION|LARGE_CONNECTED_CLUSTER
536,9,3,11,11,110733.83,3,0.2727,0.4074,6,3,32.36,55.11,60.0,HIGH,SHARED_MERCHANT|MULTIPLE_SHARED_MERCHANTS|DENSE_USER_MERCHANT_NETWORK|HIGH_CHARGEBACK_CONCENTRATION|LARGE_CONNECTED_CLUSTER
3137,2,1,2,2,26477.46,1,0.5,1.0,2,1,38.03,54.69,59.99,HIGH,HIGH_CHARGEBACK_CONCENTRATION
4860,2,1,2,2,31721.47,1,0.5,1.0,2,1,38.07,48.9,59.99,HIGH,HIGH_CHARGEBACK_CONCENTRATION
3033,1,1,1,1,22538.13,1,1.0,1.0,1,0,54.91,54.91,59.98,HIGH,HIGH_CHARGEBACK_CONCENTRATION
5371,2,1,2,2,22407.69,1,0.5,1.0,2,1,37.98,46.86,59.98,HIGH,HIGH_CHARGEBACK_CONCENTRATION
4520,2,1,2,2,26276.11,1,0.5,1.0,2,1,37.97,56.08,59.97,HIGH,HIGH_CHARGEBACK_CONCENTRATION
275,2,1,2,2,29229.01,1,0.5,1.0,2,1,37.92,49.02,59.97,HIGH,HIGH_CHARGEBACK_CONCENTRATION
5390,2,1,2,2,34329.31,1,0.5,1.0,2,1,37.91,51.04,59.96,HIGH,HIGH_CHARGEBACK_CONCENTRATION
1907,2,1,2,2,25970.32,1,0.5,1.0,2,1,37.87,50.25,59.95,HIGH,HIGH_CHARGEBACK_CONCENTRATION
3018,2,1,2,2,25565.29,1,0.5,1.0,2,1,37.77,57.16,59.94,HIGH,HIGH_CHARGEBACK_CONCENTRATION
23,2,1,2,2,20267.42,1,0.5,1.0,2,1,37.73,53.7,59.93,HIGH,HIGH_CHARGEBACK_CONCENTRATION
2027,2,1,2,2,27468.38,1,0.5,1.0,2,1,37.73,52.65,59.93,HIGH,HIGH_CHARGEBACK_CONCENTRATION
1887,1,1,1,1,12522.63,1,1.0,1.0,1,0,54.57,54.57,59.92,HIGH,HIGH_CHARGEBACK_CONCENTRATION
3740,2,1,2,2,18191.44,1,0.5,1.0,2,1,37.71,55.12,59.92,HIGH,HIGH_CHARGEBACK_CONCENTRATION
256,2,1,2,2,24542.42,1,0.5,1.0,2,1,37.67,56.11,59.91,HIGH,HIGH_CHARGEBACK_CONCENTRATION
380,13,3,15,15,206423.38,3,0.2,0.3846,6,3,31.07,59.28,59.91,HIGH,SHARED_MERCHANT|MULTIPLE_SHARED_MERCHANTS|HIGH_CHARGEBACK_CONCENTRATION|LARGE_CONNECTED_CLUSTER
5001,2,1,2,2,19302.77,1,0.5,1.0,2,1,37.58,46.56,59.9,HIGH,HIGH_CHARGEBACK_CONCENTRATION
5713,1,1,1,1,21876.0,1,1.0,1.0,1,0,54.51,54.51,59.9,HIGH,HIGH_CHARGEBACK_CONCENTRATION
4539,2,1,2,2,24743.36,1,0.5,1.0,2,1,37.51,55.39,59.88,HIGH,HIGH_CHARGEBACK_CONCENTRATION
811,2,1,2,2,24270.87,1,0.5,1.0,2,1,37.38,58.04,59.86,HIGH,HIGH_CHARGEBACK_CONCENTRATION
4483,2,1,2,2,28536.07,1,0.5,1.0,2,1,37.42,52.73,59.86,HIGH,HIGH_CHARGEBACK_CONCENTRATION
5352,1,1,1,1,16262.64,1,1.0,1.0,1,0,54.29,54.29,59.86,HIGH,HIGH_CHARGEBACK_CONCENTRATION
1414,5,2,6,6,52327.32,2,0.3333,0.6,5,1,30.66,53.3,59.85,HIGH,SHARED_MERCHANT|DENSE_USER_MERCHANT_NETWORK|HIGH_CHARGEBACK_CONCENTRATION|LARGE_CONNECTED_CLUSTER
5110,2,1,2,2,22051.93,1,0.5,1.0,2,1,37.35,53.24,59.85,HIGH,HIGH_CHARGEBACK_CONCENTRATION
1408,2,1,2,2,20330.67,1,0.5,1.0,2,1,37.37,53.33,59.85,HIGH,HIGH_CHARGEBACK_CONCENTRATION
4393,2,1,2,2,19409.62,1,0.5,1.0,2,1,37.31,47.2,59.84,HIGH,HIGH_CHARGEBACK_CONCENTRATION
1497,1,1,1,1,16112.7,1,1.0,1.0,1,0,54.2,54.2,59.84,HIGH,HIGH_CHARGEBACK_CONCENTRATION
3167,2,1,2,2,33195.84,1,0.5,1.0,2,1,37.26,48.77,59.83,HIGH,HIGH_CHARGEBACK_CONCENTRATION
1280,2,1,2,2,25761.4,1,0.5,1.0,2,1,37.21,46.92,59.82,HIGH,HIGH_CHARGEBACK_CONCENTRATION
2821,2,1,2,2,28806.69,1,0.5,1.0,2,1,37.19,51.91,59.82,HIGH,HIGH_CHARGEBACK_CONCENTRATION
3661,1,1,1,1,15791.16,1,1.0,1.0,1,0,54.03,54.03,59.81,HIGH,HIGH_CHARGEBACK_CONCENTRATION
1765,2,1,2,2,25650.98,1,0.5,1.0,2,1,37.17,54.86,59.81,HIGH,HIGH_CHARGEBACK_CONCENTRATION
4739,2,1,2,2,21701.68,1,0.5,1.0,2,1,37.08,58.38,59.8,HIGH,HIGH_CHARGEBACK_CONCENTRATION
4682,1,1,1,1,15749.22,1,1.0,1.0,1,0,54.0,54.0,59.8,HIGH,HIGH_CHARGEBACK_CONCENTRATION
2062,1,1,1,1,15719.49,1,1.0,1.0,1,0,53.98,53.98,59.8,HIGH,HIGH_CHARGEBACK_CONCENTRATION
1099,2,1,2,2,23297.96,1,0.5,1.0,2,1,37.04,53.06,59.79,HIGH,HIGH_CHARGEBACK_CONCENTRATION
3504,2,1,2,2,20415.9,1,0.5,1.0,2,1,37.03,50.48,59.79,HIGH,HIGH_CHARGEBACK_CONCENTRATION
4176,2,1,2,2,23027.0,1,0.5,1.0,2,1,36.98,58.26,59.78,HIGH,HIGH_CHARGEBACK_CONCENTRATION
5092,2,1,2,2,27304.31,1,0.5,1.0,2,1,37.0,54.55,59.78,HIGH,HIGH_CHARGEBACK_CONCENTRATION
1519,2,1,2,2,23002.65,1,0.5,1.0,2,1,36.97,54.96,59.77,HIGH,HIGH_CHARGEBACK_CONCENTRATION
2081,2,1,2,2,14001.88,1,0.5,1.0,2,1,36.91,46.66,59.76,HIGH,HIGH_CHARGEBACK_CONCENTRATION
5080,2,1,2,2,22965.8,1,0.5,1.0,2,1,36.91,51.53,59.76,HIGH,HIGH_CHARGEBACK_CONCENTRATION
4177,2,1,2,2,22742.91,1,0.5,1.0,2,1,36.89,52.95,59.76,HIGH,HIGH_CHARGEBACK_CONCENTRATION
3099,2,1,2,2,15480.82,1,0.5,1.0,2,1,36.91,49.5,59.76,HIGH,HIGH_CHARGEBACK_CONCENTRATION
1250,2,1,2,2,15494.37,1,0.5,1.0,2,1,36.87,52.42,59.75,HIGH,HIGH_CHARGEBACK_CONCENTRATION
1181,2,1,2,2,22656.6,1,0.5,1.0,2,1,36.87,46.25,59.75,HIGH,HIGH_CHARGEBACK_CONCENTRATION
2119,2,1,2,2,19090.72,1,0.5,1.0,2,1,36.84,56.25,59.75,HIGH,HIGH_CHARGEBACK_CONCENTRATION
1241,6,2,7,7,46488.86,2,0.2857,0.5833,5,2,30.36,63.73,59.74,HIGH,SHARED_MERCHANT|MULTIPLE_SHARED_MERCHANTS|DENSE_USER_MERCHANT_NETWORK|HIGH_CHARGEBACK_CONCENTRATION|LARGE_CONNECTED_CLUSTER
5169,1,1,1,1,15231.92,1,1.0,1.0,1,0,53.7,53.7,59.74,HIGH,HIGH_CHARGEBACK_CONCENTRATION
4787,1,1,1,1,20309.81,1,1.0,1.0,1,0,53.59,53.59,59.72,HIGH,HIGH_CHARGEBACK_CONCENTRATION
3439,1,2,2,2,20169.32,1,0.5,1.0,1,0,49.22,80.81,59.72,HIGH,HIGH_CHARGEBACK_CONCENTRATION
4822,2,1,2,2,22078.44,1,0.5,1.0,2,1,36.69,45.4,59.72,HIGH,HIGH_CHARGEBACK_CONCENTRATION
2009,2,1,2,2,14857.2,1,0.5,1.0,2,1,36.7,47.92,59.72,HIGH,HIGH_CHARGEBACK_CONCENTRATION
5657,1,1,1,1,14939.0,1,1.0,1.0,1,0,53.53,53.53,59.71,HIGH,HIGH_CHARGEBACK_CONCENTRATION
1675,2,1,2,2,23008.23,1,0.5,1.0,2,1,36.64,44.75,59.71,HIGH,HIGH_CHARGEBACK_CONCENTRATION
431,10,2,11,11,117092.35,2,0.1818,0.55,6,2,27.92,54.59,59.7,HIGH,SHARED_MERCHANT|MULTIPLE_SHARED_MERCHANTS|DENSE_USER_MERCHANT_NETWORK|HIGH_CHARGEBACK_CONCENTRATION|LARGE_CONNECTED_CLUSTER
4048,2,1,2,2,26872.22,1,0.5,1.0,2,1,36.59,52.22,59.7,HIGH,HIGH_CHARGEBACK_CONCENTRATION
4228,2,1,2,2,17543.57,1,0.5,1.0,2,1,36.55,56.11,59.69,HIGH,HIGH_CHARGEBACK_CONCENTRATION
4670,2,1,2,2,17432.46,1,0.5,1.0,2,1,36.52,45.66,59.69,HIGH,HIGH_CHARGEBACK_CONCENTRATION
5174,2,1,2,2,17642.97,1,0.5,1.0,2,1,36.56,54.71,59.69,HIGH,HIGH_CHARGEBACK_CONCENTRATION
5442,2,1,2,2,9210.16,1,0.5,1.0,2,1,36.5,53.41,59.68,HIGH,HIGH_CHARGEBACK_CONCENTRATION
5226,2,1,2,2,21654.57,1,0.5,1.0,2,1,36.5,57.74,59.68,HIGH,HIGH_CHARGEBACK_CONCENTRATION
2454,2,1,2,2,11959.96,1,0.5,1.0,2,1,36.48,51.61,59.68,HIGH,HIGH_CHARGEBACK_CONCENTRATION
5489,2,1,2,2,21491.18,1,0.5,1.0,2,1,36.51,56.66,59.68,HIGH,HIGH_CHARGEBACK_CONCENTRATION
3648,6,2,7,7,65931.5,2,0.2857,0.5833,5,2,29.98,48.39,59.67,HIGH,SHARED_MERCHANT|MULTIPLE_SHARED_MERCHANTS|DENSE_USER_MERCHANT_NETWORK|HIGH_CHARGEBACK_CONCENTRATION|LARGE_CONNECTED_CLUSTER
3051,2,1,2,2,26108.66,1,0.5,1.0,2,1,36.38,43.39,59.66,HIGH,HIGH_CHARGEBACK_CONCENTRATION
3259,1,1,1,1,16675.0,1,1.0,1.0,1,0,53.27,53.27,59.66,HIGH,HIGH_CHARGEBACK_CONCENTRATION
1724,2,1,2,2,13570.72,1,0.5,1.0,2,1,36.3,48.27,59.64,HIGH,HIGH_CHARGEBACK_CONCENTRATION
3791,2,1,2,2,13558.56,1,0.5,1.0,2,1,36.29,52.31,59.64,HIGH,HIGH_CHARGEBACK_CONCENTRATION
2039,2,1,2,2,14948.32,1,0.5,1.0,2,1,36.3,54.32,59.64,HIGH,HIGH_CHARGEBACK_CONCENTRATION
4865,2,1,2,2,20572.9,1,0.5,1.0,2,1,36.22,51.8,59.62,HIGH,HIGH_CHARGEBACK_CONCENTRATION
156,2,1,2,2,21520.14,1,0.5,1.0,2,1,36.2,51.67,59.62,HIGH,HIGH_CHARGEBACK_CONCENTRATION
5834,1,1,1,1,19364.19,1,1.0,1.0,1,0,53.03,53.03,59.61,HIGH,HIGH_CHARGEBACK_CONCENTRATION
5609,1,1,1,1,14141.15,1,1.0,1.0,1,0,53.05,53.05,59.61,HIGH,HIGH_CHARGEBACK_CONCENTRATION
771,2,1,2,2,18970.43,1,0.5,1.0,2,1,36.02,55.91,59.59,HIGH,HIGH_CHARGEBACK_CONCENTRATION
3776,2,1,2,2,22128.85,1,0.5,1.0,2,1,36.07,48.79,59.59,HIGH,HIGH_CHARGEBACK_CONCENTRATION
4904,1,1,1,1,13039.21,1,1.0,1.0,1,0,52.92,52.92,59.59,HIGH,HIGH_CHARGEBACK_CONCENTRATION
2978,8,3,10,10,99171.04,2,0.2,0.4167,6,2,30.2,56.37,59.57,HIGH,SHARED_MERCHANT|MULTIPLE_SHARED_MERCHANTS|DENSE_USER_MERCHANT_NETWORK|HIGH_CHARGEBACK_CONCENTRATION|LARGE_CONNECTED_CLUSTER
722,2,1,2,2,22589.5,1,0.5,1.0,2,1,35.95,57.06,59.57,HIGH,HIGH_CHARGEBACK_CONCENTRATION
5294,2,1,2,2,24560.72,1,0.5,1.0,2,1,35.89,55.5,59.56,HIGH,HIGH_CHARGEBACK_CONCENTRATION
104,8,2,9,9,100418.99,2,0.2222,0.5625,5,2,29.13,49.65,59.56,HIGH,SHARED_MERCHANT|MULTIPLE_SHARED_MERCHANTS|DENSE_USER_MERCHANT_NETWORK|HIGH_CHARGEBACK_CONCENTRATION|LARGE_CONNECTED_CLUSTER
2325,1,1,1,1,13672.0,1,1.0,1.0,1,0,52.78,52.78,59.56,HIGH,HIGH_CHARGEBACK_CONCENTRATION
3924,1,1,1,1,18927.3,1,1.0,1.0,1,0,52.77,52.77,59.56,HIGH,HIGH_CHARGEBACK_CONCENTRATION
2268,1,1,1,1,8602.12,1,1.0,1.0,1,0,52.77,52.77,59.56,HIGH,HIGH_CHARGEBACK_CONCENTRATION
2345,7,2,8,8,87243.66,2,0.25,0.5714,5,2,29.32,56.77,59.55,HIGH,SHARED_MERCHANT|MULTIPLE_SHARED_MERCHANTS|DENSE_USER_MERCHANT_NETWORK|HIGH_CHARGEBACK_CONCENTRATION|LARGE_CONNECTED_CLUSTER
5095,2,1,2,2,19149.04,1,0.5,1.0,2,1,35.8,54.35,59.54,HIGH,HIGH_CHARGEBACK_CONCENTRATION
432,1,1,1,1,8506.71,1,1.0,1.0,1,0,52.71,52.71,59.54,HIGH,HIGH_CHARGEBACK_CONCENTRATION
3249,1,1,1,1,5930.83,1,1.0,1.0,1,0,52.64,52.64,59.53,HIGH,HIGH_CHARGEBACK_CONCENTRATION
5324,2,1,2,2,22094.76,1,0.5,1.0,2,1,35.76,46.25,59.53,HIGH,HIGH_CHARGEBACK_CONCENTRATION
4581,2,1,2,2,15828.9,1,0.5,1.0,2,1,35.75,48.94,59.53,HIGH,HIGH_CHARGEBACK_CONCENTRATION
5028,2,1,2,2,12033.88,1,0.5,1.0,2,1,35.67,54.27,59.52,HIGH,HIGH_CHARGEBACK_CONCENTRATION
5148,1,1,1,1,5759.97,1,1.0,1.0,1,0,52.54,52.54,59.51,HIGH,HIGH_CHARGEBACK_CONCENTRATION
2675,2,1,2,2,14321.96,1,0.5,1.0,2,1,35.63,52.34,59.51,HIGH,HIGH_CHARGEBACK_CONCENTRATION
3350,2,1,2,2,23545.66,1,0.5,1.0,2,1,35.6,48.48,59.5,HIGH,HIGH_CHARGEBACK_CONCENTRATION
2532,1,1,1,1,13243.78,1,1.0,1.0,1,0,52.51,52.51,59.5,HIGH,HIGH_CHARGEBACK_CONCENTRATION
4197,1,1,1,1,13149.46,1,1.0,1.0,1,0,52.46,52.46,59.49,HIGH,HIGH_CHARGEBACK_CONCENTRATION
1011,2,1,2,2,24450.28,1,0.5,1.0,2,1,35.52,56.31,59.49,HIGH,HIGH_CHARGEBACK_CONCENTRATION
5270,1,1,1,1,13136.01,1,1.0,1.0,1,0,52.46,52.46,59.49,HIGH,HIGH_CHARGEBACK_CONCENTRATION
706,8,2,9,9,64883.3,2,0.2222,0.5625,5,2,28.76,69.15,59.49,HIGH,SHARED_MERCHANT|MULTIPLE_SHARED_MERCHANTS|DENSE_USER_MERCHANT_NETWORK|HIGH_CHARGEBACK_CONCENTRATION|LARGE_CONNECTED_CLUSTER
2740,2,1,2,2,18332.15,1,0.5,1.0,2,1,35.53,51.94,59.49,HIGH,HIGH_CHARGEBACK_CONCENTRATION
5761,1,1,1,1,18283.95,1,1.0,1.0,1,0,52.4,52.4,59.48,HIGH,HIGH_CHARGEBACK_CONCENTRATION
3191,7,2,8,8,82208.13,2,0.25,0.5714,5,2,28.89,57.82,59.47,HIGH,SHARED_MERCHANT|MULTIPLE_SHARED_MERCHANTS|DENSE_USER_MERCHANT_NETWORK|HIGH_CHARGEBACK_CONCENTRATION|LARGE_CONNECTED_CLUSTER
1505,2,1,2,2,18032.57,1,0.5,1.0,2,1,35.43,45.83,59.47,HIGH,HIGH_CHARGEBACK_CONCENTRATION
508,1,1,1,1,18198.36,1,1.0,1.0,1,0,52.34,52.34,59.47,HIGH,HIGH_CHARGEBACK_CONCENTRATION
4813,2,1,2,2,17941.62,1,0.5,1.0,2,1,35.41,55.27,59.46,HIGH,HIGH_CHARGEBACK_CONCENTRATION
2475,2,1,2,2,12956.4,1,0.5,1.0,2,1,35.38,49.91,59.46,HIGH,HIGH_CHARGEBACK_CONCENTRATION
2775,2,1,2,2,22607.43,1,0.5,1.0,2,1,35.3,54.15,59.44,HIGH,HIGH_CHARGEBACK_CONCENTRATION
2757,2,1,2,2,13490.61,1,0.5,1.0,2,1,35.3,51.3,59.44,HIGH,HIGH_CHARGEBACK_CONCENTRATION
3901,2,1,2,2,22599.23,1,0.5,1.0,2,1,35.3,54.1,59.44,HIGH,HIGH_CHARGEBACK_CONCENTRATION
2281,2,1,2,2,11550.3,1,0.5,1.0,2,1,35.23,52.44,59.43,HIGH,HIGH_CHARGEBACK_CONCENTRATION
129,1,1,1,1,8818.59,1,1.0,1.0,1,0,52.15,52.15,59.43,HIGH,HIGH_CHARGEBACK_CONCENTRATION
4900,1,1,1,1,12599.3,1,1.0,1.0,1,0,52.13,52.13,59.43,HIGH,HIGH_CHARGEBACK_CONCENTRATION
4606,2,1,2,2,21332.78,1,0.5,1.0,2,1,35.22,47.59,59.42,HIGH,HIGH_CHARGEBACK_CONCENTRATION
68,2,1,2,2,21882.84,1,0.5,1.0,2,1,35.08,53.79,59.4,HIGH,HIGH_CHARGEBACK_CONCENTRATION
1717,10,3,12,12,106391.69,3,0.25,0.4,6,3,29.19,52.11,59.4,HIGH,SHARED_MERCHANT|MULTIPLE_SHARED_MERCHANTS|DENSE_USER_MERCHANT_NETWORK|HIGH_CHARGEBACK_CONCENTRATION|LARGE_CONNECTED_CLUSTER
1484,9,2,10,10,70218.15,3,0.3,0.5556,5,2,27.95,46.75,59.4,HIGH,SHARED_MERCHANT|MULTIPLE_SHARED_MERCHANTS|DENSE_USER_MERCHANT_NETWORK|HIGH_CHARGEBACK_CONCENTRATION|LARGE_CONNECTED_CLUSTER
2726,2,1,2,2,16875.26,1,0.5,1.0,2,1,35.08,45.75,59.4,HIGH,HIGH_CHARGEBACK_CONCENTRATION
1198,5,2,6,6,77111.06,2,0.3333,0.6,4,2,40.85,73.04,59.39,HIGH,SHARED_MERCHANT|MULTIPLE_SHARED_MERCHANTS|DENSE_USER_MERCHANT_NETWORK|HIGH_CHARGEBACK_CONCENTRATION|LARGE_CONNECTED_CLUSTER
746,2,1,2,2,18466.44,1,0.5,1.0,2,1,35.05,55.87,59.39,HIGH,HIGH_CHARGEBACK_CONCENTRATION
5555,1,2,2,2,21962.05,1,0.5,1.0,1,0,47.54,58.84,59.39,HIGH,HIGH_CHARGEBACK_CONCENTRATION
3844,1,1,1,1,12292.04,1,1.0,1.0,1,0,51.94,51.94,59.39,HIGH,HIGH_CHARGEBACK_CONCENTRATION
1752,2,1,2,2,18751.91,1,0.5,1.0,2,1,35.04,52.64,59.39,HIGH,HIGH_CHARGEBACK_CONCENTRATION
3871,2,1,2,2,12176.15,1,0.5,1.0,2,1,35.0,50.17,59.38,HIGH,HIGH_CHARGEBACK_CONCENTRATION
1986,2,1,2,2,21546.7,1,0.5,1.0,2,1,34.95,42.23,59.37,HIGH,HIGH_CHARGEBACK_CONCENTRATION
5883,1,1,1,1,12137.41,1,1.0,1.0,1,0,51.86,51.86,59.37,HIGH,HIGH_CHARGEBACK_CONCENTRATION
4901,1,1,1,1,4380.29,1,1.0,1.0,1,0,51.76,51.76,59.35,HIGH,HIGH_CHARGEBACK_CONCENTRATION
703,2,1,2,2,17978.42,1,0.5,1.0,2,1,34.78,48.23,59.34,HIGH,HIGH_CHARGEBACK_CONCENTRATION
5524,1,1,1,1,11805.47,1,1.0,1.0,1,0,51.67,51.67,59.34,HIGH,HIGH_CHARGEBACK_CONCENTRATION
5116,2,1,2,2,8671.0,1,0.5,1.0,2,1,34.82,48.9,59.34,HIGH,HIGH_CHARGEBACK_CONCENTRATION
687,2,1,2,2,16109.85,1,0.5,1.0,2,1,34.8,49.61,59.34,HIGH,HIGH_CHARGEBACK_CONCENTRATION
1571,2,1,2,2,15854.73,1,0.5,1.0,2,1,34.76,50.95,59.33,HIGH,HIGH_CHARGEBACK_CONCENTRATION
179,4,2,5,5,74679.68,1,0.2,0.625,4,1,39.71,79.82,59.33,HIGH,SHARED_MERCHANT|DENSE_USER_MERCHANT_NETWORK|HIGH_CHARGEBACK_CONCENTRATION
2310,2,1,2,2,11001.25,1,0.5,1.0,2,1,34.69,49.09,59.32,HIGH,HIGH_CHARGEBACK_CONCENTRATION
2293,2,1,2,2,18828.22,1,0.5,1.0,2,1,34.71,44.29,59.32,HIGH,HIGH_CHARGEBACK_CONCENTRATION
4615,1,1,1,1,9812.18,1,1.0,1.0,1,0,51.55,51.55,59.31,HIGH,HIGH_CHARGEBACK_CONCENTRATION
2021,2,1,2,2,17031.79,1,0.5,1.0,2,1,34.58,55.0,59.3,HIGH,HIGH_CHARGEBACK_CONCENTRATION
4082,2,1,2,2,15300.38,1,0.5,1.0,2,1,34.61,47.23,59.3,HIGH,HIGH_CHARGEBACK_CONCENTRATION
3489,1,1,1,1,12504.59,1,1.0,1.0,1,0,51.44,51.44,59.29,HIGH,HIGH_CHARGEBACK_CONCENTRATION
5430,2,1,2,2,19109.97,1,0.5,1.0,2,1,34.52,54.1,59.29,HIGH,HIGH_CHARGEBACK_CONCENTRATION
5004,1,1,1,1,16708.64,1,1.0,1.0,1,0,51.43,51.43,59.29,HIGH,HIGH_CHARGEBACK_CONCENTRATION
1776,2,1,2,2,22132.74,1,0.5,1.0,2,1,34.52,48.0,59.29,HIGH,HIGH_CHARGEBACK_CONCENTRATION
3366,4,2,5,5,61422.52,2,0.4,0.625,4,1,39.53,54.97,59.29,HIGH,SHARED_MERCHANT|DENSE_USER_MERCHANT_NETWORK|HIGH_CHARGEBACK_CONCENTRATION
2827,1,1,1,1,11310.0,1,1.0,1.0,1,0,51.38,51.38,59.28,HIGH,HIGH_CHARGEBACK_CONCENTRATION
388,2,1,2,2,19949.52,1,0.5,1.0,2,1,34.48,42.65,59.28,HIGH,HIGH_CHARGEBACK_CONCENTRATION
2154,2,1,2,2,9578.26,1,0.5,1.0,2,1,34.45,50.97,59.27,HIGH,HIGH_CHARGEBACK_CONCENTRATION
5670,2,1,2,2,14898.15,1,0.5,1.0,2,1,34.46,48.61,59.27,HIGH,HIGH_CHARGEBACK_CONCENTRATION
5029,2,1,2,2,18648.79,1,0.5,1.0,2,1,34.4,44.81,59.26,HIGH,HIGH_CHARGEBACK_CONCENTRATION
4405,1,1,1,1,6075.45,1,1.0,1.0,1,0,51.31,51.31,59.26,HIGH,HIGH_CHARGEBACK_CONCENTRATION
2150,2,1,2,2,9838.49,1,0.5,1.0,2,1,34.32,50.46,59.24,HIGH,HIGH_CHARGEBACK_CONCENTRATION
4614,1,1,1,1,10979.9,1,1.0,1.0,1,0,51.18,51.18,59.24,HIGH,HIGH_CHARGEBACK_CONCENTRATION
4590,1,1,1,1,3280.53,1,1.0,1.0,1,0,51.13,51.13,59.23,HIGH,HIGH_CHARGEBACK_CONCENTRATION
5005,2,1,2,2,13934.45,1,0.5,1.0,2,1,34.18,45.41,59.22,HIGH,HIGH_CHARGEBACK_CONCENTRATION
1193,2,1,2,2,12208.18,1,0.5,1.0,2,1,34.22,47.55,59.22,HIGH,HIGH_CHARGEBACK_CONCENTRATION
4497,2,1,2,2,4834.9,1,0.5,1.0,2,1,34.19,46.19,59.22,HIGH,HIGH_CHARGEBACK_CONCENTRATION
5658,1,1,1,1,8387.23,1,1.0,1.0,1,0,50.95,50.95,59.19,HIGH,HIGH_CHARGEBACK_CONCENTRATION
5079,2,1,2,2,18368.82,1,0.5,1.0,2,1,33.98,55.82,59.18,HIGH,HIGH_CHARGEBACK_CONCENTRATION
1245,2,1,2,2,15432.86,1,0.5,1.0,2,1,34.02,53.5,59.18,HIGH,HIGH_CHARGEBACK_CONCENTRATION
4512,2,1,2,2,18343.11,1,0.5,1.0,2,1,33.98,55.07,59.18,HIGH,HIGH_CHARGEBACK_CONCENTRATION
1048,2,1,2,2,11124.55,1,0.5,1.0,2,1,33.99,50.39,59.18,HIGH,HIGH_CHARGEBACK_CONCENTRATION
4409,2,1,2,2,15503.95,1,0.5,1.0,2,1,33.93,54.11,59.17,HIGH,HIGH_CHARGEBACK_CONCENTRATION
3172,2,1,2,2,13193.95,1,0.5,1.0,2,1,33.96,51.83,59.17,HIGH,HIGH_CHARGEBACK_CONCENTRATION
4586,2,1,2,2,7857.69,1,0.5,1.0,2,1,33.94,48.13,59.17,HIGH,HIGH_CHARGEBACK_CONCENTRATION
1671,2,1,2,2,14002.06,1,0.5,1.0,2,1,33.88,49.8,59.16,HIGH,HIGH_CHARGEBACK_CONCENTRATION
146,35,13,47,47,433265.92,11,0.234,0.1033,7,12,31.02,71.1,59.16,HIGH,SHARED_MERCHANT|MULTIPLE_SHARED_MERCHANTS|HIGH_CHARGEBACK_CONCENTRATION|LARGE_CONNECTED_CLUSTER
94,13,3,15,15,155581.8,3,0.2,0.3846,6,3,27.26,53.57,59.15,HIGH,SHARED_MERCHANT|MULTIPLE_SHARED_MERCHANTS|HIGH_CHARGEBACK_CONCENTRATION|LARGE_CONNECTED_CLUSTER
4291,1,1,1,1,4756.47,1,1.0,1.0,1,0,50.73,50.73,59.15,HIGH,HIGH_CHARGEBACK_CONCENTRATION
2895,2,1,2,2,6983.92,1,0.5,1.0,2,1,33.86,46.44,59.15,HIGH,HIGH_CHARGEBACK_CONCENTRATION
1996,1,1,1,1,10245.0,1,1.0,1.0,1,0,50.72,50.72,59.15,HIGH,HIGH_CHARGEBACK_CONCENTRATION
4192,1,1,1,1,10191.82,1,1.0,1.0,1,0,50.68,50.68,59.14,HIGH,HIGH_CHARGEBACK_CONCENTRATION
3061,1,1,1,1,10229.09,1,1.0,1.0,1,0,50.7,50.7,59.14,HIGH,HIGH_CHARGEBACK_CONCENTRATION
5881,1,1,1,1,11211.49,1,1.0,1.0,1,0,50.65,50.65,59.13,HIGH,HIGH_CHARGEBACK_CONCENTRATION
3272,2,1,2,2,17694.58,1,0.5,1.0,2,1,33.77,42.93,59.13,HIGH,HIGH_CHARGEBACK_CONCENTRATION
999,2,1,2,2,14341.72,1,0.5,1.0,2,1,33.7,55.56,59.12,HIGH,HIGH_CHARGEBACK_CONCENTRATION
3947,2,1,2,2,20882.57,1,0.5,1.0,2,1,33.68,41.31,59.12,HIGH,HIGH_CHARGEBACK_CONCENTRATION
4503,2,1,2,2,12507.91,1,0.5,1.0,2,1,33.7,52.86,59.12,HIGH,HIGH_CHARGEBACK_CONCENTRATION
4007,1,1,1,1,9852.67,1,1.0,1.0,1,0,50.48,50.48,59.1,HIGH,HIGH_CHARGEBACK_CONCENTRATION
4874,1,1,1,1,15086.66,1,1.0,1.0,1,0,50.49,50.49,59.1,HIGH,HIGH_CHARGEBACK_CONCENTRATION
1650,2,1,2,2,17727.09,1,0.5,1.0,2,1,33.56,55.43,59.09,HIGH,HIGH_CHARGEBACK_CONCENTRATION
2953,2,1,2,2,17008.21,1,0.5,1.0,2,1,33.55,48.91,59.09,HIGH,HIGH_CHARGEBACK_CONCENTRATION
5295,1,1,1,1,14888.67,1,1.0,1.0,1,0,50.38,50.38,59.08,HIGH,HIGH_CHARGEBACK_CONCENTRATION
4557,2,1,2,2,16074.4,1,0.5,1.0,2,1,33.48,42.11,59.08,HIGH,HIGH_CHARGEBACK_CONCENTRATION
3250,1,1,1,1,9701.65,1,1.0,1.0,1,0,50.38,50.38,59.08,HIGH,HIGH_CHARGEBACK_CONCENTRATION
4383,1,1,1,1,9600.51,1,1.0,1.0,1,0,50.33,50.33,59.07,HIGH,HIGH_CHARGEBACK_CONCENTRATION
154,2,1,2,2,12668.98,1,0.5,1.0,2,1,33.38,44.32,59.06,HIGH,HIGH_CHARGEBACK_CONCENTRATION
4630,2,1,2,2,11403.32,1,0.5,1.0,2,1,33.4,48.34,59.06,HIGH,HIGH_CHARGEBACK_CONCENTRATION
4507,1,1,1,1,9505.2,1,1.0,1.0,1,0,50.27,50.27,59.06,HIGH,HIGH_CHARGEBACK_CONCENTRATION
2272,2,1,2,2,13457.85,1,0.5,1.0,2,1,33.38,52.01,59.06,HIGH,HIGH_CHARGEBACK_CONCENTRATION
4107,2,1,2,2,11448.75,1,0.5,1.0,2,1,33.41,50.69,59.06,HIGH,HIGH_CHARGEBACK_CONCENTRATION
4201,1,1,1,1,9496.87,1,1.0,1.0,1,0,50.26,50.26,59.05,HIGH,HIGH_CHARGEBACK_CONCENTRATION
3472,2,1,2,2,12105.88,1,0.5,1.0,2,1,33.24,44.4,59.03,HIGH,HIGH_CHARGEBACK_CONCENTRATION
458,2,1,2,2,17491.38,1,0.5,1.0,2,1,33.23,41.18,59.03,HIGH,HIGH_CHARGEBACK_CONCENTRATION
4090,2,1,2,2,10895.88,1,0.5,1.0,2,1,33.25,45.42,59.03,HIGH,HIGH_CHARGEBACK_CONCENTRATION
1387,1,1,1,1,9176.29,1,1.0,1.0,1,0,50.08,50.08,59.02,HIGH,HIGH_CHARGEBACK_CONCENTRATION
3242,2,1,2,2,19787.04,1,0.5,1.0,2,1,33.19,52.6,59.02,HIGH,HIGH_CHARGEBACK_CONCENTRATION
1582,2,1,2,2,15438.94,1,0.5,1.0,2,1,33.11,49.79,59.0,HIGH,HIGH_CHARGEBACK_CONCENTRATION
4759,2,1,2,2,14443.59,1,0.5,1.0,2,1,33.1,46.06,59.0,HIGH,HIGH_CHARGEBACK_CONCENTRATION
4658,1,1,1,1,14260.28,1,1.0,1.0,1,0,49.99,49.99,59.0,HIGH,HIGH_CHARGEBACK_CONCENTRATION
4023,2,1,2,2,3812.42,1,0.5,1.0,2,1,33.07,46.69,58.99,HIGH,HIGH_CHARGEBACK_CONCENTRATION
5142,1,1,1,1,8883.82,1,1.0,1.0,1,0,49.91,49.91,58.98,HIGH,HIGH_CHARGEBACK_CONCENTRATION
2663,2,1,2,2,12054.8,1,0.5,1.0,2,1,32.98,50.7,58.98,HIGH,HIGH_CHARGEBACK_CONCENTRATION
5276,1,1,1,1,8749.08,1,1.0,1.0,1,0,49.82,49.82,58.97,HIGH,HIGH_CHARGEBACK_CONCENTRATION
608,14,3,16,16,228190.8,3,0.1875,0.381,6,3,33.89,70.52,58.97,HIGH,SHARED_MERCHANT|MULTIPLE_SHARED_MERCHANTS|HIGH_CHARGEBACK_CONCENTRATION|LARGE_CONNECTED_CLUSTER
5197,1,1,1,1,4096.46,1,1.0,1.0,1,0,49.79,49.79,58.96,HIGH,HIGH_CHARGEBACK_CONCENTRATION
3315,1,1,1,1,8568.0,1,1.0,1.0,1,0,49.72,49.72,58.95,HIGH,HIGH_CHARGEBACK_CONCENTRATION
5088,1,1,1,1,8558.62,1,1.0,1.0,1,0,49.71,49.71,58.94,HIGH,HIGH_CHARGEBACK_CONCENTRATION
830,2,1,2,2,3205.59,1,0.5,1.0,2,1,32.78,49.15,58.94,HIGH,HIGH_CHARGEBACK_CONCENTRATION
5211,1,1,1,1,13621.76,1,1.0,1.0,1,0,49.63,49.63,58.93,HIGH,HIGH_CHARGEBACK_CONCENTRATION
3974,2,1,2,2,12581.88,1,0.5,1.0,2,1,32.73,43.08,58.93,HIGH,HIGH_CHARGEBACK_CONCENTRATION
1534,2,1,2,2,11466.33,1,0.5,1.0,2,1,32.75,51.72,58.93,HIGH,HIGH_CHARGEBACK_CONCENTRATION
5775,2,1,2,2,11220.59,1,0.5,1.0,2,1,32.73,50.29,58.93,HIGH,HIGH_CHARGEBACK_CONCENTRATION
5263,2,1,2,2,11185.75,1,0.5,1.0,2,1,32.7,49.49,58.92,HIGH,HIGH_CHARGEBACK_CONCENTRATION
3652,2,1,2,2,6645.05,1,0.5,1.0,2,1,32.59,51.08,58.9,HIGH,HIGH_CHARGEBACK_CONCENTRATION
3725,2,1,2,2,13643.53,1,0.5,1.0,2,1,32.55,49.57,58.89,HIGH,HIGH_CHARGEBACK_CONCENTRATION
1228,7,2,8,8,142713.58,3,0.375,0.5714,4,2,38.42,58.26,58.87,HIGH,SHARED_MERCHANT|MULTIPLE_SHARED_MERCHANTS|DENSE_USER_MERCHANT_NETWORK|HIGH_CHARGEBACK_CONCENTRATION|LARGE_CONNECTED_CLUSTER
2274,1,1,1,1,13117.73,1,1.0,1.0,1,0,49.33,49.33,58.87,HIGH,HIGH_CHARGEBACK_CONCENTRATION
1332,1,1,1,1,7842.13,1,1.0,1.0,1,0,49.27,49.27,58.86,HIGH,HIGH_CHARGEBACK_CONCENTRATION
2938,2,1,2,2,10141.67,1,0.5,1.0,2,1,32.4,43.9,58.86,HIGH,HIGH_CHARGEBACK_CONCENTRATION
1533,2,1,2,2,8097.81,1,0.5,1.0,2,1,32.41,49.03,58.86,HIGH,HIGH_CHARGEBACK_CONCENTRATION
1587,1,2,2,2,1.04,2,1.0,1.0,1,0,44.86,44.93,58.85,HIGH,HIGH_CHARGEBACK_CONCENTRATION
3638,1,1,1,1,45.69,1,1.0,1.0,1,0,49.21,49.21,58.84,HIGH,HIGH_CHARGEBACK_CONCENTRATION
273,2,1,2,2,7005.38,1,0.5,1.0,2,1,32.3,45.67,58.84,HIGH,HIGH_CHARGEBACK_CONCENTRATION
2835,11,4,14,14,140069.7,4,0.2857,0.3182,6,4,32.99,62.48,58.83,HIGH,SHARED_MERCHANT|MULTIPLE_SHARED_MERCHANTS|HIGH_CHARGEBACK_CONCENTRATION|LARGE_CONNECTED_CLUSTER
3782,1,1,1,1,5119.0,1,1.0,1.0,1,0,49.07,49.07,58.82,HIGH,HIGH_CHARGEBACK_CONCENTRATION
108,2,1,2,2,3515.95,1,0.5,1.0,2,1,32.22,47.94,58.82,HIGH,HIGH_CHARGEBACK_CONCENTRATION
4950,1,1,1,1,2212.67,1,1.0,1.0,1,0,49.07,49.07,58.82,HIGH,HIGH_CHARGEBACK_CONCENTRATION
1405,1,1,1,1,12602.39,1,1.0,1.0,1,0,49.02,49.02,58.81,HIGH,HIGH_CHARGEBACK_CONCENTRATION
5441,1,1,1,1,1698.2,1,1.0,1.0,1,0,48.93,48.93,58.79,HIGH,HIGH_CHARGEBACK_CONCENTRATION
3407,1,1,1,1,12364.33,1,1.0,1.0,1,0,48.87,48.87,58.78,HIGH,HIGH_CHARGEBACK_CONCENTRATION
3206,1,1,1,1,1881.65,1,1.0,1.0,1,0,48.87,48.87,58.78,HIGH,HIGH_CHARGEBACK_CONCENTRATION
3180,2,1,2,2,6562.12,1,0.5,1.0,2,1,31.96,47.28,58.77,HIGH,HIGH_CHARGEBACK_CONCENTRATION
3953,2,1,2,2,7294.15,1,0.5,1.0,2,1,31.94,49.23,58.77,HIGH,HIGH_CHARGEBACK_CONCENTRATION
3772,2,1,2,2,11572.57,1,0.5,1.0,2,1,31.9,46.36,58.76,HIGH,HIGH_CHARGEBACK_CONCENTRATION
5809,2,1,2,2,8117.9,1,0.5,1.0,2,1,31.92,49.68,58.76,HIGH,HIGH_CHARGEBACK_CONCENTRATION
4536,1,1,1,1,6997.24,1,1.0,1.0,1,0,48.81,48.81,58.76,HIGH,HIGH_CHARGEBACK_CONCENTRATION
2661,2,1,2,2,6240.66,1,0.5,1.0,2,1,31.86,46.21,58.75,HIGH,HIGH_CHARGEBACK_CONCENTRATION
3968,1,1,1,1,8994.98,1,1.0,1.0,1,0,48.73,48.73,58.75,HIGH,HIGH_CHARGEBACK_CONCENTRATION
957,2,1,2,2,5569.31,1,0.5,1.0,2,1,31.65,45.56,58.71,HIGH,HIGH_CHARGEBACK_CONCENTRATION
3889,2,1,2,2,7506.16,1,0.5,1.0,2,1,31.62,46.32,58.7,HIGH,HIGH_CHARGEBACK_CONCENTRATION
3940,5,2,6,6,49921.63,2,0.3333,0.6,4,2,37.37,63.54,58.69,HIGH,SHARED_MERCHANT|MULTIPLE_SHARED_MERCHANTS|DENSE_USER_MERCHANT_NETWORK|HIGH_CHARGEBACK_CONCENTRATION|LARGE_CONNECTED_CLUSTER
3347,1,1,1,1,839.58,1,1.0,1.0,1,0,48.42,48.42,58.69,HIGH,HIGH_CHARGEBACK_CONCENTRATION
1072,2,1,2,2,12111.98,1,0.5,1.0,2,1,31.55,41.0,58.69,HIGH,HIGH_CHARGEBACK_CONCENTRATION
643,2,1,2,2,11911.25,1,0.5,1.0,2,1,31.54,44.21,58.69,HIGH,HIGH_CHARGEBACK_CONCENTRATION
113,2,1,2,2,5120.89,1,0.5,1.0,2,1,31.55,42.98,58.69,HIGH,HIGH_CHARGEBACK_CONCENTRATION
1462,2,1,2,2,8274.41,1,0.5,1.0,2,1,31.51,47.22,58.68,HIGH,HIGH_CHARGEBACK_CONCENTRATION
749,8,3,10,10,134488.07,4,0.4,0.4167,5,2,38.27,61.2,58.68,HIGH,SHARED_MERCHANT|MULTIPLE_SHARED_MERCHANTS|DENSE_USER_MERCHANT_NETWORK|HIGH_CHARGEBACK_CONCENTRATION|LARGE_CONNECTED_CLUSTER
3995,2,1,2,2,15263.88,1,0.5,1.0,2,1,31.47,50.6,58.67,HIGH,HIGH_CHARGEBACK_CONCENTRATION
3331,2,1,2,2,1764.36,1,0.5,1.0,2,1,31.43,44.72,58.67,HIGH,HIGH_CHARGEBACK_CONCENTRATION
3718,5,2,6,6,67949.85,2,0.3333,0.6,4,2,37.23,61.46,58.66,HIGH,SHARED_MERCHANT|MULTIPLE_SHARED_MERCHANTS|DENSE_USER_MERCHANT_NETWORK|HIGH_CHARGEBACK_CONCENTRATION|LARGE_CONNECTED_CLUSTER
5472,2,1,2,2,5677.31,1,0.5,1.0,2,1,31.38,47.2,58.66,HIGH,HIGH_CHARGEBACK_CONCENTRATION
4712,1,1,1,1,11337.01,1,1.0,1.0,1,0,48.27,48.27,58.66,HIGH,HIGH_CHARGEBACK_CONCENTRATION
4873,2,1,2,2,3962.81,1,0.5,1.0,2,1,31.34,46.05,58.65,HIGH,HIGH_CHARGEBACK_CONCENTRATION
326,1,1,1,1,6058.13,1,1.0,1.0,1,0,48.26,48.26,58.65,HIGH,HIGH_CHARGEBACK_CONCENTRATION
1755,5,2,6,6,66519.16,2,0.3333,0.6,4,2,37.12,53.72,58.64,HIGH,SHARED_MERCHANT|MULTIPLE_SHARED_MERCHANTS|DENSE_USER_MERCHANT_NETWORK|HIGH_CHARGEBACK_CONCENTRATION|LARGE_CONNECTED_CLUSTER
4501,2,1,2,2,518.9,1,0.5,1.0,2,1,31.23,45.28,58.63,HIGH,HIGH_CHARGEBACK_CONCENTRATION
5250,1,1,1,1,5848.0,1,1.0,1.0,1,0,48.14,48.14,58.63,HIGH,HIGH_CHARGEBACK_CONCENTRATION
5688,1,1,1,1,5842.55,1,1.0,1.0,1,0,48.13,48.13,58.63,HIGH,HIGH_CHARGEBACK_CONCENTRATION
4026,1,1,1,1,617.0,1,1.0,1.0,1,0,48.11,48.11,58.62,HIGH,HIGH_CHARGEBACK_CONCENTRATION
4277,1,2,2,2,10163.05,1,0.5,1.0,1,0,43.71,64.77,58.62,HIGH,HIGH_CHARGEBACK_CONCENTRATION
1545,2,1,2,2,4180.23,1,0.5,1.0,2,1,31.16,44.02,58.61,HIGH,HIGH_CHARGEBACK_CONCENTRATION
2783,5,2,6,6,67704.98,2,0.3333,0.6,4,2,36.93,49.68,58.6,HIGH,SHARED_MERCHANT|MULTIPLE_SHARED_MERCHANTS|DENSE_USER_MERCHANT_NETWORK|HIGH_CHARGEBACK_CONCENTRATION|LARGE_CONNECTED_CLUSTER
1543,5,2,6,6,85436.72,2,0.3333,0.6,4,2,36.83,55.6,58.58,HIGH,SHARED_MERCHANT|MULTIPLE_SHARED_MERCHANTS|DENSE_USER_MERCHANT_NETWORK|HIGH_CHARGEBACK_CONCENTRATION|LARGE_CONNECTED_CLUSTER
2368,1,1,1,1,5436.71,1,1.0,1.0,1,0,47.91,47.91,58.58,HIGH,HIGH_CHARGEBACK_CONCENTRATION
3545,5,2,6,6,80815.83,2,0.3333,0.6,4,2,36.79,50.24,58.57,HIGH,SHARED_MERCHANT|MULTIPLE_SHARED_MERCHANTS|DENSE_USER_MERCHANT_NETWORK|HIGH_CHARGEBACK_CONCENTRATION|LARGE_CONNECTED_CLUSTER
4102,1,1,1,1,5298.78,1,1.0,1.0,1,0,47.74,47.74,58.55,HIGH,HIGH_CHARGEBACK_CONCENTRATION
4710,1,1,1,1,5142.15,1,1.0,1.0,1,0,47.74,47.74,58.55,HIGH,HIGH_CHARGEBACK_CONCENTRATION
2017,1,1,1,1,4796.12,1,1.0,1.0,1,0,47.68,47.68,58.54,HIGH,HIGH_CHARGEBACK_CONCENTRATION
1679,1,1,1,1,9339.0,1,1.0,1.0,1,0,47.69,47.69,58.54,HIGH,HIGH_CHARGEBACK_CONCENTRATION
199,11,2,12,12,160239.27,2,0.1667,0.5455,6,2,31.15,57.46,58.53,HIGH,SHARED_MERCHANT|MULTIPLE_SHARED_MERCHANTS|DENSE_USER_MERCHANT_NETWORK|HIGH_CHARGEBACK_CONCENTRATION|LARGE_CONNECTED_CLUSTER
2800,4,2,5,5,65332.89,1,0.2,0.625,4,1,35.71,76.93,58.52,HIGH,SHARED_MERCHANT|DENSE_USER_MERCHANT_NETWORK|HIGH_CHARGEBACK_CONCENTRATION
4066,1,1,1,1,6985.47,1,1.0,1.0,1,0,47.56,47.56,58.51,HIGH,HIGH_CHARGEBACK_CONCENTRATION
498,1,1,1,1,4797.91,1,1.0,1.0,1,0,47.54,47.54,58.51,HIGH,HIGH_CHARGEBACK_CONCENTRATION
2730,2,1,2,2,3712.02,1,0.5,1.0,2,1,30.61,47.26,58.5,HIGH,HIGH_CHARGEBACK_CONCENTRATION
1613,6,2,7,7,107055.18,2,0.2857,0.5833,4,2,36.58,54.16,58.49,HIGH,SHARED_MERCHANT|MULTIPLE_SHARED_MERCHANTS|DENSE_USER_MERCHANT_NETWORK|HIGH_CHARGEBACK_CONCENTRATION|LARGE_CONNECTED_CLUSTER
5639,1,1,1,1,4619.63,1,1.0,1.0,1,0,47.43,47.43,58.49,HIGH,HIGH_CHARGEBACK_CONCENTRATION
1893,1,1,1,1,4524.0,1,1.0,1.0,1,0,47.37,47.37,58.48,HIGH,HIGH_CHARGEBACK_CONCENTRATION
4808,1,1,1,1,4544.14,1,1.0,1.0,1,0,47.38,47.38,58.48,HIGH,HIGH_CHARGEBACK_CONCENTRATION
5894,1,1,1,1,6558.25,1,1.0,1.0,1,0,47.3,47.3,58.46,HIGH,HIGH_CHARGEBACK_CONCENTRATION
121,1,1,1,1,9741.23,1,1.0,1.0,1,0,47.29,47.29,58.46,HIGH,HIGH_CHARGEBACK_CONCENTRATION
601,2,1,2,2,5572.97,1,0.5,1.0,2,1,30.4,47.64,58.46,HIGH,HIGH_CHARGEBACK_CONCENTRATION
4022,6,2,7,7,101505.97,2,0.2857,0.5833,4,2,36.34,61.78,58.44,HIGH,SHARED_MERCHANT|MULTIPLE_SHARED_MERCHANTS|DENSE_USER_MERCHANT_NETWORK|HIGH_CHARGEBACK_CONCENTRATION|LARGE_CONNECTED_CLUSTER
2907,2,1,2,2,8171.11,1,0.5,1.0,2,1,30.26,46.31,58.43,HIGH,HIGH_CHARGEBACK_CONCENTRATION
4734,4,2,5,5,18944.6,3,0.6,0.625,3,2,47.7,73.65,58.42,HIGH,SHARED_MERCHANT|MULTIPLE_SHARED_MERCHANTS|DENSE_USER_MERCHANT_NETWORK|HIGH_CHARGEBACK_CONCENTRATION
1005,13,4,16,16,185793.94,4,0.25,0.3077,6,4,30.55,59.28,58.4,HIGH,SHARED_MERCHANT|MULTIPLE_SHARED_MERCHANTS|HIGH_CHARGEBACK_CONCENTRATION|LARGE_CONNECTED_CLUSTER
315,4,2,5,5,50342.16,2,0.4,0.625,4,1,35.06,53.18,58.39,HIGH,SHARED_MERCHANT|DENSE_USER_MERCHANT_NETWORK|HIGH_CHARGEBACK_CONCENTRATION
3634,1,1,1,1,8989.88,1,1.0,1.0,1,0,46.85,46.85,58.37,HIGH,HIGH_CHARGEBACK_CONCENTRATION
5788,1,1,1,1,3565.73,1,1.0,1.0,1,0,46.82,46.82,58.37,HIGH,HIGH_CHARGEBACK_CONCENTRATION
3214,1,1,1,1,3561.25,1,1.0,1.0,1,0,46.82,46.82,58.37,HIGH,HIGH_CHARGEBACK_CONCENTRATION
1935,2,1,2,2,9989.69,1,0.5,1.0,2,1,29.95,41.56,58.37,HIGH,HIGH_CHARGEBACK_CONCENTRATION
4227,1,1,1,1,3327.0,1,1.0,1.0,1,0,46.69,46.69,58.34,HIGH,HIGH_CHARGEBACK_CONCENTRATION
4502,2,1,2,2,6037.79,1,0.5,1.0,2,1,29.68,40.86,58.32,HIGH,HIGH_CHARGEBACK_CONCENTRATION
4017,1,1,1,1,3162.13,1,1.0,1.0,1,0,46.59,46.59,58.32,HIGH,HIGH_CHARGEBACK_CONCENTRATION
690,1,1,1,1,0.23,1,1.0,1.0,1,0,46.54,46.54,58.31,HIGH,HIGH_CHARGEBACK_CONCENTRATION
2781,1,1,1,1,3074.0,1,1.0,1.0,1,0,46.55,46.55,58.31,HIGH,HIGH_CHARGEBACK_CONCENTRATION
579,1,1,1,1,2976.54,1,1.0,1.0,1,0,46.49,46.49,58.3,HIGH,HIGH_CHARGEBACK_CONCENTRATION
3980,2,1,2,2,3649.47,1,0.5,1.0,2,1,29.52,43.68,58.29,HIGH,HIGH_CHARGEBACK_CONCENTRATION
2789,5,3,7,7,75984.22,3,0.4286,0.4667,5,1,34.53,59.86,58.25,HIGH,SHARED_MERCHANT|DENSE_USER_MERCHANT_NETWORK|HIGH_CHARGEBACK_CONCENTRATION|LARGE_CONNECTED_CLUSTER
1175,3,2,4,4,57120.12,2,0.5,0.6667,3,1,44.61,73.04,58.24,HIGH,SHARED_MERCHANT|DENSE_USER_MERCHANT_NETWORK|HIGH_CHARGEBACK_CONCENTRATION
2664,5,2,6,6,87531.38,2,0.3333,0.6,4,2,35.05,57.72,58.23,HIGH,SHARED_MERCHANT|MULTIPLE_SHARED_MERCHANTS|DENSE_USER_MERCHANT_NETWORK|HIGH_CHARGEBACK_CONCENTRATION|LARGE_CONNECTED_CLUSTER
4897,1,1,1,1,7594.56,1,1.0,1.0,1,0,46.03,46.03,58.21,HIGH,HIGH_CHARGEBACK_CONCENTRATION
5477,1,1,1,1,6476.91,1,1.0,1.0,1,0,46.01,46.01,58.2,HIGH,HIGH_CHARGEBACK_CONCENTRATION
4919,2,1,2,2,2398.15,1,0.5,1.0,2,1,29.05,43.29,58.19,HIGH,HIGH_CHARGEBACK_CONCENTRATION
259,10,4,13,13,69489.43,4,0.3077,0.325,6,4,29.59,54.78,58.14,HIGH,SHARED_MERCHANT|MULTIPLE_SHARED_MERCHANTS|HIGH_CHARGEBACK_CONCENTRATION|LARGE_CONNECTED_CLUSTER
362,2,2,3,3,55808.93,1,0.3333,0.75,2,1,50.61,63.12,58.13,HIGH,HIGH_CHARGEBACK_CONCENTRATION
5568,1,1,1,1,1686.67,1,1.0,1.0,1,0,45.63,45.63,58.13,HIGH,HIGH_CHARGEBACK_CONCENTRATION
292,6,2,7,7,71057.73,3,0.4286,0.5833,4,2,34.79,56.38,58.13,HIGH,SHARED_MERCHANT|MULTIPLE_SHARED_MERCHANTS|DENSE_USER_MERCHANT_NETWORK|HIGH_CHARGEBACK_CONCENTRATION|LARGE_CONNECTED_CLUSTER
5539,1,1,1,1,1598.32,1,1.0,1.0,1,0,45.66,45.66,58.13,HIGH,HIGH_CHARGEBACK_CONCENTRATION
2859,3,2,4,4,49364.27,1,0.25,0.6667,3,1,44.03,70.48,58.13,HIGH,SHARED_MERCHANT|DENSE_USER_MERCHANT_NETWORK|HIGH_CHARGEBACK_CONCENTRATION
3451,1,1,1,1,1564.0,1,1.0,1.0,1,0,45.63,45.63,58.13,HIGH,HIGH_CHARGEBACK_CONCENTRATION
4705,2,1,2,2,1675.95,1,0.5,1.0,2,1,28.68,42.84,58.12,HIGH,HIGH_CHARGEBACK_CONCENTRATION
545,4,2,5,5,52062.84,1,0.2,0.625,4,1,33.69,64.35,58.12,HIGH,SHARED_MERCHANT|DENSE_USER_MERCHANT_NETWORK|HIGH_CHARGEBACK_CONCENTRATION
4826,1,1,1,1,6575.0,1,1.0,1.0,1,0,45.45,45.45,58.09,HIGH,HIGH_CHARGEBACK_CONCENTRATION
2012,9,3,11,11,129299.62,4,0.3636,0.4074,5,3,35.29,51.86,58.09,HIGH,SHARED_MERCHANT|MULTIPLE_SHARED_MERCHANTS|DENSE_USER_MERCHANT_NETWORK|HIGH_CHARGEBACK_CONCENTRATION|LARGE_CONNECTED_CLUSTER
741,4,2,5,5,63385.51,1,0.2,0.625,4,1,33.52,58.97,58.09,HIGH,SHARED_MERCHANT|DENSE_USER_MERCHANT_NETWORK|HIGH_CHARGEBACK_CONCENTRATION
3178,1,1,1,1,1071.35,1,1.0,1.0,1,0,45.35,45.35,58.07,HIGH,HIGH_CHARGEBACK_CONCENTRATION
2120,4,2,5,5,66760.85,1,0.2,0.625,4,1,33.39,61.14,58.06,HIGH,SHARED_MERCHANT|DENSE_USER_MERCHANT_NETWORK|HIGH_CHARGEBACK_CONCENTRATION
392,4,2,5,5,63984.42,1,0.2,0.625,4,1,33.14,77.12,58.01,HIGH,SHARED_MERCHANT|DENSE_USER_MERCHANT_NETWORK|HIGH_CHARGEBACK_CONCENTRATION
4466,1,1,1,1,359.4,1,1.0,1.0,1,0,44.93,44.93,57.99,HIGH,HIGH_CHARGEBACK_CONCENTRATION
511,14,4,17,17,123691.19,4,0.2353,0.3036,6,4,28.17,56.81,57.97,HIGH,SHARED_MERCHANT|MULTIPLE_SHARED_MERCHANTS|HIGH_CHARGEBACK_CONCENTRATION|LARGE_CONNECTED_CLUSTER
5336,1,1,1,1,237.26,1,1.0,1.0,1,0,44.85,44.85,57.97,HIGH,HIGH_CHARGEBACK_CONCENTRATION
387,7,3,9,9,104416.21,2,0.2222,0.4286,5,3,34.43,58.56,57.95,HIGH,SHARED_MERCHANT|MULTIPLE_SHARED_MERCHANTS|DENSE_USER_MERCHANT_NETWORK|HIGH_CHARGEBACK_CONCENTRATION|LARGE_CONNECTED_CLUSTER
4045,8,3,10,10,176975.44,2,0.2,0.4167,5,3,34.54,78.07,57.94,HIGH,SHARED_MERCHANT|MULTIPLE_SHARED_MERCHANTS|DENSE_USER_MERCHANT_NETWORK|HIGH_CHARGEBACK_CONCENTRATION|LARGE_CONNECTED_CLUSTER
618,6,2,7,7,105426.16,2,0.2857,0.5833,4,2,33.8,60.06,57.93,HIGH,SHARED_MERCHANT|MULTIPLE_SHARED_MERCHANTS|DENSE_USER_MERCHANT_NETWORK|HIGH_CHARGEBACK_CONCENTRATION|LARGE_CONNECTED_CLUSTER
3591,5,2,6,6,83182.98,2,0.3333,0.6,4,2,33.54,55.49,57.92,HIGH,SHARED_MERCHANT|MULTIPLE_SHARED_MERCHANTS|DENSE_USER_MERCHANT_NETWORK|HIGH_CHARGEBACK_CONCENTRATION|LARGE_CONNECTED_CLUSTER
553,5,2,6,6,76476.19,2,0.3333,0.6,4,2,33.48,59.17,57.91,HIGH,SHARED_MERCHANT|MULTIPLE_SHARED_MERCHANTS|DENSE_USER_MERCHANT_NETWORK|HIGH_CHARGEBACK_CONCENTRATION|LARGE_CONNECTED_CLUSTER
325,6,2,7,7,45500.53,2,0.2857,0.5833,4,2,33.69,64.33,57.91,HIGH,SHARED_MERCHANT|MULTIPLE_SHARED_MERCHANTS|DENSE_USER_MERCHANT_NETWORK|HIGH_CHARGEBACK_CONCENTRATION|LARGE_CONNECTED_CLUSTER
4178,2,1,2,2,1606.39,1,0.5,1.0,2,1,27.58,41.11,57.9,HIGH,HIGH_CHARGEBACK_CONCENTRATION
2700,6,2,7,7,87194.76,2,0.2857,0.5833,4,2,33.66,57.09,57.9,HIGH,SHARED_MERCHANT|MULTIPLE_SHARED_MERCHANTS|DENSE_USER_MERCHANT_NETWORK|HIGH_CHARGEBACK_CONCENTRATION|LARGE_CONNECTED_CLUSTER
587,5,2,6,6,42813.27,2,0.3333,0.6,4,2,33.43,46.48,57.9,HIGH,SHARED_MERCHANT|MULTIPLE_SHARED_MERCHANTS|DENSE_USER_MERCHANT_NETWORK|HIGH_CHARGEBACK_CONCENTRATION|LARGE_CONNECTED_CLUSTER
5359,4,2,5,5,56969.26,1,0.2,0.625,4,1,32.56,73.3,57.89,HIGH,SHARED_MERCHANT|DENSE_USER_MERCHANT_NETWORK|HIGH_CHARGEBACK_CONCENTRATION
202,6,2,7,7,65148.04,3,0.4286,0.5833,4,2,33.48,52.75,57.87,HIGH,SHARED_MERCHANT|MULTIPLE_SHARED_MERCHANTS|DENSE_USER_MERCHANT_NETWORK|HIGH_CHARGEBACK_CONCENTRATION|LARGE_CONNECTED_CLUSTER
1611,4,2,5,5,59119.8,1,0.2,0.625,4,1,32.4,67.07,57.86,HIGH,SHARED_MERCHANT|DENSE_USER_MERCHANT_NETWORK|HIGH_CHARGEBACK_CONCENTRATION
3534,3,2,4,4,48507.43,2,0.5,0.6667,3,1,42.55,73.09,57.83,HIGH,SHARED_MERCHANT|DENSE_USER_MERCHANT_NETWORK|HIGH_CHARGEBACK_CONCENTRATION
2534,1,1,1,1,4342.6,1,1.0,1.0,1,0,44.16,44.16,57.83,HIGH,HIGH_CHARGEBACK_CONCENTRATION
130,6,2,7,7,50976.37,2,0.2857,0.5833,4,2,33.22,56.25,57.82,HIGH,SHARED_MERCHANT|MULTIPLE_SHARED_MERCHANTS|DENSE_USER_MERCHANT_NETWORK|HIGH_CHARGEBACK_CONCENTRATION|LARGE_CONNECTED_CLUSTER
5792,1,1,1,1,0.76,1,1.0,1.0,1,0,43.95,43.95,57.79,HIGH,HIGH_CHARGEBACK_CONCENTRATION
24,1,1,1,1,3809.97,1,1.0,1.0,1,0,43.85,43.85,57.77,HIGH,HIGH_CHARGEBACK_CONCENTRATION
1711,9,3,11,11,127681.83,3,0.2727,0.4074,5,3,33.52,72.13,57.74,HIGH,SHARED_MERCHANT|MULTIPLE_SHARED_MERCHANTS|DENSE_USER_MERCHANT_NETWORK|HIGH_CHARGEBACK_CONCENTRATION|LARGE_CONNECTED_CLUSTER
3421,1,1,1,1,3433.0,1,1.0,1.0,1,0,43.63,43.63,57.73,HIGH,HIGH_CHARGEBACK_CONCENTRATION
2631,6,2,7,7,73394.97,2,0.2857,0.5833,4,2,32.79,71.23,57.73,HIGH,SHARED_MERCHANT|MULTIPLE_SHARED_MERCHANTS|DENSE_USER_MERCHANT_NETWORK|HIGH_CHARGEBACK_CONCENTRATION|LARGE_CONNECTED_CLUSTER
1162,11,2,12,12,140808.72,2,0.1667,0.5455,6,2,26.88,54.6,57.68,HIGH,SHARED_MERCHANT|MULTIPLE_SHARED_MERCHANTS|DENSE_USER_MERCHANT_NETWORK|HIGH_CHARGEBACK_CONCENTRATION|LARGE_CONNECTED_CLUSTER
428,1,1,1,1,0.74,1,1.0,1.0,1,0,43.3,43.3,57.66,HIGH,HIGH_CHARGEBACK_CONCENTRATION
5782,1,2,2,2,20794.6,1,0.5,1.0,1,0,38.87,53.24,57.65,HIGH,HIGH_CHARGEBACK_CONCENTRATION
3572,6,2,7,7,74620.6,2,0.2857,0.5833,4,2,32.24,54.56,57.62,HIGH,SHARED_MERCHANT|MULTIPLE_SHARED_MERCHANTS|DENSE_USER_MERCHANT_NETWORK|HIGH_CHARGEBACK_CONCENTRATION|LARGE_CONNECTED_CLUSTER
3019,4,2,5,5,79030.5,1,0.2,0.625,4,1,30.94,54.39,57.57,HIGH,SHARED_MERCHANT|DENSE_USER_MERCHANT_NETWORK|HIGH_CHARGEBACK_CONCENTRATION
4550,1,1,1,1,2106.0,1,1.0,1.0,1,0,42.86,42.86,57.57,HIGH,HIGH_CHARGEBACK_CONCENTRATION
1551,14,6,19,19,233485.1,4,0.2105,0.2262,6,6,32.62,62.19,57.54,HIGH,SHARED_MERCHANT|MULTIPLE_SHARED_MERCHANTS|HIGH_CHARGEBACK_CONCENTRATION|LARGE_CONNECTED_CLUSTER
93,7,3,9,9,110854.52,2,0.2222,0.4286,5,2,32.34,56.26,57.53,HIGH,SHARED_MERCHANT|MULTIPLE_SHARED_MERCHANTS|DENSE_USER_MERCHANT_NETWORK|HIGH_CHARGEBACK_CONCENTRATION|LARGE_CONNECTED_CLUSTER
1107,6,2,7,7,82625.69,2,0.2857,0.5833,4,2,31.73,51.31,57.52,HIGH,SHARED_MERCHANT|MULTIPLE_SHARED_MERCHANTS|DENSE_USER_MERCHANT_NETWORK|HIGH_CHARGEBACK_CONCENTRATION|LARGE_CONNECTED_CLUSTER
2142,4,2,5,5,71929.08,1,0.2,0.625,4,1,30.53,55.64,57.49,HIGH,SHARED_MERCHANT|DENSE_USER_MERCHANT_NETWORK|HIGH_CHARGEBACK_CONCENTRATION
403,9,4,12,12,173700.44,4,0.3333,0.3333,5,4,38.55,62.03,57.43,HIGH,SHARED_MERCHANT|MULTIPLE_SHARED_MERCHANTS|HIGH_CHARGEBACK_CONCENTRATION|LARGE_CONNECTED_CLUSTER
734,6,2,7,7,49381.14,2,0.2857,0.5833,4,2,31.27,49.39,57.43,HIGH,SHARED_MERCHANT|MULTIPLE_SHARED_MERCHANTS|DENSE_USER_MERCHANT_NETWORK|HIGH_CHARGEBACK_CONCENTRATION|LARGE_CONNECTED_CLUSTER
5845,1,1,1,1,0.13,1,1.0,1.0,1,0,42.08,42.08,57.42,HIGH,HIGH_CHARGEBACK_CONCENTRATION
2714,4,2,5,5,69569.51,1,0.2,0.625,4,1,30.16,58.61,57.42,HIGH,SHARED_MERCHANT|DENSE_USER_MERCHANT_NETWORK|HIGH_CHARGEBACK_CONCENTRATION
1156,10,3,12,12,126465.37,4,0.3333,0.4,5,3,31.77,55.32,57.41,HIGH,SHARED_MERCHANT|MULTIPLE_SHARED_MERCHANTS|DENSE_USER_MERCHANT_NETWORK|HIGH_CHARGEBACK_CONCENTRATION|LARGE_CONNECTED_CLUSTER
1769,4,2,5,5,67448.53,1,0.2,0.625,4,1,30.13,57.42,57.41,HIGH,SHARED_MERCHANT|DENSE_USER_MERCHANT_NETWORK|HIGH_CHARGEBACK_CONCENTRATION
5662,1,1,1,1,430.66,1,1.0,1.0,1,0,41.85,41.85,57.37,HIGH,HIGH_CHARGEBACK_CONCENTRATION
5279,1,2,2,2,23030.9,1,0.5,1.0,1,0,37.32,50.91,57.35,HIGH,HIGH_CHARGEBACK_CONCENTRATION
3008,6,2,7,7,65943.95,2,0.2857,0.5833,4,2,30.73,52.42,57.32,HIGH,SHARED_MERCHANT|MULTIPLE_SHARED_MERCHANTS|DENSE_USER_MERCHANT_NETWORK|HIGH_CHARGEBACK_CONCENTRATION|LARGE_CONNECTED_CLUSTER
2476,4,2,5,5,50814.14,2,0.4,0.625,3,2,42.13,74.02,57.31,HIGH,SHARED_MERCHANT|MULTIPLE_SHARED_MERCHANTS|DENSE_USER_MERCHANT_NETWORK|HIGH_CHARGEBACK_CONCENTRATION
424,8,3,10,10,148782.86,2,0.2,0.4167,5,2,31.3,55.16,57.29,HIGH,SHARED_MERCHANT|MULTIPLE_SHARED_MERCHANTS|DENSE_USER_MERCHANT_NETWORK|HIGH_CHARGEBACK_CONCENTRATION|LARGE_CONNECTED_CLUSTER
4118,1,2,2,2,8965.57,1,0.5,1.0,1,0,36.7,48.78,57.22,HIGH,HIGH_CHARGEBACK_CONCENTRATION
3016,6,2,7,7,82937.06,2,0.2857,0.5833,4,2,30.24,56.11,57.22,HIGH,SHARED_MERCHANT|MULTIPLE_SHARED_MERCHANTS|DENSE_USER_MERCHANT_NETWORK|HIGH_CHARGEBACK_CONCENTRATION|LARGE_CONNECTED_CLUSTER
2302,4,2,5,5,56069.91,1,0.2,0.625,4,1,29.04,52.15,57.19,HIGH,SHARED_MERCHANT|DENSE_USER_MERCHANT_NETWORK|HIGH_CHARGEBACK_CONCENTRATION
4960,1,1,1,1,0.22,1,1.0,1.0,1,0,40.87,40.87,57.18,HIGH,HIGH_CHARGEBACK_CONCENTRATION
2334,1,1,1,1,0.22,1,1.0,1.0,1,0,40.86,40.86,57.17,HIGH,HIGH_CHARGEBACK_CONCENTRATION
3411,6,3,8,8,155869.33,3,0.375,0.4444,4,2,42.57,73.38,57.16,HIGH,SHARED_MERCHANT|MULTIPLE_SHARED_MERCHANTS|DENSE_USER_MERCHANT_NETWORK|HIGH_CHARGEBACK_CONCENTRATION|LARGE_CONNECTED_CLUSTER
1257,7,3,9,9,91113.39,2,0.2222,0.4286,5,3,30.48,51.52,57.16,HIGH,SHARED_MERCHANT|MULTIPLE_SHARED_MERCHANTS|DENSE_USER_MERCHANT_NETWORK|HIGH_CHARGEBACK_CONCENTRATION|LARGE_CONNECTED_CLUSTER
3830,1,1,1,1,0.19,1,1.0,1.0,1,0,40.69,40.69,57.14,HIGH,HIGH_CHARGEBACK_CONCENTRATION
1808,6,2,7,7,73984.41,2,0.2857,0.5833,4,2,29.78,54.47,57.13,HIGH,SHARED_MERCHANT|MULTIPLE_SHARED_MERCHANTS|DENSE_USER_MERCHANT_NETWORK|HIGH_CHARGEBACK_CONCENTRATION|LARGE_CONNECTED_CLUSTER
3000,1,1,1,1,0.15,1,1.0,1.0,1,0,40.43,40.43,57.09,HIGH,HIGH_CHARGEBACK_CONCENTRATION
2209,3,2,4,4,41982.75,2,0.5,0.6667,3,1,38.77,53.6,57.07,HIGH,SHARED_MERCHANT|DENSE_USER_MERCHANT_NETWORK|HIGH_CHARGEBACK_CONCENTRATION
309,2,2,3,3,48023.46,2,0.6667,0.75,2,1,45.17,60.11,57.04,HIGH,HIGH_CHARGEBACK_CONCENTRATION
3527,3,2,4,4,59326.33,1,0.25,0.6667,3,1,38.59,54.03,57.04,HIGH,SHARED_MERCHANT|DENSE_USER_MERCHANT_NETWORK|HIGH_CHARGEBACK_CONCENTRATION
3784,4,2,5,5,53882.17,1,0.2,0.625,4,1,28.25,51.92,57.03,HIGH,SHARED_MERCHANT|DENSE_USER_MERCHANT_NETWORK|HIGH_CHARGEBACK_CONCENTRATION
3722,3,2,4,4,54972.19,2,0.5,0.6667,3,1,38.45,59.31,57.01,HIGH,SHARED_MERCHANT|DENSE_USER_MERCHANT_NETWORK|HIGH_CHARGEBACK_CONCENTRATION
790,7,2,8,8,83076.02,2,0.25,0.5714,4,2,28.98,60.87,56.99,HIGH,SHARED_MERCHANT|MULTIPLE_SHARED_MERCHANTS|DENSE_USER_MERCHANT_NETWORK|HIGH_CHARGEBACK_CONCENTRATION|LARGE_CONNECTED_CLUSTER
4004,7,2,8,8,65181.24,2,0.25,0.5714,4,2,29.01,62.42,56.99,HIGH,SHARED_MERCHANT|MULTIPLE_SHARED_MERCHANTS|DENSE_USER_MERCHANT_NETWORK|HIGH_CHARGEBACK_CONCENTRATION|LARGE_CONNECTED_CLUSTER
84,8,3,10,10,104407.78,2,0.2,0.4167,5,3,29.74,49.57,56.98,HIGH,SHARED_MERCHANT|MULTIPLE_SHARED_MERCHANTS|DENSE_USER_MERCHANT_NETWORK|HIGH_CHARGEBACK_CONCENTRATION|LARGE_CONNECTED_CLUSTER
1884,10,3,12,12,110712.16,3,0.25,0.4,5,3,29.37,50.94,56.93,HIGH,SHARED_MERCHANT|MULTIPLE_SHARED_MERCHANTS|DENSE_USER_MERCHANT_NETWORK|HIGH_CHARGEBACK_CONCENTRATION|LARGE_CONNECTED_CLUSTER
2606,8,3,10,10,72668.06,2,0.2,0.4167,5,3,29.39,57.8,56.91,HIGH,SHARED_MERCHANT|MULTIPLE_SHARED_MERCHANTS|DENSE_USER_MERCHANT_NETWORK|HIGH_CHARGEBACK_CONCENTRATION|LARGE_CONNECTED_CLUSTER
663,4,2,5,5,88451.83,2,0.4,0.625,3,2,40.07,61.55,56.9,HIGH,SHARED_MERCHANT|MULTIPLE_SHARED_MERCHANTS|DENSE_USER_MERCHANT_NETWORK|HIGH_CHARGEBACK_CONCENTRATION
4602,4,2,5,5,53387.65,3,0.6,0.625,3,2,40.02,55.86,56.89,HIGH,SHARED_MERCHANT|MULTIPLE_SHARED_MERCHANTS|DENSE_USER_MERCHANT_NETWORK|HIGH_CHARGEBACK_CONCENTRATION
1610,3,2,4,4,43003.94,2,0.5,0.6667,3,1,37.77,51.39,56.87,HIGH,SHARED_MERCHANT|DENSE_USER_MERCHANT_NETWORK|HIGH_CHARGEBACK_CONCENTRATION
2279,4,2,5,5,56020.03,1,0.2,0.625,4,1,26.98,44.53,56.78,HIGH,SHARED_MERCHANT|DENSE_USER_MERCHANT_NETWORK|HIGH_CHARGEBACK_CONCENTRATION
79,3,2,4,4,29666.33,2,0.5,0.6667,3,1,37.24,56.14,56.77,HIGH,SHARED_MERCHANT|DENSE_USER_MERCHANT_NETWORK|HIGH_CHARGEBACK_CONCENTRATION
87,3,2,4,4,57616.2,1,0.25,0.6667,3,1,37.22,59.71,56.76,HIGH,SHARED_MERCHANT|DENSE_USER_MERCHANT_NETWORK|HIGH_CHARGEBACK_CONCENTRATION
1538,7,3,9,9,103874.02,2,0.2222,0.4286,5,2,28.5,58.86,56.76,HIGH,SHARED_MERCHANT|MULTIPLE_SHARED_MERCHANTS|DENSE_USER_MERCHANT_NETWORK|HIGH_CHARGEBACK_CONCENTRATION|LARGE_CONNECTED_CLUSTER
2745,3,2,4,4,34018.2,2,0.5,0.6667,3,1,37.13,57.07,56.75,HIGH,SHARED_MERCHANT|DENSE_USER_MERCHANT_NETWORK|HIGH_CHARGEBACK_CONCENTRATION
2072,8,3,10,10,122809.78,2,0.2,0.4167,5,3,28.56,60.09,56.74,HIGH,SHARED_MERCHANT|MULTIPLE_SHARED_MERCHANTS|DENSE_USER_MERCHANT_NETWORK|HIGH_CHARGEBACK_CONCENTRATION|LARGE_CONNECTED_CLUSTER
503,7,2,8,8,61118.71,2,0.25,0.5714,4,2,27.76,52.96,56.74,HIGH,SHARED_MERCHANT|MULTIPLE_SHARED_MERCHANTS|DENSE_USER_MERCHANT_NETWORK|HIGH_CHARGEBACK_CONCENTRATION|LARGE_CONNECTED_CLUSTER
1038,4,2,5,5,45223.81,1,0.2,0.625,4,1,26.56,53.42,56.7,HIGH,SHARED_MERCHANT|DENSE_USER_MERCHANT_NETWORK|HIGH_CHARGEBACK_CONCENTRATION
383,10,3,12,12,97022.22,3,0.25,0.4,5,3,28.23,54.47,56.7,HIGH,SHARED_MERCHANT|MULTIPLE_SHARED_MERCHANTS|DENSE_USER_MERCHANT_NETWORK|HIGH_CHARGEBACK_CONCENTRATION|LARGE_CONNECTED_CLUSTER
2167,3,2,4,4,46098.97,2,0.5,0.6667,3,1,36.82,54.99,56.69,HIGH,SHARED_MERCHANT|DENSE_USER_MERCHANT_NETWORK|HIGH_CHARGEBACK_CONCENTRATION
4158,3,2,4,4,57741.53,1,0.25,0.6667,3,1,36.85,68.71,56.69,HIGH,SHARED_MERCHANT|DENSE_USER_MERCHANT_NETWORK|HIGH_CHARGEBACK_CONCENTRATION
2862,4,2,5,5,46662.51,1,0.2,0.625,4,1,26.25,47.21,56.63,HIGH,SHARED_MERCHANT|DENSE_USER_MERCHANT_NETWORK|HIGH_CHARGEBACK_CONCENTRATION
2355,8,3,10,10,99920.49,2,0.2,0.4167,5,3,27.88,54.31,56.6,HIGH,SHARED_MERCHANT|MULTIPLE_SHARED_MERCHANTS|DENSE_USER_MERCHANT_NETWORK|HIGH_CHARGEBACK_CONCENTRATION|LARGE_CONNECTED_CLUSTER
2922,5,2,6,6,67735.26,1,0.1667,0.6,5,1,35.16,80.73,56.58,HIGH,SHARED_MERCHANT|DENSE_USER_MERCHANT_NETWORK|HIGH_CHARGEBACK_CONCENTRATION|LARGE_CONNECTED_CLUSTER
1846,3,2,4,4,39942.33,3,0.75,0.6667,2,2,48.75,59.58,56.57,HIGH,MULTIPLE_SHARED_MERCHANTS|DENSE_USER_MERCHANT_NETWORK|HIGH_CHARGEBACK_CONCENTRATION
795,4,2,5,5,52114.64,2,0.4,0.625,3,2,38.44,69.2,56.57,HIGH,SHARED_MERCHANT|MULTIPLE_SHARED_MERCHANTS|DENSE_USER_MERCHANT_NETWORK|HIGH_CHARGEBACK_CONCENTRATION
591,4,2,5,5,35065.03,1,0.2,0.625,4,1,25.88,58.72,56.56,HIGH,SHARED_MERCHANT|DENSE_USER_MERCHANT_NETWORK|HIGH_CHARGEBACK_CONCENTRATION
744,4,2,5,5,45570.69,2,0.4,0.625,3,2,38.36,65.47,56.55,HIGH,SHARED_MERCHANT|MULTIPLE_SHARED_MERCHANTS|DENSE_USER_MERCHANT_NETWORK|HIGH_CHARGEBACK_CONCENTRATION
3536,3,2,4,4,44888.27,1,0.25,0.6667,3,1,35.75,53.99,56.47,HIGH,SHARED_MERCHANT|DENSE_USER_MERCHANT_NETWORK|HIGH_CHARGEBACK_CONCENTRATION
1419,4,2,5,5,94747.14,1,0.2,0.625,3,2,37.78,75.63,56.44,HIGH,SHARED_MERCHANT|MULTIPLE_SHARED_MERCHANTS|DENSE_USER_MERCHANT_NETWORK|HIGH_CHARGEBACK_CONCENTRATION
669,4,2,5,5,26297.3,1,0.2,0.625,4,1,25.21,46.24,56.42,HIGH,SHARED_MERCHANT|DENSE_USER_MERCHANT_NETWORK|HIGH_CHARGEBACK_CONCENTRATION
1460,5,3,7,7,25144.95,4,0.5714,0.4667,4,2,37.9,77.11,56.42,HIGH,SHARED_MERCHANT|MULTIPLE_SHARED_MERCHANTS|DENSE_USER_MERCHANT_NETWORK|HIGH_CHARGEBACK_CONCENTRATION|LARGE_CONNECTED_CLUSTER
2045,4,2,5,5,50784.6,2,0.4,0.625,3,2,37.63,66.17,56.41,HIGH,SHARED_MERCHANT|MULTIPLE_SHARED_MERCHANTS|DENSE_USER_MERCHANT_NETWORK|HIGH_CHARGEBACK_CONCENTRATION
4914,2,2,3,3,35414.6,1,0.3333,0.75,2,1,41.81,49.51,56.37,HIGH,HIGH_CHARGEBACK_CONCENTRATION
3792,4,2,5,5,50166.57,2,0.4,0.625,3,2,37.29,54.62,56.34,HIGH,SHARED_MERCHANT|MULTIPLE_SHARED_MERCHANTS|DENSE_USER_MERCHANT_NETWORK|HIGH_CHARGEBACK_CONCENTRATION
3582,4,2,5,5,40022.26,2,0.4,0.625,3,2,37.02,53.46,56.29,HIGH,SHARED_MERCHANT|MULTIPLE_SHARED_MERCHANTS|DENSE_USER_MERCHANT_NETWORK|HIGH_CHARGEBACK_CONCENTRATION
1709,12,5,16,16,160418.29,3,0.1875,0.2667,6,4,31.83,52.39,56.28,HIGH,SHARED_MERCHANT|MULTIPLE_SHARED_MERCHANTS|HIGH_CHARGEBACK_CONCENTRATION|LARGE_CONNECTED_CLUSTER
2813,4,2,5,5,58542.44,2,0.4,0.625,3,2,36.77,65.98,56.24,HIGH,SHARED_MERCHANT|MULTIPLE_SHARED_MERCHANTS|DENSE_USER_MERCHANT_NETWORK|HIGH_CHARGEBACK_CONCENTRATION
4917,3,2,4,4,28642.99,2,0.5,0.6667,3,1,34.42,52.69,56.21,HIGH,SHARED_MERCHANT|DENSE_USER_MERCHANT_NETWORK|HIGH_CHARGEBACK_CONCENTRATION
794,5,3,7,7,95883.27,2,0.2857,0.4667,4,2,36.84,62.43,56.21,HIGH,SHARED_MERCHANT|MULTIPLE_SHARED_MERCHANTS|DENSE_USER_MERCHANT_NETWORK|HIGH_CHARGEBACK_CONCENTRATION|LARGE_CONNECTED_CLUSTER
4341,4,2,5,5,43079.78,2,0.4,0.625,3,2,36.45,59.8,56.17,HIGH,SHARED_MERCHANT|MULTIPLE_SHARED_MERCHANTS|DENSE_USER_MERCHANT_NETWORK|HIGH_CHARGEBACK_CONCENTRATION
763,10,4,13,13,161644.84,3,0.2308,0.325,5,4,32.14,70.33,56.15,HIGH,SHARED_MERCHANT|MULTIPLE_SHARED_MERCHANTS|HIGH_CHARGEBACK_CONCENTRATION|LARGE_CONNECTED_CLUSTER
2863,3,2,4,4,69845.87,1,0.25,0.6667,3,1,34.09,60.64,56.14,HIGH,SHARED_MERCHANT|DENSE_USER_MERCHANT_NETWORK|HIGH_CHARGEBACK_CONCENTRATION
1753,17,5,21,21,178783.36,4,0.1905,0.2471,6,5,28.38,54.12,56.12,HIGH,SHARED_MERCHANT|MULTIPLE_SHARED_MERCHANTS|HIGH_CHARGEBACK_CONCENTRATION|LARGE_CONNECTED_CLUSTER
415,7,3,9,9,117513.05,2,0.2222,0.4286,4,3,37.79,74.72,56.12,HIGH,SHARED_MERCHANT|MULTIPLE_SHARED_MERCHANTS|DENSE_USER_MERCHANT_NETWORK|HIGH_CHARGEBACK_CONCENTRATION|LARGE_CONNECTED_CLUSTER
1813,4,2,5,5,75752.41,2,0.4,0.625,3,2,36.12,55.53,56.11,HIGH,SHARED_MERCHANT|MULTIPLE_SHARED_MERCHANTS|DENSE_USER_MERCHANT_NETWORK|HIGH_CHARGEBACK_CONCENTRATION
3957,7,4,10,10,85039.71,3,0.3,0.3571,5,3,31.37,54.27,56.11,HIGH,SHARED_MERCHANT|MULTIPLE_SHARED_MERCHANTS|HIGH_CHARGEBACK_CONCENTRATION|LARGE_CONNECTED_CLUSTER
2950,5,2,6,6,36748.21,3,0.5,0.6,3,2,36.9,53.06,56.1,HIGH,SHARED_MERCHANT|MULTIPLE_SHARED_MERCHANTS|DENSE_USER_MERCHANT_NETWORK|HIGH_CHARGEBACK_CONCENTRATION|LARGE_CONNECTED_CLUSTER
3377,4,2,5,5,64029.56,2,0.4,0.625,3,2,35.89,55.89,56.06,HIGH,SHARED_MERCHANT|MULTIPLE_SHARED_MERCHANTS|DENSE_USER_MERCHANT_NETWORK|HIGH_CHARGEBACK_CONCENTRATION
2468,3,2,4,4,41607.21,1,0.25,0.6667,3,1,33.53,48.82,56.03,HIGH,SHARED_MERCHANT|DENSE_USER_MERCHANT_NETWORK|HIGH_CHARGEBACK_CONCENTRATION
4391,3,2,4,4,50141.59,1,0.25,0.6667,3,1,33.04,50.06,55.93,HIGH,SHARED_MERCHANT|DENSE_USER_MERCHANT_NETWORK|HIGH_CHARGEBACK_CONCENTRATION
736,8,3,10,10,114788.94,4,0.4,0.4167,4,3,36.55,60.08,55.84,HIGH,SHARED_MERCHANT|MULTIPLE_SHARED_MERCHANTS|DENSE_USER_MERCHANT_NETWORK|HIGH_CHARGEBACK_CONCENTRATION|LARGE_CONNECTED_CLUSTER
1603,4,2,5,5,70979.25,2,0.4,0.625,3,2,34.68,57.17,55.82,HIGH,SHARED_MERCHANT|MULTIPLE_SHARED_MERCHANTS|DENSE_USER_MERCHANT_NETWORK|HIGH_CHARGEBACK_CONCENTRATION
1101,4,2,5,5,71420.35,1,0.2,0.625,3,2,34.58,57.54,55.8,HIGH,SHARED_MERCHANT|MULTIPLE_SHARED_MERCHANTS|DENSE_USER_MERCHANT_NETWORK|HIGH_CHARGEBACK_CONCENTRATION
2773,3,2,4,4,30759.24,1,0.25,0.6667,3,1,32.42,69.97,55.8,HIGH,SHARED_MERCHANT|DENSE_USER_MERCHANT_NETWORK|HIGH_CHARGEBACK_CONCENTRATION
51,4,2,5,5,71435.8,1,0.2,0.625,3,2,34.26,47.59,55.73,HIGH,SHARED_MERCHANT|MULTIPLE_SHARED_MERCHANTS|DENSE_USER_MERCHANT_NETWORK|HIGH_CHARGEBACK_CONCENTRATION
2815,4,2,5,5,68898.63,1,0.2,0.625,3,2,34.26,57.35,55.73,HIGH,SHARED_MERCHANT|MULTIPLE_SHARED_MERCHANTS|DENSE_USER_MERCHANT_NETWORK|HIGH_CHARGEBACK_CONCENTRATION
192,8,4,11,11,104316.64,3,0.2727,0.3438,5,2,29.76,56.53,55.71,HIGH,SHARED_MERCHANT|MULTIPLE_SHARED_MERCHANTS|HIGH_CHARGEBACK_CONCENTRATION|LARGE_CONNECTED_CLUSTER
3964,3,2,4,4,59246.57,1,0.25,0.6667,3,1,31.95,56.61,55.71,HIGH,SHARED_MERCHANT|DENSE_USER_MERCHANT_NETWORK|HIGH_CHARGEBACK_CONCENTRATION
2562,4,2,5,5,54740.89,2,0.4,0.625,3,2,34.06,53.02,55.69,HIGH,SHARED_MERCHANT|MULTIPLE_SHARED_MERCHANTS|DENSE_USER_MERCHANT_NETWORK|HIGH_CHARGEBACK_CONCENTRATION
583,5,2,6,6,84180.43,2,0.3333,0.6,3,2,34.83,62.95,55.68,HIGH,SHARED_MERCHANT|MULTIPLE_SHARED_MERCHANTS|DENSE_USER_MERCHANT_NETWORK|HIGH_CHARGEBACK_CONCENTRATION|LARGE_CONNECTED_CLUSTER
2633,5,2,6,6,60234.32,2,0.3333,0.6,3,2,34.79,52.68,55.68,HIGH,SHARED_MERCHANT|MULTIPLE_SHARED_MERCHANTS|DENSE_USER_MERCHANT_NETWORK|HIGH_CHARGEBACK_CONCENTRATION|LARGE_CONNECTED_CLUSTER
35,4,2,5,5,69660.56,1,0.2,0.625,3,2,33.88,52.25,55.66,HIGH,SHARED_MERCHANT|MULTIPLE_SHARED_MERCHANTS|DENSE_USER_MERCHANT_NETWORK|HIGH_CHARGEBACK_CONCENTRATION
3237,4,2,5,5,86726.94,1,0.2,0.625,3,2,33.71,49.18,55.63,HIGH,SHARED_MERCHANT|MULTIPLE_SHARED_MERCHANTS|DENSE_USER_MERCHANT_NETWORK|HIGH_CHARGEBACK_CONCENTRATION
183,13,5,17,17,193689.27,4,0.2353,0.2615,5,5,33.11,58.1,55.62,HIGH,SHARED_MERCHANT|MULTIPLE_SHARED_MERCHANTS|HIGH_CHARGEBACK_CONCENTRATION|LARGE_CONNECTED_CLUSTER
219,7,3,9,9,80183.65,4,0.4444,0.4286,4,3,35.32,55.63,55.62,HIGH,SHARED_MERCHANT|MULTIPLE_SHARED_MERCHANTS|DENSE_USER_MERCHANT_NETWORK|HIGH_CHARGEBACK_CONCENTRATION|LARGE_CONNECTED_CLUSTER
1094,4,2,5,5,53372.08,2,0.4,0.625,3,2,33.64,49.99,55.61,HIGH,SHARED_MERCHANT|MULTIPLE_SHARED_MERCHANTS|DENSE_USER_MERCHANT_NETWORK|HIGH_CHARGEBACK_CONCENTRATION
1602,4,2,5,5,55457.58,2,0.4,0.625,3,2,33.62,54.98,55.61,HIGH,SHARED_MERCHANT|MULTIPLE_SHARED_MERCHANTS|DENSE_USER_MERCHANT_NETWORK|HIGH_CHARGEBACK_CONCENTRATION
1632,10,3,12,12,111921.82,2,0.1667,0.4,6,2,31.08,58.83,55.61,HIGH,SHARED_MERCHANT|MULTIPLE_SHARED_MERCHANTS|DENSE_USER_MERCHANT_NETWORK|HIGH_CHARGEBACK_CONCENTRATION|LARGE_CONNECTED_CLUSTER
932,14,4,17,17,233573.02,3,0.1765,0.3036,6,4,31.05,61.3,55.6,HIGH,SHARED_MERCHANT|MULTIPLE_SHARED_MERCHANTS|HIGH_CHARGEBACK_CONCENTRATION|LARGE_CONNECTED_CLUSTER
2662,3,2,4,4,26115.21,1,0.25,0.6667,3,1,31.39,69.75,55.6,HIGH,SHARED_MERCHANT|DENSE_USER_MERCHANT_NETWORK|HIGH_CHARGEBACK_CONCENTRATION
4772,3,2,4,4,60235.44,1,0.25,0.6667,3,1,31.39,54.86,55.6,HIGH,SHARED_MERCHANT|DENSE_USER_MERCHANT_NETWORK|HIGH_CHARGEBACK_CONCENTRATION
651,4,2,5,5,60111.26,1,0.2,0.625,3,2,33.47,54.36,55.58,HIGH,SHARED_MERCHANT|MULTIPLE_SHARED_MERCHANTS|DENSE_USER_MERCHANT_NETWORK|HIGH_CHARGEBACK_CONCENTRATION
862,7,3,9,9,156284.65,3,0.3333,0.4286,4,3,35.1,62.06,55.58,HIGH,SHARED_MERCHANT|MULTIPLE_SHARED_MERCHANTS|DENSE_USER_MERCHANT_NETWORK|HIGH_CHARGEBACK_CONCENTRATION|LARGE_CONNECTED_CLUSTER
3925,7,3,9,9,101085.69,2,0.2222,0.4286,4,3,34.98,65.15,55.56,HIGH,SHARED_MERCHANT|MULTIPLE_SHARED_MERCHANTS|DENSE_USER_MERCHANT_NETWORK|HIGH_CHARGEBACK_CONCENTRATION|LARGE_CONNECTED_CLUSTER
1327,6,2,7,7,72461.59,1,0.1429,0.5833,6,1,32.34,46.04,55.5,HIGH,SHARED_MERCHANT|DENSE_USER_MERCHANT_NETWORK|HIGH_CHARGEBACK_CONCENTRATION|LARGE_CONNECTED_CLUSTER
783,8,3,10,10,114181.65,3,0.3,0.4167,4,3,34.78,54.5,55.49,HIGH,SHARED_MERCHANT|MULTIPLE_SHARED_MERCHANTS|DENSE_USER_MERCHANT_NETWORK|HIGH_CHARGEBACK_CONCENTRATION|LARGE_CONNECTED_CLUSTER
3201,4,2,5,5,51902.64,2,0.4,0.625,3,2,32.98,52.75,55.48,HIGH,SHARED_MERCHANT|MULTIPLE_SHARED_MERCHANTS|DENSE_USER_MERCHANT_NETWORK|HIGH_CHARGEBACK_CONCENTRATION
1091,4,2,5,5,55130.86,2,0.4,0.625,3,2,32.94,56.64,55.47,HIGH,SHARED_MERCHANT|MULTIPLE_SHARED_MERCHANTS|DENSE_USER_MERCHANT_NETWORK|HIGH_CHARGEBACK_CONCENTRATION
698,12,4,15,15,149415.58,3,0.2,0.3125,5,4,28.56,55.87,55.47,HIGH,SHARED_MERCHANT|MULTIPLE_SHARED_MERCHANTS|HIGH_CHARGEBACK_CONCENTRATION|LARGE_CONNECTED_CLUSTER
891,7,3,9,9,132450.72,2,0.2222,0.4286,4,3,34.48,62.7,55.46,HIGH,SHARED_MERCHANT|MULTIPLE_SHARED_MERCHANTS|DENSE_USER_MERCHANT_NETWORK|HIGH_CHARGEBACK_CONCENTRATION|LARGE_CONNECTED_CLUSTER
1310,6,2,7,7,101810.95,1,0.1429,0.5833,6,1,32.13,43.96,55.46,HIGH,SHARED_MERCHANT|DENSE_USER_MERCHANT_NETWORK|HIGH_CHARGEBACK_CONCENTRATION|LARGE_CONNECTED_CLUSTER
1664,4,2,5,5,47672.67,2,0.4,0.625,3,2,32.85,47.88,55.45,HIGH,SHARED_MERCHANT|MULTIPLE_SHARED_MERCHANTS|DENSE_USER_MERCHANT_NETWORK|HIGH_CHARGEBACK_CONCENTRATION
80,24,7,30,30,246310.77,5,0.1667,0.1786,7,7,30.48,75.78,55.44,HIGH,SHARED_MERCHANT|MULTIPLE_SHARED_MERCHANTS|HIGH_CHARGEBACK_CONCENTRATION|LARGE_CONNECTED_CLUSTER
954,15,5,19,19,196575.33,4,0.2105,0.2533,5,5,31.93,73.05,55.44,HIGH,SHARED_MERCHANT|MULTIPLE_SHARED_MERCHANTS|HIGH_CHARGEBACK_CONCENTRATION|LARGE_CONNECTED_CLUSTER
92,8,3,10,10,89198.59,2,0.2,0.4167,4,3,34.45,52.65,55.42,HIGH,SHARED_MERCHANT|MULTIPLE_SHARED_MERCHANTS|DENSE_USER_MERCHANT_NETWORK|HIGH_CHARGEBACK_CONCENTRATION|LARGE_CONNECTED_CLUSTER
2147,8,3,10,10,143039.94,3,0.3,0.4167,4,3,34.4,57.84,55.41,HIGH,SHARED_MERCHANT|MULTIPLE_SHARED_MERCHANTS|DENSE_USER_MERCHANT_NETWORK|HIGH_CHARGEBACK_CONCENTRATION|LARGE_CONNECTED_CLUSTER
950,10,3,12,12,148597.46,2,0.1667,0.4,6,3,30.03,60.43,55.4,HIGH,SHARED_MERCHANT|MULTIPLE_SHARED_MERCHANTS|DENSE_USER_MERCHANT_NETWORK|HIGH_CHARGEBACK_CONCENTRATION|LARGE_CONNECTED_CLUSTER
5156,2,2,3,3,63717.85,1,0.3333,0.75,2,1,36.83,56.88,55.37,HIGH,HIGH_CHARGEBACK_CONCENTRATION
3102,4,2,5,5,59034.26,1,0.2,0.625,3,2,32.14,45.73,55.31,HIGH,SHARED_MERCHANT|MULTIPLE_SHARED_MERCHANTS|DENSE_USER_MERCHANT_NETWORK|HIGH_CHARGEBACK_CONCENTRATION
557,4,2,5,5,68283.51,1,0.2,0.625,3,2,31.84,59.33,55.25,HIGH,SHARED_MERCHANT|MULTIPLE_SHARED_MERCHANTS|DENSE_USER_MERCHANT_NETWORK|HIGH_CHARGEBACK_CONCENTRATION
3308,4,2,5,5,46013.65,1,0.2,0.625,3,2,31.8,65.32,55.24,HIGH,SHARED_MERCHANT|MULTIPLE_SHARED_MERCHANTS|DENSE_USER_MERCHANT_NETWORK|HIGH_CHARGEBACK_CONCENTRATION
770,4,2,5,5,43580.58,1,0.2,0.625,3,2,31.75,49.1,55.23,HIGH,SHARED_MERCHANT|MULTIPLE_SHARED_MERCHANTS|DENSE_USER_MERCHANT_NETWORK|HIGH_CHARGEBACK_CONCENTRATION
2033,4,2,5,5,42431.16,1,0.2,0.625,3,2,31.66,65.6,55.21,HIGH,SHARED_MERCHANT|MULTIPLE_SHARED_MERCHANTS|DENSE_USER_MERCHANT_NETWORK|HIGH_CHARGEBACK_CONCENTRATION
1229,9,3,11,11,153535.57,2,0.1818,0.4074,5,3,32.27,58.08,55.21,HIGH,SHARED_MERCHANT|MULTIPLE_SHARED_MERCHANTS|DENSE_USER_MERCHANT_NETWORK|HIGH_CHARGEBACK_CONCENTRATION|LARGE_CONNECTED_CLUSTER
1733,9,3,11,11,66023.76,2,0.1818,0.4074,5,3,32.21,64.64,55.2,HIGH,SHARED_MERCHANT|MULTIPLE_SHARED_MERCHANTS|DENSE_USER_MERCHANT_NETWORK|HIGH_CHARGEBACK_CONCENTRATION|LARGE_CONNECTED_CLUSTER
496,4,2,5,5,39464.61,2,0.4,0.625,3,2,31.56,53.43,55.19,HIGH,SHARED_MERCHANT|MULTIPLE_SHARED_MERCHANTS|DENSE_USER_MERCHANT_NETWORK|HIGH_CHARGEBACK_CONCENTRATION
1488,4,2,5,5,43541.35,2,0.4,0.625,3,2,31.43,57.58,55.17,HIGH,SHARED_MERCHANT|MULTIPLE_SHARED_MERCHANTS|DENSE_USER_MERCHANT_NETWORK|HIGH_CHARGEBACK_CONCENTRATION
302,3,2,4,4,39593.81,1,0.25,0.6667,3,1,29.25,54.14,55.17,HIGH,SHARED_MERCHANT|DENSE_USER_MERCHANT_NETWORK|HIGH_CHARGEBACK_CONCENTRATION
2447,4,2,5,5,78486.8,1,0.2,0.625,3,2,31.39,56.39,55.16,HIGH,SHARED_MERCHANT|MULTIPLE_SHARED_MERCHANTS|DENSE_USER_MERCHANT_NETWORK|HIGH_CHARGEBACK_CONCENTRATION
717,4,2,5,5,82474.7,1,0.2,0.625,3,2,31.32,57.96,55.15,HIGH,SHARED_MERCHANT|MULTIPLE_SHARED_MERCHANTS|DENSE_USER_MERCHANT_NETWORK|HIGH_CHARGEBACK_CONCENTRATION
4076,2,2,3,3,45005.89,1,0.3333,0.75,2,1,35.63,57.05,55.13,HIGH,HIGH_CHARGEBACK_CONCENTRATION
1827,4,2,5,5,42398.87,1,0.2,0.625,3,2,31.26,54.01,55.13,HIGH,SHARED_MERCHANT|MULTIPLE_SHARED_MERCHANTS|DENSE_USER_MERCHANT_NETWORK|HIGH_CHARGEBACK_CONCENTRATION
1292,10,5,14,14,191814.87,3,0.2143,0.28,5,4,30.79,59.12,55.13,HIGH,SHARED_MERCHANT|MULTIPLE_SHARED_MERCHANTS|HIGH_CHARGEBACK_CONCENTRATION|LARGE_CONNECTED_CLUSTER
3808,4,2,5,5,65140.18,1,0.2,0.625,3,2,31.16,53.29,55.12,HIGH,SHARED_MERCHANT|MULTIPLE_SHARED_MERCHANTS|DENSE_USER_MERCHANT_NETWORK|HIGH_CHARGEBACK_CONCENTRATION
2265,3,2,4,4,49965.43,1,0.25,0.6667,2,2,41.28,49.13,55.08,HIGH,MULTIPLE_SHARED_MERCHANTS|DENSE_USER_MERCHANT_NETWORK|HIGH_CHARGEBACK_CONCENTRATION
1231,4,2,5,5,40612.32,1,0.2,0.625,3,2,30.74,53.99,55.03,HIGH,SHARED_MERCHANT|MULTIPLE_SHARED_MERCHANTS|DENSE_USER_MERCHANT_NETWORK|HIGH_CHARGEBACK_CONCENTRATION
1504,10,3,12,12,118727.86,2,0.1667,0.4,6,3,28.12,50.05,55.02,HIGH,SHARED_MERCHANT|MULTIPLE_SHARED_MERCHANTS|DENSE_USER_MERCHANT_NETWORK|HIGH_CHARGEBACK_CONCENTRATION|LARGE_CONNECTED_CLUSTER
4377,4,2,5,5,34397.11,1,0.2,0.625,3,2,30.64,54.07,55.01,HIGH,SHARED_MERCHANT|MULTIPLE_SHARED_MERCHANTS|DENSE_USER_MERCHANT_NETWORK|HIGH_CHARGEBACK_CONCENTRATION
4429,3,2,4,4,30028.05,1,0.25,0.6667,3,1,28.43,51.15,55.01,HIGH,SHARED_MERCHANT|DENSE_USER_MERCHANT_NETWORK|HIGH_CHARGEBACK_CONCENTRATION
3713,2,2,3,3,48283.04,1,0.3333,0.75,2,1,34.98,57.02,55.0,HIGH,HIGH_CHARGEBACK_CONCENTRATION
3334,2,2,3,3,57360.54,1,0.3333,0.75,2,1,34.77,56.8,54.96,HIGH,HIGH_CHARGEBACK_CONCENTRATION
2388,7,3,9,9,74641.07,2,0.2222,0.4286,4,3,31.8,70.59,54.92,HIGH,SHARED_MERCHANT|MULTIPLE_SHARED_MERCHANTS|DENSE_USER_MERCHANT_NETWORK|HIGH_CHARGEBACK_CONCENTRATION|LARGE_CONNECTED_CLUSTER
5318,4,2,5,5,86744.36,1,0.2,0.625,3,2,30.18,52.6,54.92,HIGH,SHARED_MERCHANT|MULTIPLE_SHARED_MERCHANTS|DENSE_USER_MERCHANT_NETWORK|HIGH_CHARGEBACK_CONCENTRATION
1826,4,2,5,5,64774.28,1,0.2,0.625,3,2,30.14,59.75,54.91,HIGH,SHARED_MERCHANT|MULTIPLE_SHARED_MERCHANTS|DENSE_USER_MERCHANT_NETWORK|HIGH_CHARGEBACK_CONCENTRATION
4546,2,2,3,3,45552.59,1,0.3333,0.75,2,1,34.46,56.84,54.9,HIGH,HIGH_CHARGEBACK_CONCENTRATION
1451,7,3,9,9,78733.79,2,0.2222,0.4286,4,3,31.72,69.81,54.9,HIGH,SHARED_MERCHANT|MULTIPLE_SHARED_MERCHANTS|DENSE_USER_MERCHANT_NETWORK|HIGH_CHARGEBACK_CONCENTRATION|LARGE_CONNECTED_CLUSTER
3574,4,2,5,5,63129.08,1,0.2,0.625,3,2,30.05,58.98,54.89,HIGH,SHARED_MERCHANT|MULTIPLE_SHARED_MERCHANTS|DENSE_USER_MERCHANT_NETWORK|HIGH_CHARGEBACK_CONCENTRATION
1818,4,2,5,5,41730.18,1,0.2,0.625,3,2,29.97,46.39,54.88,HIGH,SHARED_MERCHANT|MULTIPLE_SHARED_MERCHANTS|DENSE_USER_MERCHANT_NETWORK|HIGH_CHARGEBACK_CONCENTRATION
404,17,6,22,22,276717.63,4,0.1818,0.2157,6,4,30.13,57.95,54.86,HIGH,SHARED_MERCHANT|MULTIPLE_SHARED_MERCHANTS|HIGH_CHARGEBACK_CONCENTRATION|LARGE_CONNECTED_CLUSTER
3589,2,2,3,3,11514.0,1,0.3333,0.75,2,1,34.26,64.89,54.86,HIGH,HIGH_CHARGEBACK_CONCENTRATION
2226,4,2,5,5,64025.85,1,0.2,0.625,3,2,29.9,60.52,54.86,HIGH,SHARED_MERCHANT|MULTIPLE_SHARED_MERCHANTS|DENSE_USER_MERCHANT_NETWORK|HIGH_CHARGEBACK_CONCENTRATION
2146,4,2,5,5,35720.4,1,0.2,0.625,3,2,29.85,70.86,54.85,HIGH,SHARED_MERCHANT|MULTIPLE_SHARED_MERCHANTS|DENSE_USER_MERCHANT_NETWORK|HIGH_CHARGEBACK_CONCENTRATION
352,5,2,6,6,28485.07,2,0.3333,0.6,3,2,30.66,57.58,54.85,HIGH,SHARED_MERCHANT|MULTIPLE_SHARED_MERCHANTS|DENSE_USER_MERCHANT_NETWORK|HIGH_CHARGEBACK_CONCENTRATION|LARGE_CONNECTED_CLUSTER
347,5,2,6,6,56421.13,2,0.3333,0.6,3,2,30.58,57.27,54.83,HIGH,SHARED_MERCHANT|MULTIPLE_SHARED_MERCHANTS|DENSE_USER_MERCHANT_NETWORK|HIGH_CHARGEBACK_CONCENTRATION|LARGE_CONNECTED_CLUSTER
2326,2,2,3,3,35637.24,1,0.3333,0.75,2,1,34.04,51.15,54.81,HIGH,HIGH_CHARGEBACK_CONCENTRATION
2782,5,2,6,6,57397.15,1,0.1667,0.6,5,1,26.25,46.68,54.8,HIGH,SHARED_MERCHANT|DENSE_USER_MERCHANT_NETWORK|HIGH_CHARGEBACK_CONCENTRATION|LARGE_CONNECTED_CLUSTER
197,10,5,14,14,151362.35,3,0.2143,0.28,5,4,29.11,59.39,54.79,HIGH,SHARED_MERCHANT|MULTIPLE_SHARED_MERCHANTS|HIGH_CHARGEBACK_CONCENTRATION|LARGE_CONNECTED_CLUSTER
2384,3,2,4,4,37560.48,1,0.25,0.6667,3,1,27.29,47.95,54.78,HIGH,SHARED_MERCHANT|DENSE_USER_MERCHANT_NETWORK|HIGH_CHARGEBACK_CONCENTRATION
1555,8,4,11,11,83294.8,6,0.5455,0.3438,4,3,37.54,55.83,54.77,HIGH,SHARED_MERCHANT|MULTIPLE_SHARED_MERCHANTS|HIGH_CHARGEBACK_CONCENTRATION|LARGE_CONNECTED_CLUSTER
901,2,2,3,3,33931.9,1,0.3333,0.75,2,1,33.75,50.42,54.75,HIGH,HIGH_CHARGEBACK_CONCENTRATION
903,4,2,5,5,68751.18,1,0.2,0.625,3,2,29.27,59.24,54.74,HIGH,SHARED_MERCHANT|MULTIPLE_SHARED_MERCHANTS|DENSE_USER_MERCHANT_NETWORK|HIGH_CHARGEBACK_CONCENTRATION
2593,4,2,5,5,62925.77,1,0.2,0.625,3,2,29.15,58.1,54.71,HIGH,SHARED_MERCHANT|MULTIPLE_SHARED_MERCHANTS|DENSE_USER_MERCHANT_NETWORK|HIGH_CHARGEBACK_CONCENTRATION
355,10,4,13,13,151973.83,2,0.1538,0.325,7,3,28.74,52.82,54.7,HIGH,SHARED_MERCHANT|MULTIPLE_SHARED_MERCHANTS|HIGH_CHARGEBACK_CONCENTRATION|LARGE_CONNECTED_CLUSTER
2648,3,2,4,4,21542.98,1,0.25,0.6667,3,1,26.79,51.3,54.68,HIGH,SHARED_MERCHANT|DENSE_USER_MERCHANT_NETWORK|HIGH_CHARGEBACK_CONCENTRATION
888,4,2,5,5,62571.67,1,0.2,0.625,3,2,28.93,46.35,54.67,HIGH,SHARED_MERCHANT|MULTIPLE_SHARED_MERCHANTS|DENSE_USER_MERCHANT_NETWORK|HIGH_CHARGEBACK_CONCENTRATION
672,4,2,5,5,65519.71,1,0.2,0.625,3,2,28.95,60.27,54.67,HIGH,SHARED_MERCHANT|MULTIPLE_SHARED_MERCHANTS|DENSE_USER_MERCHANT_NETWORK|HIGH_CHARGEBACK_CONCENTRATION
2474,3,2,4,4,29106.71,1,0.25,0.6667,3,1,26.67,48.98,54.66,HIGH,SHARED_MERCHANT|DENSE_USER_MERCHANT_NETWORK|HIGH_CHARGEBACK_CONCENTRATION
599,4,2,5,5,34857.82,1,0.2,0.625,3,2,28.84,52.32,54.65,HIGH,SHARED_MERCHANT|MULTIPLE_SHARED_MERCHANTS|DENSE_USER_MERCHANT_NETWORK|HIGH_CHARGEBACK_CONCENTRATION
3607,5,2,6,6,45534.06,2,0.3333,0.6,3,2,29.65,48.83,54.65,HIGH,SHARED_MERCHANT|MULTIPLE_SHARED_MERCHANTS|DENSE_USER_MERCHANT_NETWORK|HIGH_CHARGEBACK_CONCENTRATION|LARGE_CONNECTED_CLUSTER
2580,5,2,6,6,45619.23,2,0.3333,0.6,3,2,29.56,46.9,54.63,HIGH,SHARED_MERCHANT|MULTIPLE_SHARED_MERCHANTS|DENSE_USER_MERCHANT_NETWORK|HIGH_CHARGEBACK_CONCENTRATION|LARGE_CONNECTED_CLUSTER
2732,4,2,5,5,62722.32,1,0.2,0.625,3,2,28.71,55.13,54.62,HIGH,SHARED_MERCHANT|MULTIPLE_SHARED_MERCHANTS|DENSE_USER_MERCHANT_NETWORK|HIGH_CHARGEBACK_CONCENTRATION
4638,3,2,4,4,50942.89,2,0.5,0.6667,2,2,39.0,52.6,54.62,HIGH,MULTIPLE_SHARED_MERCHANTS|DENSE_USER_MERCHANT_NETWORK|HIGH_CHARGEBACK_CONCENTRATION
2233,4,2,5,5,62525.82,1,0.2,0.625,3,2,28.53,48.87,54.59,HIGH,SHARED_MERCHANT|MULTIPLE_SHARED_MERCHANTS|DENSE_USER_MERCHANT_NETWORK|HIGH_CHARGEBACK_CONCENTRATION
2920,8,3,10,10,148347.87,2,0.2,0.4167,4,3,30.22,55.5,54.57,HIGH,SHARED_MERCHANT|MULTIPLE_SHARED_MERCHANTS|DENSE_USER_MERCHANT_NETWORK|HIGH_CHARGEBACK_CONCENTRATION|LARGE_CONNECTED_CLUSTER
3190,5,2,6,6,45848.8,2,0.3333,0.6,3,2,29.17,56.05,54.55,HIGH,SHARED_MERCHANT|MULTIPLE_SHARED_MERCHANTS|DENSE_USER_MERCHANT_NETWORK|HIGH_CHARGEBACK_CONCENTRATION|LARGE_CONNECTED_CLUSTER
3564,4,2,5,5,64369.71,1,0.2,0.625,3,2,28.19,51.5,54.52,HIGH,SHARED_MERCHANT|MULTIPLE_SHARED_MERCHANTS|DENSE_USER_MERCHANT_NETWORK|HIGH_CHARGEBACK_CONCENTRATION
962,3,2,4,4,21976.19,2,0.5,0.6667,2,2,38.48,47.06,54.52,HIGH,MULTIPLE_SHARED_MERCHANTS|DENSE_USER_MERCHANT_NETWORK|HIGH_CHARGEBACK_CONCENTRATION
1293,4,2,5,5,56728.41,1,0.2,0.625,3,2,28.12,46.67,54.51,HIGH,SHARED_MERCHANT|MULTIPLE_SHARED_MERCHANTS|DENSE_USER_MERCHANT_NETWORK|HIGH_CHARGEBACK_CONCENTRATION
1352,8,3,10,10,99523.52,2,0.2,0.4167,4,3,29.83,54.63,54.5,HIGH,SHARED_MERCHANT|MULTIPLE_SHARED_MERCHANTS|DENSE_USER_MERCHANT_NETWORK|HIGH_CHARGEBACK_CONCENTRATION|LARGE_CONNECTED_CLUSTER
4447,4,3,6,6,96195.18,2,0.3333,0.5,3,2,38.71,60.29,54.46,HIGH,SHARED_MERCHANT|MULTIPLE_SHARED_MERCHANTS|DENSE_USER_MERCHANT_NETWORK|HIGH_CHARGEBACK_CONCENTRATION
147,22,7,28,28,390060.02,5,0.1786,0.1818,6,7,30.97,60.64,54.45,HIGH,SHARED_MERCHANT|MULTIPLE_SHARED_MERCHANTS|HIGH_CHARGEBACK_CONCENTRATION|LARGE_CONNECTED_CLUSTER
3265,4,2,5,5,50049.1,1,0.2,0.625,3,2,27.84,46.49,54.45,HIGH,SHARED_MERCHANT|MULTIPLE_SHARED_MERCHANTS|DENSE_USER_MERCHANT_NETWORK|HIGH_CHARGEBACK_CONCENTRATION
2816,3,2,4,4,59602.2,1,0.25,0.6667,2,2,38.06,64.17,54.43,HIGH,MULTIPLE_SHARED_MERCHANTS|DENSE_USER_MERCHANT_NETWORK|HIGH_CHARGEBACK_CONCENTRATION
1255,4,2,5,5,53737.76,1,0.2,0.625,3,2,27.68,46.76,54.42,HIGH,SHARED_MERCHANT|MULTIPLE_SHARED_MERCHANTS|DENSE_USER_MERCHANT_NETWORK|HIGH_CHARGEBACK_CONCENTRATION
3330,2,2,3,3,25944.46,1,0.3333,0.75,2,1,32.09,49.03,54.42,HIGH,HIGH_CHARGEBACK_CONCENTRATION
890,4,2,5,5,50467.43,1,0.2,0.625,3,2,27.63,54.41,54.41,HIGH,SHARED_MERCHANT|MULTIPLE_SHARED_MERCHANTS|DENSE_USER_MERCHANT_NETWORK|HIGH_CHARGEBACK_CONCENTRATION
1200,4,2,5,5,54563.92,1,0.2,0.625,3,2,27.58,56.51,54.4,HIGH,SHARED_MERCHANT|MULTIPLE_SHARED_MERCHANTS|DENSE_USER_MERCHANT_NETWORK|HIGH_CHARGEBACK_CONCENTRATION
3111,2,2,3,3,19211.46,1,0.3333,0.75,2,1,31.97,49.96,54.4,HIGH,HIGH_CHARGEBACK_CONCENTRATION
1941,13,4,16,16,156093.82,3,0.1875,0.3077,5,4,30.84,74.43,54.4,HIGH,SHARED_MERCHANT|MULTIPLE_SHARED_MERCHANTS|HIGH_CHARGEBACK_CONCENTRATION|LARGE_CONNECTED_CLUSTER
2576,2,2,3,3,42955.79,1,0.3333,0.75,2,1,31.95,55.64,54.39,HIGH,HIGH_CHARGEBACK_CONCENTRATION
5247,2,2,3,3,36234.66,1,0.3333,0.75,2,1,31.92,51.35,54.39,HIGH,HIGH_CHARGEBACK_CONCENTRATION
2930,4,2,5,5,48795.1,1,0.2,0.625,3,2,27.5,45.91,54.38,HIGH,SHARED_MERCHANT|MULTIPLE_SHARED_MERCHANTS|DENSE_USER_MERCHANT_NETWORK|HIGH_CHARGEBACK_CONCENTRATION
3413,3,2,4,4,73520.14,1,0.25,0.6667,2,2,37.73,66.94,54.37,HIGH,MULTIPLE_SHARED_MERCHANTS|DENSE_USER_MERCHANT_NETWORK|HIGH_CHARGEBACK_CONCENTRATION
126,4,2,5,5,52894.08,1,0.2,0.625,3,2,27.36,42.48,54.35,HIGH,SHARED_MERCHANT|MULTIPLE_SHARED_MERCHANTS|DENSE_USER_MERCHANT_NETWORK|HIGH_CHARGEBACK_CONCENTRATION
3926,4,2,5,5,52672.17,1,0.2,0.625,3,2,27.3,47.75,54.34,HIGH,SHARED_MERCHANT|MULTIPLE_SHARED_MERCHANTS|DENSE_USER_MERCHANT_NETWORK|HIGH_CHARGEBACK_CONCENTRATION
318,4,2,5,5,39664.45,1,0.2,0.625,3,2,27.27,55.18,54.34,HIGH,SHARED_MERCHANT|MULTIPLE_SHARED_MERCHANTS|DENSE_USER_MERCHANT_NETWORK|HIGH_CHARGEBACK_CONCENTRATION
2513,3,2,4,4,23349.03,1,0.25,0.6667,3,1,25.05,46.45,54.33,HIGH,SHARED_MERCHANT|DENSE_USER_MERCHANT_NETWORK|HIGH_CHARGEBACK_CONCENTRATION
1700,7,3,9,9,96679.82,2,0.2222,0.4286,4,3,28.28,47.69,54.22,HIGH,SHARED_MERCHANT|MULTIPLE_SHARED_MERCHANTS|DENSE_USER_MERCHANT_NETWORK|HIGH_CHARGEBACK_CONCENTRATION|LARGE_CONNECTED_CLUSTER
844,4,2,5,5,39315.19,1,0.2,0.625,3,2,26.61,51.32,54.21,HIGH,SHARED_MERCHANT|MULTIPLE_SHARED_MERCHANTS|DENSE_USER_MERCHANT_NETWORK|HIGH_CHARGEBACK_CONCENTRATION
4966,2,2,3,3,30336.17,1,0.3333,0.75,2,1,30.74,57.92,54.15,HIGH,HIGH_CHARGEBACK_CONCENTRATION
2692,6,2,7,7,70656.24,1,0.1429,0.5833,6,1,25.46,47.23,54.12,HIGH,SHARED_MERCHANT|DENSE_USER_MERCHANT_NETWORK|HIGH_CHARGEBACK_CONCENTRATION|LARGE_CONNECTED_CLUSTER
4357,5,2,6,6,112574.22,1,0.1667,0.6,4,2,35.37,60.51,54.12,HIGH,SHARED_MERCHANT|MULTIPLE_SHARED_MERCHANTS|DENSE_USER_MERCHANT_NETWORK|HIGH_CHARGEBACK_CONCENTRATION|LARGE_CONNECTED_CLUSTER
3392,8,3,10,10,55182.46,3,0.3,0.4167,4,3,27.76,53.06,54.08,HIGH,SHARED_MERCHANT|MULTIPLE_SHARED_MERCHANTS|DENSE_USER_MERCHANT_NETWORK|HIGH_CHARGEBACK_CONCENTRATION|LARGE_CONNECTED_CLUSTER
4194,2,2,3,3,27984.78,1,0.3333,0.75,2,1,30.31,48.58,54.07,HIGH,HIGH_CHARGEBACK_CONCENTRATION
5233,2,2,3,3,29185.36,1,0.3333,0.75,2,1,30.32,42.05,54.07,HIGH,HIGH_CHARGEBACK_CONCENTRATION
2968,4,2,5,5,49223.34,1,0.2,0.625,3,2,25.94,48.73,54.07,HIGH,SHARED_MERCHANT|MULTIPLE_SHARED_MERCHANTS|DENSE_USER_MERCHANT_NETWORK|HIGH_CHARGEBACK_CONCENTRATION
935,4,2,5,5,31809.05,1,0.2,0.625,3,2,25.65,46.98,54.01,HIGH,SHARED_MERCHANT|MULTIPLE_SHARED_MERCHANTS|DENSE_USER_MERCHANT_NETWORK|HIGH_CHARGEBACK_CONCENTRATION
3326,2,2,3,3,29610.07,1,0.3333,0.75,2,1,29.95,44.24,53.99,HIGH,HIGH_CHARGEBACK_CONCENTRATION
3025,3,2,4,4,13868.06,1,0.25,0.6667,3,1,23.35,44.13,53.99,HIGH,SHARED_MERCHANT|DENSE_USER_MERCHANT_NETWORK|HIGH_CHARGEBACK_CONCENTRATION
1438,8,2,9,9,117629.01,1,0.1111,0.5625,7,2,31.32,60.2,53.89,HIGH,SHARED_MERCHANT|MULTIPLE_SHARED_MERCHANTS|DENSE_USER_MERCHANT_NETWORK|HIGH_CHARGEBACK_CONCENTRATION|LARGE_CONNECTED_CLUSTER
4500,4,2,5,5,35202.14,1,0.2,0.625,3,2,24.97,49.66,53.88,HIGH,SHARED_MERCHANT|MULTIPLE_SHARED_MERCHANTS|DENSE_USER_MERCHANT_NETWORK|HIGH_CHARGEBACK_CONCENTRATION
965,4,2,5,5,31424.27,1,0.2,0.625,3,2,24.69,46.6,53.82,HIGH,SHARED_MERCHANT|MULTIPLE_SHARED_MERCHANTS|DENSE_USER_MERCHANT_NETWORK|HIGH_CHARGEBACK_CONCENTRATION
3135,5,3,7,7,61686.21,3,0.4286,0.4667,3,3,37.16,64.54,53.77,HIGH,SHARED_MERCHANT|MULTIPLE_SHARED_MERCHANTS|DENSE_USER_MERCHANT_NETWORK|HIGH_CHARGEBACK_CONCENTRATION|LARGE_CONNECTED_CLUSTER
559,8,2,9,9,101661.85,1,0.1111,0.5625,7,2,30.63,48.55,53.75,HIGH,SHARED_MERCHANT|MULTIPLE_SHARED_MERCHANTS|DENSE_USER_MERCHANT_NETWORK|HIGH_CHARGEBACK_CONCENTRATION|LARGE_CONNECTED_CLUSTER
2786,3,3,5,5,61934.1,2,0.4,0.5556,2,2,43.73,75.66,53.74,HIGH,MULTIPLE_SHARED_MERCHANTS|DENSE_USER_MERCHANT_NETWORK|HIGH_CHARGEBACK_CONCENTRATION
3606,4,2,5,5,23649.84,1,0.2,0.625,3,2,24.25,44.94,53.73,HIGH,SHARED_MERCHANT|MULTIPLE_SHARED_MERCHANTS|DENSE_USER_MERCHANT_NETWORK|HIGH_CHARGEBACK_CONCENTRATION
1064,3,2,4,4,35499.42,1,0.25,0.6667,2,2,34.4,52.13,53.7,HIGH,MULTIPLE_SHARED_MERCHANTS|DENSE_USER_MERCHANT_NETWORK|HIGH_CHARGEBACK_CONCENTRATION
1369,8,3,10,10,64679.85,2,0.2,0.4167,4,3,25.79,49.76,53.69,HIGH,SHARED_MERCHANT|MULTIPLE_SHARED_MERCHANTS|DENSE_USER_MERCHANT_NETWORK|HIGH_CHARGEBACK_CONCENTRATION|LARGE_CONNECTED_CLUSTER
1880,6,4,9,9,103670.28,2,0.2222,0.375,4,3,30.88,59.7,53.67,HIGH,SHARED_MERCHANT|MULTIPLE_SHARED_MERCHANTS|HIGH_CHARGEBACK_CONCENTRATION|LARGE_CONNECTED_CLUSTER
2138,10,3,12,12,162238.66,2,0.1667,0.4,5,3,33.84,60.36,53.66,HIGH,SHARED_MERCHANT|MULTIPLE_SHARED_MERCHANTS|DENSE_USER_MERCHANT_NETWORK|HIGH_CHARGEBACK_CONCENTRATION|LARGE_CONNECTED_CLUSTER
3267,3,2,4,4,71858.35,1,0.25,0.6667,2,2,33.73,56.97,53.57,HIGH,MULTIPLE_SHARED_MERCHANTS|DENSE_USER_MERCHANT_NETWORK|HIGH_CHARGEBACK_CONCENTRATION
2298,4,2,5,5,26206.36,1,0.2,0.625,3,2,23.07,42.92,53.5,HIGH,SHARED_MERCHANT|MULTIPLE_SHARED_MERCHANTS|DENSE_USER_MERCHANT_NETWORK|HIGH_CHARGEBACK_CONCENTRATION
1965,3,2,4,4,21479.25,2,0.5,0.6667,2,2,33.39,54.02,53.5,HIGH,MULTIPLE_SHARED_MERCHANTS|DENSE_USER_MERCHANT_NETWORK|HIGH_CHARGEBACK_CONCENTRATION
1506,6,2,7,7,100441.21,1,0.1429,0.5833,5,2,34.65,76.45,53.46,HIGH,SHARED_MERCHANT|MULTIPLE_SHARED_MERCHANTS|DENSE_USER_MERCHANT_NETWORK|HIGH_CHARGEBACK_CONCENTRATION|LARGE_CONNECTED_CLUSTER
1531,8,5,12,12,174073.15,3,0.25,0.3,4,3,34.41,75.02,53.44,HIGH,SHARED_MERCHANT|MULTIPLE_SHARED_MERCHANTS|HIGH_CHARGEBACK_CONCENTRATION|LARGE_CONNECTED_CLUSTER
3500,3,2,4,4,62335.0,1,0.25,0.6667,2,2,32.98,60.03,53.42,HIGH,MULTIPLE_SHARED_MERCHANTS|DENSE_USER_MERCHANT_NETWORK|HIGH_CHARGEBACK_CONCENTRATION
1363,5,2,6,6,104713.04,1,0.1667,0.6,4,2,31.84,61.58,53.42,HIGH,SHARED_MERCHANT|MULTIPLE_SHARED_MERCHANTS|DENSE_USER_MERCHANT_NETWORK|HIGH_CHARGEBACK_CONCENTRATION|LARGE_CONNECTED_CLUSTER
1306,5,2,6,6,66691.28,1,0.1667,0.6,4,2,31.55,70.87,53.36,HIGH,SHARED_MERCHANT|MULTIPLE_SHARED_MERCHANTS|DENSE_USER_MERCHANT_NETWORK|HIGH_CHARGEBACK_CONCENTRATION|LARGE_CONNECTED_CLUSTER
1275,7,4,10,10,105545.78,2,0.2,0.3571,4,3,29.89,71.17,53.32,HIGH,SHARED_MERCHANT|MULTIPLE_SHARED_MERCHANTS|HIGH_CHARGEBACK_CONCENTRATION|LARGE_CONNECTED_CLUSTER
2136,3,3,5,5,58705.59,1,0.2,0.5556,3,1,29.0,44.29,53.29,HIGH,SHARED_MERCHANT|DENSE_USER_MERCHANT_NETWORK|HIGH_CHARGEBACK_CONCENTRATION
1301,11,5,15,15,138868.77,4,0.2667,0.2727,4,5,34.07,54.78,53.28,HIGH,SHARED_MERCHANT|MULTIPLE_SHARED_MERCHANTS|HIGH_CHARGEBACK_CONCENTRATION|LARGE_CONNECTED_CLUSTER
1554,13,3,15,15,166351.61,2,0.1333,0.3846,7,3,27.01,56.19,53.27,HIGH,SHARED_MERCHANT|MULTIPLE_SHARED_MERCHANTS|HIGH_CHARGEBACK_CONCENTRATION|LARGE_CONNECTED_CLUSTER
213,12,6,17,17,193020.9,6,0.3529,0.2361,4,6,36.14,72.82,53.21,HIGH,SHARED_MERCHANT|MULTIPLE_SHARED_MERCHANTS|HIGH_CHARGEBACK_CONCENTRATION|LARGE_CONNECTED_CLUSTER
822,6,2,7,7,123846.38,1,0.1429,0.5833,5,2,33.26,60.56,53.18,HIGH,SHARED_MERCHANT|MULTIPLE_SHARED_MERCHANTS|DENSE_USER_MERCHANT_NETWORK|HIGH_CHARGEBACK_CONCENTRATION|LARGE_CONNECTED_CLUSTER
2865,10,3,12,12,105498.49,2,0.1667,0.4,5,3,31.38,63.05,53.17,HIGH,SHARED_MERCHANT|MULTIPLE_SHARED_MERCHANTS|DENSE_USER_MERCHANT_NETWORK|HIGH_CHARGEBACK_CONCENTRATION|LARGE_CONNECTED_CLUSTER
235,8,4,11,11,128953.35,2,0.1818,0.3438,5,2,28.36,51.09,53.16,HIGH,SHARED_MERCHANT|MULTIPLE_SHARED_MERCHANTS|HIGH_CHARGEBACK_CONCENTRATION|LARGE_CONNECTED_CLUSTER
5299,5,3,7,7,80938.81,2,0.2857,0.4667,3,3,34.09,78.1,53.16,HIGH,SHARED_MERCHANT|MULTIPLE_SHARED_MERCHANTS|DENSE_USER_MERCHANT_NETWORK|HIGH_CHARGEBACK_CONCENTRATION|LARGE_CONNECTED_CLUSTER
1479,10,3,12,12,152666.36,2,0.1667,0.4,5,3,31.26,61.78,53.14,HIGH,SHARED_MERCHANT|MULTIPLE_SHARED_MERCHANTS|DENSE_USER_MERCHANT_NETWORK|HIGH_CHARGEBACK_CONCENTRATION|LARGE_CONNECTED_CLUSTER
592,6,3,8,8,101077.5,2,0.25,0.4444,3,3,34.94,63.08,53.14,HIGH,SHARED_MERCHANT|MULTIPLE_SHARED_MERCHANTS|DENSE_USER_MERCHANT_NETWORK|HIGH_CHARGEBACK_CONCENTRATION|LARGE_CONNECTED_CLUSTER
1212,3,2,4,4,43487.81,1,0.25,0.6667,2,2,31.45,55.78,53.11,HIGH,MULTIPLE_SHARED_MERCHANTS|DENSE_USER_MERCHANT_NETWORK|HIGH_CHARGEBACK_CONCENTRATION
4374,3,2,4,4,47532.99,1,0.25,0.6667,2,2,31.2,53.86,53.06,HIGH,MULTIPLE_SHARED_MERCHANTS|DENSE_USER_MERCHANT_NETWORK|HIGH_CHARGEBACK_CONCENTRATION
2945,6,3,8,8,110580.62,2,0.25,0.4444,3,3,34.49,57.58,53.05,HIGH,SHARED_MERCHANT|MULTIPLE_SHARED_MERCHANTS|DENSE_USER_MERCHANT_NETWORK|HIGH_CHARGEBACK_CONCENTRATION|LARGE_CONNECTED_CLUSTER
580,7,4,10,10,56411.49,2,0.2,0.3571,4,4,28.51,53.11,53.04,HIGH,SHARED_MERCHANT|MULTIPLE_SHARED_MERCHANTS|HIGH_CHARGEBACK_CONCENTRATION|LARGE_CONNECTED_CLUSTER
2311,3,2,4,4,49351.42,1,0.25,0.6667,2,2,31.05,49.0,53.03,HIGH,MULTIPLE_SHARED_MERCHANTS|DENSE_USER_MERCHANT_NETWORK|HIGH_CHARGEBACK_CONCENTRATION
1035,7,5,11,11,110625.55,3,0.2727,0.3143,4,3,31.73,69.79,53.02,HIGH,SHARED_MERCHANT|MULTIPLE_SHARED_MERCHANTS|HIGH_CHARGEBACK_CONCENTRATION|LARGE_CONNECTED_CLUSTER
1810,9,3,11,11,121696.69,2,0.1818,0.4074,4,3,33.79,61.0,53.02,HIGH,SHARED_MERCHANT|MULTIPLE_SHARED_MERCHANTS|DENSE_USER_MERCHANT_NETWORK|HIGH_CHARGEBACK_CONCENTRATION|LARGE_CONNECTED_CLUSTER
3859,4,4,7,7,63400.43,3,0.4286,0.4375,3,2,36.11,57.24,52.98,HIGH,SHARED_MERCHANT|MULTIPLE_SHARED_MERCHANTS|DENSE_USER_MERCHANT_NETWORK|HIGH_CHARGEBACK_CONCENTRATION
3467,3,2,4,4,51622.68,1,0.25,0.6667,2,2,30.82,45.09,52.98,HIGH,MULTIPLE_SHARED_MERCHANTS|DENSE_USER_MERCHANT_NETWORK|HIGH_CHARGEBACK_CONCENTRATION
1385,3,2,4,4,56859.36,1,0.25,0.6667,2,2,30.74,55.79,52.97,HIGH,MULTIPLE_SHARED_MERCHANTS|DENSE_USER_MERCHANT_NETWORK|HIGH_CHARGEBACK_CONCENTRATION
1635,5,2,6,6,71657.4,1,0.1667,0.6,4,2,29.49,43.73,52.95,HIGH,SHARED_MERCHANT|MULTIPLE_SHARED_MERCHANTS|DENSE_USER_MERCHANT_NETWORK|HIGH_CHARGEBACK_CONCENTRATION|LARGE_CONNECTED_CLUSTER
260,3,2,4,4,49158.69,1,0.25,0.6667,2,2,30.55,58.69,52.93,HIGH,MULTIPLE_SHARED_MERCHANTS|DENSE_USER_MERCHANT_NETWORK|HIGH_CHARGEBACK_CONCENTRATION
2299,6,2,7,7,109284.25,1,0.1429,0.5833,5,2,32.0,50.04,52.93,HIGH,SHARED_MERCHANT|MULTIPLE_SHARED_MERCHANTS|DENSE_USER_MERCHANT_NETWORK|HIGH_CHARGEBACK_CONCENTRATION|LARGE_CONNECTED_CLUSTER
2727,6,2,7,7,101980.28,1,0.1429,0.5833,5,2,32.0,48.12,52.93,HIGH,SHARED_MERCHANT|MULTIPLE_SHARED_MERCHANTS|DENSE_USER_MERCHANT_NETWORK|HIGH_CHARGEBACK_CONCENTRATION|LARGE_CONNECTED_CLUSTER
3095,5,2,6,6,89047.15,1,0.1667,0.6,4,2,29.3,43.68,52.91,HIGH,SHARED_MERCHANT|MULTIPLE_SHARED_MERCHANTS|DENSE_USER_MERCHANT_NETWORK|HIGH_CHARGEBACK_CONCENTRATION|LARGE_CONNECTED_CLUSTER
2295,14,5,18,18,220789.04,3,0.1667,0.2571,6,5,27.7,55.04,52.9,HIGH,SHARED_MERCHANT|MULTIPLE_SHARED_MERCHANTS|HIGH_CHARGEBACK_CONCENTRATION|LARGE_CONNECTED_CLUSTER
420,3,2,4,4,41675.37,1,0.25,0.6667,2,2,30.34,63.6,52.89,HIGH,MULTIPLE_SHARED_MERCHANTS|DENSE_USER_MERCHANT_NETWORK|HIGH_CHARGEBACK_CONCENTRATION
42,9,4,12,12,118134.83,3,0.25,0.3333,4,4,28.24,53.28,52.87,HIGH,SHARED_MERCHANT|MULTIPLE_SHARED_MERCHANTS|HIGH_CHARGEBACK_CONCENTRATION|LARGE_CONNECTED_CLUSTER
1946,5,2,6,6,44367.08,1,0.1667,0.6,4,2,29.04,56.84,52.86,HIGH,SHARED_MERCHANT|MULTIPLE_SHARED_MERCHANTS|DENSE_USER_MERCHANT_NETWORK|HIGH_CHARGEBACK_CONCENTRATION|LARGE_CONNECTED_CLUSTER
829,5,3,7,7,64579.0,2,0.2857,0.4667,3,3,32.59,60.55,52.86,HIGH,SHARED_MERCHANT|MULTIPLE_SHARED_MERCHANTS|DENSE_USER_MERCHANT_NETWORK|HIGH_CHARGEBACK_CONCENTRATION|LARGE_CONNECTED_CLUSTER
815,5,2,6,6,87688.65,1,0.1667,0.6,4,2,29.02,59.16,52.85,HIGH,SHARED_MERCHANT|MULTIPLE_SHARED_MERCHANTS|DENSE_USER_MERCHANT_NETWORK|HIGH_CHARGEBACK_CONCENTRATION|LARGE_CONNECTED_CLUSTER
3145,5,2,6,6,47442.19,1,0.1667,0.6,4,2,28.81,69.08,52.81,HIGH,SHARED_MERCHANT|MULTIPLE_SHARED_MERCHANTS|DENSE_USER_MERCHANT_NETWORK|HIGH_CHARGEBACK_CONCENTRATION|LARGE_CONNECTED_CLUSTER
434,10,3,12,12,126562.7,2,0.1667,0.4,5,3,29.57,76.11,52.8,HIGH,SHARED_MERCHANT|MULTIPLE_SHARED_MERCHANTS|DENSE_USER_MERCHANT_NETWORK|HIGH_CHARGEBACK_CONCENTRATION|LARGE_CONNECTED_CLUSTER
5399,3,2,4,4,40975.34,1,0.25,0.6667,2,2,29.83,49.99,52.79,HIGH,MULTIPLE_SHARED_MERCHANTS|DENSE_USER_MERCHANT_NETWORK|HIGH_CHARGEBACK_CONCENTRATION
1135,5,2,6,6,42811.35,1,0.1667,0.6,4,2,28.59,46.24,52.77,HIGH,SHARED_MERCHANT|MULTIPLE_SHARED_MERCHANTS|DENSE_USER_MERCHANT_NETWORK|HIGH_CHARGEBACK_CONCENTRATION|LARGE_CONNECTED_CLUSTER
924,5,2,6,6,78093.02,1,0.1667,0.6,4,2,28.55,55.71,52.76,HIGH,SHARED_MERCHANT|MULTIPLE_SHARED_MERCHANTS|DENSE_USER_MERCHANT_NETWORK|HIGH_CHARGEBACK_CONCENTRATION|LARGE_CONNECTED_CLUSTER
939,9,3,11,11,134818.37,2,0.1818,0.4074,4,3,32.49,71.81,52.76,HIGH,SHARED_MERCHANT|MULTIPLE_SHARED_MERCHANTS|DENSE_USER_MERCHANT_NETWORK|HIGH_CHARGEBACK_CONCENTRATION|LARGE_CONNECTED_CLUSTER
70,10,4,13,13,140793.6,2,0.1538,0.325,6,3,31.56,66.02,52.76,HIGH,SHARED_MERCHANT|MULTIPLE_SHARED_MERCHANTS|HIGH_CHARGEBACK_CONCENTRATION|LARGE_CONNECTED_CLUSTER
597,9,3,11,11,163768.26,2,0.1818,0.4074,4,3,32.2,59.77,52.7,HIGH,SHARED_MERCHANT|MULTIPLE_SHARED_MERCHANTS|DENSE_USER_MERCHANT_NETWORK|HIGH_CHARGEBACK_CONCENTRATION|LARGE_CONNECTED_CLUSTER
824,6,2,7,7,91960.81,1,0.1429,0.5833,5,2,30.82,48.42,52.69,HIGH,SHARED_MERCHANT|MULTIPLE_SHARED_MERCHANTS|DENSE_USER_MERCHANT_NETWORK|HIGH_CHARGEBACK_CONCENTRATION|LARGE_CONNECTED_CLUSTER
2403,3,2,4,4,39691.7,1,0.25,0.6667,2,2,29.23,48.87,52.67,HIGH,MULTIPLE_SHARED_MERCHANTS|DENSE_USER_MERCHANT_NETWORK|HIGH_CHARGEBACK_CONCENTRATION
124,6,2,7,7,96238.91,1,0.1429,0.5833,5,2,30.64,58.35,52.66,HIGH,SHARED_MERCHANT|MULTIPLE_SHARED_MERCHANTS|DENSE_USER_MERCHANT_NETWORK|HIGH_CHARGEBACK_CONCENTRATION|LARGE_CONNECTED_CLUSTER
2582,5,2,6,6,47775.28,1,0.1667,0.6,4,2,27.92,47.01,52.63,HIGH,SHARED_MERCHANT|MULTIPLE_SHARED_MERCHANTS|DENSE_USER_MERCHANT_NETWORK|HIGH_CHARGEBACK_CONCENTRATION|LARGE_CONNECTED_CLUSTER
301,5,2,6,6,76617.71,1,0.1667,0.6,4,2,27.91,50.97,52.63,HIGH,SHARED_MERCHANT|MULTIPLE_SHARED_MERCHANTS|DENSE_USER_MERCHANT_NETWORK|HIGH_CHARGEBACK_CONCENTRATION|LARGE_CONNECTED_CLUSTER
1652,5,2,6,6,71952.48,1,0.1667,0.6,4,2,27.81,55.81,52.61,HIGH,SHARED_MERCHANT|MULTIPLE_SHARED_MERCHANTS|DENSE_USER_MERCHANT_NETWORK|HIGH_CHARGEBACK_CONCENTRATION|LARGE_CONNECTED_CLUSTER
1291,7,2,8,8,92954.73,1,0.125,0.5714,6,2,28.74,46.67,52.56,HIGH,SHARED_MERCHANT|MULTIPLE_SHARED_MERCHANTS|DENSE_USER_MERCHANT_NETWORK|HIGH_CHARGEBACK_CONCENTRATION|LARGE_CONNECTED_CLUSTER
2583,3,2,4,4,39008.62,1,0.25,0.6667,2,2,28.53,55.11,52.53,HIGH,MULTIPLE_SHARED_MERCHANTS|DENSE_USER_MERCHANT_NETWORK|HIGH_CHARGEBACK_CONCENTRATION
1874,5,2,6,6,40147.75,1,0.1667,0.6,4,2,27.24,45.37,52.5,HIGH,SHARED_MERCHANT|MULTIPLE_SHARED_MERCHANTS|DENSE_USER_MERCHANT_NETWORK|HIGH_CHARGEBACK_CONCENTRATION|LARGE_CONNECTED_CLUSTER
2851,9,3,11,11,159888.83,2,0.1818,0.4074,4,3,31.11,74.76,52.48,HIGH,SHARED_MERCHANT|MULTIPLE_SHARED_MERCHANTS|DENSE_USER_MERCHANT_NETWORK|HIGH_CHARGEBACK_CONCENTRATION|LARGE_CONNECTED_CLUSTER
3614,3,2,4,4,32040.97,1,0.25,0.6667,2,2,28.27,56.64,52.48,HIGH,MULTIPLE_SHARED_MERCHANTS|DENSE_USER_MERCHANT_NETWORK|HIGH_CHARGEBACK_CONCENTRATION
520,3,2,4,4,36525.44,1,0.25,0.6667,2,2,28.27,49.57,52.47,HIGH,MULTIPLE_SHARED_MERCHANTS|DENSE_USER_MERCHANT_NETWORK|HIGH_CHARGEBACK_CONCENTRATION
3378,6,2,7,7,98969.37,1,0.1429,0.5833,5,2,29.67,62.31,52.46,HIGH,SHARED_MERCHANT|MULTIPLE_SHARED_MERCHANTS|DENSE_USER_MERCHANT_NETWORK|HIGH_CHARGEBACK_CONCENTRATION|LARGE_CONNECTED_CLUSTER
2514,5,2,6,6,59038.05,1,0.1667,0.6,4,2,26.7,46.77,52.39,HIGH,SHARED_MERCHANT|MULTIPLE_SHARED_MERCHANTS|DENSE_USER_MERCHANT_NETWORK|HIGH_CHARGEBACK_CONCENTRATION|LARGE_CONNECTED_CLUSTER
1605,10,4,13,13,159291.75,2,0.1538,0.325,6,3,29.68,56.59,52.38,HIGH,SHARED_MERCHANT|MULTIPLE_SHARED_MERCHANTS|HIGH_CHARGEBACK_CONCENTRATION|LARGE_CONNECTED_CLUSTER
2947,6,3,8,8,77058.87,2,0.25,0.4444,3,3,31.12,60.97,52.37,HIGH,SHARED_MERCHANT|MULTIPLE_SHARED_MERCHANTS|DENSE_USER_MERCHANT_NETWORK|HIGH_CHARGEBACK_CONCENTRATION|LARGE_CONNECTED_CLUSTER
976,6,2,7,7,78355.82,1,0.1429,0.5833,5,2,29.03,59.73,52.33,HIGH,SHARED_MERCHANT|MULTIPLE_SHARED_MERCHANTS|DENSE_USER_MERCHANT_NETWORK|HIGH_CHARGEBACK_CONCENTRATION|LARGE_CONNECTED_CLUSTER
1098,10,4,13,13,122718.76,2,0.1538,0.325,6,4,29.37,52.99,52.32,HIGH,SHARED_MERCHANT|MULTIPLE_SHARED_MERCHANTS|HIGH_CHARGEBACK_CONCENTRATION|LARGE_CONNECTED_CLUSTER
3519,6,2,7,7,68552.64,1,0.1429,0.5833,5,2,28.96,68.81,52.32,HIGH,SHARED_MERCHANT|MULTIPLE_SHARED_MERCHANTS|DENSE_USER_MERCHANT_NETWORK|HIGH_CHARGEBACK_CONCENTRATION|LARGE_CONNECTED_CLUSTER
61,9,2,10,10,122836.75,1,0.1,0.5556,7,2,29.91,59.82,52.29,HIGH,SHARED_MERCHANT|MULTIPLE_SHARED_MERCHANTS|DENSE_USER_MERCHANT_NETWORK|HIGH_CHARGEBACK_CONCENTRATION|LARGE_CONNECTED_CLUSTER
1042,3,2,4,4,29213.8,1,0.25,0.6667,2,2,27.31,48.3,52.28,HIGH,MULTIPLE_SHARED_MERCHANTS|DENSE_USER_MERCHANT_NETWORK|HIGH_CHARGEBACK_CONCENTRATION
1144,5,2,6,6,48636.0,1,0.1667,0.6,4,2,25.44,48.94,52.14,HIGH,SHARED_MERCHANT|MULTIPLE_SHARED_MERCHANTS|DENSE_USER_MERCHANT_NETWORK|HIGH_CHARGEBACK_CONCENTRATION|LARGE_CONNECTED_CLUSTER
1217,9,3,11,11,162449.35,2,0.1818,0.4074,4,3,29.15,58.61,52.09,HIGH,SHARED_MERCHANT|MULTIPLE_SHARED_MERCHANTS|DENSE_USER_MERCHANT_NETWORK|HIGH_CHARGEBACK_CONCENTRATION|LARGE_CONNECTED_CLUSTER
1815,14,6,19,19,273510.21,3,0.1579,0.2262,6,6,31.66,75.29,52.08,HIGH,SHARED_MERCHANT|MULTIPLE_SHARED_MERCHANTS|HIGH_CHARGEBACK_CONCENTRATION|LARGE_CONNECTED_CLUSTER
1492,5,2,6,6,45209.67,1,0.1667,0.6,4,2,25.12,47.7,52.07,HIGH,SHARED_MERCHANT|MULTIPLE_SHARED_MERCHANTS|DENSE_USER_MERCHANT_NETWORK|HIGH_CHARGEBACK_CONCENTRATION|LARGE_CONNECTED_CLUSTER
2064,3,2,4,4,27912.18,1,0.25,0.6667,2,2,26.2,46.31,52.06,HIGH,MULTIPLE_SHARED_MERCHANTS|DENSE_USER_MERCHANT_NETWORK|HIGH_CHARGEBACK_CONCENTRATION
1398,16,7,22,22,237098.07,5,0.2273,0.1964,4,7,31.54,67.01,52.03,HIGH,SHARED_MERCHANT|MULTIPLE_SHARED_MERCHANTS|HIGH_CHARGEBACK_CONCENTRATION|LARGE_CONNECTED_CLUSTER
919,6,4,9,9,76936.37,3,0.3333,0.375,3,3,35.05,69.53,52.0,HIGH,SHARED_MERCHANT|MULTIPLE_SHARED_MERCHANTS|HIGH_CHARGEBACK_CONCENTRATION|LARGE_CONNECTED_CLUSTER
2294,3,2,4,4,21211.88,1,0.25,0.6667,2,2,25.6,50.96,51.94,HIGH,MULTIPLE_SHARED_MERCHANTS|DENSE_USER_MERCHANT_NETWORK|HIGH_CHARGEBACK_CONCENTRATION
925,8,2,9,9,124376.08,1,0.1111,0.5625,6,2,33.94,52.78,51.92,HIGH,SHARED_MERCHANT|MULTIPLE_SHARED_MERCHANTS|DENSE_USER_MERCHANT_NETWORK|HIGH_CHARGEBACK_CONCENTRATION|LARGE_CONNECTED_CLUSTER
500,6,4,9,9,146576.15,2,0.2222,0.375,3,3,34.59,61.58,51.91,HIGH,SHARED_MERCHANT|MULTIPLE_SHARED_MERCHANTS|HIGH_CHARGEBACK_CONCENTRATION|LARGE_CONNECTED_CLUSTER
58,10,5,14,14,109053.65,3,0.2143,0.28,4,4,27.14,53.75,51.9,HIGH,SHARED_MERCHANT|MULTIPLE_SHARED_MERCHANTS|HIGH_CHARGEBACK_CONCENTRATION|LARGE_CONNECTED_CLUSTER
4490,3,2,4,4,20997.45,1,0.25,0.6667,2,2,25.37,47.28,51.89,HIGH,MULTIPLE_SHARED_MERCHANTS|DENSE_USER_MERCHANT_NETWORK|HIGH_CHARGEBACK_CONCENTRATION
3670,19,7,25,25,282453.61,4,0.16,0.188,6,6,30.08,59.92,51.83,HIGH,SHARED_MERCHANT|MULTIPLE_SHARED_MERCHANTS|HIGH_CHARGEBACK_CONCENTRATION|LARGE_CONNECTED_CLUSTER
445,23,9,31,31,369471.7,5,0.1613,0.1498,6,8,30.75,80.37,51.82,HIGH,SHARED_MERCHANT|MULTIPLE_SHARED_MERCHANTS|HIGH_CHARGEBACK_CONCENTRATION|LARGE_CONNECTED_CLUSTER
2483,5,4,8,8,90400.9,2,0.25,0.4,3,3,32.7,60.06,51.8,HIGH,SHARED_MERCHANT|MULTIPLE_SHARED_MERCHANTS|DENSE_USER_MERCHANT_NETWORK|HIGH_CHARGEBACK_CONCENTRATION|LARGE_CONNECTED_CLUSTER
615,5,2,6,6,39428.17,1,0.1667,0.6,4,2,23.5,44.6,51.75,HIGH,SHARED_MERCHANT|MULTIPLE_SHARED_MERCHANTS|DENSE_USER_MERCHANT_NETWORK|HIGH_CHARGEBACK_CONCENTRATION|LARGE_CONNECTED_CLUSTER
667,5,3,7,7,44819.43,2,0.2857,0.4667,3,3,27.02,49.79,51.74,HIGH,SHARED_MERCHANT|MULTIPLE_SHARED_MERCHANTS|DENSE_USER_MERCHANT_NETWORK|HIGH_CHARGEBACK_CONCENTRATION|LARGE_CONNECTED_CLUSTER
272,22,5,26,26,317615.12,3,0.1154,0.2364,8,5,27.11,58.86,51.71,HIGH,SHARED_MERCHANT|MULTIPLE_SHARED_MERCHANTS|HIGH_CHARGEBACK_CONCENTRATION|LARGE_CONNECTED_CLUSTER
1017,3,3,5,5,56959.03,1,0.2,0.5556,2,2,33.53,51.56,51.7,HIGH,MULTIPLE_SHARED_MERCHANTS|DENSE_USER_MERCHANT_NETWORK|HIGH_CHARGEBACK_CONCENTRATION
1926,12,6,17,17,174079.09,3,0.1765,0.2361,5,6,30.61,69.53,51.67,HIGH,SHARED_MERCHANT|MULTIPLE_SHARED_MERCHANTS|HIGH_CHARGEBACK_CONCENTRATION|LARGE_CONNECTED_CLUSTER
2287,7,2,8,8,70536.51,1,0.125,0.5714,6,2,24.02,48.84,51.62,HIGH,SHARED_MERCHANT|MULTIPLE_SHARED_MERCHANTS|DENSE_USER_MERCHANT_NETWORK|HIGH_CHARGEBACK_CONCENTRATION|LARGE_CONNECTED_CLUSTER
171,6,3,8,8,62708.54,2,0.25,0.4444,3,3,27.18,46.45,51.59,HIGH,SHARED_MERCHANT|MULTIPLE_SHARED_MERCHANTS|DENSE_USER_MERCHANT_NETWORK|HIGH_CHARGEBACK_CONCENTRATION|LARGE_CONNECTED_CLUSTER
733,13,3,15,15,162212.89,2,0.1333,0.3846,6,3,30.28,58.52,51.42,HIGH,SHARED_MERCHANT|MULTIPLE_SHARED_MERCHANTS|HIGH_CHARGEBACK_CONCENTRATION|LARGE_CONNECTED_CLUSTER
4378,6,2,7,7,52219.24,1,0.1429,0.5833,5,2,24.42,45.6,51.41,HIGH,SHARED_MERCHANT|MULTIPLE_SHARED_MERCHANTS|DENSE_USER_MERCHANT_NETWORK|HIGH_CHARGEBACK_CONCENTRATION|LARGE_CONNECTED_CLUSTER
1606,6,2,7,7,54624.96,1,0.1429,0.5833,5,2,24.34,48.14,51.4,HIGH,SHARED_MERCHANT|MULTIPLE_SHARED_MERCHANTS|DENSE_USER_MERCHANT_NETWORK|HIGH_CHARGEBACK_CONCENTRATION|LARGE_CONNECTED_CLUSTER
2151,8,2,9,9,91353.22,1,0.1111,0.5625,6,2,30.26,64.76,51.18,HIGH,SHARED_MERCHANT|MULTIPLE_SHARED_MERCHANTS|DENSE_USER_MERCHANT_NETWORK|HIGH_CHARGEBACK_CONCENTRATION|LARGE_CONNECTED_CLUSTER
37,21,7,27,27,368656.1,3,0.1111,0.1837,8,7,31.86,73.27,51.16,HIGH,SHARED_MERCHANT|MULTIPLE_SHARED_MERCHANTS|HIGH_CHARGEBACK_CONCENTRATION|LARGE_CONNECTED_CLUSTER
573,8,2,9,9,86541.7,1,0.1111,0.5625,6,2,29.88,55.11,51.1,HIGH,SHARED_MERCHANT|MULTIPLE_SHARED_MERCHANTS|DENSE_USER_MERCHANT_NETWORK|HIGH_CHARGEBACK_CONCENTRATION|LARGE_CONNECTED_CLUSTER
5059,3,3,5,5,62910.82,1,0.2,0.5556,2,2,29.89,46.64,50.97,HIGH,MULTIPLE_SHARED_MERCHANTS|DENSE_USER_MERCHANT_NETWORK|HIGH_CHARGEBACK_CONCENTRATION
1620,8,3,10,10,91833.01,1,0.1,0.4167,8,1,24.69,47.0,50.97,HIGH,SHARED_MERCHANT|DENSE_USER_MERCHANT_NETWORK|HIGH_CHARGEBACK_CONCENTRATION|LARGE_CONNECTED_CLUSTER
2530,6,2,7,7,96265.9,1,0.1429,0.5833,4,2,34.6,58.16,50.95,HIGH,SHARED_MERCHANT|MULTIPLE_SHARED_MERCHANTS|DENSE_USER_MERCHANT_NETWORK|HIGH_CHARGEBACK_CONCENTRATION|LARGE_CONNECTED_CLUSTER
1469,7,4,10,10,113027.57,2,0.2,0.3571,3,4,30.38,56.02,50.92,HIGH,SHARED_MERCHANT|MULTIPLE_SHARED_MERCHANTS|HIGH_CHARGEBACK_CONCENTRATION|LARGE_CONNECTED_CLUSTER
1736,6,2,7,7,81892.0,1,0.1429,0.5833,4,2,33.93,76.82,50.82,HIGH,SHARED_MERCHANT|MULTIPLE_SHARED_MERCHANTS|DENSE_USER_MERCHANT_NETWORK|HIGH_CHARGEBACK_CONCENTRATION|LARGE_CONNECTED_CLUSTER
485,13,4,16,16,168945.42,2,0.125,0.3077,7,4,26.98,60.76,50.81,HIGH,SHARED_MERCHANT|MULTIPLE_SHARED_MERCHANTS|HIGH_CHARGEBACK_CONCENTRATION|LARGE_CONNECTED_CLUSTER
1090,6,2,7,7,94819.62,1,0.1429,0.5833,4,2,33.92,77.1,50.81,HIGH,SHARED_MERCHANT|MULTIPLE_SHARED_MERCHANTS|DENSE_USER_MERCHANT_NETWORK|HIGH_CHARGEBACK_CONCENTRATION|LARGE_CONNECTED_CLUSTER
2420,5,2,6,6,109535.05,1,0.1667,0.6,3,2,31.2,49.44,50.79,HIGH,SHARED_MERCHANT|MULTIPLE_SHARED_MERCHANTS|DENSE_USER_MERCHANT_NETWORK|HIGH_CHARGEBACK_CONCENTRATION|LARGE_CONNECTED_CLUSTER
4983,5,2,6,6,97498.22,1,0.1667,0.6,3,2,31.16,51.58,50.78,HIGH,SHARED_MERCHANT|MULTIPLE_SHARED_MERCHANTS|DENSE_USER_MERCHANT_NETWORK|HIGH_CHARGEBACK_CONCENTRATION|LARGE_CONNECTED_CLUSTER
2873,7,2,8,8,129413.98,1,0.125,0.5714,5,2,32.16,48.26,50.75,HIGH,SHARED_MERCHANT|MULTIPLE_SHARED_MERCHANTS|DENSE_USER_MERCHANT_NETWORK|HIGH_CHARGEBACK_CONCENTRATION|LARGE_CONNECTED_CLUSTER
4091,5,2,6,6,72591.78,1,0.1667,0.6,3,2,30.96,59.94,50.74,HIGH,SHARED_MERCHANT|MULTIPLE_SHARED_MERCHANTS|DENSE_USER_MERCHANT_NETWORK|HIGH_CHARGEBACK_CONCENTRATION|LARGE_CONNECTED_CLUSTER
4320,5,2,6,6,37348.56,1,0.1667,0.6,3,2,30.69,58.7,50.69,HIGH,SHARED_MERCHANT|MULTIPLE_SHARED_MERCHANTS|DENSE_USER_MERCHANT_NETWORK|HIGH_CHARGEBACK_CONCENTRATION|LARGE_CONNECTED_CLUSTER
1553,6,2,7,7,73076.07,1,0.1429,0.5833,4,2,33.27,58.55,50.68,HIGH,SHARED_MERCHANT|MULTIPLE_SHARED_MERCHANTS|DENSE_USER_MERCHANT_NETWORK|HIGH_CHARGEBACK_CONCENTRATION|LARGE_CONNECTED_CLUSTER
18,5,2,6,6,70358.96,1,0.1667,0.6,3,2,30.63,48.3,50.68,HIGH,SHARED_MERCHANT|MULTIPLE_SHARED_MERCHANTS|DENSE_USER_MERCHANT_NETWORK|HIGH_CHARGEBACK_CONCENTRATION|LARGE_CONNECTED_CLUSTER
2297,7,2,8,8,112321.78,1,0.125,0.5714,5,2,31.76,47.39,50.67,HIGH,SHARED_MERCHANT|MULTIPLE_SHARED_MERCHANTS|DENSE_USER_MERCHANT_NETWORK|HIGH_CHARGEBACK_CONCENTRATION|LARGE_CONNECTED_CLUSTER
4884,5,2,6,6,87950.74,1,0.1667,0.6,3,2,30.42,51.0,50.63,HIGH,SHARED_MERCHANT|MULTIPLE_SHARED_MERCHANTS|DENSE_USER_MERCHANT_NETWORK|HIGH_CHARGEBACK_CONCENTRATION|LARGE_CONNECTED_CLUSTER
1863,5,5,9,9,96824.63,2,0.2222,0.36,3,3,29.5,58.17,50.59,HIGH,SHARED_MERCHANT|MULTIPLE_SHARED_MERCHANTS|HIGH_CHARGEBACK_CONCENTRATION|LARGE_CONNECTED_CLUSTER
2032,5,2,6,6,81817.43,1,0.1667,0.6,3,2,29.7,54.55,50.49,HIGH,SHARED_MERCHANT|MULTIPLE_SHARED_MERCHANTS|DENSE_USER_MERCHANT_NETWORK|HIGH_CHARGEBACK_CONCENTRATION|LARGE_CONNECTED_CLUSTER
2509,8,4,11,11,114811.77,2,0.1818,0.3438,4,3,27.46,55.86,50.48,HIGH,SHARED_MERCHANT|MULTIPLE_SHARED_MERCHANTS|HIGH_CHARGEBACK_CONCENTRATION|LARGE_CONNECTED_CLUSTER
1584,4,3,6,6,82782.21,1,0.1667,0.5,4,1,27.13,48.5,50.47,HIGH,SHARED_MERCHANT|DENSE_USER_MERCHANT_NETWORK|HIGH_CHARGEBACK_CONCENTRATION
2693,6,2,7,7,83866.38,1,0.1429,0.5833,4,2,31.93,55.52,50.41,HIGH,SHARED_MERCHANT|MULTIPLE_SHARED_MERCHANTS|DENSE_USER_MERCHANT_NETWORK|HIGH_CHARGEBACK_CONCENTRATION|LARGE_CONNECTED_CLUSTER
861,5,2,6,6,68978.3,1,0.1667,0.6,3,2,29.28,62.54,50.41,HIGH,SHARED_MERCHANT|MULTIPLE_SHARED_MERCHANTS|DENSE_USER_MERCHANT_NETWORK|HIGH_CHARGEBACK_CONCENTRATION|LARGE_CONNECTED_CLUSTER
606,10,2,11,11,131668.76,1,0.0909,0.55,7,2,25.76,46.23,50.4,HIGH,SHARED_MERCHANT|MULTIPLE_SHARED_MERCHANTS|DENSE_USER_MERCHANT_NETWORK|LARGE_CONNECTED_CLUSTER
299,6,2,7,7,101261.22,1,0.1429,0.5833,4,2,31.79,54.87,50.39,HIGH,SHARED_MERCHANT|MULTIPLE_SHARED_MERCHANTS|DENSE_USER_MERCHANT_NETWORK|HIGH_CHARGEBACK_CONCENTRATION|LARGE_CONNECTED_CLUSTER
818,6,5,10,10,124177.7,2,0.2,0.3333,3,4,30.07,58.26,50.38,HIGH,SHARED_MERCHANT|MULTIPLE_SHARED_MERCHANTS|HIGH_CHARGEBACK_CONCENTRATION|LARGE_CONNECTED_CLUSTER
637,5,2,6,6,79079.52,1,0.1667,0.6,3,2,29.15,49.19,50.38,HIGH,SHARED_MERCHANT|MULTIPLE_SHARED_MERCHANTS|DENSE_USER_MERCHANT_NETWORK|HIGH_CHARGEBACK_CONCENTRATION|LARGE_CONNECTED_CLUSTER
3231,6,2,7,7,82206.8,1,0.1429,0.5833,4,2,31.47,55.34,50.32,HIGH,SHARED_MERCHANT|MULTIPLE_SHARED_MERCHANTS|DENSE_USER_MERCHANT_NETWORK|HIGH_CHARGEBACK_CONCENTRATION|LARGE_CONNECTED_CLUSTER
2839,6,2,7,7,56626.54,1,0.1429,0.5833,4,2,31.38,75.15,50.31,HIGH,SHARED_MERCHANT|MULTIPLE_SHARED_MERCHANTS|DENSE_USER_MERCHANT_NETWORK|HIGH_CHARGEBACK_CONCENTRATION|LARGE_CONNECTED_CLUSTER
308,5,2,6,6,86123.22,1,0.1667,0.6,3,2,28.82,55.62,50.31,HIGH,SHARED_MERCHANT|MULTIPLE_SHARED_MERCHANTS|DENSE_USER_MERCHANT_NETWORK|HIGH_CHARGEBACK_CONCENTRATION|LARGE_CONNECTED_CLUSTER
133,7,3,9,9,72008.42,1,0.1111,0.4286,7,1,26.34,58.93,50.22,HIGH,SHARED_MERCHANT|DENSE_USER_MERCHANT_NETWORK|HIGH_CHARGEBACK_CONCENTRATION|LARGE_CONNECTED_CLUSTER
872,6,2,7,7,92815.41,1,0.1429,0.5833,4,2,30.7,50.35,50.17,HIGH,SHARED_MERCHANT|MULTIPLE_SHARED_MERCHANTS|DENSE_USER_MERCHANT_NETWORK|HIGH_CHARGEBACK_CONCENTRATION|LARGE_CONNECTED_CLUSTER
2724,6,2,7,7,90427.8,1,0.1429,0.5833,4,2,30.54,52.94,50.14,HIGH,SHARED_MERCHANT|MULTIPLE_SHARED_MERCHANTS|DENSE_USER_MERCHANT_NETWORK|HIGH_CHARGEBACK_CONCENTRATION|LARGE_CONNECTED_CLUSTER
681,7,2,8,8,135906.3,1,0.125,0.5714,5,2,29.05,54.58,50.12,HIGH,SHARED_MERCHANT|MULTIPLE_SHARED_MERCHANTS|DENSE_USER_MERCHANT_NETWORK|HIGH_CHARGEBACK_CONCENTRATION|LARGE_CONNECTED_CLUSTER
288,7,2,8,8,121271.78,1,0.125,0.5714,5,2,28.84,59.42,50.08,HIGH,SHARED_MERCHANT|MULTIPLE_SHARED_MERCHANTS|DENSE_USER_MERCHANT_NETWORK|HIGH_CHARGEBACK_CONCENTRATION|LARGE_CONNECTED_CLUSTER
492,7,2,8,8,81662.59,1,0.125,0.5714,5,2,28.64,70.38,50.04,HIGH,SHARED_MERCHANT|MULTIPLE_SHARED_MERCHANTS|DENSE_USER_MERCHANT_NETWORK|HIGH_CHARGEBACK_CONCENTRATION|LARGE_CONNECTED_CLUSTER
4104,7,2,8,8,91821.37,1,0.125,0.5714,5,2,28.59,50.85,50.03,HIGH,SHARED_MERCHANT|MULTIPLE_SHARED_MERCHANTS|DENSE_USER_MERCHANT_NETWORK|HIGH_CHARGEBACK_CONCENTRATION|LARGE_CONNECTED_CLUSTER
2667,5,3,7,7,93500.46,1,0.1429,0.4667,5,1,29.08,46.78,50.01,HIGH,SHARED_MERCHANT|DENSE_USER_MERCHANT_NETWORK|HIGH_CHARGEBACK_CONCENTRATION|LARGE_CONNECTED_CLUSTER
945,19,6,24,24,244204.95,3,0.125,0.2105,7,6,28.46,54.62,50.0,HIGH,SHARED_MERCHANT|MULTIPLE_SHARED_MERCHANTS|HIGH_CHARGEBACK_CONCENTRATION|LARGE_CONNECTED_CLUSTER
316,7,2,8,8,116365.76,1,0.125,0.5714,5,2,28.18,57.34,49.95,MEDIUM,SHARED_MERCHANT|MULTIPLE_SHARED_MERCHANTS|DENSE_USER_MERCHANT_NETWORK|HIGH_CHARGEBACK_CONCENTRATION|LARGE_CONNECTED_CLUSTER
4230,5,2,6,6,65242.76,1,0.1667,0.6,3,2,27.0,57.23,49.95,MEDIUM,SHARED_MERCHANT|MULTIPLE_SHARED_MERCHANTS|DENSE_USER_MERCHANT_NETWORK|HIGH_CHARGEBACK_CONCENTRATION|LARGE_CONNECTED_CLUSTER
336,7,2,8,8,113228.27,1,0.125,0.5714,5,2,28.16,52.8,49.95,MEDIUM,SHARED_MERCHANT|MULTIPLE_SHARED_MERCHANTS|DENSE_USER_MERCHANT_NETWORK|HIGH_CHARGEBACK_CONCENTRATION|LARGE_CONNECTED_CLUSTER
1296,9,2,10,10,139539.12,1,0.1,0.5556,6,2,30.47,49.89,49.9,MEDIUM,SHARED_MERCHANT|MULTIPLE_SHARED_MERCHANTS|DENSE_USER_MERCHANT_NETWORK|HIGH_CHARGEBACK_CONCENTRATION|LARGE_CONNECTED_CLUSTER
2571,6,2,7,7,102801.02,1,0.1429,0.5833,4,2,29.15,54.31,49.86,MEDIUM,SHARED_MERCHANT|MULTIPLE_SHARED_MERCHANTS|DENSE_USER_MERCHANT_NETWORK|HIGH_CHARGEBACK_CONCENTRATION|LARGE_CONNECTED_CLUSTER
111,6,2,7,7,77501.56,1,0.1429,0.5833,4,2,29.09,44.5,49.85,MEDIUM,SHARED_MERCHANT|MULTIPLE_SHARED_MERCHANTS|DENSE_USER_MERCHANT_NETWORK|HIGH_CHARGEBACK_CONCENTRATION|LARGE_CONNECTED_CLUSTER
1444,5,2,6,6,33369.13,1,0.1667,0.6,3,2,26.48,47.08,49.85,MEDIUM,SHARED_MERCHANT|MULTIPLE_SHARED_MERCHANTS|DENSE_USER_MERCHANT_NETWORK|HIGH_CHARGEBACK_CONCENTRATION|LARGE_CONNECTED_CLUSTER
1747,6,2,7,7,97249.96,1,0.1429,0.5833,4,2,28.95,56.1,49.82,MEDIUM,SHARED_MERCHANT|MULTIPLE_SHARED_MERCHANTS|DENSE_USER_MERCHANT_NETWORK|HIGH_CHARGEBACK_CONCENTRATION|LARGE_CONNECTED_CLUSTER
1393,9,2,10,10,101116.69,1,0.1,0.5556,6,2,29.99,51.17,49.81,MEDIUM,SHARED_MERCHANT|MULTIPLE_SHARED_MERCHANTS|DENSE_USER_MERCHANT_NETWORK|HIGH_CHARGEBACK_CONCENTRATION|LARGE_CONNECTED_CLUSTER
186,23,8,30,30,348726.33,5,0.1667,0.163,5,8,28.4,60.74,49.71,MEDIUM,SHARED_MERCHANT|MULTIPLE_SHARED_MERCHANTS|HIGH_CHARGEBACK_CONCENTRATION|LARGE_CONNECTED_CLUSTER
278,7,2,8,8,96617.93,1,0.125,0.5714,5,2,26.82,45.86,49.68,MEDIUM,SHARED_MERCHANT|MULTIPLE_SHARED_MERCHANTS|DENSE_USER_MERCHANT_NETWORK|HIGH_CHARGEBACK_CONCENTRATION|LARGE_CONNECTED_CLUSTER
1771,10,4,13,13,119134.34,2,0.1538,0.325,5,4,28.56,55.6,49.66,MEDIUM,SHARED_MERCHANT|MULTIPLE_SHARED_MERCHANTS|HIGH_CHARGEBACK_CONCENTRATION|LARGE_CONNECTED_CLUSTER
1537,7,2,8,8,87337.69,1,0.125,0.5714,5,2,26.51,49.53,49.62,MEDIUM,SHARED_MERCHANT|MULTIPLE_SHARED_MERCHANTS|DENSE_USER_MERCHANT_NETWORK|HIGH_CHARGEBACK_CONCENTRATION|LARGE_CONNECTED_CLUSTER
1457,18,7,24,24,256136.62,3,0.125,0.1905,7,7,28.44,52.05,49.6,MEDIUM,SHARED_MERCHANT|MULTIPLE_SHARED_MERCHANTS|HIGH_CHARGEBACK_CONCENTRATION|LARGE_CONNECTED_CLUSTER
1432,5,2,6,6,55379.63,1,0.1667,0.6,3,2,25.19,52.03,49.59,MEDIUM,SHARED_MERCHANT|MULTIPLE_SHARED_MERCHANTS|DENSE_USER_MERCHANT_NETWORK|HIGH_CHARGEBACK_CONCENTRATION|LARGE_CONNECTED_CLUSTER
477,7,2,8,8,82022.97,1,0.125,0.5714,5,2,26.3,52.76,49.57,MEDIUM,SHARED_MERCHANT|MULTIPLE_SHARED_MERCHANTS|DENSE_USER_MERCHANT_NETWORK|HIGH_CHARGEBACK_CONCENTRATION|LARGE_CONNECTED_CLUSTER
2170,9,4,12,12,137779.91,2,0.1667,0.3333,4,4,32.4,75.57,49.54,MEDIUM,SHARED_MERCHANT|MULTIPLE_SHARED_MERCHANTS|HIGH_CHARGEBACK_CONCENTRATION|LARGE_CONNECTED_CLUSTER
1164,6,2,7,7,59721.35,1,0.1429,0.5833,4,2,27.18,44.93,49.47,MEDIUM,SHARED_MERCHANT|MULTIPLE_SHARED_MERCHANTS|DENSE_USER_MERCHANT_NETWORK|HIGH_CHARGEBACK_CONCENTRATION|LARGE_CONNECTED_CLUSTER
1421,7,2,8,8,82982.77,1,0.125,0.5714,5,2,25.73,50.18,49.46,MEDIUM,SHARED_MERCHANT|MULTIPLE_SHARED_MERCHANTS|DENSE_USER_MERCHANT_NETWORK|HIGH_CHARGEBACK_CONCENTRATION|LARGE_CONNECTED_CLUSTER
4069,6,2,7,7,83609.73,1,0.1429,0.5833,4,2,27.13,47.94,49.45,MEDIUM,SHARED_MERCHANT|MULTIPLE_SHARED_MERCHANTS|DENSE_USER_MERCHANT_NETWORK|HIGH_CHARGEBACK_CONCENTRATION|LARGE_CONNECTED_CLUSTER
868,6,2,7,7,93974.26,1,0.1429,0.5833,4,2,27.12,55.4,49.45,MEDIUM,SHARED_MERCHANT|MULTIPLE_SHARED_MERCHANTS|DENSE_USER_MERCHANT_NETWORK|HIGH_CHARGEBACK_CONCENTRATION|LARGE_CONNECTED_CLUSTER
245,26,8,33,33,373942.29,4,0.1212,0.1587,7,7,29.95,62.27,49.45,MEDIUM,SHARED_MERCHANT|MULTIPLE_SHARED_MERCHANTS|HIGH_CHARGEBACK_CONCENTRATION|LARGE_CONNECTED_CLUSTER
15,7,2,8,8,77411.68,1,0.125,0.5714,5,2,25.58,57.74,49.43,MEDIUM,SHARED_MERCHANT|MULTIPLE_SHARED_MERCHANTS|DENSE_USER_MERCHANT_NETWORK|HIGH_CHARGEBACK_CONCENTRATION|LARGE_CONNECTED_CLUSTER
2030,6,2,7,7,66867.47,1,0.1429,0.5833,4,2,26.73,59.7,49.38,MEDIUM,SHARED_MERCHANT|MULTIPLE_SHARED_MERCHANTS|DENSE_USER_MERCHANT_NETWORK|HIGH_CHARGEBACK_CONCENTRATION|LARGE_CONNECTED_CLUSTER
731,45,20,64,64,735655.45,9,0.1406,0.0711,6,17,31.42,75.99,49.33,MEDIUM,SHARED_MERCHANT|MULTIPLE_SHARED_MERCHANTS|HIGH_CHARGEBACK_CONCENTRATION|LARGE_CONNECTED_CLUSTER
832,8,1,8,8,92213.71,0,0.0,1.0,8,1,22.86,31.82,49.33,MEDIUM,SHARED_MERCHANT|DENSE_USER_MERCHANT_NETWORK|LARGE_CONNECTED_CLUSTER
788,9,4,12,12,161942.24,2,0.1667,0.3333,4,4,31.27,68.15,49.31,MEDIUM,SHARED_MERCHANT|MULTIPLE_SHARED_MERCHANTS|HIGH_CHARGEBACK_CONCENTRATION|LARGE_CONNECTED_CLUSTER
2772,10,4,13,13,130098.73,2,0.1538,0.325,5,3,26.71,52.19,49.29,MEDIUM,SHARED_MERCHANT|MULTIPLE_SHARED_MERCHANTS|HIGH_CHARGEBACK_CONCENTRATION|LARGE_CONNECTED_CLUSTER
3458,4,3,6,6,76244.81,1,0.1667,0.5,3,2,33.65,58.89,49.28,MEDIUM,SHARED_MERCHANT|MULTIPLE_SHARED_MERCHANTS|DENSE_USER_MERCHANT_NETWORK|HIGH_CHARGEBACK_CONCENTRATION
1256,6,2,7,7,74868.45,1,0.1429,0.5833,4,2,26.12,48.53,49.25,MEDIUM,SHARED_MERCHANT|MULTIPLE_SHARED_MERCHANTS|DENSE_USER_MERCHANT_NETWORK|HIGH_CHARGEBACK_CONCENTRATION|LARGE_CONNECTED_CLUSTER
1727,6,2,7,7,84680.49,1,0.1429,0.5833,4,2,26.01,50.4,49.23,MEDIUM,SHARED_MERCHANT|MULTIPLE_SHARED_MERCHANTS|DENSE_USER_MERCHANT_NETWORK|HIGH_CHARGEBACK_CONCENTRATION|LARGE_CONNECTED_CLUSTER
295,9,2,10,10,92184.92,1,0.1,0.5556,6,2,26.59,55.65,49.12,MEDIUM,SHARED_MERCHANT|MULTIPLE_SHARED_MERCHANTS|DENSE_USER_MERCHANT_NETWORK|HIGH_CHARGEBACK_CONCENTRATION|LARGE_CONNECTED_CLUSTER
1019,6,2,7,7,47346.84,1,0.1429,0.5833,4,2,25.47,46.19,49.12,MEDIUM,SHARED_MERCHANT|MULTIPLE_SHARED_MERCHANTS|DENSE_USER_MERCHANT_NETWORK|HIGH_CHARGEBACK_CONCENTRATION|LARGE_CONNECTED_CLUSTER
91,24,11,34,34,306579.25,5,0.1471,0.1288,6,9,27.15,53.92,49.09,MEDIUM,SHARED_MERCHANT|MULTIPLE_SHARED_MERCHANTS|HIGH_CHARGEBACK_CONCENTRATION|LARGE_CONNECTED_CLUSTER
2721,11,3,13,13,180996.38,1,0.0769,0.3939,8,2,29.38,58.64,49.09,MEDIUM,SHARED_MERCHANT|MULTIPLE_SHARED_MERCHANTS|LARGE_CONNECTED_CLUSTER
2128,7,2,8,8,57921.7,1,0.125,0.5714,5,2,23.51,45.27,49.02,MEDIUM,SHARED_MERCHANT|MULTIPLE_SHARED_MERCHANTS|DENSE_USER_MERCHANT_NETWORK|HIGH_CHARGEBACK_CONCENTRATION|LARGE_CONNECTED_CLUSTER
885,7,2,8,8,117752.98,1,0.125,0.5714,4,2,35.71,54.38,48.96,MEDIUM,SHARED_MERCHANT|MULTIPLE_SHARED_MERCHANTS|DENSE_USER_MERCHANT_NETWORK|HIGH_CHARGEBACK_CONCENTRATION|LARGE_CONNECTED_CLUSTER
607,9,2,10,10,103035.92,1,0.1,0.5556,6,2,25.62,56.47,48.93,MEDIUM,SHARED_MERCHANT|MULTIPLE_SHARED_MERCHANTS|DENSE_USER_MERCHANT_NETWORK|HIGH_CHARGEBACK_CONCENTRATION|LARGE_CONNECTED_CLUSTER
857,8,2,9,9,110905.12,1,0.1111,0.5625,5,2,30.93,50.13,48.81,MEDIUM,SHARED_MERCHANT|MULTIPLE_SHARED_MERCHANTS|DENSE_USER_MERCHANT_NETWORK|HIGH_CHARGEBACK_CONCENTRATION|LARGE_CONNECTED_CLUSTER
1427,11,4,14,14,144130.33,2,0.1429,0.3182,5,3,29.47,67.1,48.48,MEDIUM,SHARED_MERCHANT|MULTIPLE_SHARED_MERCHANTS|HIGH_CHARGEBACK_CONCENTRATION|LARGE_CONNECTED_CLUSTER
49,13,4,16,16,169231.54,2,0.125,0.3077,6,3,27.58,54.61,48.43,MEDIUM,SHARED_MERCHANT|MULTIPLE_SHARED_MERCHANTS|HIGH_CHARGEBACK_CONCENTRATION|LARGE_CONNECTED_CLUSTER
719,27,10,36,36,409076.42,5,0.1389,0.1333,6,9,27.73,59.67,48.4,MEDIUM,SHARED_MERCHANT|MULTIPLE_SHARED_MERCHANTS|HIGH_CHARGEBACK_CONCENTRATION|LARGE_CONNECTED_CLUSTER
3342,15,6,20,20,281973.17,3,0.15,0.2222,5,6,30.15,53.92,48.32,MEDIUM,SHARED_MERCHANT|MULTIPLE_SHARED_MERCHANTS|HIGH_CHARGEBACK_CONCENTRATION|LARGE_CONNECTED_CLUSTER
2549,8,2,9,9,132157.59,1,0.1111,0.5625,5,2,28.03,53.07,48.23,MEDIUM,SHARED_MERCHANT|MULTIPLE_SHARED_MERCHANTS|DENSE_USER_MERCHANT_NETWORK|HIGH_CHARGEBACK_CONCENTRATION|LARGE_CONNECTED_CLUSTER
2100,7,2,8,8,118865.67,1,0.125,0.5714,4,2,31.79,55.64,48.17,MEDIUM,SHARED_MERCHANT|MULTIPLE_SHARED_MERCHANTS|DENSE_USER_MERCHANT_NETWORK|HIGH_CHARGEBACK_CONCENTRATION|LARGE_CONNECTED_CLUSTER
551,7,1,7,7,89876.21,0,0.0,1.0,7,1,30.57,46.93,48.12,MEDIUM,SHARED_MERCHANT|DENSE_USER_MERCHANT_NETWORK|LARGE_CONNECTED_CLUSTER
438,5,3,7,7,94105.95,1,0.1429,0.4667,4,2,31.72,58.8,48.04,MEDIUM,SHARED_MERCHANT|MULTIPLE_SHARED_MERCHANTS|DENSE_USER_MERCHANT_NETWORK|HIGH_CHARGEBACK_CONCENTRATION|LARGE_CONNECTED_CLUSTER
1766,8,2,9,9,67746.03,1,0.1111,0.5625,5,2,26.87,61.79,48.0,MEDIUM,SHARED_MERCHANT|MULTIPLE_SHARED_MERCHANTS|DENSE_USER_MERCHANT_NETWORK|HIGH_CHARGEBACK_CONCENTRATION|LARGE_CONNECTED_CLUSTER
2558,4,3,6,6,49417.06,1,0.1667,0.5,3,2,27.08,52.91,47.97,MEDIUM,SHARED_MERCHANT|MULTIPLE_SHARED_MERCHANTS|DENSE_USER_MERCHANT_NETWORK|HIGH_CHARGEBACK_CONCENTRATION
410,7,2,8,8,75275.33,1,0.125,0.5714,4,2,30.27,70.49,47.87,MEDIUM,SHARED_MERCHANT|MULTIPLE_SHARED_MERCHANTS|DENSE_USER_MERCHANT_NETWORK|HIGH_CHARGEBACK_CONCENTRATION|LARGE_CONNECTED_CLUSTER
2677,7,2,8,8,94843.83,1,0.125,0.5714,4,2,30.03,54.91,47.82,MEDIUM,SHARED_MERCHANT|MULTIPLE_SHARED_MERCHANTS|DENSE_USER_MERCHANT_NETWORK|HIGH_CHARGEBACK_CONCENTRATION|LARGE_CONNECTED_CLUSTER
567,28,8,35,35,359011.37,4,0.1143,0.1562,7,8,25.68,57.96,47.81,MEDIUM,SHARED_MERCHANT|MULTIPLE_SHARED_MERCHANTS|HIGH_CHARGEBACK_CONCENTRATION|LARGE_CONNECTED_CLUSTER
155,7,2,8,8,102511.59,1,0.125,0.5714,4,2,29.91,48.84,47.8,MEDIUM,SHARED_MERCHANT|MULTIPLE_SHARED_MERCHANTS|DENSE_USER_MERCHANT_NETWORK|HIGH_CHARGEBACK_CONCENTRATION|LARGE_CONNECTED_CLUSTER
479,14,4,17,17,233274.05,2,0.1176,0.3036,6,4,28.66,60.8,47.77,MEDIUM,SHARED_MERCHANT|MULTIPLE_SHARED_MERCHANTS|HIGH_CHARGEBACK_CONCENTRATION|LARGE_CONNECTED_CLUSTER
918,25,9,33,33,436366.08,3,0.0909,0.1467,8,8,29.13,74.68,47.76,MEDIUM,SHARED_MERCHANT|MULTIPLE_SHARED_MERCHANTS|LARGE_CONNECTED_CLUSTER
1480,5,3,7,7,77772.87,1,0.1429,0.4667,4,2,30.15,47.53,47.73,MEDIUM,SHARED_MERCHANT|MULTIPLE_SHARED_MERCHANTS|DENSE_USER_MERCHANT_NETWORK|HIGH_CHARGEBACK_CONCENTRATION|LARGE_CONNECTED_CLUSTER
172,4,3,6,6,59949.92,1,0.1667,0.5,3,2,25.77,50.66,47.7,MEDIUM,SHARED_MERCHANT|MULTIPLE_SHARED_MERCHANTS|DENSE_USER_MERCHANT_NETWORK|HIGH_CHARGEBACK_CONCENTRATION
1353,8,2,9,9,72837.52,1,0.1111,0.5625,5,2,25.38,53.8,47.7,MEDIUM,SHARED_MERCHANT|MULTIPLE_SHARED_MERCHANTS|DENSE_USER_MERCHANT_NETWORK|HIGH_CHARGEBACK_CONCENTRATION|LARGE_CONNECTED_CLUSTER
3816,10,4,13,13,176199.21,2,0.1538,0.325,4,4,30.79,59.74,47.61,MEDIUM,SHARED_MERCHANT|MULTIPLE_SHARED_MERCHANTS|HIGH_CHARGEBACK_CONCENTRATION|LARGE_CONNECTED_CLUSTER
281,14,7,20,20,245777.44,3,0.15,0.2041,5,6,28.0,53.47,47.53,MEDIUM,SHARED_MERCHANT|MULTIPLE_SHARED_MERCHANTS|HIGH_CHARGEBACK_CONCENTRATION|LARGE_CONNECTED_CLUSTER
78,20,7,26,26,209935.74,3,0.1154,0.1857,7,7,23.75,56.04,47.53,MEDIUM,SHARED_MERCHANT|MULTIPLE_SHARED_MERCHANTS|HIGH_CHARGEBACK_CONCENTRATION|LARGE_CONNECTED_CLUSTER
185,7,2,8,8,89378.93,1,0.125,0.5714,4,2,28.19,61.63,47.45,MEDIUM,SHARED_MERCHANT|MULTIPLE_SHARED_MERCHANTS|DENSE_USER_MERCHANT_NETWORK|HIGH_CHARGEBACK_CONCENTRATION|LARGE_CONNECTED_CLUSTER
1713,7,2,8,8,86885.47,1,0.125,0.5714,4,2,28.02,51.78,47.42,MEDIUM,SHARED_MERCHANT|MULTIPLE_SHARED_MERCHANTS|DENSE_USER_MERCHANT_NETWORK|HIGH_CHARGEBACK_CONCENTRATION|LARGE_CONNECTED_CLUSTER
1073,8,2,9,9,44127.02,1,0.1111,0.5625,5,2,23.56,48.65,47.34,MEDIUM,SHARED_MERCHANT|MULTIPLE_SHARED_MERCHANTS|DENSE_USER_MERCHANT_NETWORK|HIGH_CHARGEBACK_CONCENTRATION|LARGE_CONNECTED_CLUSTER
723,8,2,9,9,77012.97,1,0.1111,0.5625,5,2,23.2,49.48,47.27,MEDIUM,SHARED_MERCHANT|MULTIPLE_SHARED_MERCHANTS|DENSE_USER_MERCHANT_NETWORK|HIGH_CHARGEBACK_CONCENTRATION|LARGE_CONNECTED_CLUSTER
714,8,3,10,10,137443.16,1,0.1,0.4167,6,2,29.95,75.33,47.02,MEDIUM,SHARED_MERCHANT|MULTIPLE_SHARED_MERCHANTS|DENSE_USER_MERCHANT_NETWORK|HIGH_CHARGEBACK_CONCENTRATION|LARGE_CONNECTED_CLUSTER
1624,12,2,13,13,205230.86,0,0.0,0.5417,10,2,27.03,48.08,46.96,MEDIUM,SHARED_MERCHANT|MULTIPLE_SHARED_MERCHANTS|DENSE_USER_MERCHANT_NETWORK|LARGE_CONNECTED_CLUSTER
1366,8,3,10,10,99986.23,1,0.1,0.4167,6,2,29.59,56.08,46.95,MEDIUM,SHARED_MERCHANT|MULTIPLE_SHARED_MERCHANTS|DENSE_USER_MERCHANT_NETWORK|HIGH_CHARGEBACK_CONCENTRATION|LARGE_CONNECTED_CLUSTER
1630,7,2,8,8,64195.76,1,0.125,0.5714,4,2,25.61,51.62,46.94,MEDIUM,SHARED_MERCHANT|MULTIPLE_SHARED_MERCHANTS|DENSE_USER_MERCHANT_NETWORK|HIGH_CHARGEBACK_CONCENTRATION|LARGE_CONNECTED_CLUSTER
2560,8,3,10,10,125150.09,1,0.1,0.4167,6,3,29.47,53.68,46.92,MEDIUM,SHARED_MERCHANT|MULTIPLE_SHARED_MERCHANTS|DENSE_USER_MERCHANT_NETWORK|HIGH_CHARGEBACK_CONCENTRATION|LARGE_CONNECTED_CLUSTER
1273,10,4,13,13,156900.14,2,0.1538,0.325,4,4,26.93,59.68,46.83,MEDIUM,SHARED_MERCHANT|MULTIPLE_SHARED_MERCHANTS|HIGH_CHARGEBACK_CONCENTRATION|LARGE_CONNECTED_CLUSTER
1922,11,3,13,13,152018.33,1,0.0769,0.3939,7,3,30.31,48.45,46.78,MEDIUM,SHARED_MERCHANT|MULTIPLE_SHARED_MERCHANTS|LARGE_CONNECTED_CLUSTER
1516,5,3,7,7,89826.61,1,0.1429,0.4667,3,3,37.78,70.77,46.75,MEDIUM,SHARED_MERCHANT|MULTIPLE_SHARED_MERCHANTS|DENSE_USER_MERCHANT_NETWORK|HIGH_CHARGEBACK_CONCENTRATION|LARGE_CONNECTED_CLUSTER
1100,4,3,6,6,87695.02,1,0.1667,0.5,2,3,33.46,54.57,46.74,MEDIUM,MULTIPLE_SHARED_MERCHANTS|DENSE_USER_MERCHANT_NETWORK|HIGH_CHARGEBACK_CONCENTRATION
2262,7,2,8,8,66226.77,1,0.125,0.5714,4,2,24.51,44.39,46.72,MEDIUM,SHARED_MERCHANT|MULTIPLE_SHARED_MERCHANTS|DENSE_USER_MERCHANT_NETWORK|HIGH_CHARGEBACK_CONCENTRATION|LARGE_CONNECTED_CLUSTER
967,6,3,8,8,78355.51,1,0.125,0.4444,5,2,24.64,59.5,46.7,MEDIUM,SHARED_MERCHANT|MULTIPLE_SHARED_MERCHANTS|DENSE_USER_MERCHANT_NETWORK|HIGH_CHARGEBACK_CONCENTRATION|LARGE_CONNECTED_CLUSTER
995,11,5,15,15,185470.93,2,0.1333,0.2727,5,3,29.65,57.09,46.56,MEDIUM,SHARED_MERCHANT|MULTIPLE_SHARED_MERCHANTS|HIGH_CHARGEBACK_CONCENTRATION|LARGE_CONNECTED_CLUSTER
412,12,4,15,15,143482.87,2,0.1333,0.3125,5,4,25.47,55.76,46.52,MEDIUM,SHARED_MERCHANT|MULTIPLE_SHARED_MERCHANTS|HIGH_CHARGEBACK_CONCENTRATION|LARGE_CONNECTED_CLUSTER
1916,4,3,6,6,72116.6,1,0.1667,0.5,2,3,31.86,51.77,46.42,MEDIUM,MULTIPLE_SHARED_MERCHANTS|DENSE_USER_MERCHANT_NETWORK|HIGH_CHARGEBACK_CONCENTRATION
2042,16,7,22,22,255109.89,3,0.1364,0.1964,5,6,30.54,63.71,46.38,MEDIUM,SHARED_MERCHANT|MULTIPLE_SHARED_MERCHANTS|HIGH_CHARGEBACK_CONCENTRATION|LARGE_CONNECTED_CLUSTER
1023,9,3,11,11,185330.62,1,0.0909,0.4074,6,3,32.04,65.79,46.3,MEDIUM,SHARED_MERCHANT|MULTIPLE_SHARED_MERCHANTS|DENSE_USER_MERCHANT_NETWORK|LARGE_CONNECTED_CLUSTER
505,9,5,13,13,136262.61,2,0.1538,0.2889,4,3,27.77,49.69,46.28,MEDIUM,SHARED_MERCHANT|MULTIPLE_SHARED_MERCHANTS|HIGH_CHARGEBACK_CONCENTRATION|LARGE_CONNECTED_CLUSTER
372,8,3,10,10,128303.0,1,0.1,0.4167,6,2,26.25,57.19,46.28,MEDIUM,SHARED_MERCHANT|MULTIPLE_SHARED_MERCHANTS|DENSE_USER_MERCHANT_NETWORK|HIGH_CHARGEBACK_CONCENTRATION|LARGE_CONNECTED_CLUSTER
2061,5,3,7,7,118059.93,1,0.1429,0.4667,3,3,34.86,62.64,46.17,MEDIUM,SHARED_MERCHANT|MULTIPLE_SHARED_MERCHANTS|DENSE_USER_MERCHANT_NETWORK|HIGH_CHARGEBACK_CONCENTRATION|LARGE_CONNECTED_CLUSTER
908,9,4,12,12,156108.62,2,0.1667,0.3333,3,4,28.01,46.51,46.16,MEDIUM,SHARED_MERCHANT|MULTIPLE_SHARED_MERCHANTS|HIGH_CHARGEBACK_CONCENTRATION|LARGE_CONNECTED_CLUSTER
1340,16,7,22,22,265720.88,3,0.1364,0.1964,5,6,29.33,76.8,46.13,MEDIUM,SHARED_MERCHANT|MULTIPLE_SHARED_MERCHANTS|HIGH_CHARGEBACK_CONCENTRATION|LARGE_CONNECTED_CLUSTER
759,7,3,9,9,93598.54,1,0.1111,0.4286,5,3,30.87,50.66,46.12,MEDIUM,SHARED_MERCHANT|MULTIPLE_SHARED_MERCHANTS|DENSE_USER_MERCHANT_NETWORK|HIGH_CHARGEBACK_CONCENTRATION|LARGE_CONNECTED_CLUSTER
461,13,4,16,16,205982.75,2,0.125,0.3077,5,4,27.9,58.13,46.0,MEDIUM,SHARED_MERCHANT|MULTIPLE_SHARED_MERCHANTS|HIGH_CHARGEBACK_CONCENTRATION|LARGE_CONNECTED_CLUSTER
470,21,6,26,26,244869.07,3,0.1154,0.2063,6,6,26.0,56.01,45.89,MEDIUM,SHARED_MERCHANT|MULTIPLE_SHARED_MERCHANTS|HIGH_CHARGEBACK_CONCENTRATION|LARGE_CONNECTED_CLUSTER
3189,6,1,6,6,72179.78,0,0.0,1.0,6,1,33.34,48.66,45.88,MEDIUM,SHARED_MERCHANT|DENSE_USER_MERCHANT_NETWORK|LARGE_CONNECTED_CLUSTER
1404,11,4,14,14,168947.93,2,0.1429,0.3182,4,4,28.95,54.16,45.88,MEDIUM,SHARED_MERCHANT|MULTIPLE_SHARED_MERCHANTS|HIGH_CHARGEBACK_CONCENTRATION|LARGE_CONNECTED_CLUSTER
2941,6,3,8,8,140663.76,1,0.125,0.4444,4,3,33.04,59.0,45.88,MEDIUM,SHARED_MERCHANT|MULTIPLE_SHARED_MERCHANTS|DENSE_USER_MERCHANT_NETWORK|HIGH_CHARGEBACK_CONCENTRATION|LARGE_CONNECTED_CLUSTER
2016,3,4,6,6,59315.34,1,0.1667,0.5,2,2,28.15,51.69,45.68,MEDIUM,MULTIPLE_SHARED_MERCHANTS|DENSE_USER_MERCHANT_NETWORK|HIGH_CHARGEBACK_CONCENTRATION
1252,9,6,14,14,212275.61,2,0.1429,0.2593,4,4,33.72,59.27,45.65,MEDIUM,SHARED_MERCHANT|MULTIPLE_SHARED_MERCHANTS|HIGH_CHARGEBACK_CONCENTRATION|LARGE_CONNECTED_CLUSTER
393,13,5,17,17,204055.16,2,0.1176,0.2615,5,4,34.22,64.86,45.54,MEDIUM,SHARED_MERCHANT|MULTIPLE_SHARED_MERCHANTS|HIGH_CHARGEBACK_CONCENTRATION|LARGE_CONNECTED_CLUSTER
321,6,3,8,8,91432.77,1,0.125,0.4444,4,3,30.62,55.34,45.4,MEDIUM,SHARED_MERCHANT|MULTIPLE_SHARED_MERCHANTS|DENSE_USER_MERCHANT_NETWORK|HIGH_CHARGEBACK_CONCENTRATION|LARGE_CONNECTED_CLUSTER
802,11,4,14,14,160854.35,2,0.1429,0.3182,4,4,26.4,56.89,45.37,MEDIUM,SHARED_MERCHANT|MULTIPLE_SHARED_MERCHANTS|HIGH_CHARGEBACK_CONCENTRATION|LARGE_CONNECTED_CLUSTER
30,6,3,8,8,77881.91,1,0.125,0.4444,4,2,30.35,54.28,45.34,MEDIUM,SHARED_MERCHANT|MULTIPLE_SHARED_MERCHANTS|DENSE_USER_MERCHANT_NETWORK|HIGH_CHARGEBACK_CONCENTRATION|LARGE_CONNECTED_CLUSTER
2684,8,3,10,10,152129.27,1,0.1,0.4167,5,3,33.84,53.36,45.3,MEDIUM,SHARED_MERCHANT|MULTIPLE_SHARED_MERCHANTS|DENSE_USER_MERCHANT_NETWORK|HIGH_CHARGEBACK_CONCENTRATION|LARGE_CONNECTED_CLUSTER
630,29,10,38,38,476368.19,5,0.1316,0.131,5,10,28.62,59.66,45.23,MEDIUM,SHARED_MERCHANT|MULTIPLE_SHARED_MERCHANTS|HIGH_CHARGEBACK_CONCENTRATION|LARGE_CONNECTED_CLUSTER
488,9,3,11,11,123621.25,1,0.0909,0.4074,6,3,26.47,52.86,45.19,MEDIUM,SHARED_MERCHANT|MULTIPLE_SHARED_MERCHANTS|DENSE_USER_MERCHANT_NETWORK|LARGE_CONNECTED_CLUSTER
422,17,6,22,22,224600.06,2,0.0909,0.2157,7,6,25.38,56.54,45.05,MEDIUM,SHARED_MERCHANT|MULTIPLE_SHARED_MERCHANTS|LARGE_CONNECTED_CLUSTER
27,18,7,24,24,341287.46,3,0.125,0.1905,5,6,30.68,62.95,45.04,MEDIUM,SHARED_MERCHANT|MULTIPLE_SHARED_MERCHANTS|HIGH_CHARGEBACK_CONCENTRATION|LARGE_CONNECTED_CLUSTER
820,5,3,7,7,98133.08,1,0.1429,0.4667,3,3,29.05,53.91,45.01,MEDIUM,SHARED_MERCHANT|MULTIPLE_SHARED_MERCHANTS|DENSE_USER_MERCHANT_NETWORK|HIGH_CHARGEBACK_CONCENTRATION|LARGE_CONNECTED_CLUSTER
3028,8,3,10,10,154453.07,1,0.1,0.4167,5,3,32.34,57.1,45.0,MEDIUM,SHARED_MERCHANT|MULTIPLE_SHARED_MERCHANTS|DENSE_USER_MERCHANT_NETWORK|HIGH_CHARGEBACK_CONCENTRATION|LARGE_CONNECTED_CLUSTER
433,15,5,19,19,198410.95,2,0.1053,0.2533,6,5,26.39,50.53,44.99,MEDIUM,SHARED_MERCHANT|MULTIPLE_SHARED_MERCHANTS|HIGH_CHARGEBACK_CONCENTRATION|LARGE_CONNECTED_CLUSTER
203,28,9,36,36,428361.15,4,0.1111,0.1429,6,9,27.04,62.46,44.98,MEDIUM,SHARED_MERCHANT|MULTIPLE_SHARED_MERCHANTS|HIGH_CHARGEBACK_CONCENTRATION|LARGE_CONNECTED_CLUSTER
2395,16,8,23,23,263691.21,3,0.1304,0.1797,5,8,28.39,65.25,44.96,MEDIUM,SHARED_MERCHANT|MULTIPLE_SHARED_MERCHANTS|HIGH_CHARGEBACK_CONCENTRATION|LARGE_CONNECTED_CLUSTER
1008,6,3,8,8,117832.51,1,0.125,0.4444,4,3,28.35,55.14,44.94,MEDIUM,SHARED_MERCHANT|MULTIPLE_SHARED_MERCHANTS|DENSE_USER_MERCHANT_NETWORK|HIGH_CHARGEBACK_CONCENTRATION|LARGE_CONNECTED_CLUSTER
3078,5,3,7,7,60648.73,1,0.1429,0.4667,3,3,28.62,58.05,44.92,MEDIUM,SHARED_MERCHANT|MULTIPLE_SHARED_MERCHANTS|DENSE_USER_MERCHANT_NETWORK|HIGH_CHARGEBACK_CONCENTRATION|LARGE_CONNECTED_CLUSTER
304,6,3,8,8,105233.94,1,0.125,0.4444,4,3,28.08,54.61,44.89,MEDIUM,SHARED_MERCHANT|MULTIPLE_SHARED_MERCHANTS|DENSE_USER_MERCHANT_NETWORK|HIGH_CHARGEBACK_CONCENTRATION|LARGE_CONNECTED_CLUSTER
613,5,3,7,7,101827.84,1,0.1429,0.4667,3,3,28.42,56.17,44.88,MEDIUM,SHARED_MERCHANT|MULTIPLE_SHARED_MERCHANTS|DENSE_USER_MERCHANT_NETWORK|HIGH_CHARGEBACK_CONCENTRATION|LARGE_CONNECTED_CLUSTER
1049,19,4,22,22,236700.18,2,0.0909,0.2895,6,4,29.61,59.4,44.87,MEDIUM,SHARED_MERCHANT|MULTIPLE_SHARED_MERCHANTS|LARGE_CONNECTED_CLUSTER
1702,13,5,17,17,175608.59,2,0.1176,0.2615,5,5,30.65,69.79,44.83,MEDIUM,SHARED_MERCHANT|MULTIPLE_SHARED_MERCHANTS|HIGH_CHARGEBACK_CONCENTRATION|LARGE_CONNECTED_CLUSTER
2401,16,5,20,20,258141.58,2,0.1,0.25,6,5,28.59,55.08,44.82,MEDIUM,SHARED_MERCHANT|MULTIPLE_SHARED_MERCHANTS|HIGH_CHARGEBACK_CONCENTRATION|LARGE_CONNECTED_CLUSTER
1681,6,1,6,6,48956.75,0,0.0,1.0,6,1,27.81,41.55,44.78,MEDIUM,SHARED_MERCHANT|DENSE_USER_MERCHANT_NETWORK|LARGE_CONNECTED_CLUSTER
563,6,3,8,8,103022.36,1,0.125,0.4444,4,2,27.08,49.02,44.69,MEDIUM,SHARED_MERCHANT|MULTIPLE_SHARED_MERCHANTS|DENSE_USER_MERCHANT_NETWORK|HIGH_CHARGEBACK_CONCENTRATION|LARGE_CONNECTED_CLUSTER
1446,5,3,7,7,59444.46,1,0.1429,0.4667,3,3,27.29,46.65,44.65,MEDIUM,SHARED_MERCHANT|MULTIPLE_SHARED_MERCHANTS|DENSE_USER_MERCHANT_NETWORK|HIGH_CHARGEBACK_CONCENTRATION|LARGE_CONNECTED_CLUSTER
614,9,3,11,11,100598.24,1,0.0909,0.4074,6,3,23.76,59.31,44.65,MEDIUM,SHARED_MERCHANT|MULTIPLE_SHARED_MERCHANTS|DENSE_USER_MERCHANT_NETWORK|LARGE_CONNECTED_CLUSTER
1155,14,7,20,20,190433.57,3,0.15,0.2041,4,6,26.06,50.49,44.64,MEDIUM,SHARED_MERCHANT|MULTIPLE_SHARED_MERCHANTS|HIGH_CHARGEBACK_CONCENTRATION|LARGE_CONNECTED_CLUSTER
2391,8,3,10,10,128794.0,1,0.1,0.4167,5,2,30.44,55.14,44.62,MEDIUM,SHARED_MERCHANT|MULTIPLE_SHARED_MERCHANTS|DENSE_USER_MERCHANT_NETWORK|HIGH_CHARGEBACK_CONCENTRATION|LARGE_CONNECTED_CLUSTER
201,6,3,8,8,95276.14,1,0.125,0.4444,4,3,26.67,45.11,44.61,MEDIUM,SHARED_MERCHANT|MULTIPLE_SHARED_MERCHANTS|DENSE_USER_MERCHANT_NETWORK|HIGH_CHARGEBACK_CONCENTRATION|LARGE_CONNECTED_CLUSTER
342,6,3,8,8,86255.93,1,0.125,0.4444,4,3,26.55,52.41,44.59,MEDIUM,SHARED_MERCHANT|MULTIPLE_SHARED_MERCHANTS|DENSE_USER_MERCHANT_NETWORK|HIGH_CHARGEBACK_CONCENTRATION|LARGE_CONNECTED_CLUSTER
4161,6,3,8,8,77321.56,1,0.125,0.4444,4,2,26.36,53.57,44.55,MEDIUM,SHARED_MERCHANT|MULTIPLE_SHARED_MERCHANTS|DENSE_USER_MERCHANT_NETWORK|HIGH_CHARGEBACK_CONCENTRATION|LARGE_CONNECTED_CLUSTER
827,15,7,21,21,232601.31,3,0.1429,0.2,4,7,29.3,57.96,44.42,MEDIUM,SHARED_MERCHANT|MULTIPLE_SHARED_MERCHANTS|HIGH_CHARGEBACK_CONCENTRATION|LARGE_CONNECTED_CLUSTER
457,9,6,14,14,172717.03,2,0.1429,0.2593,4,4,27.39,49.15,44.39,MEDIUM,SHARED_MERCHANT|MULTIPLE_SHARED_MERCHANTS|HIGH_CHARGEBACK_CONCENTRATION|LARGE_CONNECTED_CLUSTER
685,13,5,17,17,205967.84,2,0.1176,0.2615,5,5,27.7,57.15,44.24,MEDIUM,SHARED_MERCHANT|MULTIPLE_SHARED_MERCHANTS|HIGH_CHARGEBACK_CONCENTRATION|LARGE_CONNECTED_CLUSTER
490,6,1,6,6,96552.64,0,0.0,1.0,6,1,25.03,30.19,44.22,MEDIUM,SHARED_MERCHANT|DENSE_USER_MERCHANT_NETWORK|LARGE_CONNECTED_CLUSTER
502,6,1,6,6,62303.16,0,0.0,1.0,6,1,25.02,34.39,44.22,MEDIUM,SHARED_MERCHANT|DENSE_USER_MERCHANT_NETWORK|LARGE_CONNECTED_CLUSTER
344,6,3,8,8,76250.62,1,0.125,0.4444,4,2,24.73,51.97,44.22,MEDIUM,SHARED_MERCHANT|MULTIPLE_SHARED_MERCHANTS|DENSE_USER_MERCHANT_NETWORK|HIGH_CHARGEBACK_CONCENTRATION|LARGE_CONNECTED_CLUSTER
2597,5,3,7,7,57688.3,1,0.1429,0.4667,3,2,24.76,47.86,44.15,MEDIUM,SHARED_MERCHANT|MULTIPLE_SHARED_MERCHANTS|DENSE_USER_MERCHANT_NETWORK|HIGH_CHARGEBACK_CONCENTRATION|LARGE_CONNECTED_CLUSTER
1591,6,1,6,6,39254.06,0,0.0,1.0,6,1,24.5,41.91,44.12,MEDIUM,SHARED_MERCHANT|DENSE_USER_MERCHANT_NETWORK|LARGE_CONNECTED_CLUSTER
1056,6,1,6,6,64286.31,0,0.0,1.0,6,1,24.5,32.43,44.12,MEDIUM,SHARED_MERCHANT|DENSE_USER_MERCHANT_NETWORK|LARGE_CONNECTED_CLUSTER
769,8,3,10,10,150396.59,1,0.1,0.4167,5,3,27.82,45.88,44.09,MEDIUM,SHARED_MERCHANT|MULTIPLE_SHARED_MERCHANTS|DENSE_USER_MERCHANT_NETWORK|HIGH_CHARGEBACK_CONCENTRATION|LARGE_CONNECTED_CLUSTER
2181,14,3,16,16,177125.91,1,0.0625,0.381,7,3,24.83,54.55,44.04,MEDIUM,SHARED_MERCHANT|MULTIPLE_SHARED_MERCHANTS|LARGE_CONNECTED_CLUSTER
2478,6,3,8,8,52390.06,1,0.125,0.4444,4,3,23.5,48.99,43.98,MEDIUM,SHARED_MERCHANT|MULTIPLE_SHARED_MERCHANTS|DENSE_USER_MERCHANT_NETWORK|HIGH_CHARGEBACK_CONCENTRATION|LARGE_CONNECTED_CLUSTER
3108,6,3,8,8,49059.22,1,0.125,0.4444,4,3,23.25,55.63,43.93,MEDIUM,SHARED_MERCHANT|MULTIPLE_SHARED_MERCHANTS|DENSE_USER_MERCHANT_NETWORK|HIGH_CHARGEBACK_CONCENTRATION|LARGE_CONNECTED_CLUSTER
95,13,5,17,17,192302.81,2,0.1176,0.2615,5,5,26.08,59.63,43.91,MEDIUM,SHARED_MERCHANT|MULTIPLE_SHARED_MERCHANTS|HIGH_CHARGEBACK_CONCENTRATION|LARGE_CONNECTED_CLUSTER
3128,9,3,11,11,122506.65,1,0.0909,0.4074,5,3,32.56,58.32,43.91,MEDIUM,SHARED_MERCHANT|MULTIPLE_SHARED_MERCHANTS|DENSE_USER_MERCHANT_NETWORK|LARGE_CONNECTED_CLUSTER
1861,6,1,6,6,68490.07,0,0.0,1.0,6,1,23.38,29.59,43.89,MEDIUM,SHARED_MERCHANT|DENSE_USER_MERCHANT_NETWORK|LARGE_CONNECTED_CLUSTER
3891,6,3,8,8,44697.19,1,0.125,0.4444,4,2,22.5,44.87,43.78,MEDIUM,SHARED_MERCHANT|MULTIPLE_SHARED_MERCHANTS|DENSE_USER_MERCHANT_NETWORK|HIGH_CHARGEBACK_CONCENTRATION|LARGE_CONNECTED_CLUSTER
2852,14,5,18,18,186534.13,2,0.1111,0.2571,5,5,28.56,52.48,43.62,MEDIUM,SHARED_MERCHANT|MULTIPLE_SHARED_MERCHANTS|HIGH_CHARGEBACK_CONCENTRATION|LARGE_CONNECTED_CLUSTER
1298,12,4,15,15,116682.95,1,0.0667,0.3125,7,4,27.58,65.97,43.61,MEDIUM,SHARED_MERCHANT|MULTIPLE_SHARED_MERCHANTS|LARGE_CONNECTED_CLUSTER
1219,11,3,13,13,134153.5,1,0.0769,0.3939,6,3,26.63,58.24,43.54,MEDIUM,SHARED_MERCHANT|MULTIPLE_SHARED_MERCHANTS|LARGE_CONNECTED_CLUSTER
1071,6,1,6,6,65660.49,0,0.0,1.0,6,1,21.25,30.26,43.47,MEDIUM,SHARED_MERCHANT|DENSE_USER_MERCHANT_NETWORK|LARGE_CONNECTED_CLUSTER
59,18,5,22,22,269513.34,2,0.0909,0.2444,6,5,27.06,58.88,43.46,MEDIUM,SHARED_MERCHANT|MULTIPLE_SHARED_MERCHANTS|LARGE_CONNECTED_CLUSTER
1244,14,5,18,18,221693.64,2,0.1111,0.2571,5,4,27.42,56.9,43.4,MEDIUM,SHARED_MERCHANT|MULTIPLE_SHARED_MERCHANTS|HIGH_CHARGEBACK_CONCENTRATION|LARGE_CONNECTED_CLUSTER
2037,7,3,9,9,129286.78,1,0.1111,0.4286,4,2,29.31,59.57,43.31,MEDIUM,SHARED_MERCHANT|MULTIPLE_SHARED_MERCHANTS|DENSE_USER_MERCHANT_NETWORK|HIGH_CHARGEBACK_CONCENTRATION|LARGE_CONNECTED_CLUSTER
961,8,3,10,10,89486.35,1,0.1,0.4167,5,3,23.93,52.11,43.31,MEDIUM,SHARED_MERCHANT|MULTIPLE_SHARED_MERCHANTS|DENSE_USER_MERCHANT_NETWORK|HIGH_CHARGEBACK_CONCENTRATION|LARGE_CONNECTED_CLUSTER
2833,9,3,11,11,152987.11,1,0.0909,0.4074,5,2,29.46,61.08,43.29,MEDIUM,SHARED_MERCHANT|MULTIPLE_SHARED_MERCHANTS|DENSE_USER_MERCHANT_NETWORK|LARGE_CONNECTED_CLUSTER
158,31,11,41,41,454773.69,4,0.0976,0.1202,6,11,27.6,58.25,43.22,MEDIUM,SHARED_MERCHANT|MULTIPLE_SHARED_MERCHANTS|LARGE_CONNECTED_CLUSTER
2029,6,1,6,6,34919.14,0,0.0,1.0,6,1,19.99,30.14,43.21,MEDIUM,SHARED_MERCHANT|DENSE_USER_MERCHANT_NETWORK|LARGE_CONNECTED_CLUSTER
338,12,3,14,14,180310.13,1,0.0714,0.3889,6,3,28.01,53.57,43.18,MEDIUM,SHARED_MERCHANT|MULTIPLE_SHARED_MERCHANTS|LARGE_CONNECTED_CLUSTER
1628,6,1,6,6,39032.81,0,0.0,1.0,6,1,19.59,28.76,43.13,MEDIUM,SHARED_MERCHANT|DENSE_USER_MERCHANT_NETWORK|LARGE_CONNECTED_CLUSTER
2649,8,3,10,10,81554.01,1,0.1,0.4167,5,3,22.91,51.76,43.11,MEDIUM,SHARED_MERCHANT|MULTIPLE_SHARED_MERCHANTS|DENSE_USER_MERCHANT_NETWORK|HIGH_CHARGEBACK_CONCENTRATION|LARGE_CONNECTED_CLUSTER
86,5,1,5,5,77001.92,0,0.0,1.0,5,1,33.24,48.23,43.03,MEDIUM,SHARED_MERCHANT|DENSE_USER_MERCHANT_NETWORK|LARGE_CONNECTED_CLUSTER
725,9,3,11,11,122662.04,1,0.0909,0.4074,5,3,28.17,50.66,43.03,MEDIUM,SHARED_MERCHANT|MULTIPLE_SHARED_MERCHANTS|DENSE_USER_MERCHANT_NETWORK|LARGE_CONNECTED_CLUSTER
636,6,1,6,6,38048.22,0,0.0,1.0,6,1,18.96,21.88,43.01,MEDIUM,SHARED_MERCHANT|DENSE_USER_MERCHANT_NETWORK|LARGE_CONNECTED_CLUSTER
1590,9,4,12,12,131558.05,1,0.0833,0.3333,6,4,26.28,46.62,42.9,MEDIUM,SHARED_MERCHANT|MULTIPLE_SHARED_MERCHANTS|LARGE_CONNECTED_CLUSTER
418,12,5,16,16,231785.06,2,0.125,0.2667,4,4,28.82,58.25,42.86,MEDIUM,SHARED_MERCHANT|MULTIPLE_SHARED_MERCHANTS|HIGH_CHARGEBACK_CONCENTRATION|LARGE_CONNECTED_CLUSTER
2594,7,3,9,9,117573.15,1,0.1111,0.4286,4,3,27.05,57.25,42.86,MEDIUM,SHARED_MERCHANT|MULTIPLE_SHARED_MERCHANTS|DENSE_USER_MERCHANT_NETWORK|HIGH_CHARGEBACK_CONCENTRATION|LARGE_CONNECTED_CLUSTER
711,7,3,9,9,119029.23,1,0.1111,0.4286,4,3,27.03,59.78,42.85,MEDIUM,SHARED_MERCHANT|MULTIPLE_SHARED_MERCHANTS|DENSE_USER_MERCHANT_NETWORK|HIGH_CHARGEBACK_CONCENTRATION|LARGE_CONNECTED_CLUSTER
176,7,3,9,9,92551.83,1,0.1111,0.4286,4,3,26.98,59.1,42.85,MEDIUM,SHARED_MERCHANT|MULTIPLE_SHARED_MERCHANTS|DENSE_USER_MERCHANT_NETWORK|HIGH_CHARGEBACK_CONCENTRATION|LARGE_CONNECTED_CLUSTER
629,6,3,8,8,101737.28,1,0.125,0.4444,3,3,30.22,61.06,42.82,MEDIUM,SHARED_MERCHANT|MULTIPLE_SHARED_MERCHANTS|DENSE_USER_MERCHANT_NETWORK|HIGH_CHARGEBACK_CONCENTRATION|LARGE_CONNECTED_CLUSTER
1692,7,3,9,9,75669.83,1,0.1111,0.4286,4,3,26.81,49.06,42.81,MEDIUM,SHARED_MERCHANT|MULTIPLE_SHARED_MERCHANTS|DENSE_USER_MERCHANT_NETWORK|HIGH_CHARGEBACK_CONCENTRATION|LARGE_CONNECTED_CLUSTER
365,9,3,11,11,133516.86,1,0.0909,0.4074,5,3,26.62,52.79,42.72,MEDIUM,SHARED_MERCHANT|MULTIPLE_SHARED_MERCHANTS|DENSE_USER_MERCHANT_NETWORK|LARGE_CONNECTED_CLUSTER
1789,6,3,8,8,94568.68,1,0.125,0.4444,3,3,29.53,48.22,42.68,MEDIUM,SHARED_MERCHANT|MULTIPLE_SHARED_MERCHANTS|DENSE_USER_MERCHANT_NETWORK|HIGH_CHARGEBACK_CONCENTRATION|LARGE_CONNECTED_CLUSTER
997,6,3,8,8,124094.77,1,0.125,0.4444,3,3,29.26,42.8,42.63,MEDIUM,SHARED_MERCHANT|MULTIPLE_SHARED_MERCHANTS|DENSE_USER_MERCHANT_NETWORK|HIGH_CHARGEBACK_CONCENTRATION|LARGE_CONNECTED_CLUSTER
588,8,3,10,10,177765.83,1,0.1,0.4167,4,3,32.73,62.85,42.57,MEDIUM,SHARED_MERCHANT|MULTIPLE_SHARED_MERCHANTS|DENSE_USER_MERCHANT_NETWORK|HIGH_CHARGEBACK_CONCENTRATION|LARGE_CONNECTED_CLUSTER
2397,7,4,10,10,114707.46,1,0.1,0.3571,5,2,25.99,56.18,42.54,MEDIUM,SHARED_MERCHANT|MULTIPLE_SHARED_MERCHANTS|HIGH_CHARGEBACK_CONCENTRATION|LARGE_CONNECTED_CLUSTER
159,5,1,5,5,45897.31,0,0.0,1.0,5,1,30.56,45.85,42.49,MEDIUM,SHARED_MERCHANT|DENSE_USER_MERCHANT_NETWORK|LARGE_CONNECTED_CLUSTER
188,5,1,5,5,50309.28,0,0.0,1.0,5,1,30.43,41.03,42.47,MEDIUM,SHARED_MERCHANT|DENSE_USER_MERCHANT_NETWORK|LARGE_CONNECTED_CLUSTER
2010,10,4,13,13,124698.06,1,0.0769,0.325,6,4,27.74,49.68,42.38,MEDIUM,SHARED_MERCHANT|MULTIPLE_SHARED_MERCHANTS|LARGE_CONNECTED_CLUSTER
756,5,1,5,5,83249.47,0,0.0,1.0,5,1,29.82,48.59,42.35,MEDIUM,SHARED_MERCHANT|DENSE_USER_MERCHANT_NETWORK|LARGE_CONNECTED_CLUSTER
277,9,3,11,11,88580.89,1,0.0909,0.4074,5,3,24.7,55.32,42.34,MEDIUM,SHARED_MERCHANT|MULTIPLE_SHARED_MERCHANTS|DENSE_USER_MERCHANT_NETWORK|LARGE_CONNECTED_CLUSTER
105,13,4,16,16,150305.38,1,0.0625,0.3077,7,4,23.7,53.66,42.34,MEDIUM,SHARED_MERCHANT|MULTIPLE_SHARED_MERCHANTS|LARGE_CONNECTED_CLUSTER
274,6,3,8,8,102266.31,1,0.125,0.4444,3,3,27.63,47.8,42.3,MEDIUM,SHARED_MERCHANT|MULTIPLE_SHARED_MERCHANTS|DENSE_USER_MERCHANT_NETWORK|HIGH_CHARGEBACK_CONCENTRATION|LARGE_CONNECTED_CLUSTER
354,12,5,16,16,175936.07,1,0.0625,0.2667,7,5,27.56,80.3,42.3,MEDIUM,SHARED_MERCHANT|MULTIPLE_SHARED_MERCHANTS|LARGE_CONNECTED_CLUSTER
2673,5,1,5,5,82537.87,0,0.0,1.0,5,1,29.45,44.8,42.27,MEDIUM,SHARED_MERCHANT|DENSE_USER_MERCHANT_NETWORK|LARGE_CONNECTED_CLUSTER
1166,5,1,5,5,78513.84,0,0.0,1.0,5,1,29.26,44.81,42.23,MEDIUM,SHARED_MERCHANT|DENSE_USER_MERCHANT_NETWORK|LARGE_CONNECTED_CLUSTER
1397,5,1,5,5,73711.49,0,0.0,1.0,5,1,29.18,43.74,42.22,MEDIUM,SHARED_MERCHANT|DENSE_USER_MERCHANT_NETWORK|LARGE_CONNECTED_CLUSTER
1320,5,1,5,5,72172.67,0,0.0,1.0,5,1,29.18,47.61,42.22,MEDIUM,SHARED_MERCHANT|DENSE_USER_MERCHANT_NETWORK|LARGE_CONNECTED_CLUSTER
3749,4,1,4,4,87843.81,0,0.0,1.0,4,1,43.19,48.4,42.13,MEDIUM,SHARED_MERCHANT|DENSE_USER_MERCHANT_NETWORK
1474,5,1,5,5,64711.1,0,0.0,1.0,5,1,28.68,49.48,42.12,MEDIUM,SHARED_MERCHANT|DENSE_USER_MERCHANT_NETWORK|LARGE_CONNECTED_CLUSTER
1626,9,3,11,11,87169.28,1,0.0909,0.4074,5,3,23.14,53.75,42.02,MEDIUM,SHARED_MERCHANT|MULTIPLE_SHARED_MERCHANTS|DENSE_USER_MERCHANT_NETWORK|LARGE_CONNECTED_CLUSTER
351,19,6,24,24,261416.54,2,0.0833,0.2105,6,6,27.0,54.32,42.0,MEDIUM,SHARED_MERCHANT|MULTIPLE_SHARED_MERCHANTS|LARGE_CONNECTED_CLUSTER
2184,17,7,23,23,230464.04,2,0.087,0.1933,6,7,26.85,55.02,41.99,MEDIUM,SHARED_MERCHANT|MULTIPLE_SHARED_MERCHANTS|LARGE_CONNECTED_CLUSTER
555,8,3,10,10,131766.42,1,0.1,0.4167,4,3,29.76,56.06,41.98,MEDIUM,SHARED_MERCHANT|MULTIPLE_SHARED_MERCHANTS|DENSE_USER_MERCHANT_NETWORK|HIGH_CHARGEBACK_CONCENTRATION|LARGE_CONNECTED_CLUSTER
1570,5,1,5,5,64554.65,0,0.0,1.0,5,1,27.86,35.17,41.96,MEDIUM,SHARED_MERCHANT|DENSE_USER_MERCHANT_NETWORK|LARGE_CONNECTED_CLUSTER
3129,6,3,8,8,104645.14,1,0.125,0.4444,3,3,25.88,52.36,41.95,MEDIUM,SHARED_MERCHANT|MULTIPLE_SHARED_MERCHANTS|DENSE_USER_MERCHANT_NETWORK|HIGH_CHARGEBACK_CONCENTRATION|LARGE_CONNECTED_CLUSTER
1112,5,1,5,5,45309.54,0,0.0,1.0,5,1,27.7,36.17,41.92,MEDIUM,SHARED_MERCHANT|DENSE_USER_MERCHANT_NETWORK|LARGE_CONNECTED_CLUSTER
1333,5,1,5,5,68372.74,0,0.0,1.0,5,1,27.65,49.06,41.91,MEDIUM,SHARED_MERCHANT|DENSE_USER_MERCHANT_NETWORK|LARGE_CONNECTED_CLUSTER
1039,15,8,22,22,253644.01,2,0.0909,0.1833,6,6,25.23,52.56,41.87,MEDIUM,SHARED_MERCHANT|MULTIPLE_SHARED_MERCHANTS|LARGE_CONNECTED_CLUSTER
1110,5,1,5,5,52796.76,0,0.0,1.0,5,1,27.37,39.75,41.86,MEDIUM,SHARED_MERCHANT|DENSE_USER_MERCHANT_NETWORK|LARGE_CONNECTED_CLUSTER
2674,5,1,5,5,55761.97,0,0.0,1.0,5,1,27.32,37.93,41.85,MEDIUM,SHARED_MERCHANT|DENSE_USER_MERCHANT_NETWORK|LARGE_CONNECTED_CLUSTER
2499,5,1,5,5,51761.09,0,0.0,1.0,5,1,27.24,40.4,41.83,MEDIUM,SHARED_MERCHANT|DENSE_USER_MERCHANT_NETWORK|LARGE_CONNECTED_CLUSTER
517,5,1,5,5,94098.11,0,0.0,1.0,5,1,27.06,31.44,41.8,MEDIUM,SHARED_MERCHANT|DENSE_USER_MERCHANT_NETWORK|LARGE_CONNECTED_CLUSTER
4079,6,3,8,8,72814.24,1,0.125,0.4444,3,3,25.04,54.19,41.78,MEDIUM,SHARED_MERCHANT|MULTIPLE_SHARED_MERCHANTS|DENSE_USER_MERCHANT_NETWORK|HIGH_CHARGEBACK_CONCENTRATION|LARGE_CONNECTED_CLUSTER
2296,5,1,5,5,89649.3,0,0.0,1.0,5,1,26.97,31.32,41.78,MEDIUM,SHARED_MERCHANT|DENSE_USER_MERCHANT_NETWORK|LARGE_CONNECTED_CLUSTER
1295,8,3,10,10,108947.56,1,0.1,0.4167,4,3,28.69,51.64,41.77,MEDIUM,SHARED_MERCHANT|MULTIPLE_SHARED_MERCHANTS|DENSE_USER_MERCHANT_NETWORK|HIGH_CHARGEBACK_CONCENTRATION|LARGE_CONNECTED_CLUSTER
1642,8,3,10,10,125802.24,1,0.1,0.4167,4,3,28.57,52.4,41.74,MEDIUM,SHARED_MERCHANT|MULTIPLE_SHARED_MERCHANTS|DENSE_USER_MERCHANT_NETWORK|HIGH_CHARGEBACK_CONCENTRATION|LARGE_CONNECTED_CLUSTER
718,5,1,5,5,49108.37,0,0.0,1.0,5,1,26.71,37.21,41.72,MEDIUM,SHARED_MERCHANT|DENSE_USER_MERCHANT_NETWORK|LARGE_CONNECTED_CLUSTER
2545,5,1,5,5,95792.52,0,0.0,1.0,5,1,26.63,29.83,41.71,MEDIUM,SHARED_MERCHANT|DENSE_USER_MERCHANT_NETWORK|LARGE_CONNECTED_CLUSTER
430,21,6,26,26,287667.36,2,0.0769,0.2063,6,6,29.12,71.99,41.71,MEDIUM,SHARED_MERCHANT|MULTIPLE_SHARED_MERCHANTS|LARGE_CONNECTED_CLUSTER
1213,11,3,13,13,164499.89,1,0.0769,0.3939,5,3,29.72,51.01,41.66,MEDIUM,SHARED_MERCHANT|MULTIPLE_SHARED_MERCHANTS|LARGE_CONNECTED_CLUSTER
443,5,1,5,5,55416.53,0,0.0,1.0,5,1,26.3,42.46,41.64,MEDIUM,SHARED_MERCHANT|DENSE_USER_MERCHANT_NETWORK|LARGE_CONNECTED_CLUSTER
1455,5,1,5,5,70365.86,0,0.0,1.0,5,1,26.19,29.84,41.62,MEDIUM,SHARED_MERCHANT|DENSE_USER_MERCHANT_NETWORK|LARGE_CONNECTED_CLUSTER
507,5,1,5,5,86276.77,0,0.0,1.0,5,1,26.06,30.34,41.59,MEDIUM,SHARED_MERCHANT|DENSE_USER_MERCHANT_NETWORK|LARGE_CONNECTED_CLUSTER
2376,5,1,5,5,88215.21,0,0.0,1.0,5,1,25.91,29.55,41.56,MEDIUM,SHARED_MERCHANT|DENSE_USER_MERCHANT_NETWORK|LARGE_CONNECTED_CLUSTER
3268,5,1,5,5,56422.82,0,0.0,1.0,5,1,25.78,43.22,41.54,MEDIUM,SHARED_MERCHANT|DENSE_USER_MERCHANT_NETWORK|LARGE_CONNECTED_CLUSTER
16,5,1,5,5,84949.79,0,0.0,1.0,5,1,25.39,28.54,41.46,MEDIUM,SHARED_MERCHANT|DENSE_USER_MERCHANT_NETWORK|LARGE_CONNECTED_CLUSTER
2277,5,1,5,5,42323.25,0,0.0,1.0,5,1,25.29,31.31,41.44,MEDIUM,SHARED_MERCHANT|DENSE_USER_MERCHANT_NETWORK|LARGE_CONNECTED_CLUSTER
2538,8,3,10,10,128898.39,1,0.1,0.4167,4,3,26.93,52.69,41.42,MEDIUM,SHARED_MERCHANT|MULTIPLE_SHARED_MERCHANTS|DENSE_USER_MERCHANT_NETWORK|HIGH_CHARGEBACK_CONCENTRATION|LARGE_CONNECTED_CLUSTER
3556,6,3,8,8,47093.16,1,0.125,0.4444,3,3,23.11,52.88,41.4,MEDIUM,SHARED_MERCHANT|MULTIPLE_SHARED_MERCHANTS|DENSE_USER_MERCHANT_NETWORK|HIGH_CHARGEBACK_CONCENTRATION|LARGE_CONNECTED_CLUSTER
2263,5,1,5,5,76647.63,0,0.0,1.0,5,1,25.05,30.3,41.39,MEDIUM,SHARED_MERCHANT|DENSE_USER_MERCHANT_NETWORK|LARGE_CONNECTED_CLUSTER
19,5,1,5,5,45136.62,0,0.0,1.0,5,1,24.88,41.31,41.36,MEDIUM,SHARED_MERCHANT|DENSE_USER_MERCHANT_NETWORK|LARGE_CONNECTED_CLUSTER
118,8,3,10,10,143094.28,1,0.1,0.4167,4,3,26.55,52.34,41.34,MEDIUM,SHARED_MERCHANT|MULTIPLE_SHARED_MERCHANTS|DENSE_USER_MERCHANT_NETWORK|HIGH_CHARGEBACK_CONCENTRATION|LARGE_CONNECTED_CLUSTER
3568,7,4,10,10,121886.88,1,0.1,0.3571,4,4,32.47,59.44,41.33,MEDIUM,SHARED_MERCHANT|MULTIPLE_SHARED_MERCHANTS|HIGH_CHARGEBACK_CONCENTRATION|LARGE_CONNECTED_CLUSTER
1452,8,3,10,10,82573.25,1,0.1,0.4167,4,3,26.41,46.92,41.31,MEDIUM,SHARED_MERCHANT|MULTIPLE_SHARED_MERCHANTS|DENSE_USER_MERCHANT_NETWORK|HIGH_CHARGEBACK_CONCENTRATION|LARGE_CONNECTED_CLUSTER
2361,5,1,5,5,39381.57,0,0.0,1.0,5,1,24.66,34.11,41.31,MEDIUM,SHARED_MERCHANT|DENSE_USER_MERCHANT_NETWORK|LARGE_CONNECTED_CLUSTER
529,5,1,5,5,44852.47,0,0.0,1.0,5,1,24.61,35.11,41.3,MEDIUM,SHARED_MERCHANT|DENSE_USER_MERCHANT_NETWORK|LARGE_CONNECTED_CLUSTER
537,5,1,5,5,71763.88,0,0.0,1.0,5,1,24.5,27.67,41.28,MEDIUM,SHARED_MERCHANT|DENSE_USER_MERCHANT_NETWORK|LARGE_CONNECTED_CLUSTER
2238,5,1,5,5,76735.29,0,0.0,1.0,5,1,24.45,30.28,41.27,MEDIUM,SHARED_MERCHANT|DENSE_USER_MERCHANT_NETWORK|LARGE_CONNECTED_CLUSTER
2456,10,4,13,13,75234.88,1,0.0769,0.325,6,3,22.1,63.85,41.25,MEDIUM,SHARED_MERCHANT|MULTIPLE_SHARED_MERCHANTS|LARGE_CONNECTED_CLUSTER
3159,5,1,5,5,70100.58,0,0.0,1.0,5,1,24.3,28.0,41.24,MEDIUM,SHARED_MERCHANT|DENSE_USER_MERCHANT_NETWORK|LARGE_CONNECTED_CLUSTER
499,21,9,29,29,283119.71,3,0.1034,0.1534,5,8,26.81,52.19,41.23,MEDIUM,SHARED_MERCHANT|MULTIPLE_SHARED_MERCHANTS|HIGH_CHARGEBACK_CONCENTRATION|LARGE_CONNECTED_CLUSTER
1407,5,1,5,5,70889.92,0,0.0,1.0,5,1,24.06,28.83,41.19,MEDIUM,SHARED_MERCHANT|DENSE_USER_MERCHANT_NETWORK|LARGE_CONNECTED_CLUSTER
1347,5,1,5,5,74321.92,0,0.0,1.0,5,1,24.05,29.26,41.19,MEDIUM,SHARED_MERCHANT|DENSE_USER_MERCHANT_NETWORK|LARGE_CONNECTED_CLUSTER
293,5,1,5,5,75556.25,0,0.0,1.0,5,1,23.98,28.58,41.18,MEDIUM,SHARED_MERCHANT|DENSE_USER_MERCHANT_NETWORK|LARGE_CONNECTED_CLUSTER
2448,5,1,5,5,74769.73,0,0.0,1.0,5,1,23.98,28.91,41.18,MEDIUM,SHARED_MERCHANT|DENSE_USER_MERCHANT_NETWORK|LARGE_CONNECTED_CLUSTER
1178,8,4,11,11,113182.36,1,0.0909,0.3438,5,4,25.26,55.03,41.18,MEDIUM,SHARED_MERCHANT|MULTIPLE_SHARED_MERCHANTS|LARGE_CONNECTED_CLUSTER
1725,8,3,10,10,74180.97,1,0.1,0.4167,4,3,25.59,57.1,41.15,MEDIUM,SHARED_MERCHANT|MULTIPLE_SHARED_MERCHANTS|DENSE_USER_MERCHANT_NETWORK|HIGH_CHARGEBACK_CONCENTRATION|LARGE_CONNECTED_CLUSTER
4832,5,1,5,5,59425.04,0,0.0,1.0,5,1,23.65,26.31,41.11,MEDIUM,SHARED_MERCHANT|DENSE_USER_MERCHANT_NETWORK|LARGE_CONNECTED_CLUSTER
1236,5,1,5,5,37702.11,0,0.0,1.0,5,1,23.62,34.99,41.11,MEDIUM,SHARED_MERCHANT|DENSE_USER_MERCHANT_NETWORK|LARGE_CONNECTED_CLUSTER
1131,11,3,13,13,115311.17,1,0.0769,0.3939,5,3,26.95,55.28,41.1,MEDIUM,SHARED_MERCHANT|MULTIPLE_SHARED_MERCHANTS|LARGE_CONNECTED_CLUSTER
2305,5,1,5,5,57905.9,0,0.0,1.0,5,1,23.27,27.79,41.04,MEDIUM,SHARED_MERCHANT|DENSE_USER_MERCHANT_NETWORK|LARGE_CONNECTED_CLUSTER
330,5,1,5,5,67524.08,0,0.0,1.0,5,1,23.26,30.13,41.04,MEDIUM,SHARED_MERCHANT|DENSE_USER_MERCHANT_NETWORK|LARGE_CONNECTED_CLUSTER
60,5,1,5,5,62144.75,0,0.0,1.0,5,1,23.23,30.67,41.03,MEDIUM,SHARED_MERCHANT|DENSE_USER_MERCHANT_NETWORK|LARGE_CONNECTED_CLUSTER
1160,5,1,5,5,68160.35,0,0.0,1.0,5,1,23.2,29.56,41.02,MEDIUM,SHARED_MERCHANT|DENSE_USER_MERCHANT_NETWORK|LARGE_CONNECTED_CLUSTER
3981,5,1,5,5,64358.39,0,0.0,1.0,5,1,23.14,28.74,41.01,MEDIUM,SHARED_MERCHANT|DENSE_USER_MERCHANT_NETWORK|LARGE_CONNECTED_CLUSTER
598,9,3,11,11,153591.68,1,0.0909,0.4074,4,3,30.57,53.52,41.01,MEDIUM,SHARED_MERCHANT|MULTIPLE_SHARED_MERCHANTS|DENSE_USER_MERCHANT_NETWORK|LARGE_CONNECTED_CLUSTER
1989,15,5,19,19,248786.99,1,0.0526,0.2533,7,4,26.89,59.33,41.01,MEDIUM,SHARED_MERCHANT|MULTIPLE_SHARED_MERCHANTS|LARGE_CONNECTED_CLUSTER
3144,5,1,5,5,66605.04,0,0.0,1.0,5,1,23.04,27.07,40.99,MEDIUM,SHARED_MERCHANT|DENSE_USER_MERCHANT_NETWORK|LARGE_CONNECTED_CLUSTER
136,28,10,37,37,362802.75,3,0.0811,0.1321,6,10,26.51,56.71,40.96,MEDIUM,SHARED_MERCHANT|MULTIPLE_SHARED_MERCHANTS|LARGE_CONNECTED_CLUSTER
1208,8,3,10,10,116562.65,1,0.1,0.4167,4,3,24.61,59.85,40.95,MEDIUM,SHARED_MERCHANT|MULTIPLE_SHARED_MERCHANTS|DENSE_USER_MERCHANT_NETWORK|HIGH_CHARGEBACK_CONCENTRATION|LARGE_CONNECTED_CLUSTER
3462,7,3,9,9,119095.95,1,0.1111,0.4286,3,3,29.99,78.58,40.95,MEDIUM,SHARED_MERCHANT|MULTIPLE_SHARED_MERCHANTS|DENSE_USER_MERCHANT_NETWORK|HIGH_CHARGEBACK_CONCENTRATION|LARGE_CONNECTED_CLUSTER
721,11,3,13,13,162773.25,1,0.0769,0.3939,5,3,26.08,49.39,40.93,MEDIUM,SHARED_MERCHANT|MULTIPLE_SHARED_MERCHANTS|LARGE_CONNECTED_CLUSTER
2902,5,4,8,8,85529.68,1,0.125,0.4,3,3,25.21,59.17,40.93,MEDIUM,SHARED_MERCHANT|MULTIPLE_SHARED_MERCHANTS|DENSE_USER_MERCHANT_NETWORK|HIGH_CHARGEBACK_CONCENTRATION|LARGE_CONNECTED_CLUSTER
2831,5,1,5,5,64275.96,0,0.0,1.0,5,1,22.76,30.09,40.93,MEDIUM,SHARED_MERCHANT|DENSE_USER_MERCHANT_NETWORK|LARGE_CONNECTED_CLUSTER
851,5,1,5,5,61456.27,0,0.0,1.0,5,1,22.66,27.17,40.92,MEDIUM,SHARED_MERCHANT|DENSE_USER_MERCHANT_NETWORK|LARGE_CONNECTED_CLUSTER
182,5,1,5,5,63127.93,0,0.0,1.0,5,1,22.62,30.0,40.91,MEDIUM,SHARED_MERCHANT|DENSE_USER_MERCHANT_NETWORK|LARGE_CONNECTED_CLUSTER
2698,5,1,5,5,20978.49,0,0.0,1.0,5,1,22.53,34.46,40.89,MEDIUM,SHARED_MERCHANT|DENSE_USER_MERCHANT_NETWORK|LARGE_CONNECTED_CLUSTER
1037,5,1,5,5,30962.3,0,0.0,1.0,5,1,22.47,38.77,40.88,MEDIUM,SHARED_MERCHANT|DENSE_USER_MERCHANT_NETWORK|LARGE_CONNECTED_CLUSTER
4351,5,1,5,5,25453.52,0,0.0,1.0,5,1,22.4,41.71,40.86,MEDIUM,SHARED_MERCHANT|DENSE_USER_MERCHANT_NETWORK|LARGE_CONNECTED_CLUSTER
241,5,1,5,5,47384.47,0,0.0,1.0,5,1,22.37,27.05,40.86,MEDIUM,SHARED_MERCHANT|DENSE_USER_MERCHANT_NETWORK|LARGE_CONNECTED_CLUSTER
4533,4,1,4,4,64806.69,0,0.0,1.0,4,1,36.75,48.53,40.84,MEDIUM,SHARED_MERCHANT|DENSE_USER_MERCHANT_NETWORK
423,8,3,10,10,78213.61,1,0.1,0.4167,4,3,23.99,48.77,40.83,MEDIUM,SHARED_MERCHANT|MULTIPLE_SHARED_MERCHANTS|DENSE_USER_MERCHANT_NETWORK|HIGH_CHARGEBACK_CONCENTRATION|LARGE_CONNECTED_CLUSTER
1579,5,1,5,5,59984.47,0,0.0,1.0,5,1,22.17,28.8,40.82,MEDIUM,SHARED_MERCHANT|DENSE_USER_MERCHANT_NETWORK|LARGE_CONNECTED_CLUSTER
2139,5,1,5,5,28560.14,0,0.0,1.0,5,1,22.06,36.79,40.79,MEDIUM,SHARED_MERCHANT|DENSE_USER_MERCHANT_NETWORK|LARGE_CONNECTED_CLUSTER
800,5,1,5,5,56126.6,0,0.0,1.0,5,1,21.42,25.73,40.67,MEDIUM,SHARED_MERCHANT|DENSE_USER_MERCHANT_NETWORK|LARGE_CONNECTED_CLUSTER
283,7,4,10,10,134405.33,1,0.1,0.3571,4,4,29.05,55.07,40.65,MEDIUM,SHARED_MERCHANT|MULTIPLE_SHARED_MERCHANTS|HIGH_CHARGEBACK_CONCENTRATION|LARGE_CONNECTED_CLUSTER
774,27,8,34,34,436380.18,3,0.0882,0.1574,5,8,31.23,55.62,40.63,MEDIUM,SHARED_MERCHANT|MULTIPLE_SHARED_MERCHANTS|LARGE_CONNECTED_CLUSTER
1718,4,1,4,4,45863.23,0,0.0,1.0,4,1,35.73,50.44,40.63,MEDIUM,SHARED_MERCHANT|DENSE_USER_MERCHANT_NETWORK
2085,4,1,4,4,67924.57,0,0.0,1.0,4,1,35.53,47.36,40.59,MEDIUM,SHARED_MERCHANT|DENSE_USER_MERCHANT_NETWORK
2826,4,1,4,4,66696.21,0,0.0,1.0,4,1,35.51,44.18,40.59,MEDIUM,SHARED_MERCHANT|DENSE_USER_MERCHANT_NETWORK
3578,4,1,4,4,64987.64,0,0.0,1.0,4,1,35.43,44.56,40.57,MEDIUM,SHARED_MERCHANT|DENSE_USER_MERCHANT_NETWORK
2194,11,5,15,15,164370.0,1,0.0667,0.2727,6,4,28.73,60.62,40.54,MEDIUM,SHARED_MERCHANT|MULTIPLE_SHARED_MERCHANTS|LARGE_CONNECTED_CLUSTER
668,5,1,5,5,46322.02,0,0.0,1.0,5,1,20.73,25.94,40.53,MEDIUM,SHARED_MERCHANT|DENSE_USER_MERCHANT_NETWORK|LARGE_CONNECTED_CLUSTER
1991,5,1,5,5,48544.94,0,0.0,1.0,5,1,20.47,28.57,40.48,MEDIUM,SHARED_MERCHANT|DENSE_USER_MERCHANT_NETWORK|LARGE_CONNECTED_CLUSTER
3869,5,1,5,5,44326.81,0,0.0,1.0,5,1,20.45,23.93,40.47,MEDIUM,SHARED_MERCHANT|DENSE_USER_MERCHANT_NETWORK|LARGE_CONNECTED_CLUSTER
427,4,1,4,4,65798.75,0,0.0,1.0,4,1,34.88,42.01,40.46,MEDIUM,SHARED_MERCHANT|DENSE_USER_MERCHANT_NETWORK
368,7,4,10,10,84351.08,1,0.1,0.3571,4,3,28.11,62.98,40.46,MEDIUM,SHARED_MERCHANT|MULTIPLE_SHARED_MERCHANTS|HIGH_CHARGEBACK_CONCENTRATION|LARGE_CONNECTED_CLUSTER
1342,5,1,5,5,40728.43,0,0.0,1.0,5,1,20.18,27.32,40.42,MEDIUM,SHARED_MERCHANT|DENSE_USER_MERCHANT_NETWORK|LARGE_CONNECTED_CLUSTER
2706,5,1,5,5,32125.8,0,0.0,1.0,5,1,20.16,25.69,40.41,MEDIUM,SHARED_MERCHANT|DENSE_USER_MERCHANT_NETWORK|LARGE_CONNECTED_CLUSTER
1894,5,1,5,5,38937.59,0,0.0,1.0,5,1,20.02,28.93,40.39,MEDIUM,SHARED_MERCHANT|DENSE_USER_MERCHANT_NETWORK|LARGE_CONNECTED_CLUSTER
375,5,1,5,5,35582.87,0,0.0,1.0,5,1,19.55,30.06,40.29,MEDIUM,SHARED_MERCHANT|DENSE_USER_MERCHANT_NETWORK|LARGE_CONNECTED_CLUSTER
2193,15,7,21,21,240994.54,2,0.0952,0.2,5,6,25.82,48.12,40.27,MEDIUM,SHARED_MERCHANT|MULTIPLE_SHARED_MERCHANTS|LARGE_CONNECTED_CLUSTER
4267,5,1,5,5,23757.38,0,0.0,1.0,5,1,19.4,26.47,40.26,MEDIUM,SHARED_MERCHANT|DENSE_USER_MERCHANT_NETWORK|LARGE_CONNECTED_CLUSTER
3712,4,1,4,4,60592.51,0,0.0,1.0,4,1,33.8,44.02,40.25,MEDIUM,SHARED_MERCHANT|DENSE_USER_MERCHANT_NETWORK
2669,4,1,4,4,47543.28,0,0.0,1.0,4,1,33.79,39.26,40.24,MEDIUM,SHARED_MERCHANT|DENSE_USER_MERCHANT_NETWORK
2312,5,1,5,5,30006.89,0,0.0,1.0,5,1,19.28,24.57,40.24,MEDIUM,SHARED_MERCHANT|DENSE_USER_MERCHANT_NETWORK|LARGE_CONNECTED_CLUSTER
4535,4,1,4,4,80863.5,0,0.0,1.0,4,1,33.38,48.64,40.16,MEDIUM,SHARED_MERCHANT|DENSE_USER_MERCHANT_NETWORK
2737,4,1,4,4,51170.31,0,0.0,1.0,4,1,33.2,45.32,40.13,MEDIUM,SHARED_MERCHANT|DENSE_USER_MERCHANT_NETWORK
2291,4,1,4,4,81617.26,0,0.0,1.0,4,1,33.16,45.63,40.12,MEDIUM,SHARED_MERCHANT|DENSE_USER_MERCHANT_NETWORK
36,6,4,9,9,122272.86,1,0.1111,0.375,3,4,30.8,58.36,40.04,MEDIUM,SHARED_MERCHANT|MULTIPLE_SHARED_MERCHANTS|HIGH_CHARGEBACK_CONCENTRATION|LARGE_CONNECTED_CLUSTER
1129,5,1,5,5,30040.19,0,0.0,1.0,5,1,18.3,19.8,40.04,MEDIUM,SHARED_MERCHANT|DENSE_USER_MERCHANT_NETWORK|LARGE_CONNECTED_CLUSTER
262,4,1,4,4,43040.14,0,0.0,1.0,4,1,32.75,44.5,40.04,MEDIUM,SHARED_MERCHANT|DENSE_USER_MERCHANT_NETWORK
1577,4,1,4,4,47346.39,0,0.0,1.0,4,1,32.63,44.33,40.01,MEDIUM,SHARED_MERCHANT|DENSE_USER_MERCHANT_NETWORK
2473,7,3,9,9,64714.75,1,0.1111,0.4286,3,3,25.0,54.88,39.95,MEDIUM,SHARED_MERCHANT|MULTIPLE_SHARED_MERCHANTS|DENSE_USER_MERCHANT_NETWORK|HIGH_CHARGEBACK_CONCENTRATION|LARGE_CONNECTED_CLUSTER
542,5,1,5,5,22060.46,0,0.0,1.0,5,1,17.77,23.31,39.94,MEDIUM,SHARED_MERCHANT|DENSE_USER_MERCHANT_NETWORK|LARGE_CONNECTED_CLUSTER
1773,5,1,5,5,25593.6,0,0.0,1.0,5,1,17.81,22.59,39.94,MEDIUM,SHARED_MERCHANT|DENSE_USER_MERCHANT_NETWORK|LARGE_CONNECTED_CLUSTER
363,14,4,17,17,195113.62,1,0.0588,0.3036,6,4,26.27,51.15,39.94,MEDIUM,SHARED_MERCHANT|MULTIPLE_SHARED_MERCHANTS|LARGE_CONNECTED_CLUSTER
77,12,3,14,14,102273.35,1,0.0714,0.3889,5,3,24.06,52.37,39.89,MEDIUM,SHARED_MERCHANT|MULTIPLE_SHARED_MERCHANTS|LARGE_CONNECTED_CLUSTER
1775,4,1,4,4,80759.77,0,0.0,1.0,4,1,31.95,48.25,39.88,MEDIUM,SHARED_MERCHANT|DENSE_USER_MERCHANT_NETWORK
1511,4,1,4,4,63038.41,0,0.0,1.0,4,1,31.89,44.79,39.87,MEDIUM,SHARED_MERCHANT|DENSE_USER_MERCHANT_NETWORK
1689,4,1,4,4,65360.05,0,0.0,1.0,4,1,31.91,48.87,39.87,MEDIUM,SHARED_MERCHANT|DENSE_USER_MERCHANT_NETWORK
1373,4,1,4,4,71309.7,0,0.0,1.0,4,1,31.81,41.08,39.85,MEDIUM,SHARED_MERCHANT|DENSE_USER_MERCHANT_NETWORK
3432,5,1,5,5,4528.97,0,0.0,1.0,5,1,17.3,29.11,39.84,MEDIUM,SHARED_MERCHANT|DENSE_USER_MERCHANT_NETWORK|LARGE_CONNECTED_CLUSTER
3706,5,1,5,5,19734.51,0,0.0,1.0,5,1,17.17,20.34,39.82,MEDIUM,SHARED_MERCHANT|DENSE_USER_MERCHANT_NETWORK|LARGE_CONNECTED_CLUSTER
5176,3,1,3,3,51280.95,0,0.0,1.0,3,1,46.43,49.18,39.79,MEDIUM,SHARED_MERCHANT|DENSE_USER_MERCHANT_NETWORK
699,4,1,4,4,66955.2,0,0.0,1.0,4,1,31.48,47.4,39.78,MEDIUM,SHARED_MERCHANT|DENSE_USER_MERCHANT_NETWORK
1122,5,1,5,5,18042.59,0,0.0,1.0,5,1,16.93,21.73,39.77,MEDIUM,SHARED_MERCHANT|DENSE_USER_MERCHANT_NETWORK|LARGE_CONNECTED_CLUSTER
435,9,3,11,11,105083.39,1,0.0909,0.4074,4,3,24.37,44.76,39.77,MEDIUM,SHARED_MERCHANT|MULTIPLE_SHARED_MERCHANTS|DENSE_USER_MERCHANT_NETWORK|LARGE_CONNECTED_CLUSTER
4133,4,1,4,4,70770.95,0,0.0,1.0,4,1,31.44,47.93,39.77,MEDIUM,SHARED_MERCHANT|DENSE_USER_MERCHANT_NETWORK
1806,4,1,4,4,72767.07,0,0.0,1.0,4,1,31.27,42.41,39.74,MEDIUM,SHARED_MERCHANT|DENSE_USER_MERCHANT_NETWORK
1046,9,3,11,11,72170.99,1,0.0909,0.4074,4,3,24.23,61.57,39.74,MEDIUM,SHARED_MERCHANT|MULTIPLE_SHARED_MERCHANTS|DENSE_USER_MERCHANT_NETWORK|LARGE_CONNECTED_CLUSTER
4526,4,1,4,4,67458.88,0,0.0,1.0,4,1,31.12,42.42,39.71,MEDIUM,SHARED_MERCHANT|DENSE_USER_MERCHANT_NETWORK
1097,4,1,4,4,34342.63,0,0.0,1.0,4,1,30.96,38.22,39.68,MEDIUM,SHARED_MERCHANT|DENSE_USER_MERCHANT_NETWORK
2527,4,1,4,4,70378.4,0,0.0,1.0,4,1,30.75,42.64,39.64,MEDIUM,SHARED_MERCHANT|DENSE_USER_MERCHANT_NETWORK
835,4,1,4,4,35886.44,0,0.0,1.0,4,1,30.71,43.35,39.63,MEDIUM,SHARED_MERCHANT|DENSE_USER_MERCHANT_NETWORK
189,15,8,22,22,235227.1,2,0.0909,0.1833,5,6,26.43,57.98,39.61,MEDIUM,SHARED_MERCHANT|MULTIPLE_SHARED_MERCHANTS|LARGE_CONNECTED_CLUSTER
1216,9,2,10,10,114912.06,0,0.0,0.5556,7,2,28.94,43.28,39.59,MEDIUM,SHARED_MERCHANT|MULTIPLE_SHARED_MERCHANTS|DENSE_USER_MERCHANT_NETWORK|LARGE_CONNECTED_CLUSTER
5487,4,1,4,4,61515.58,0,0.0,1.0,4,1,30.49,40.91,39.59,MEDIUM,SHARED_MERCHANT|DENSE_USER_MERCHANT_NETWORK
4237,4,1,4,4,33628.79,0,0.0,1.0,4,1,30.46,43.43,39.58,MEDIUM,SHARED_MERCHANT|DENSE_USER_MERCHANT_NETWORK
716,9,2,10,10,128419.92,0,0.0,0.5556,7,2,28.72,41.44,39.55,MEDIUM,SHARED_MERCHANT|MULTIPLE_SHARED_MERCHANTS|DENSE_USER_MERCHANT_NETWORK|LARGE_CONNECTED_CLUSTER
5121,4,1,4,4,34156.52,0,0.0,1.0,4,1,30.23,34.24,39.53,MEDIUM,SHARED_MERCHANT|DENSE_USER_MERCHANT_NETWORK
712,4,1,4,4,65361.33,0,0.0,1.0,4,1,30.19,44.89,39.52,MEDIUM,SHARED_MERCHANT|DENSE_USER_MERCHANT_NETWORK
3164,4,1,4,4,41575.9,0,0.0,1.0,4,1,30.02,37.66,39.49,MEDIUM,SHARED_MERCHANT|DENSE_USER_MERCHANT_NETWORK
3802,4,1,4,4,70487.73,0,0.0,1.0,4,1,29.99,44.45,39.49,MEDIUM,SHARED_MERCHANT|DENSE_USER_MERCHANT_NETWORK
1928,4,1,4,4,58852.42,0,0.0,1.0,4,1,29.85,40.77,39.46,MEDIUM,SHARED_MERCHANT|DENSE_USER_MERCHANT_NETWORK
3039,4,1,4,4,30306.55,0,0.0,1.0,4,1,29.64,36.95,39.42,MEDIUM,SHARED_MERCHANT|DENSE_USER_MERCHANT_NETWORK
1225,4,1,4,4,51826.91,0,0.0,1.0,4,1,29.49,46.21,39.38,MEDIUM,SHARED_MERCHANT|DENSE_USER_MERCHANT_NETWORK
1464,4,1,4,4,55750.47,0,0.0,1.0,4,1,29.39,46.01,39.37,MEDIUM,SHARED_MERCHANT|DENSE_USER_MERCHANT_NETWORK
2525,4,1,4,4,57906.43,0,0.0,1.0,4,1,29.39,47.14,39.37,MEDIUM,SHARED_MERCHANT|DENSE_USER_MERCHANT_NETWORK
4051,4,1,4,4,62024.13,0,0.0,1.0,4,1,29.38,42.7,39.36,MEDIUM,SHARED_MERCHANT|DENSE_USER_MERCHANT_NETWORK
2412,4,1,4,4,20378.28,0,0.0,1.0,4,1,29.31,39.01,39.35,MEDIUM,SHARED_MERCHANT|DENSE_USER_MERCHANT_NETWORK
4240,4,1,4,4,55140.08,0,0.0,1.0,4,1,29.32,40.91,39.35,MEDIUM,SHARED_MERCHANT|DENSE_USER_MERCHANT_NETWORK
345,4,1,4,4,55673.45,0,0.0,1.0,4,1,29.28,48.26,39.34,MEDIUM,SHARED_MERCHANT|DENSE_USER_MERCHANT_NETWORK
1999,4,1,4,4,54602.27,0,0.0,1.0,4,1,29.23,37.23,39.33,MEDIUM,SHARED_MERCHANT|DENSE_USER_MERCHANT_NETWORK
1272,4,1,4,4,24206.3,0,0.0,1.0,4,1,29.18,38.6,39.32,MEDIUM,SHARED_MERCHANT|DENSE_USER_MERCHANT_NETWORK
10,11,4,14,14,105085.5,1,0.0714,0.3182,5,4,28.22,76.04,39.3,MEDIUM,SHARED_MERCHANT|MULTIPLE_SHARED_MERCHANTS|LARGE_CONNECTED_CLUSTER
2834,4,1,4,4,48942.28,0,0.0,1.0,4,1,29.02,43.93,39.29,MEDIUM,SHARED_MERCHANT|DENSE_USER_MERCHANT_NETWORK
2058,4,1,4,4,57598.87,0,0.0,1.0,4,1,29.01,42.26,39.29,MEDIUM,SHARED_MERCHANT|DENSE_USER_MERCHANT_NETWORK
2001,4,1,4,4,54805.99,0,0.0,1.0,4,1,28.81,46.77,39.25,MEDIUM,SHARED_MERCHANT|DENSE_USER_MERCHANT_NETWORK
3868,4,1,4,4,44530.96,0,0.0,1.0,4,1,28.8,35.98,39.25,MEDIUM,SHARED_MERCHANT|DENSE_USER_MERCHANT_NETWORK
334,4,1,4,4,48446.43,0,0.0,1.0,4,1,28.64,44.49,39.22,MEDIUM,SHARED_MERCHANT|DENSE_USER_MERCHANT_NETWORK
1690,4,1,4,4,63456.6,0,0.0,1.0,4,1,28.67,33.69,39.22,MEDIUM,SHARED_MERCHANT|DENSE_USER_MERCHANT_NETWORK
190,10,3,12,12,124414.51,1,0.0833,0.4,4,3,26.2,59.38,39.22,MEDIUM,SHARED_MERCHANT|MULTIPLE_SHARED_MERCHANTS|DENSE_USER_MERCHANT_NETWORK|LARGE_CONNECTED_CLUSTER
1825,4,1,4,4,55150.61,0,0.0,1.0,4,1,28.6,37.7,39.21,MEDIUM,SHARED_MERCHANT|DENSE_USER_MERCHANT_NETWORK
462,4,1,4,4,45325.67,0,0.0,1.0,4,1,28.63,42.76,39.21,MEDIUM,SHARED_MERCHANT|DENSE_USER_MERCHANT_NETWORK
2994,4,1,4,4,49974.0,0,0.0,1.0,4,1,28.52,43.54,39.19,MEDIUM,SHARED_MERCHANT|DENSE_USER_MERCHANT_NETWORK
2,25,10,34,34,421165.8,3,0.0882,0.136,5,9,26.18,49.74,39.19,MEDIUM,SHARED_MERCHANT|MULTIPLE_SHARED_MERCHANTS|LARGE_CONNECTED_CLUSTER
373,18,7,24,24,282540.29,2,0.0833,0.1905,5,7,27.35,64.31,39.17,MEDIUM,SHARED_MERCHANT|MULTIPLE_SHARED_MERCHANTS|LARGE_CONNECTED_CLUSTER
1886,4,1,4,4,43551.31,0,0.0,1.0,4,1,28.37,42.37,39.16,MEDIUM,SHARED_MERCHANT|DENSE_USER_MERCHANT_NETWORK
3436,4,1,4,4,74286.86,0,0.0,1.0,4,1,28.36,32.39,39.16,MEDIUM,SHARED_MERCHANT|DENSE_USER_MERCHANT_NETWORK
3987,4,1,4,4,45698.76,0,0.0,1.0,4,1,28.37,38.82,39.16,MEDIUM,SHARED_MERCHANT|DENSE_USER_MERCHANT_NETWORK
1157,4,1,4,4,41863.32,0,0.0,1.0,4,1,28.26,34.88,39.14,MEDIUM,SHARED_MERCHANT|DENSE_USER_MERCHANT_NETWORK
4074,4,1,4,4,41029.57,0,0.0,1.0,4,1,28.03,36.08,39.09,MEDIUM,SHARED_MERCHANT|DENSE_USER_MERCHANT_NETWORK
374,8,4,11,11,155701.84,1,0.0909,0.3438,4,4,27.29,50.62,39.08,MEDIUM,SHARED_MERCHANT|MULTIPLE_SHARED_MERCHANTS|LARGE_CONNECTED_CLUSTER
1417,4,1,4,4,51395.87,0,0.0,1.0,4,1,27.95,40.07,39.08,MEDIUM,SHARED_MERCHANT|DENSE_USER_MERCHANT_NETWORK
3701,4,1,4,4,81786.16,0,0.0,1.0,4,1,27.93,30.53,39.07,MEDIUM,SHARED_MERCHANT|DENSE_USER_MERCHANT_NETWORK
55,12,5,16,16,142064.97,1,0.0625,0.2667,6,4,23.86,59.1,39.06,MEDIUM,SHARED_MERCHANT|MULTIPLE_SHARED_MERCHANTS|LARGE_CONNECTED_CLUSTER
3528,4,1,4,4,50301.62,0,0.0,1.0,4,1,27.81,42.89,39.05,MEDIUM,SHARED_MERCHANT|DENSE_USER_MERCHANT_NETWORK
88,10,2,11,11,146831.22,0,0.0,0.55,7,2,25.84,46.5,39.05,MEDIUM,SHARED_MERCHANT|MULTIPLE_SHARED_MERCHANTS|DENSE_USER_MERCHANT_NETWORK|LARGE_CONNECTED_CLUSTER
440,4,1,4,4,86358.28,0,0.0,1.0,4,1,27.79,30.65,39.04,MEDIUM,SHARED_MERCHANT|DENSE_USER_MERCHANT_NETWORK
984,11,4,14,14,121930.04,1,0.0714,0.3182,5,4,26.83,66.83,39.03,MEDIUM,SHARED_MERCHANT|MULTIPLE_SHARED_MERCHANTS|LARGE_CONNECTED_CLUSTER
1386,4,1,4,4,48024.83,0,0.0,1.0,4,1,27.66,39.83,39.02,MEDIUM,SHARED_MERCHANT|DENSE_USER_MERCHANT_NETWORK
2005,4,1,4,4,69190.35,0,0.0,1.0,4,1,27.61,32.17,39.01,MEDIUM,SHARED_MERCHANT|DENSE_USER_MERCHANT_NETWORK
2605,4,1,4,4,31875.0,0,0.0,1.0,4,1,27.55,37.58,39.0,MEDIUM,SHARED_MERCHANT|DENSE_USER_MERCHANT_NETWORK
1974,4,1,4,4,44864.21,0,0.0,1.0,4,1,27.42,45.53,38.97,MEDIUM,SHARED_MERCHANT|DENSE_USER_MERCHANT_NETWORK
4404,4,1,4,4,45613.56,0,0.0,1.0,4,1,27.43,48.73,38.97,MEDIUM,SHARED_MERCHANT|DENSE_USER_MERCHANT_NETWORK
1220,4,1,4,4,61725.22,0,0.0,1.0,4,1,27.24,30.56,38.94,MEDIUM,SHARED_MERCHANT|DENSE_USER_MERCHANT_NETWORK
720,24,9,32,32,361618.1,2,0.0625,0.1481,6,8,27.92,57.36,38.93,MEDIUM,SHARED_MERCHANT|MULTIPLE_SHARED_MERCHANTS|LARGE_CONNECTED_CLUSTER
3886,4,1,4,4,50921.04,0,0.0,1.0,4,1,27.13,46.9,38.91,MEDIUM,SHARED_MERCHANT|DENSE_USER_MERCHANT_NETWORK
3597,4,1,4,4,35541.28,0,0.0,1.0,4,1,27.08,35.79,38.9,MEDIUM,SHARED_MERCHANT|DENSE_USER_MERCHANT_NETWORK
4674,4,1,4,4,65739.32,0,0.0,1.0,4,1,26.97,29.89,38.88,MEDIUM,SHARED_MERCHANT|DENSE_USER_MERCHANT_NETWORK
866,4,1,4,4,70612.72,0,0.0,1.0,4,1,26.92,32.22,38.87,MEDIUM,SHARED_MERCHANT|DENSE_USER_MERCHANT_NETWORK
840,4,1,4,4,39033.75,0,0.0,1.0,4,1,26.88,37.93,38.86,MEDIUM,SHARED_MERCHANT|DENSE_USER_MERCHANT_NETWORK
4248,4,1,4,4,45129.8,0,0.0,1.0,4,1,26.86,34.3,38.86,MEDIUM,SHARED_MERCHANT|DENSE_USER_MERCHANT_NETWORK
5124,4,1,4,4,33960.87,0,0.0,1.0,4,1,26.72,44.64,38.83,MEDIUM,SHARED_MERCHANT|DENSE_USER_MERCHANT_NETWORK
5,4,1,4,4,72914.23,0,0.0,1.0,4,1,26.66,30.12,38.82,MEDIUM,SHARED_MERCHANT|DENSE_USER_MERCHANT_NETWORK
2516,4,1,4,4,37757.86,0,0.0,1.0,4,1,26.65,39.83,38.82,MEDIUM,SHARED_MERCHANT|DENSE_USER_MERCHANT_NETWORK
3276,4,1,4,4,28596.5,0,0.0,1.0,4,1,26.41,33.98,38.77,MEDIUM,SHARED_MERCHANT|DENSE_USER_MERCHANT_NETWORK
1562,4,1,4,4,73488.56,0,0.0,1.0,4,1,26.38,30.54,38.76,MEDIUM,SHARED_MERCHANT|DENSE_USER_MERCHANT_NETWORK
2439,4,1,4,4,41800.28,0,0.0,1.0,4,1,26.36,30.66,38.76,MEDIUM,SHARED_MERCHANT|DENSE_USER_MERCHANT_NETWORK
3753,4,1,4,4,47821.75,0,0.0,1.0,4,1,26.38,43.7,38.76,MEDIUM,SHARED_MERCHANT|DENSE_USER_MERCHANT_NETWORK
1530,3,1,3,3,50120.98,0,0.0,1.0,3,1,41.07,48.62,38.72,MEDIUM,SHARED_MERCHANT|DENSE_USER_MERCHANT_NETWORK
328,4,1,4,4,60694.36,0,0.0,1.0,4,1,25.96,29.35,38.68,MEDIUM,SHARED_MERCHANT|DENSE_USER_MERCHANT_NETWORK
131,36,14,49,49,639025.64,4,0.0816,0.0972,5,14,27.72,74.3,38.67,MEDIUM,SHARED_MERCHANT|MULTIPLE_SHARED_MERCHANTS|LARGE_CONNECTED_CLUSTER
836,4,1,4,4,46964.51,0,0.0,1.0,4,1,25.81,30.85,38.65,MEDIUM,SHARED_MERCHANT|DENSE_USER_MERCHANT_NETWORK
3041,4,1,4,4,32374.56,0,0.0,1.0,4,1,25.78,34.11,38.64,MEDIUM,SHARED_MERCHANT|DENSE_USER_MERCHANT_NETWORK
50,4,1,4,4,66773.49,0,0.0,1.0,4,1,25.76,30.38,38.64,MEDIUM,SHARED_MERCHANT|DENSE_USER_MERCHANT_NETWORK
777,8,4,11,11,115137.87,1,0.0909,0.3438,4,3,25.06,47.93,38.64,MEDIUM,SHARED_MERCHANT|MULTIPLE_SHARED_MERCHANTS|LARGE_CONNECTED_CLUSTER
205,4,1,4,4,66543.66,0,0.0,1.0,4,1,25.71,29.62,38.63,MEDIUM,SHARED_MERCHANT|DENSE_USER_MERCHANT_NETWORK
1317,4,1,4,4,53491.72,0,0.0,1.0,4,1,25.67,32.33,38.62,MEDIUM,SHARED_MERCHANT|DENSE_USER_MERCHANT_NETWORK
1937,4,1,4,4,32959.08,0,0.0,1.0,4,1,25.62,47.44,38.61,MEDIUM,SHARED_MERCHANT|DENSE_USER_MERCHANT_NETWORK
2767,4,1,4,4,70139.29,0,0.0,1.0,4,1,25.59,30.73,38.61,MEDIUM,SHARED_MERCHANT|DENSE_USER_MERCHANT_NETWORK
776,4,1,4,4,71179.31,0,0.0,1.0,4,1,25.6,30.2,38.61,MEDIUM,SHARED_MERCHANT|DENSE_USER_MERCHANT_NETWORK
2949,4,1,4,4,65716.24,0,0.0,1.0,4,1,25.59,29.41,38.6,MEDIUM,SHARED_MERCHANT|DENSE_USER_MERCHANT_NETWORK
1494,4,1,4,4,70363.43,0,0.0,1.0,4,1,25.49,29.38,38.59,MEDIUM,SHARED_MERCHANT|DENSE_USER_MERCHANT_NETWORK
1120,4,1,4,4,30242.18,0,0.0,1.0,4,1,25.49,34.78,38.59,MEDIUM,SHARED_MERCHANT|DENSE_USER_MERCHANT_NETWORK
3932,4,1,4,4,65179.34,0,0.0,1.0,4,1,25.51,28.23,38.59,MEDIUM,SHARED_MERCHANT|DENSE_USER_MERCHANT_NETWORK
3035,3,1,3,3,54013.17,0,0.0,1.0,3,1,40.33,47.96,38.57,MEDIUM,SHARED_MERCHANT|DENSE_USER_MERCHANT_NETWORK
2394,4,1,4,4,61636.5,0,0.0,1.0,4,1,25.32,29.3,38.55,MEDIUM,SHARED_MERCHANT|DENSE_USER_MERCHANT_NETWORK
1375,4,1,4,4,55881.91,0,0.0,1.0,4,1,25.27,29.14,38.54,MEDIUM,SHARED_MERCHANT|DENSE_USER_MERCHANT_NETWORK
1532,4,1,4,4,68791.1,0,0.0,1.0,4,1,25.27,28.34,38.54,MEDIUM,SHARED_MERCHANT|DENSE_USER_MERCHANT_NETWORK
2399,4,1,4,4,68672.3,0,0.0,1.0,4,1,25.26,29.11,38.54,MEDIUM,SHARED_MERCHANT|DENSE_USER_MERCHANT_NETWORK
994,4,1,4,4,60931.53,0,0.0,1.0,4,1,25.21,30.7,38.53,MEDIUM,SHARED_MERCHANT|DENSE_USER_MERCHANT_NETWORK
1838,12,4,15,15,161564.38,1,0.0667,0.3125,5,4,27.19,63.15,38.53,MEDIUM,SHARED_MERCHANT|MULTIPLE_SHARED_MERCHANTS|LARGE_CONNECTED_CLUSTER
2113,4,1,4,4,34067.47,0,0.0,1.0,4,1,25.17,33.85,38.52,MEDIUM,SHARED_MERCHANT|DENSE_USER_MERCHANT_NETWORK
875,12,6,17,17,179811.16,1,0.0588,0.2361,6,6,25.9,71.76,38.52,MEDIUM,SHARED_MERCHANT|MULTIPLE_SHARED_MERCHANTS|LARGE_CONNECTED_CLUSTER
1124,4,1,4,4,60275.87,0,0.0,1.0,4,1,25.02,30.36,38.49,MEDIUM,SHARED_MERCHANT|DENSE_USER_MERCHANT_NETWORK
4135,4,1,4,4,65230.03,0,0.0,1.0,4,1,24.9,30.29,38.47,MEDIUM,SHARED_MERCHANT|DENSE_USER_MERCHANT_NETWORK
400,4,1,4,4,56713.0,0,0.0,1.0,4,1,24.89,29.67,38.47,MEDIUM,SHARED_MERCHANT|DENSE_USER_MERCHANT_NETWORK
949,4,1,4,4,43598.71,0,0.0,1.0,4,1,24.84,30.53,38.46,MEDIUM,SHARED_MERCHANT|DENSE_USER_MERCHANT_NETWORK
127,10,5,14,14,128676.39,1,0.0714,0.28,5,5,27.83,58.82,38.46,MEDIUM,SHARED_MERCHANT|MULTIPLE_SHARED_MERCHANTS|LARGE_CONNECTED_CLUSTER
4753,4,1,4,4,50470.49,0,0.0,1.0,4,1,24.76,27.96,38.44,MEDIUM,SHARED_MERCHANT|DENSE_USER_MERCHANT_NETWORK
1781,4,1,4,4,58005.77,0,0.0,1.0,4,1,24.65,27.99,38.42,MEDIUM,SHARED_MERCHANT|DENSE_USER_MERCHANT_NETWORK
1031,4,1,4,4,32182.21,0,0.0,1.0,4,1,24.67,40.34,38.42,MEDIUM,SHARED_MERCHANT|DENSE_USER_MERCHANT_NETWORK
1969,4,1,4,4,30960.63,0,0.0,1.0,4,1,24.65,37.62,38.42,MEDIUM,SHARED_MERCHANT|DENSE_USER_MERCHANT_NETWORK
1334,4,1,4,4,55051.16,0,0.0,1.0,4,1,24.63,29.09,38.41,MEDIUM,SHARED_MERCHANT|DENSE_USER_MERCHANT_NETWORK
1715,4,1,4,4,56847.11,0,0.0,1.0,4,1,24.62,28.03,38.41,MEDIUM,SHARED_MERCHANT|DENSE_USER_MERCHANT_NETWORK
645,4,1,4,4,29371.83,0,0.0,1.0,4,1,24.6,36.24,38.41,MEDIUM,SHARED_MERCHANT|DENSE_USER_MERCHANT_NETWORK
1799,4,1,4,4,55793.49,0,0.0,1.0,4,1,24.55,29.38,38.4,MEDIUM,SHARED_MERCHANT|DENSE_USER_MERCHANT_NETWORK
3084,4,1,4,4,58258.13,0,0.0,1.0,4,1,24.5,27.54,38.39,MEDIUM,SHARED_MERCHANT|DENSE_USER_MERCHANT_NETWORK
2591,4,1,4,4,55887.69,0,0.0,1.0,4,1,24.48,26.63,38.38,MEDIUM,SHARED_MERCHANT|DENSE_USER_MERCHANT_NETWORK
2986,4,1,4,4,53699.99,0,0.0,1.0,4,1,24.45,27.21,38.38,MEDIUM,SHARED_MERCHANT|DENSE_USER_MERCHANT_NETWORK
2628,4,1,4,4,61920.13,0,0.0,1.0,4,1,24.41,29.8,38.37,MEDIUM,SHARED_MERCHANT|DENSE_USER_MERCHANT_NETWORK
3192,4,1,4,4,58339.3,0,0.0,1.0,4,1,24.36,28.61,38.36,MEDIUM,SHARED_MERCHANT|DENSE_USER_MERCHANT_NETWORK
3531,4,1,4,4,23973.51,0,0.0,1.0,4,1,24.31,42.84,38.35,MEDIUM,SHARED_MERCHANT|DENSE_USER_MERCHANT_NETWORK
2074,4,1,4,4,18417.34,0,0.0,1.0,4,1,24.32,34.48,38.35,MEDIUM,SHARED_MERCHANT|DENSE_USER_MERCHANT_NETWORK
196,4,1,4,4,52022.56,0,0.0,1.0,4,1,24.34,28.68,38.35,MEDIUM,SHARED_MERCHANT|DENSE_USER_MERCHANT_NETWORK
4265,4,1,4,4,62225.77,0,0.0,1.0,4,1,24.31,30.08,38.35,MEDIUM,SHARED_MERCHANT|DENSE_USER_MERCHANT_NETWORK
212,4,1,4,4,47501.7,0,0.0,1.0,4,1,24.19,30.8,38.33,MEDIUM,SHARED_MERCHANT|DENSE_USER_MERCHANT_NETWORK
2777,4,1,4,4,60142.62,0,0.0,1.0,4,1,24.17,26.92,38.32,MEDIUM,SHARED_MERCHANT|DENSE_USER_MERCHANT_NETWORK
2875,3,1,3,3,47746.01,0,0.0,1.0,3,1,39.09,48.01,38.32,MEDIUM,SHARED_MERCHANT|DENSE_USER_MERCHANT_NETWORK
1402,4,1,4,4,56773.21,0,0.0,1.0,4,1,24.19,29.34,38.32,MEDIUM,SHARED_MERCHANT|DENSE_USER_MERCHANT_NETWORK
2003,4,1,4,4,57378.81,0,0.0,1.0,4,1,24.08,27.82,38.3,MEDIUM,SHARED_MERCHANT|DENSE_USER_MERCHANT_NETWORK
3538,4,1,4,4,67632.61,0,0.0,1.0,4,1,24.02,25.39,38.29,MEDIUM,SHARED_MERCHANT|DENSE_USER_MERCHANT_NETWORK
3585,4,1,4,4,47586.64,0,0.0,1.0,4,1,24.01,29.22,38.29,MEDIUM,SHARED_MERCHANT|DENSE_USER_MERCHANT_NETWORK
2887,4,1,4,4,47034.78,0,0.0,1.0,4,1,24.0,28.53,38.29,MEDIUM,SHARED_MERCHANT|DENSE_USER_MERCHANT_NETWORK
1908,4,1,4,4,26330.29,0,0.0,1.0,4,1,24.0,31.91,38.29,MEDIUM,SHARED_MERCHANT|DENSE_USER_MERCHANT_NETWORK
3919,4,1,4,4,53666.98,0,0.0,1.0,4,1,24.0,30.0,38.29,MEDIUM,SHARED_MERCHANT|DENSE_USER_MERCHANT_NETWORK
1057,4,1,4,4,51475.65,0,0.0,1.0,4,1,23.98,28.89,38.28,MEDIUM,SHARED_MERCHANT|DENSE_USER_MERCHANT_NETWORK
3994,4,1,4,4,54010.79,0,0.0,1.0,4,1,23.89,29.75,38.26,MEDIUM,SHARED_MERCHANT|DENSE_USER_MERCHANT_NETWORK
1840,4,1,4,4,27224.69,0,0.0,1.0,4,1,23.88,34.01,38.26,MEDIUM,SHARED_MERCHANT|DENSE_USER_MERCHANT_NETWORK
1338,4,1,4,4,55918.79,0,0.0,1.0,4,1,23.88,29.91,38.26,MEDIUM,SHARED_MERCHANT|DENSE_USER_MERCHANT_NETWORK
1656,4,1,4,4,51553.65,0,0.0,1.0,4,1,23.81,27.82,38.25,MEDIUM,SHARED_MERCHANT|DENSE_USER_MERCHANT_NETWORK
4030,4,1,4,4,49625.24,0,0.0,1.0,4,1,23.82,28.74,38.25,MEDIUM,SHARED_MERCHANT|DENSE_USER_MERCHANT_NETWORK
4831,4,1,4,4,54957.05,0,0.0,1.0,4,1,23.83,29.79,38.25,MEDIUM,SHARED_MERCHANT|DENSE_USER_MERCHANT_NETWORK
2619,4,1,4,4,48239.63,0,0.0,1.0,4,1,23.83,25.61,38.25,MEDIUM,SHARED_MERCHANT|DENSE_USER_MERCHANT_NETWORK
1400,4,1,4,4,61099.41,0,0.0,1.0,4,1,23.81,29.15,38.25,MEDIUM,SHARED_MERCHANT|DENSE_USER_MERCHANT_NETWORK
1055,9,2,10,10,95926.03,0,0.0,0.5556,7,2,22.21,30.49,38.25,MEDIUM,SHARED_MERCHANT|MULTIPLE_SHARED_MERCHANTS|DENSE_USER_MERCHANT_NETWORK|LARGE_CONNECTED_CLUSTER
2975,4,1,4,4,53119.78,0,0.0,1.0,4,1,23.76,26.57,38.24,MEDIUM,SHARED_MERCHANT|DENSE_USER_MERCHANT_NETWORK
894,3,1,3,3,50436.35,0,0.0,1.0,3,1,38.61,47.52,38.23,MEDIUM,SHARED_MERCHANT|DENSE_USER_MERCHANT_NETWORK
2300,4,1,4,4,58420.12,0,0.0,1.0,4,1,23.73,25.98,38.23,MEDIUM,SHARED_MERCHANT|DENSE_USER_MERCHANT_NETWORK
2342,4,1,4,4,55718.66,0,0.0,1.0,4,1,23.68,29.95,38.22,MEDIUM,SHARED_MERCHANT|DENSE_USER_MERCHANT_NETWORK
969,4,1,4,4,30706.51,0,0.0,1.0,4,1,23.5,34.01,38.19,MEDIUM,SHARED_MERCHANT|DENSE_USER_MERCHANT_NETWORK
3988,3,1,3,3,40350.29,0,0.0,1.0,3,1,38.45,47.56,38.19,MEDIUM,SHARED_MERCHANT|DENSE_USER_MERCHANT_NETWORK
2455,3,1,3,3,29425.65,0,0.0,1.0,3,1,38.39,46.04,38.18,MEDIUM,SHARED_MERCHANT|DENSE_USER_MERCHANT_NETWORK
486,4,1,4,4,45890.49,0,0.0,1.0,4,1,23.41,29.34,38.17,MEDIUM,SHARED_MERCHANT|DENSE_USER_MERCHANT_NETWORK
634,4,1,4,4,50897.81,0,0.0,1.0,4,1,23.37,26.38,38.16,MEDIUM,SHARED_MERCHANT|DENSE_USER_MERCHANT_NETWORK
369,4,1,4,4,54895.75,0,0.0,1.0,4,1,23.38,28.64,38.16,MEDIUM,SHARED_MERCHANT|DENSE_USER_MERCHANT_NETWORK
339,7,4,10,10,112602.83,1,0.1,0.3571,3,3,29.04,53.72,38.15,MEDIUM,SHARED_MERCHANT|MULTIPLE_SHARED_MERCHANTS|HIGH_CHARGEBACK_CONCENTRATION|LARGE_CONNECTED_CLUSTER
1758,4,1,4,4,32478.2,0,0.0,1.0,4,1,23.31,28.2,38.15,MEDIUM,SHARED_MERCHANT|DENSE_USER_MERCHANT_NETWORK
4216,4,1,4,4,58275.44,0,0.0,1.0,4,1,23.27,27.81,38.14,MEDIUM,SHARED_MERCHANT|DENSE_USER_MERCHANT_NETWORK
2470,3,1,3,3,34051.96,0,0.0,1.0,3,1,38.17,50.11,38.14,MEDIUM,SHARED_MERCHANT|DENSE_USER_MERCHANT_NETWORK
2077,4,1,4,4,47636.07,0,0.0,1.0,4,1,23.1,29.4,38.11,MEDIUM,SHARED_MERCHANT|DENSE_USER_MERCHANT_NETWORK
3442,4,1,4,4,23409.4,0,0.0,1.0,4,1,23.08,37.82,38.1,MEDIUM,SHARED_MERCHANT|DENSE_USER_MERCHANT_NETWORK
2653,4,1,4,4,23959.37,0,0.0,1.0,4,1,22.94,43.58,38.07,MEDIUM,SHARED_MERCHANT|DENSE_USER_MERCHANT_NETWORK
3829,4,1,4,4,36080.95,0,0.0,1.0,4,1,22.92,30.91,38.07,MEDIUM,SHARED_MERCHANT|DENSE_USER_MERCHANT_NETWORK
1468,4,1,4,4,47709.28,0,0.0,1.0,4,1,22.93,28.93,38.07,MEDIUM,SHARED_MERCHANT|DENSE_USER_MERCHANT_NETWORK
3390,4,1,4,4,47248.55,0,0.0,1.0,4,1,22.87,31.17,38.06,MEDIUM,SHARED_MERCHANT|DENSE_USER_MERCHANT_NETWORK
1050,4,1,4,4,43481.79,0,0.0,1.0,4,1,22.86,28.73,38.06,MEDIUM,SHARED_MERCHANT|DENSE_USER_MERCHANT_NETWORK
2535,4,1,4,4,44406.05,0,0.0,1.0,4,1,22.81,30.54,38.05,MEDIUM,SHARED_MERCHANT|DENSE_USER_MERCHANT_NETWORK
1574,4,1,4,4,54330.91,0,0.0,1.0,4,1,22.82,29.8,38.05,MEDIUM,SHARED_MERCHANT|DENSE_USER_MERCHANT_NETWORK
2685,4,1,4,4,46032.35,0,0.0,1.0,4,1,22.81,29.67,38.05,MEDIUM,SHARED_MERCHANT|DENSE_USER_MERCHANT_NETWORK
1890,12,5,16,16,220188.08,1,0.0625,0.2667,5,4,31.29,52.34,38.04,MEDIUM,SHARED_MERCHANT|MULTIPLE_SHARED_MERCHANTS|LARGE_CONNECTED_CLUSTER
2134,4,1,4,4,17053.66,0,0.0,1.0,4,1,22.77,30.36,38.04,MEDIUM,SHARED_MERCHANT|DENSE_USER_MERCHANT_NETWORK
609,4,1,4,4,41626.57,0,0.0,1.0,4,1,22.75,31.08,38.04,MEDIUM,SHARED_MERCHANT|DENSE_USER_MERCHANT_NETWORK
4289,4,1,4,4,46247.99,0,0.0,1.0,4,1,22.71,26.19,38.03,MEDIUM,SHARED_MERCHANT|DENSE_USER_MERCHANT_NETWORK
2321,4,1,4,4,46020.15,0,0.0,1.0,4,1,22.66,27.2,38.02,MEDIUM,SHARED_MERCHANT|DENSE_USER_MERCHANT_NETWORK
936,4,1,4,4,41897.12,0,0.0,1.0,4,1,22.67,27.23,38.02,MEDIUM,SHARED_MERCHANT|DENSE_USER_MERCHANT_NETWORK
2122,4,1,4,4,51822.51,0,0.0,1.0,4,1,22.61,28.58,38.01,MEDIUM,SHARED_MERCHANT|DENSE_USER_MERCHANT_NETWORK
26,4,1,4,4,49595.54,0,0.0,1.0,4,1,22.59,27.79,38.01,MEDIUM,SHARED_MERCHANT|DENSE_USER_MERCHANT_NETWORK
2620,4,1,4,4,45191.09,0,0.0,1.0,4,1,22.55,30.03,38.0,MEDIUM,SHARED_MERCHANT|DENSE_USER_MERCHANT_NETWORK
575,4,1,4,4,50413.73,0,0.0,1.0,4,1,22.51,30.34,37.99,MEDIUM,SHARED_MERCHANT|DENSE_USER_MERCHANT_NETWORK
128,4,1,4,4,46606.49,0,0.0,1.0,4,1,22.47,27.53,37.98,MEDIUM,SHARED_MERCHANT|DENSE_USER_MERCHANT_NETWORK
286,4,1,4,4,50058.27,0,0.0,1.0,4,1,22.45,26.66,37.98,MEDIUM,SHARED_MERCHANT|DENSE_USER_MERCHANT_NETWORK
2129,3,1,3,3,38889.63,0,0.0,1.0,3,1,37.34,46.71,37.97,MEDIUM,SHARED_MERCHANT|DENSE_USER_MERCHANT_NETWORK
1525,4,1,4,4,41132.98,0,0.0,1.0,4,1,22.42,26.16,37.97,MEDIUM,SHARED_MERCHANT|DENSE_USER_MERCHANT_NETWORK
2715,4,1,4,4,39301.24,0,0.0,1.0,4,1,22.41,24.69,37.97,MEDIUM,SHARED_MERCHANT|DENSE_USER_MERCHANT_NETWORK
1641,3,1,3,3,66768.89,0,0.0,1.0,3,1,37.28,48.49,37.96,MEDIUM,SHARED_MERCHANT|DENSE_USER_MERCHANT_NETWORK
998,4,1,4,4,43591.45,0,0.0,1.0,4,1,22.31,26.33,37.95,MEDIUM,SHARED_MERCHANT|DENSE_USER_MERCHANT_NETWORK
2625,4,1,4,4,44772.69,0,0.0,1.0,4,1,22.15,28.69,37.92,MEDIUM,SHARED_MERCHANT|DENSE_USER_MERCHANT_NETWORK
1646,4,1,4,4,42389.35,0,0.0,1.0,4,1,22.11,29.57,37.91,MEDIUM,SHARED_MERCHANT|DENSE_USER_MERCHANT_NETWORK
1161,4,1,4,4,45921.92,0,0.0,1.0,4,1,22.12,28.4,37.91,MEDIUM,SHARED_MERCHANT|DENSE_USER_MERCHANT_NETWORK
5326,4,1,4,4,51731.29,0,0.0,1.0,4,1,22.06,26.68,37.9,MEDIUM,SHARED_MERCHANT|DENSE_USER_MERCHANT_NETWORK
2396,4,1,4,4,38478.23,0,0.0,1.0,4,1,22.0,27.21,37.89,MEDIUM,SHARED_MERCHANT|DENSE_USER_MERCHANT_NETWORK
2056,4,1,4,4,43433.32,0,0.0,1.0,4,1,22.0,27.85,37.89,MEDIUM,SHARED_MERCHANT|DENSE_USER_MERCHANT_NETWORK
1489,4,1,4,4,51966.02,0,0.0,1.0,4,1,22.02,25.53,37.89,MEDIUM,SHARED_MERCHANT|DENSE_USER_MERCHANT_NETWORK
1975,4,1,4,4,43127.78,0,0.0,1.0,4,1,21.96,30.07,37.88,MEDIUM,SHARED_MERCHANT|DENSE_USER_MERCHANT_NETWORK
2686,4,1,4,4,38082.45,0,0.0,1.0,4,1,21.94,25.49,37.88,MEDIUM,SHARED_MERCHANT|DENSE_USER_MERCHANT_NETWORK
944,13,4,16,16,132782.42,1,0.0625,0.3077,5,4,26.36,51.57,37.88,MEDIUM,SHARED_MERCHANT|MULTIPLE_SHARED_MERCHANTS|LARGE_CONNECTED_CLUSTER
1573,4,1,4,4,55068.85,0,0.0,1.0,4,1,21.94,29.87,37.88,MEDIUM,SHARED_MERCHANT|DENSE_USER_MERCHANT_NETWORK
2273,4,1,4,4,42536.11,0,0.0,1.0,4,1,21.99,29.38,37.88,MEDIUM,SHARED_MERCHANT|DENSE_USER_MERCHANT_NETWORK
754,4,1,4,4,47446.67,0,0.0,1.0,4,1,21.96,30.05,37.88,MEDIUM,SHARED_MERCHANT|DENSE_USER_MERCHANT_NETWORK
1399,4,1,4,4,42697.31,0,0.0,1.0,4,1,21.85,27.19,37.86,MEDIUM,SHARED_MERCHANT|DENSE_USER_MERCHANT_NETWORK
1079,4,1,4,4,40404.71,0,0.0,1.0,4,1,21.83,24.36,37.85,MEDIUM,SHARED_MERCHANT|DENSE_USER_MERCHANT_NETWORK
4329,4,1,4,4,45985.88,0,0.0,1.0,4,1,21.75,24.49,37.84,MEDIUM,SHARED_MERCHANT|DENSE_USER_MERCHANT_NETWORK
1783,4,1,4,4,39948.86,0,0.0,1.0,4,1,21.75,25.38,37.84,MEDIUM,SHARED_MERCHANT|DENSE_USER_MERCHANT_NETWORK
675,4,1,4,4,32484.35,0,0.0,1.0,4,1,21.71,26.03,37.83,MEDIUM,SHARED_MERCHANT|DENSE_USER_MERCHANT_NETWORK
2929,4,1,4,4,39401.08,0,0.0,1.0,4,1,21.66,27.93,37.82,MEDIUM,SHARED_MERCHANT|DENSE_USER_MERCHANT_NETWORK
3066,4,1,4,4,39489.1,0,0.0,1.0,4,1,21.68,25.08,37.82,MEDIUM,SHARED_MERCHANT|DENSE_USER_MERCHANT_NETWORK
6,4,1,4,4,41349.14,0,0.0,1.0,4,1,21.55,26.56,37.8,MEDIUM,SHARED_MERCHANT|DENSE_USER_MERCHANT_NETWORK
4692,4,1,4,4,38788.17,0,0.0,1.0,4,1,21.57,26.19,37.8,MEDIUM,SHARED_MERCHANT|DENSE_USER_MERCHANT_NETWORK
1561,4,1,4,4,35989.04,0,0.0,1.0,4,1,21.5,27.23,37.79,MEDIUM,SHARED_MERCHANT|DENSE_USER_MERCHANT_NETWORK
2428,4,1,4,4,43363.72,0,0.0,1.0,4,1,21.49,28.67,37.79,MEDIUM,SHARED_MERCHANT|DENSE_USER_MERCHANT_NETWORK
3520,4,1,4,4,40644.42,0,0.0,1.0,4,1,21.41,28.36,37.77,MEDIUM,SHARED_MERCHANT|DENSE_USER_MERCHANT_NETWORK
2607,4,1,4,4,40916.37,0,0.0,1.0,4,1,21.42,31.1,37.77,MEDIUM,SHARED_MERCHANT|DENSE_USER_MERCHANT_NETWORK
1033,4,1,4,4,40019.77,0,0.0,1.0,4,1,21.44,29.21,37.77,MEDIUM,SHARED_MERCHANT|DENSE_USER_MERCHANT_NETWORK
2464,4,1,4,4,36175.05,0,0.0,1.0,4,1,21.37,25.96,37.76,MEDIUM,SHARED_MERCHANT|DENSE_USER_MERCHANT_NETWORK
3566,4,1,4,4,15930.07,0,0.0,1.0,4,1,21.39,37.05,37.76,MEDIUM,SHARED_MERCHANT|DENSE_USER_MERCHANT_NETWORK
4593,3,1,3,3,68486.63,0,0.0,1.0,3,1,36.24,49.05,37.75,MEDIUM,SHARED_MERCHANT|DENSE_USER_MERCHANT_NETWORK
793,4,1,4,4,42858.61,0,0.0,1.0,4,1,21.26,26.97,37.74,MEDIUM,SHARED_MERCHANT|DENSE_USER_MERCHANT_NETWORK
2604,4,1,4,4,37927.5,0,0.0,1.0,4,1,21.27,25.12,37.74,MEDIUM,SHARED_MERCHANT|DENSE_USER_MERCHANT_NETWORK
2096,4,1,4,4,40179.16,0,0.0,1.0,4,1,21.23,24.86,37.73,MEDIUM,SHARED_MERCHANT|DENSE_USER_MERCHANT_NETWORK
1350,4,1,4,4,38154.43,0,0.0,1.0,4,1,21.05,25.87,37.7,MEDIUM,SHARED_MERCHANT|DENSE_USER_MERCHANT_NETWORK
1201,4,1,4,4,31926.4,0,0.0,1.0,4,1,20.95,31.47,37.68,MEDIUM,SHARED_MERCHANT|DENSE_USER_MERCHANT_NETWORK
745,4,1,4,4,36513.36,0,0.0,1.0,4,1,20.91,28.45,37.67,MEDIUM,SHARED_MERCHANT|DENSE_USER_MERCHANT_NETWORK
1265,4,1,4,4,36620.6,0,0.0,1.0,4,1,20.9,26.96,37.67,MEDIUM,SHARED_MERCHANT|DENSE_USER_MERCHANT_NETWORK
2817,4,1,4,4,38786.18,0,0.0,1.0,4,1,20.83,28.73,37.65,MEDIUM,SHARED_MERCHANT|DENSE_USER_MERCHANT_NETWORK
4696,4,1,4,4,40639.37,0,0.0,1.0,4,1,20.75,22.58,37.64,MEDIUM,SHARED_MERCHANT|DENSE_USER_MERCHANT_NETWORK
603,4,1,4,4,37754.62,0,0.0,1.0,4,1,20.77,25.24,37.64,MEDIUM,SHARED_MERCHANT|DENSE_USER_MERCHANT_NETWORK
1830,4,1,4,4,31796.66,0,0.0,1.0,4,1,20.71,26.61,37.63,MEDIUM,SHARED_MERCHANT|DENSE_USER_MERCHANT_NETWORK
3930,3,1,3,3,71273.07,0,0.0,1.0,3,1,35.61,48.04,37.63,MEDIUM,SHARED_MERCHANT|DENSE_USER_MERCHANT_NETWORK
2812,4,1,4,4,33279.32,0,0.0,1.0,4,1,20.71,23.05,37.63,MEDIUM,SHARED_MERCHANT|DENSE_USER_MERCHANT_NETWORK
2971,4,1,4,4,30035.6,0,0.0,1.0,4,1,20.67,27.98,37.62,MEDIUM,SHARED_MERCHANT|DENSE_USER_MERCHANT_NETWORK
5680,4,1,4,4,40403.96,0,0.0,1.0,4,1,20.66,29.09,37.62,MEDIUM,SHARED_MERCHANT|DENSE_USER_MERCHANT_NETWORK
1447,4,1,4,4,25979.55,0,0.0,1.0,4,1,20.66,25.68,37.62,MEDIUM,SHARED_MERCHANT|DENSE_USER_MERCHANT_NETWORK
47,4,1,4,4,42537.19,0,0.0,1.0,4,1,20.58,25.88,37.6,MEDIUM,SHARED_MERCHANT|DENSE_USER_MERCHANT_NETWORK
2977,4,1,4,4,37739.54,0,0.0,1.0,4,1,20.37,29.79,37.56,MEDIUM,SHARED_MERCHANT|DENSE_USER_MERCHANT_NETWORK
2822,4,1,4,4,31035.75,0,0.0,1.0,4,1,20.3,28.06,37.55,MEDIUM,SHARED_MERCHANT|DENSE_USER_MERCHANT_NETWORK
2711,3,1,3,3,28446.22,0,0.0,1.0,3,1,35.25,38.47,37.55,MEDIUM,SHARED_MERCHANT|DENSE_USER_MERCHANT_NETWORK
1539,4,1,4,4,26717.73,0,0.0,1.0,4,1,20.29,27.37,37.55,MEDIUM,SHARED_MERCHANT|DENSE_USER_MERCHANT_NETWORK
5039,3,1,3,3,38433.32,0,0.0,1.0,3,1,35.15,45.78,37.53,MEDIUM,SHARED_MERCHANT|DENSE_USER_MERCHANT_NETWORK
2581,4,1,4,4,27280.48,0,0.0,1.0,4,1,20.18,26.18,37.52,MEDIUM,SHARED_MERCHANT|DENSE_USER_MERCHANT_NETWORK
3162,4,1,4,4,26065.37,0,0.0,1.0,4,1,20.16,27.3,37.52,MEDIUM,SHARED_MERCHANT|DENSE_USER_MERCHANT_NETWORK
1136,4,1,4,4,29725.15,0,0.0,1.0,4,1,20.12,29.49,37.51,MEDIUM,SHARED_MERCHANT|DENSE_USER_MERCHANT_NETWORK
568,4,1,4,4,31919.63,0,0.0,1.0,4,1,20.09,29.82,37.5,MEDIUM,SHARED_MERCHANT|DENSE_USER_MERCHANT_NETWORK
1994,4,1,4,4,29168.93,0,0.0,1.0,4,1,20.05,23.02,37.5,MEDIUM,SHARED_MERCHANT|DENSE_USER_MERCHANT_NETWORK
751,26,12,37,37,454773.86,2,0.0541,0.1186,6,12,27.35,59.69,37.48,MEDIUM,SHARED_MERCHANT|MULTIPLE_SHARED_MERCHANTS|LARGE_CONNECTED_CLUSTER
3314,4,1,4,4,32633.58,0,0.0,1.0,4,1,19.93,26.63,37.47,MEDIUM,SHARED_MERCHANT|DENSE_USER_MERCHANT_NETWORK
3655,4,1,4,4,29213.29,0,0.0,1.0,4,1,19.79,23.92,37.45,MEDIUM,SHARED_MERCHANT|DENSE_USER_MERCHANT_NETWORK
1578,4,1,4,4,26776.05,0,0.0,1.0,4,1,19.79,26.91,37.45,MEDIUM,SHARED_MERCHANT|DENSE_USER_MERCHANT_NETWORK
1323,4,1,4,4,29376.93,0,0.0,1.0,4,1,19.79,21.9,37.44,MEDIUM,SHARED_MERCHANT|DENSE_USER_MERCHANT_NETWORK
2935,3,1,3,3,59536.76,0,0.0,1.0,3,1,34.63,46.85,37.43,MEDIUM,SHARED_MERCHANT|DENSE_USER_MERCHANT_NETWORK
2046,4,1,4,4,43713.69,0,0.0,1.0,4,1,19.67,23.76,37.42,MEDIUM,SHARED_MERCHANT|DENSE_USER_MERCHANT_NETWORK
474,3,1,3,3,50079.63,0,0.0,1.0,3,1,34.47,48.04,37.4,MEDIUM,SHARED_MERCHANT|DENSE_USER_MERCHANT_NETWORK
4268,4,1,4,4,30897.0,0,0.0,1.0,4,1,19.55,25.7,37.4,MEDIUM,SHARED_MERCHANT|DENSE_USER_MERCHANT_NETWORK
97,3,1,3,3,52174.34,0,0.0,1.0,3,1,34.43,48.22,37.39,MEDIUM,SHARED_MERCHANT|DENSE_USER_MERCHANT_NETWORK
2109,3,1,3,3,17695.44,0,0.0,1.0,3,1,34.4,43.24,37.38,MEDIUM,SHARED_MERCHANT|DENSE_USER_MERCHANT_NETWORK
3690,4,1,4,4,31012.53,0,0.0,1.0,4,1,19.42,24.38,37.37,MEDIUM,SHARED_MERCHANT|DENSE_USER_MERCHANT_NETWORK
1988,4,1,4,4,27001.73,0,0.0,1.0,4,1,19.4,28.88,37.37,MEDIUM,SHARED_MERCHANT|DENSE_USER_MERCHANT_NETWORK
1382,3,1,3,3,51245.93,0,0.0,1.0,3,1,34.27,46.42,37.36,MEDIUM,SHARED_MERCHANT|DENSE_USER_MERCHANT_NETWORK
4273,3,1,3,3,25088.92,0,0.0,1.0,3,1,34.27,43.83,37.36,MEDIUM,SHARED_MERCHANT|DENSE_USER_MERCHANT_NETWORK
1524,3,1,3,3,58722.18,0,0.0,1.0,3,1,34.23,44.05,37.35,MEDIUM,SHARED_MERCHANT|DENSE_USER_MERCHANT_NETWORK
1657,3,1,3,3,40908.74,0,0.0,1.0,3,1,34.12,41.84,37.33,MEDIUM,SHARED_MERCHANT|DENSE_USER_MERCHANT_NETWORK
1998,4,1,4,4,27715.25,0,0.0,1.0,4,1,19.03,22.9,37.29,MEDIUM,SHARED_MERCHANT|DENSE_USER_MERCHANT_NETWORK
3219,3,1,3,3,27184.14,0,0.0,1.0,3,1,33.89,41.81,37.28,MEDIUM,SHARED_MERCHANT|DENSE_USER_MERCHANT_NETWORK
1930,4,1,4,4,23646.46,0,0.0,1.0,4,1,18.89,24.6,37.27,MEDIUM,SHARED_MERCHANT|DENSE_USER_MERCHANT_NETWORK
612,4,1,4,4,18325.43,0,0.0,1.0,4,1,18.91,25.51,37.27,MEDIUM,SHARED_MERCHANT|DENSE_USER_MERCHANT_NETWORK
2048,4,1,4,4,24708.0,0,0.0,1.0,4,1,18.84,26.97,37.26,MEDIUM,SHARED_MERCHANT|DENSE_USER_MERCHANT_NETWORK
3810,3,1,3,3,49289.17,0,0.0,1.0,3,1,33.76,48.44,37.26,MEDIUM,SHARED_MERCHANT|DENSE_USER_MERCHANT_NETWORK
4491,3,1,3,3,46349.79,0,0.0,1.0,3,1,33.73,47.63,37.25,MEDIUM,SHARED_MERCHANT|DENSE_USER_MERCHANT_NETWORK
211,4,1,4,4,25510.23,0,0.0,1.0,4,1,18.72,27.64,37.23,MEDIUM,SHARED_MERCHANT|DENSE_USER_MERCHANT_NETWORK
889,13,5,17,17,280148.52,1,0.0588,0.2615,5,5,29.41,59.08,37.23,MEDIUM,SHARED_MERCHANT|MULTIPLE_SHARED_MERCHANTS|LARGE_CONNECTED_CLUSTER
1485,4,1,4,4,23484.83,0,0.0,1.0,4,1,18.63,23.26,37.21,MEDIUM,SHARED_MERCHANT|DENSE_USER_MERCHANT_NETWORK
3666,3,1,3,3,52028.98,0,0.0,1.0,3,1,33.47,41.35,37.2,MEDIUM,SHARED_MERCHANT|DENSE_USER_MERCHANT_NETWORK
4187,3,1,3,3,33702.28,0,0.0,1.0,3,1,33.45,38.75,37.19,MEDIUM,SHARED_MERCHANT|DENSE_USER_MERCHANT_NETWORK
1314,3,1,3,3,49142.03,0,0.0,1.0,3,1,33.41,45.64,37.19,MEDIUM,SHARED_MERCHANT|DENSE_USER_MERCHANT_NETWORK
1361,8,2,9,9,132854.43,0,0.0,0.5625,6,2,29.69,48.93,37.18,MEDIUM,SHARED_MERCHANT|MULTIPLE_SHARED_MERCHANTS|DENSE_USER_MERCHANT_NETWORK|LARGE_CONNECTED_CLUSTER
4169,4,1,4,4,23286.81,0,0.0,1.0,4,1,18.48,21.03,37.18,MEDIUM,SHARED_MERCHANT|DENSE_USER_MERCHANT_NETWORK
4434,3,1,3,3,53876.65,0,0.0,1.0,3,1,33.3,46.16,37.16,MEDIUM,SHARED_MERCHANT|DENSE_USER_MERCHANT_NETWORK
691,3,1,3,3,24199.59,0,0.0,1.0,3,1,33.29,36.71,37.16,MEDIUM,SHARED_MERCHANT|DENSE_USER_MERCHANT_NETWORK
1508,3,1,3,3,58726.97,0,0.0,1.0,3,1,33.19,45.84,37.14,MEDIUM,SHARED_MERCHANT|DENSE_USER_MERCHANT_NETWORK
3179,3,1,3,3,52919.63,0,0.0,1.0,3,1,33.12,45.7,37.13,MEDIUM,SHARED_MERCHANT|DENSE_USER_MERCHANT_NETWORK
1075,3,1,3,3,52662.07,0,0.0,1.0,3,1,33.06,48.23,37.12,MEDIUM,SHARED_MERCHANT|DENSE_USER_MERCHANT_NETWORK
2351,4,1,4,4,13557.04,0,0.0,1.0,4,1,18.12,19.52,37.11,MEDIUM,SHARED_MERCHANT|DENSE_USER_MERCHANT_NETWORK
2701,4,1,4,4,19465.31,0,0.0,1.0,4,1,18.09,25.21,37.11,MEDIUM,SHARED_MERCHANT|DENSE_USER_MERCHANT_NETWORK
3972,4,1,4,4,17571.8,0,0.0,1.0,4,1,18.01,20.4,37.09,MEDIUM,SHARED_MERCHANT|DENSE_USER_MERCHANT_NETWORK
2364,3,1,3,3,51845.68,0,0.0,1.0,3,1,32.9,42.24,37.08,MEDIUM,SHARED_MERCHANT|DENSE_USER_MERCHANT_NETWORK
5087,3,1,3,3,46377.16,0,0.0,1.0,3,1,32.73,39.18,37.05,MEDIUM,SHARED_MERCHANT|DENSE_USER_MERCHANT_NETWORK
1794,3,1,3,3,52051.5,0,0.0,1.0,3,1,32.71,44.14,37.05,MEDIUM,SHARED_MERCHANT|DENSE_USER_MERCHANT_NETWORK
2234,3,1,3,3,50540.8,0,0.0,1.0,3,1,32.63,46.49,37.03,MEDIUM,SHARED_MERCHANT|DENSE_USER_MERCHANT_NETWORK
4591,3,1,3,3,50172.53,0,0.0,1.0,3,1,32.52,45.25,37.01,MEDIUM,SHARED_MERCHANT|DENSE_USER_MERCHANT_NETWORK
396,4,1,4,4,15868.59,0,0.0,1.0,4,1,17.6,19.57,37.01,MEDIUM,SHARED_MERCHANT|DENSE_USER_MERCHANT_NETWORK
3271,3,1,3,3,49697.07,0,0.0,1.0,3,1,32.48,45.31,37.0,MEDIUM,SHARED_MERCHANT|DENSE_USER_MERCHANT_NETWORK
1695,3,1,3,3,45284.12,0,0.0,1.0,3,1,32.43,44.85,36.99,MEDIUM,SHARED_MERCHANT|DENSE_USER_MERCHANT_NETWORK
1636,3,1,3,3,40013.36,0,0.0,1.0,3,1,32.33,40.27,36.97,MEDIUM,SHARED_MERCHANT|DENSE_USER_MERCHANT_NETWORK
332,4,1,4,4,17459.74,0,0.0,1.0,4,1,17.38,21.49,36.96,MEDIUM,SHARED_MERCHANT|DENSE_USER_MERCHANT_NETWORK
1877,4,1,4,4,15792.44,0,0.0,1.0,4,1,17.32,20.99,36.95,MEDIUM,SHARED_MERCHANT|DENSE_USER_MERCHANT_NETWORK
3132,3,1,3,3,48381.19,0,0.0,1.0,3,1,32.22,43.33,36.95,MEDIUM,SHARED_MERCHANT|DENSE_USER_MERCHANT_NETWORK
1665,3,1,3,3,22858.79,0,0.0,1.0,3,1,32.2,38.43,36.94,MEDIUM,SHARED_MERCHANT|DENSE_USER_MERCHANT_NETWORK
382,4,1,4,4,24374.27,0,0.0,1.0,4,1,17.21,24.56,36.93,MEDIUM,SHARED_MERCHANT|DENSE_USER_MERCHANT_NETWORK
2089,3,1,3,3,48861.25,0,0.0,1.0,3,1,32.12,34.11,36.93,MEDIUM,SHARED_MERCHANT|DENSE_USER_MERCHANT_NETWORK
1550,3,1,3,3,42785.66,0,0.0,1.0,3,1,32.09,38.45,36.92,MEDIUM,SHARED_MERCHANT|DENSE_USER_MERCHANT_NETWORK
1820,3,1,3,3,45124.49,0,0.0,1.0,3,1,31.99,46.99,36.9,MEDIUM,SHARED_MERCHANT|DENSE_USER_MERCHANT_NETWORK
893,3,1,3,3,52049.0,0,0.0,1.0,3,1,31.89,39.79,36.88,MEDIUM,SHARED_MERCHANT|DENSE_USER_MERCHANT_NETWORK
3852,3,1,3,3,13768.3,0,0.0,1.0,3,1,31.88,36.64,36.88,MEDIUM,SHARED_MERCHANT|DENSE_USER_MERCHANT_NETWORK
2840,3,1,3,3,39138.68,0,0.0,1.0,3,1,31.83,41.59,36.87,MEDIUM,SHARED_MERCHANT|DENSE_USER_MERCHANT_NETWORK
655,3,1,3,3,46327.39,0,0.0,1.0,3,1,31.8,46.91,36.86,MEDIUM,SHARED_MERCHANT|DENSE_USER_MERCHANT_NETWORK
2908,3,1,3,3,46286.13,0,0.0,1.0,3,1,31.79,43.44,36.86,MEDIUM,SHARED_MERCHANT|DENSE_USER_MERCHANT_NETWORK
280,3,1,3,3,65789.6,0,0.0,1.0,3,1,31.72,33.97,36.85,MEDIUM,SHARED_MERCHANT|DENSE_USER_MERCHANT_NETWORK
3548,3,1,3,3,51095.89,0,0.0,1.0,3,1,31.72,39.89,36.85,MEDIUM,SHARED_MERCHANT|DENSE_USER_MERCHANT_NETWORK
4523,3,1,3,3,45856.48,0,0.0,1.0,3,1,31.7,43.17,36.84,MEDIUM,SHARED_MERCHANT|DENSE_USER_MERCHANT_NETWORK
1230,3,1,3,3,37294.21,0,0.0,1.0,3,1,31.69,39.05,36.84,MEDIUM,SHARED_MERCHANT|DENSE_USER_MERCHANT_NETWORK
1643,7,2,8,8,94623.64,0,0.0,0.5714,6,2,28.25,48.04,36.84,MEDIUM,SHARED_MERCHANT|MULTIPLE_SHARED_MERCHANTS|DENSE_USER_MERCHANT_NETWORK|LARGE_CONNECTED_CLUSTER
3217,3,1,3,3,38169.31,0,0.0,1.0,3,1,31.65,39.81,36.83,MEDIUM,SHARED_MERCHANT|DENSE_USER_MERCHANT_NETWORK
2220,3,1,3,3,11505.87,0,0.0,1.0,3,1,31.62,39.41,36.83,MEDIUM,SHARED_MERCHANT|DENSE_USER_MERCHANT_NETWORK
2465,8,2,9,9,110875.47,0,0.0,0.5625,6,2,27.88,46.2,36.82,MEDIUM,SHARED_MERCHANT|MULTIPLE_SHARED_MERCHANTS|DENSE_USER_MERCHANT_NETWORK|LARGE_CONNECTED_CLUSTER
2098,3,1,3,3,40329.18,0,0.0,1.0,3,1,31.58,46.29,36.82,MEDIUM,SHARED_MERCHANT|DENSE_USER_MERCHANT_NETWORK
4165,3,1,3,3,25566.39,0,0.0,1.0,3,1,31.4,37.44,36.78,MEDIUM,SHARED_MERCHANT|DENSE_USER_MERCHANT_NETWORK
3921,3,1,3,3,39718.38,0,0.0,1.0,3,1,31.35,42.28,36.77,MEDIUM,SHARED_MERCHANT|DENSE_USER_MERCHANT_NETWORK
959,10,2,11,11,155050.56,0,0.0,0.55,6,2,26.79,33.99,36.74,MEDIUM,SHARED_MERCHANT|MULTIPLE_SHARED_MERCHANTS|DENSE_USER_MERCHANT_NETWORK|LARGE_CONNECTED_CLUSTER
570,3,1,3,3,38866.96,0,0.0,1.0,3,1,31.19,39.25,36.74,MEDIUM,SHARED_MERCHANT|DENSE_USER_MERCHANT_NETWORK
4153,3,1,3,3,42895.16,0,0.0,1.0,3,1,31.11,37.93,36.73,MEDIUM,SHARED_MERCHANT|DENSE_USER_MERCHANT_NETWORK
4330,3,1,3,3,39438.15,0,0.0,1.0,3,1,31.09,37.62,36.72,MEDIUM,SHARED_MERCHANT|DENSE_USER_MERCHANT_NETWORK
1036,3,1,3,3,43501.76,0,0.0,1.0,3,1,31.03,42.87,36.71,MEDIUM,SHARED_MERCHANT|DENSE_USER_MERCHANT_NETWORK
1684,3,1,3,3,65490.88,0,0.0,1.0,3,1,31.03,31.97,36.71,MEDIUM,SHARED_MERCHANT|DENSE_USER_MERCHANT_NETWORK
3029,3,1,3,3,45772.49,0,0.0,1.0,3,1,31.05,34.04,36.71,MEDIUM,SHARED_MERCHANT|DENSE_USER_MERCHANT_NETWORK
1865,9,5,13,13,186850.54,1,0.0769,0.2889,4,5,27.99,58.6,36.71,MEDIUM,SHARED_MERCHANT|MULTIPLE_SHARED_MERCHANTS|LARGE_CONNECTED_CLUSTER
4618,3,1,3,3,35565.61,0,0.0,1.0,3,1,31.0,38.03,36.7,MEDIUM,SHARED_MERCHANT|DENSE_USER_MERCHANT_NETWORK
4812,3,1,3,3,45269.52,0,0.0,1.0,3,1,30.97,44.22,36.7,MEDIUM,SHARED_MERCHANT|DENSE_USER_MERCHANT_NETWORK
804,3,1,3,3,23872.27,0,0.0,1.0,3,1,31.0,51.5,36.7,MEDIUM,SHARED_MERCHANT|DENSE_USER_MERCHANT_NETWORK
1498,3,1,3,3,40716.86,0,0.0,1.0,3,1,30.67,44.27,36.64,MEDIUM,SHARED_MERCHANT|DENSE_USER_MERCHANT_NETWORK
1708,3,1,3,3,33841.75,0,0.0,1.0,3,1,30.65,43.61,36.63,MEDIUM,SHARED_MERCHANT|DENSE_USER_MERCHANT_NETWORK
4817,3,1,3,3,44696.08,0,0.0,1.0,3,1,30.65,46.19,36.63,MEDIUM,SHARED_MERCHANT|DENSE_USER_MERCHANT_NETWORK
319,3,1,3,3,39066.17,0,0.0,1.0,3,1,30.62,48.52,36.63,MEDIUM,SHARED_MERCHANT|DENSE_USER_MERCHANT_NETWORK
1192,3,1,3,3,40138.97,0,0.0,1.0,3,1,30.56,46.25,36.62,MEDIUM,SHARED_MERCHANT|DENSE_USER_MERCHANT_NETWORK
1966,11,4,14,14,126358.25,1,0.0714,0.3182,4,4,27.28,49.2,36.62,MEDIUM,SHARED_MERCHANT|MULTIPLE_SHARED_MERCHANTS|LARGE_CONNECTED_CLUSTER
4470,3,1,3,3,49501.91,0,0.0,1.0,3,1,30.55,36.23,36.61,MEDIUM,SHARED_MERCHANT|DENSE_USER_MERCHANT_NETWORK
4656,3,1,3,3,45113.88,0,0.0,1.0,3,1,30.52,41.3,36.61,MEDIUM,SHARED_MERCHANT|DENSE_USER_MERCHANT_NETWORK
3482,4,1,4,4,8975.97,0,0.0,1.0,4,1,15.58,18.11,36.6,MEDIUM,SHARED_MERCHANT|DENSE_USER_MERCHANT_NETWORK
1068,3,1,3,3,44604.15,0,0.0,1.0,3,1,30.42,36.52,36.59,MEDIUM,SHARED_MERCHANT|DENSE_USER_MERCHANT_NETWORK
3356,3,1,3,3,42840.4,0,0.0,1.0,3,1,30.28,34.08,36.56,MEDIUM,SHARED_MERCHANT|DENSE_USER_MERCHANT_NETWORK
560,10,4,13,13,121237.76,1,0.0769,0.325,4,4,23.59,47.97,36.55,MEDIUM,SHARED_MERCHANT|MULTIPLE_SHARED_MERCHANTS|LARGE_CONNECTED_CLUSTER
2117,8,2,9,9,127024.74,0,0.0,0.5625,6,2,26.54,35.49,36.55,MEDIUM,SHARED_MERCHANT|MULTIPLE_SHARED_MERCHANTS|DENSE_USER_MERCHANT_NETWORK|LARGE_CONNECTED_CLUSTER
843,11,4,14,14,163362.56,1,0.0714,0.3182,4,4,26.79,58.89,36.52,MEDIUM,SHARED_MERCHANT|MULTIPLE_SHARED_MERCHANTS|LARGE_CONNECTED_CLUSTER
3027,4,1,4,4,1817.36,0,0.0,1.0,4,1,15.1,16.44,36.51,MEDIUM,SHARED_MERCHANT|DENSE_USER_MERCHANT_NETWORK
3862,3,1,3,3,37647.66,0,0.0,1.0,3,1,30.05,35.33,36.51,MEDIUM,SHARED_MERCHANT|DENSE_USER_MERCHANT_NETWORK
1522,3,1,3,3,38233.75,0,0.0,1.0,3,1,29.97,43.1,36.5,MEDIUM,SHARED_MERCHANT|DENSE_USER_MERCHANT_NETWORK
3096,3,1,3,3,37190.83,0,0.0,1.0,3,1,29.95,40.34,36.49,MEDIUM,SHARED_MERCHANT|DENSE_USER_MERCHANT_NETWORK
5062,3,1,3,3,41392.41,0,0.0,1.0,3,1,29.95,42.95,36.49,MEDIUM,SHARED_MERCHANT|DENSE_USER_MERCHANT_NETWORK
1445,3,1,3,3,64695.6,0,0.0,1.0,3,1,29.86,30.55,36.48,MEDIUM,SHARED_MERCHANT|DENSE_USER_MERCHANT_NETWORK
1423,3,1,3,3,34696.55,0,0.0,1.0,3,1,29.9,40.79,36.48,MEDIUM,SHARED_MERCHANT|DENSE_USER_MERCHANT_NETWORK
3376,3,1,3,3,36466.35,0,0.0,1.0,3,1,29.8,39.68,36.46,MEDIUM,SHARED_MERCHANT|DENSE_USER_MERCHANT_NETWORK
1921,7,2,8,8,90521.12,0,0.0,0.5714,6,2,26.32,48.34,36.45,MEDIUM,SHARED_MERCHANT|MULTIPLE_SHARED_MERCHANTS|DENSE_USER_MERCHANT_NETWORK|LARGE_CONNECTED_CLUSTER
738,3,1,3,3,56383.17,0,0.0,1.0,3,1,29.74,31.89,36.45,MEDIUM,SHARED_MERCHANT|DENSE_USER_MERCHANT_NETWORK
63,3,1,3,3,30942.26,0,0.0,1.0,3,1,29.67,39.53,36.44,MEDIUM,SHARED_MERCHANT|DENSE_USER_MERCHANT_NETWORK
1281,3,1,3,3,28350.8,0,0.0,1.0,3,1,29.64,38.88,36.43,MEDIUM,SHARED_MERCHANT|DENSE_USER_MERCHANT_NETWORK
850,3,1,3,3,30422.18,0,0.0,1.0,3,1,29.63,43.42,36.43,MEDIUM,SHARED_MERCHANT|DENSE_USER_MERCHANT_NETWORK
1829,3,1,3,3,36167.48,0,0.0,1.0,3,1,29.56,42.58,36.42,MEDIUM,SHARED_MERCHANT|DENSE_USER_MERCHANT_NETWORK
2595,8,2,9,9,103689.39,0,0.0,0.5625,6,2,25.9,35.74,36.42,MEDIUM,SHARED_MERCHANT|MULTIPLE_SHARED_MERCHANTS|DENSE_USER_MERCHANT_NETWORK|LARGE_CONNECTED_CLUSTER
209,3,1,3,3,64128.4,0,0.0,1.0,3,1,29.55,31.16,36.41,MEDIUM,SHARED_MERCHANT|DENSE_USER_MERCHANT_NETWORK
971,3,1,3,3,39847.99,0,0.0,1.0,3,1,29.46,44.35,36.4,MEDIUM,SHARED_MERCHANT|DENSE_USER_MERCHANT_NETWORK
2958,3,1,3,3,34712.45,0,0.0,1.0,3,1,29.47,42.37,36.4,MEDIUM,SHARED_MERCHANT|DENSE_USER_MERCHANT_NETWORK
1362,3,1,3,3,42844.29,0,0.0,1.0,3,1,29.44,39.96,36.39,MEDIUM,SHARED_MERCHANT|DENSE_USER_MERCHANT_NETWORK
2805,3,1,3,3,34256.0,0,0.0,1.0,3,1,29.38,41.79,36.38,MEDIUM,SHARED_MERCHANT|DENSE_USER_MERCHANT_NETWORK
779,4,1,4,4,2155.72,0,0.0,1.0,4,1,14.48,15.56,36.38,MEDIUM,SHARED_MERCHANT|DENSE_USER_MERCHANT_NETWORK
1947,8,4,11,11,73179.78,1,0.0909,0.3438,3,4,26.27,48.81,36.38,MEDIUM,SHARED_MERCHANT|MULTIPLE_SHARED_MERCHANTS|LARGE_CONNECTED_CLUSTER
1299,3,1,3,3,42014.48,0,0.0,1.0,3,1,29.27,37.26,36.36,MEDIUM,SHARED_MERCHANT|DENSE_USER_MERCHANT_NETWORK
3529,3,1,3,3,31262.56,0,0.0,1.0,3,1,29.3,35.38,36.36,MEDIUM,SHARED_MERCHANT|DENSE_USER_MERCHANT_NETWORK
335,7,3,9,9,86193.28,0,0.0,0.4286,7,1,26.38,38.55,36.34,MEDIUM,SHARED_MERCHANT|DENSE_USER_MERCHANT_NETWORK|LARGE_CONNECTED_CLUSTER
3558,3,1,3,3,37034.51,0,0.0,1.0,3,1,29.11,34.0,36.33,MEDIUM,SHARED_MERCHANT|DENSE_USER_MERCHANT_NETWORK
4611,3,1,3,3,33012.89,0,0.0,1.0,3,1,29.09,32.99,36.32,MEDIUM,SHARED_MERCHANT|DENSE_USER_MERCHANT_NETWORK
3466,3,1,3,3,56111.57,0,0.0,1.0,3,1,29.03,33.41,36.31,MEDIUM,SHARED_MERCHANT|DENSE_USER_MERCHANT_NETWORK
3236,3,1,3,3,30167.68,0,0.0,1.0,3,1,28.98,47.41,36.3,MEDIUM,SHARED_MERCHANT|DENSE_USER_MERCHANT_NETWORK
1788,3,1,3,3,33096.71,0,0.0,1.0,3,1,28.89,38.24,36.28,MEDIUM,SHARED_MERCHANT|DENSE_USER_MERCHANT_NETWORK
2176,9,3,11,11,100900.01,0,0.0,0.4074,7,2,26.26,47.55,36.28,MEDIUM,SHARED_MERCHANT|MULTIPLE_SHARED_MERCHANTS|DENSE_USER_MERCHANT_NETWORK|LARGE_CONNECTED_CLUSTER
473,3,1,3,3,33522.29,0,0.0,1.0,3,1,28.83,35.76,36.27,MEDIUM,SHARED_MERCHANT|DENSE_USER_MERCHANT_NETWORK
3444,3,1,3,3,67115.2,0,0.0,1.0,3,1,28.85,30.12,36.27,MEDIUM,SHARED_MERCHANT|DENSE_USER_MERCHANT_NETWORK
3602,3,1,3,3,24195.8,0,0.0,1.0,3,1,28.78,36.85,36.26,MEDIUM,SHARED_MERCHANT|DENSE_USER_MERCHANT_NETWORK
1475,3,1,3,3,35277.47,0,0.0,1.0,3,1,28.74,40.33,36.25,MEDIUM,SHARED_MERCHANT|DENSE_USER_MERCHANT_NETWORK
4353,3,1,3,3,58828.0,0,0.0,1.0,3,1,28.7,32.05,36.24,MEDIUM,SHARED_MERCHANT|DENSE_USER_MERCHANT_NETWORK
1686,3,1,3,3,61186.66,0,0.0,1.0,3,1,28.7,29.56,36.24,MEDIUM,SHARED_MERCHANT|DENSE_USER_MERCHANT_NETWORK
2585,3,1,3,3,30121.0,0,0.0,1.0,3,1,28.65,32.51,36.23,MEDIUM,SHARED_MERCHANT|DENSE_USER_MERCHANT_NETWORK
3677,3,1,3,3,30751.27,0,0.0,1.0,3,1,28.51,38.81,36.21,MEDIUM,SHARED_MERCHANT|DENSE_USER_MERCHANT_NETWORK
2966,3,1,3,3,27254.74,0,0.0,1.0,3,1,28.42,36.26,36.19,MEDIUM,SHARED_MERCHANT|DENSE_USER_MERCHANT_NETWORK
4299,3,1,3,3,33527.54,0,0.0,1.0,3,1,28.41,46.0,36.19,MEDIUM,SHARED_MERCHANT|DENSE_USER_MERCHANT_NETWORK
4835,3,1,3,3,60212.51,0,0.0,1.0,3,1,28.32,29.89,36.17,MEDIUM,SHARED_MERCHANT|DENSE_USER_MERCHANT_NETWORK
421,3,1,3,3,33722.09,0,0.0,1.0,3,1,28.21,34.22,36.15,MEDIUM,SHARED_MERCHANT|DENSE_USER_MERCHANT_NETWORK
1261,3,1,3,3,65820.15,0,0.0,1.0,3,1,28.18,29.47,36.14,MEDIUM,SHARED_MERCHANT|DENSE_USER_MERCHANT_NETWORK
416,3,1,3,3,72012.16,0,0.0,1.0,3,1,28.14,29.09,36.13,MEDIUM,SHARED_MERCHANT|DENSE_USER_MERCHANT_NETWORK
3694,3,1,3,3,58008.57,0,0.0,1.0,3,1,28.09,30.78,36.12,MEDIUM,SHARED_MERCHANT|DENSE_USER_MERCHANT_NETWORK
865,15,5,19,19,231908.06,1,0.0526,0.2533,5,5,27.44,51.28,36.12,MEDIUM,SHARED_MERCHANT|MULTIPLE_SHARED_MERCHANTS|LARGE_CONNECTED_CLUSTER
789,12,3,14,14,150818.29,0,0.0,0.3889,7,3,24.78,34.94,36.1,MEDIUM,SHARED_MERCHANT|MULTIPLE_SHARED_MERCHANTS|LARGE_CONNECTED_CLUSTER
3902,3,1,3,3,37674.14,0,0.0,1.0,3,1,27.98,37.3,36.1,MEDIUM,SHARED_MERCHANT|DENSE_USER_MERCHANT_NETWORK
5069,3,1,3,3,55056.79,0,0.0,1.0,3,1,27.97,31.27,36.1,MEDIUM,SHARED_MERCHANT|DENSE_USER_MERCHANT_NETWORK
3288,3,1,3,3,31288.36,0,0.0,1.0,3,1,27.93,47.4,36.09,MEDIUM,SHARED_MERCHANT|DENSE_USER_MERCHANT_NETWORK
1186,3,1,3,3,30235.89,0,0.0,1.0,3,1,27.93,41.59,36.09,MEDIUM,SHARED_MERCHANT|DENSE_USER_MERCHANT_NETWORK
3098,3,1,3,3,27093.44,0,0.0,1.0,3,1,27.91,40.71,36.09,MEDIUM,SHARED_MERCHANT|DENSE_USER_MERCHANT_NETWORK
562,3,1,3,3,32757.11,0,0.0,1.0,3,1,27.9,31.01,36.08,MEDIUM,SHARED_MERCHANT|DENSE_USER_MERCHANT_NETWORK
1470,3,1,3,3,26967.36,0,0.0,1.0,3,1,27.88,36.39,36.08,MEDIUM,SHARED_MERCHANT|DENSE_USER_MERCHANT_NETWORK
4740,3,1,3,3,63027.0,0,0.0,1.0,3,1,27.84,28.32,36.07,MEDIUM,SHARED_MERCHANT|DENSE_USER_MERCHANT_NETWORK
3052,3,1,3,3,25780.97,0,0.0,1.0,3,1,27.81,38.23,36.07,MEDIUM,SHARED_MERCHANT|DENSE_USER_MERCHANT_NETWORK
1319,3,1,3,3,29514.03,0,0.0,1.0,3,1,27.85,47.29,36.07,MEDIUM,SHARED_MERCHANT|DENSE_USER_MERCHANT_NETWORK
4518,3,1,3,3,24427.15,0,0.0,1.0,3,1,27.8,44.13,36.06,MEDIUM,SHARED_MERCHANT|DENSE_USER_MERCHANT_NETWORK
5458,3,1,3,3,66611.47,0,0.0,1.0,3,1,27.71,29.81,36.05,MEDIUM,SHARED_MERCHANT|DENSE_USER_MERCHANT_NETWORK
3316,3,1,3,3,26282.94,0,0.0,1.0,3,1,27.72,37.72,36.05,MEDIUM,SHARED_MERCHANT|DENSE_USER_MERCHANT_NETWORK
2931,3,1,3,3,61426.65,0,0.0,1.0,3,1,27.74,28.33,36.05,MEDIUM,SHARED_MERCHANT|DENSE_USER_MERCHANT_NETWORK
2793,3,1,3,3,19274.36,0,0.0,1.0,3,1,27.67,35.73,36.04,MEDIUM,SHARED_MERCHANT|DENSE_USER_MERCHANT_NETWORK
48,3,1,3,3,53342.65,0,0.0,1.0,3,1,27.67,28.88,36.04,MEDIUM,SHARED_MERCHANT|DENSE_USER_MERCHANT_NETWORK
1841,3,1,3,3,18274.44,0,0.0,1.0,3,1,27.68,33.21,36.04,MEDIUM,SHARED_MERCHANT|DENSE_USER_MERCHANT_NETWORK
150,10,5,14,14,102251.51,1,0.0714,0.28,4,4,28.24,49.33,36.04,MEDIUM,SHARED_MERCHANT|MULTIPLE_SHARED_MERCHANTS|LARGE_CONNECTED_CLUSTER
489,3,1,3,3,58426.33,0,0.0,1.0,3,1,27.61,28.77,36.03,MEDIUM,SHARED_MERCHANT|DENSE_USER_MERCHANT_NETWORK
2804,3,1,3,3,54715.92,0,0.0,1.0,3,1,27.57,28.96,36.02,MEDIUM,SHARED_MERCHANT|DENSE_USER_MERCHANT_NETWORK
2242,3,1,3,3,23096.44,0,0.0,1.0,3,1,27.51,43.15,36.01,MEDIUM,SHARED_MERCHANT|DENSE_USER_MERCHANT_NETWORK
167,3,1,3,3,55252.42,0,0.0,1.0,3,1,27.55,28.13,36.01,MEDIUM,SHARED_MERCHANT|DENSE_USER_MERCHANT_NETWORK
2987,3,1,3,3,53210.72,0,0.0,1.0,3,1,27.52,29.64,36.01,MEDIUM,SHARED_MERCHANT|DENSE_USER_MERCHANT_NETWORK
1018,3,1,3,3,24942.51,0,0.0,1.0,3,1,27.46,35.11,36.0,MEDIUM,SHARED_MERCHANT|DENSE_USER_MERCHANT_NETWORK
1205,3,1,3,3,33306.59,0,0.0,1.0,3,1,27.5,36.13,36.0,MEDIUM,SHARED_MERCHANT|DENSE_USER_MERCHANT_NETWORK
1246,3,1,3,3,22318.33,0,0.0,1.0,3,1,27.44,41.12,35.99,MEDIUM,SHARED_MERCHANT|DENSE_USER_MERCHANT_NETWORK
381,3,1,3,3,29931.89,0,0.0,1.0,3,1,27.45,35.83,35.99,MEDIUM,SHARED_MERCHANT|DENSE_USER_MERCHANT_NETWORK
115,7,2,8,8,117577.58,0,0.0,0.5714,6,2,24.0,30.04,35.99,MEDIUM,SHARED_MERCHANT|MULTIPLE_SHARED_MERCHANTS|DENSE_USER_MERCHANT_NETWORK|LARGE_CONNECTED_CLUSTER
2418,3,1,3,3,60741.47,0,0.0,1.0,3,1,27.4,30.19,35.98,MEDIUM,SHARED_MERCHANT|DENSE_USER_MERCHANT_NETWORK
1108,13,6,18,18,201308.71,1,0.0556,0.2308,5,6,27.67,61.49,35.97,MEDIUM,SHARED_MERCHANT|MULTIPLE_SHARED_MERCHANTS|LARGE_CONNECTED_CLUSTER
586,3,1,3,3,47531.19,0,0.0,1.0,3,1,27.3,30.62,35.96,MEDIUM,SHARED_MERCHANT|DENSE_USER_MERCHANT_NETWORK
1388,3,1,3,3,51355.3,0,0.0,1.0,3,1,27.28,29.19,35.96,MEDIUM,SHARED_MERCHANT|DENSE_USER_MERCHANT_NETWORK
3196,3,1,3,3,26249.88,0,0.0,1.0,3,1,27.24,36.36,35.95,MEDIUM,SHARED_MERCHANT|DENSE_USER_MERCHANT_NETWORK
377,3,1,3,3,55719.82,0,0.0,1.0,3,1,27.22,30.26,35.95,MEDIUM,SHARED_MERCHANT|DENSE_USER_MERCHANT_NETWORK
5127,3,1,3,3,45899.93,0,0.0,1.0,3,1,27.25,30.64,35.95,MEDIUM,SHARED_MERCHANT|DENSE_USER_MERCHANT_NETWORK
1380,3,1,3,3,53334.56,0,0.0,1.0,3,1,27.17,29.28,35.94,MEDIUM,SHARED_MERCHANT|DENSE_USER_MERCHANT_NETWORK
1077,3,1,3,3,58359.02,0,0.0,1.0,3,1,27.14,29.63,35.93,MEDIUM,SHARED_MERCHANT|DENSE_USER_MERCHANT_NETWORK
4243,3,1,3,3,28209.42,0,0.0,1.0,3,1,27.08,39.57,35.92,MEDIUM,SHARED_MERCHANT|DENSE_USER_MERCHANT_NETWORK
1518,3,1,3,3,21007.56,0,0.0,1.0,3,1,27.05,44.69,35.91,MEDIUM,SHARED_MERCHANT|DENSE_USER_MERCHANT_NETWORK
5023,3,1,3,3,22639.0,0,0.0,1.0,3,1,26.96,36.96,35.9,MEDIUM,SHARED_MERCHANT|DENSE_USER_MERCHANT_NETWORK
3541,3,1,3,3,57557.76,0,0.0,1.0,3,1,26.99,28.29,35.9,MEDIUM,SHARED_MERCHANT|DENSE_USER_MERCHANT_NETWORK
1968,9,5,13,13,126701.73,1,0.0769,0.2889,4,4,23.9,52.51,35.89,MEDIUM,SHARED_MERCHANT|MULTIPLE_SHARED_MERCHANTS|LARGE_CONNECTED_CLUSTER
2736,3,1,3,3,18187.27,0,0.0,1.0,3,1,26.95,41.45,35.89,MEDIUM,SHARED_MERCHANT|DENSE_USER_MERCHANT_NETWORK
3841,3,1,3,3,41614.04,0,0.0,1.0,3,1,26.82,29.97,35.87,MEDIUM,SHARED_MERCHANT|DENSE_USER_MERCHANT_NETWORK
4062,3,1,3,3,49200.04,0,0.0,1.0,3,1,26.83,30.52,35.87,MEDIUM,SHARED_MERCHANT|DENSE_USER_MERCHANT_NETWORK
4155,3,1,3,3,26740.45,0,0.0,1.0,3,1,26.8,39.33,35.86,MEDIUM,SHARED_MERCHANT|DENSE_USER_MERCHANT_NETWORK
3876,3,1,3,3,48388.86,0,0.0,1.0,3,1,26.77,31.58,35.86,MEDIUM,SHARED_MERCHANT|DENSE_USER_MERCHANT_NETWORK
4923,3,1,3,3,61852.69,0,0.0,1.0,3,1,26.78,29.82,35.86,MEDIUM,SHARED_MERCHANT|DENSE_USER_MERCHANT_NETWORK
3015,3,1,3,3,21571.36,0,0.0,1.0,3,1,26.74,34.93,35.85,MEDIUM,SHARED_MERCHANT|DENSE_USER_MERCHANT_NETWORK
3978,3,1,3,3,23467.23,0,0.0,1.0,3,1,26.72,36.27,35.85,MEDIUM,SHARED_MERCHANT|DENSE_USER_MERCHANT_NETWORK
1956,3,1,3,3,23306.33,0,0.0,1.0,3,1,26.7,44.09,35.84,MEDIUM,SHARED_MERCHANT|DENSE_USER_MERCHANT_NETWORK
1889,3,1,3,3,23150.72,0,0.0,1.0,3,1,26.65,40.69,35.83,MEDIUM,SHARED_MERCHANT|DENSE_USER_MERCHANT_NETWORK
692,8,2,9,9,111286.81,0,0.0,0.5625,6,2,22.98,30.22,35.83,MEDIUM,SHARED_MERCHANT|MULTIPLE_SHARED_MERCHANTS|DENSE_USER_MERCHANT_NETWORK|LARGE_CONNECTED_CLUSTER
1249,3,1,3,3,60728.15,0,0.0,1.0,3,1,26.57,29.75,35.82,MEDIUM,SHARED_MERCHANT|DENSE_USER_MERCHANT_NETWORK
3645,3,1,3,3,55411.06,0,0.0,1.0,3,1,26.58,28.03,35.82,MEDIUM,SHARED_MERCHANT|DENSE_USER_MERCHANT_NETWORK
858,3,1,3,3,47907.78,0,0.0,1.0,3,1,26.59,28.63,35.82,MEDIUM,SHARED_MERCHANT|DENSE_USER_MERCHANT_NETWORK
364,3,1,3,3,42912.04,0,0.0,1.0,3,1,26.55,30.54,35.81,MEDIUM,SHARED_MERCHANT|DENSE_USER_MERCHANT_NETWORK
2904,9,2,10,10,80723.29,0,0.0,0.5556,6,2,22.46,39.89,35.8,MEDIUM,SHARED_MERCHANT|MULTIPLE_SHARED_MERCHANTS|DENSE_USER_MERCHANT_NETWORK|LARGE_CONNECTED_CLUSTER
3445,7,5,11,11,115661.66,1,0.0909,0.3143,3,4,26.34,49.03,35.8,MEDIUM,SHARED_MERCHANT|MULTIPLE_SHARED_MERCHANTS|LARGE_CONNECTED_CLUSTER
143,3,1,3,3,24875.71,0,0.0,1.0,3,1,26.44,39.3,35.79,MEDIUM,SHARED_MERCHANT|DENSE_USER_MERCHANT_NETWORK
1434,3,1,3,3,61123.55,0,0.0,1.0,3,1,26.45,30.33,35.79,MEDIUM,SHARED_MERCHANT|DENSE_USER_MERCHANT_NETWORK
2240,3,1,3,3,54771.27,0,0.0,1.0,3,1,26.45,28.23,35.79,MEDIUM,SHARED_MERCHANT|DENSE_USER_MERCHANT_NETWORK
100,10,2,11,11,117765.15,0,0.0,0.55,6,2,21.96,29.04,35.78,MEDIUM,SHARED_MERCHANT|MULTIPLE_SHARED_MERCHANTS|DENSE_USER_MERCHANT_NETWORK|LARGE_CONNECTED_CLUSTER
1095,3,1,3,3,19067.95,0,0.0,1.0,3,1,26.34,33.82,35.77,MEDIUM,SHARED_MERCHANT|DENSE_USER_MERCHANT_NETWORK
297,3,1,3,3,50584.56,0,0.0,1.0,3,1,26.27,29.41,35.76,MEDIUM,SHARED_MERCHANT|DENSE_USER_MERCHANT_NETWORK
4814,3,1,3,3,44377.88,0,0.0,1.0,3,1,26.3,31.72,35.76,MEDIUM,SHARED_MERCHANT|DENSE_USER_MERCHANT_NETWORK
2888,3,1,3,3,52380.06,0,0.0,1.0,3,1,26.28,28.99,35.76,MEDIUM,SHARED_MERCHANT|DENSE_USER_MERCHANT_NETWORK
501,3,1,3,3,53766.84,0,0.0,1.0,3,1,26.22,30.6,35.75,MEDIUM,SHARED_MERCHANT|DENSE_USER_MERCHANT_NETWORK
3990,3,1,3,3,44478.57,0,0.0,1.0,3,1,26.24,29.76,35.75,MEDIUM,SHARED_MERCHANT|DENSE_USER_MERCHANT_NETWORK
3082,3,1,3,3,18961.14,0,0.0,1.0,3,1,26.17,37.73,35.74,MEDIUM,SHARED_MERCHANT|DENSE_USER_MERCHANT_NETWORK
4642,3,1,3,3,53521.06,0,0.0,1.0,3,1,26.19,28.93,35.74,MEDIUM,SHARED_MERCHANT|DENSE_USER_MERCHANT_NETWORK
1210,3,1,3,3,58236.36,0,0.0,1.0,3,1,26.08,28.39,35.72,MEDIUM,SHARED_MERCHANT|DENSE_USER_MERCHANT_NETWORK
3067,3,1,3,3,26714.65,0,0.0,1.0,3,1,26.07,35.11,35.72,MEDIUM,SHARED_MERCHANT|DENSE_USER_MERCHANT_NETWORK
3252,3,1,3,3,28090.36,0,0.0,1.0,3,1,26.05,39.67,35.71,MEDIUM,SHARED_MERCHANT|DENSE_USER_MERCHANT_NETWORK
1089,3,1,3,3,14160.25,0,0.0,1.0,3,1,25.94,36.43,35.69,MEDIUM,SHARED_MERCHANT|DENSE_USER_MERCHANT_NETWORK
32,3,1,3,3,34337.72,0,0.0,1.0,3,1,25.91,31.86,35.69,MEDIUM,SHARED_MERCHANT|DENSE_USER_MERCHANT_NETWORK
2463,3,1,3,3,52142.19,0,0.0,1.0,3,1,25.93,28.4,35.69,MEDIUM,SHARED_MERCHANT|DENSE_USER_MERCHANT_NETWORK
397,3,1,3,3,21554.22,0,0.0,1.0,3,1,25.88,39.96,35.68,MEDIUM,SHARED_MERCHANT|DENSE_USER_MERCHANT_NETWORK
3620,3,1,3,3,38482.21,0,0.0,1.0,3,1,25.87,30.99,35.68,MEDIUM,SHARED_MERCHANT|DENSE_USER_MERCHANT_NETWORK
3173,3,1,3,3,46374.81,0,0.0,1.0,3,1,25.86,29.54,35.68,MEDIUM,SHARED_MERCHANT|DENSE_USER_MERCHANT_NETWORK
2599,3,1,3,3,46747.8,0,0.0,1.0,3,1,25.85,29.59,35.67,MEDIUM,SHARED_MERCHANT|DENSE_USER_MERCHANT_NETWORK
4052,3,1,3,3,48957.2,0,0.0,1.0,3,1,25.85,28.61,35.67,MEDIUM,SHARED_MERCHANT|DENSE_USER_MERCHANT_NETWORK
696,3,1,3,3,49251.05,0,0.0,1.0,3,1,25.77,27.76,35.66,MEDIUM,SHARED_MERCHANT|DENSE_USER_MERCHANT_NETWORK
3704,3,1,3,3,13695.45,0,0.0,1.0,3,1,25.72,35.13,35.65,MEDIUM,SHARED_MERCHANT|DENSE_USER_MERCHANT_NETWORK
2845,3,1,3,3,54123.22,0,0.0,1.0,3,1,25.7,27.67,35.64,MEDIUM,SHARED_MERCHANT|DENSE_USER_MERCHANT_NETWORK
4803,3,1,3,3,22733.35,0,0.0,1.0,3,1,25.66,37.86,35.64,MEDIUM,SHARED_MERCHANT|DENSE_USER_MERCHANT_NETWORK
658,3,1,3,3,43037.97,0,0.0,1.0,3,1,25.61,29.58,35.63,MEDIUM,SHARED_MERCHANT|DENSE_USER_MERCHANT_NETWORK
1147,3,1,3,3,50732.06,0,0.0,1.0,3,1,25.64,29.48,35.63,MEDIUM,SHARED_MERCHANT|DENSE_USER_MERCHANT_NETWORK
1454,3,1,3,3,16314.87,0,0.0,1.0,3,1,25.62,36.87,35.63,MEDIUM,SHARED_MERCHANT|DENSE_USER_MERCHANT_NETWORK
623,3,1,3,3,55858.62,0,0.0,1.0,3,1,25.61,28.75,35.63,MEDIUM,SHARED_MERCHANT|DENSE_USER_MERCHANT_NETWORK
2792,3,1,3,3,23015.08,0,0.0,1.0,3,1,25.58,33.82,35.62,MEDIUM,SHARED_MERCHANT|DENSE_USER_MERCHANT_NETWORK
1849,3,1,3,3,17249.61,0,0.0,1.0,3,1,25.59,34.22,35.62,MEDIUM,SHARED_MERCHANT|DENSE_USER_MERCHANT_NETWORK
3229,3,1,3,3,20965.1,0,0.0,1.0,3,1,25.57,35.03,35.62,MEDIUM,SHARED_MERCHANT|DENSE_USER_MERCHANT_NETWORK
411,3,1,3,3,19706.26,0,0.0,1.0,3,1,25.57,39.13,35.62,MEDIUM,SHARED_MERCHANT|DENSE_USER_MERCHANT_NETWORK
522,3,1,3,3,19754.65,0,0.0,1.0,3,1,25.56,35.19,35.62,MEDIUM,SHARED_MERCHANT|DENSE_USER_MERCHANT_NETWORK
2957,3,1,3,3,50382.33,0,0.0,1.0,3,1,25.59,27.59,35.62,MEDIUM,SHARED_MERCHANT|DENSE_USER_MERCHANT_NETWORK
707,3,1,3,3,12065.91,0,0.0,1.0,3,1,25.51,39.94,35.61,MEDIUM,SHARED_MERCHANT|DENSE_USER_MERCHANT_NETWORK
3681,3,1,3,3,46967.24,0,0.0,1.0,3,1,25.55,29.69,35.61,MEDIUM,SHARED_MERCHANT|DENSE_USER_MERCHANT_NETWORK
2512,3,1,3,3,49754.89,0,0.0,1.0,3,1,25.48,27.52,35.6,MEDIUM,SHARED_MERCHANT|DENSE_USER_MERCHANT_NETWORK
3965,3,1,3,3,49478.51,0,0.0,1.0,3,1,25.42,26.43,35.59,MEDIUM,SHARED_MERCHANT|DENSE_USER_MERCHANT_NETWORK
1336,3,1,3,3,33186.68,0,0.0,1.0,3,1,25.44,31.39,35.59,MEDIUM,SHARED_MERCHANT|DENSE_USER_MERCHANT_NETWORK
3937,3,1,3,3,51488.78,0,0.0,1.0,3,1,25.42,30.98,35.59,MEDIUM,SHARED_MERCHANT|DENSE_USER_MERCHANT_NETWORK
4059,3,1,3,3,15372.47,0,0.0,1.0,3,1,25.39,38.37,35.58,MEDIUM,SHARED_MERCHANT|DENSE_USER_MERCHANT_NETWORK
5144,3,1,3,3,49302.63,0,0.0,1.0,3,1,25.37,29.74,35.58,MEDIUM,SHARED_MERCHANT|DENSE_USER_MERCHANT_NETWORK
229,3,1,3,3,45417.15,0,0.0,1.0,3,1,25.31,27.71,35.57,MEDIUM,SHARED_MERCHANT|DENSE_USER_MERCHANT_NETWORK
624,3,1,3,3,20500.23,0,0.0,1.0,3,1,25.33,45.99,35.57,MEDIUM,SHARED_MERCHANT|DENSE_USER_MERCHANT_NETWORK
540,3,1,3,3,54277.78,0,0.0,1.0,3,1,25.29,28.52,35.56,MEDIUM,SHARED_MERCHANT|DENSE_USER_MERCHANT_NETWORK
3379,9,3,11,11,105092.46,0,0.0,0.4074,7,3,22.63,35.05,35.56,MEDIUM,SHARED_MERCHANT|MULTIPLE_SHARED_MERCHANTS|DENSE_USER_MERCHANT_NETWORK|LARGE_CONNECTED_CLUSTER
3576,3,1,3,3,43337.27,0,0.0,1.0,3,1,25.25,28.97,35.55,MEDIUM,SHARED_MERCHANT|DENSE_USER_MERCHANT_NETWORK
3443,3,1,3,3,48407.31,0,0.0,1.0,3,1,25.24,27.34,35.55,MEDIUM,SHARED_MERCHANT|DENSE_USER_MERCHANT_NETWORK
662,3,1,3,3,41275.96,0,0.0,1.0,3,1,25.24,26.85,35.55,MEDIUM,SHARED_MERCHANT|DENSE_USER_MERCHANT_NETWORK
1312,3,1,3,3,45517.78,0,0.0,1.0,3,1,25.22,29.42,35.55,MEDIUM,SHARED_MERCHANT|DENSE_USER_MERCHANT_NETWORK
2411,3,1,3,3,15797.04,0,0.0,1.0,3,1,25.18,37.6,35.54,MEDIUM,SHARED_MERCHANT|DENSE_USER_MERCHANT_NETWORK
263,3,1,3,3,57315.77,0,0.0,1.0,3,1,25.08,25.37,35.52,MEDIUM,SHARED_MERCHANT|DENSE_USER_MERCHANT_NETWORK
2928,3,1,3,3,11547.38,0,0.0,1.0,3,1,25.07,33.61,35.52,MEDIUM,SHARED_MERCHANT|DENSE_USER_MERCHANT_NETWORK
2458,3,1,3,3,18802.78,0,0.0,1.0,3,1,25.08,31.29,35.52,MEDIUM,SHARED_MERCHANT|DENSE_USER_MERCHANT_NETWORK
1337,3,1,3,3,47710.52,0,0.0,1.0,3,1,25.06,28.33,35.52,MEDIUM,SHARED_MERCHANT|DENSE_USER_MERCHANT_NETWORK
838,11,5,15,15,180531.02,1,0.0667,0.2727,4,5,28.56,50.28,35.51,MEDIUM,SHARED_MERCHANT|MULTIPLE_SHARED_MERCHANTS|LARGE_CONNECTED_CLUSTER
3510,3,1,3,3,47491.95,0,0.0,1.0,3,1,25.01,29.18,35.51,MEDIUM,SHARED_MERCHANT|DENSE_USER_MERCHANT_NETWORK
2000,3,1,3,3,43568.52,0,0.0,1.0,3,1,25.01,29.13,35.51,MEDIUM,SHARED_MERCHANT|DENSE_USER_MERCHANT_NETWORK
602,3,1,3,3,47194.73,0,0.0,1.0,3,1,24.96,25.9,35.5,MEDIUM,SHARED_MERCHANT|DENSE_USER_MERCHANT_NETWORK
3054,3,1,3,3,42225.63,0,0.0,1.0,3,1,24.98,26.36,35.5,MEDIUM,SHARED_MERCHANT|DENSE_USER_MERCHANT_NETWORK
4834,3,1,3,3,44945.91,0,0.0,1.0,3,1,24.93,30.76,35.49,MEDIUM,SHARED_MERCHANT|DENSE_USER_MERCHANT_NETWORK
4649,3,1,3,3,49138.6,0,0.0,1.0,3,1,24.92,29.43,35.49,MEDIUM,SHARED_MERCHANT|DENSE_USER_MERCHANT_NETWORK
1211,3,1,3,3,46791.89,0,0.0,1.0,3,1,24.88,26.09,35.48,MEDIUM,SHARED_MERCHANT|DENSE_USER_MERCHANT_NETWORK
4791,3,1,3,3,51738.19,0,0.0,1.0,3,1,24.81,26.69,35.47,MEDIUM,SHARED_MERCHANT|DENSE_USER_MERCHANT_NETWORK
1227,3,1,3,3,37378.47,0,0.0,1.0,3,1,24.85,28.43,35.47,MEDIUM,SHARED_MERCHANT|DENSE_USER_MERCHANT_NETWORK
4064,3,1,3,3,48610.61,0,0.0,1.0,3,1,24.82,28.64,35.47,MEDIUM,SHARED_MERCHANT|DENSE_USER_MERCHANT_NETWORK
1811,3,1,3,3,41585.41,0,0.0,1.0,3,1,24.83,27.55,35.47,MEDIUM,SHARED_MERCHANT|DENSE_USER_MERCHANT_NETWORK
2878,3,1,3,3,48354.88,0,0.0,1.0,3,1,24.76,30.13,35.46,MEDIUM,SHARED_MERCHANT|DENSE_USER_MERCHANT_NETWORK
2803,3,1,3,3,52574.71,0,0.0,1.0,3,1,24.78,28.26,35.46,MEDIUM,SHARED_MERCHANT|DENSE_USER_MERCHANT_NETWORK
4354,3,1,3,3,19652.69,0,0.0,1.0,3,1,24.73,39.05,35.45,MEDIUM,SHARED_MERCHANT|DENSE_USER_MERCHANT_NETWORK
758,3,1,3,3,43501.88,0,0.0,1.0,3,1,24.66,27.65,35.44,MEDIUM,SHARED_MERCHANT|DENSE_USER_MERCHANT_NETWORK
264,21,8,28,28,323535.13,1,0.0357,0.1667,6,8,26.74,46.73,35.44,MEDIUM,SHARED_MERCHANT|MULTIPLE_SHARED_MERCHANTS|LARGE_CONNECTED_CLUSTER
2078,3,1,3,3,47831.14,0,0.0,1.0,3,1,24.68,29.66,35.44,MEDIUM,SHARED_MERCHANT|DENSE_USER_MERCHANT_NETWORK
4722,3,1,3,3,40410.35,0,0.0,1.0,3,1,24.67,27.34,35.44,MEDIUM,SHARED_MERCHANT|DENSE_USER_MERCHANT_NETWORK
3586,3,1,3,3,56257.81,0,0.0,1.0,3,1,24.64,26.14,35.43,MEDIUM,SHARED_MERCHANT|DENSE_USER_MERCHANT_NETWORK
161,3,1,3,3,42523.76,0,0.0,1.0,3,1,24.62,28.74,35.43,MEDIUM,SHARED_MERCHANT|DENSE_USER_MERCHANT_NETWORK
4485,3,1,3,3,46556.12,0,0.0,1.0,3,1,24.63,27.99,35.43,MEDIUM,SHARED_MERCHANT|DENSE_USER_MERCHANT_NETWORK
4117,3,1,3,3,16259.65,0,0.0,1.0,3,1,24.57,35.98,35.42,MEDIUM,SHARED_MERCHANT|DENSE_USER_MERCHANT_NETWORK
3975,3,1,3,3,47946.97,0,0.0,1.0,3,1,24.52,28.52,35.41,MEDIUM,SHARED_MERCHANT|DENSE_USER_MERCHANT_NETWORK
2497,5,2,6,6,103776.08,0,0.0,0.6,5,1,33.48,41.23,35.41,MEDIUM,SHARED_MERCHANT|DENSE_USER_MERCHANT_NETWORK|LARGE_CONNECTED_CLUSTER
1496,3,1,3,3,45995.04,0,0.0,1.0,3,1,24.51,28.27,35.41,MEDIUM,SHARED_MERCHANT|DENSE_USER_MERCHANT_NETWORK
1159,3,1,3,3,44960.83,0,0.0,1.0,3,1,24.5,26.23,35.4,MEDIUM,SHARED_MERCHANT|DENSE_USER_MERCHANT_NETWORK
3486,6,2,7,7,72262.41,0,0.0,0.5833,6,1,21.12,31.01,35.4,MEDIUM,SHARED_MERCHANT|DENSE_USER_MERCHANT_NETWORK|LARGE_CONNECTED_CLUSTER
988,3,1,3,3,20313.37,0,0.0,1.0,3,1,24.5,31.89,35.4,MEDIUM,SHARED_MERCHANT|DENSE_USER_MERCHANT_NETWORK
1860,3,1,3,3,44522.93,0,0.0,1.0,3,1,24.42,29.46,35.39,MEDIUM,SHARED_MERCHANT|DENSE_USER_MERCHANT_NETWORK
1130,3,1,3,3,53948.34,0,0.0,1.0,3,1,24.42,25.93,35.39,MEDIUM,SHARED_MERCHANT|DENSE_USER_MERCHANT_NETWORK
1722,3,1,3,3,44548.99,0,0.0,1.0,3,1,24.43,30.16,35.39,MEDIUM,SHARED_MERCHANT|DENSE_USER_MERCHANT_NETWORK
2880,3,1,3,3,41099.8,0,0.0,1.0,3,1,24.4,28.2,35.38,MEDIUM,SHARED_MERCHANT|DENSE_USER_MERCHANT_NETWORK
1873,3,1,3,3,49303.7,0,0.0,1.0,3,1,24.34,27.92,35.37,MEDIUM,SHARED_MERCHANT|DENSE_USER_MERCHANT_NETWORK
2324,3,1,3,3,43261.68,0,0.0,1.0,3,1,24.35,27.67,35.37,MEDIUM,SHARED_MERCHANT|DENSE_USER_MERCHANT_NETWORK
247,3,1,3,3,48229.8,0,0.0,1.0,3,1,24.33,26.95,35.37,MEDIUM,SHARED_MERCHANT|DENSE_USER_MERCHANT_NETWORK
2186,3,1,3,3,45139.6,0,0.0,1.0,3,1,24.33,27.49,35.37,MEDIUM,SHARED_MERCHANT|DENSE_USER_MERCHANT_NETWORK
2626,3,1,3,3,40792.3,0,0.0,1.0,3,1,24.35,28.55,35.37,MEDIUM,SHARED_MERCHANT|DENSE_USER_MERCHANT_NETWORK
4495,3,1,3,3,47101.51,0,0.0,1.0,3,1,24.28,28.79,35.36,MEDIUM,SHARED_MERCHANT|DENSE_USER_MERCHANT_NETWORK
740,3,1,3,3,38710.71,0,0.0,1.0,3,1,24.28,29.07,35.36,MEDIUM,SHARED_MERCHANT|DENSE_USER_MERCHANT_NETWORK
1669,3,1,3,3,44508.92,0,0.0,1.0,3,1,24.27,26.41,35.36,MEDIUM,SHARED_MERCHANT|DENSE_USER_MERCHANT_NETWORK
3037,3,1,3,3,45631.08,0,0.0,1.0,3,1,24.23,27.51,35.35,MEDIUM,SHARED_MERCHANT|DENSE_USER_MERCHANT_NETWORK
4487,3,1,3,3,33090.21,0,0.0,1.0,3,1,24.23,29.06,35.35,MEDIUM,SHARED_MERCHANT|DENSE_USER_MERCHANT_NETWORK
2779,3,1,3,3,43542.75,0,0.0,1.0,3,1,24.22,28.42,35.35,MEDIUM,SHARED_MERCHANT|DENSE_USER_MERCHANT_NETWORK
1520,3,1,3,3,33886.99,0,0.0,1.0,3,1,24.17,27.69,35.34,MEDIUM,SHARED_MERCHANT|DENSE_USER_MERCHANT_NETWORK
3644,3,1,3,3,48368.15,0,0.0,1.0,3,1,24.16,29.31,35.34,MEDIUM,SHARED_MERCHANT|DENSE_USER_MERCHANT_NETWORK
276,3,1,3,3,42918.81,0,0.0,1.0,3,1,24.13,29.04,35.33,MEDIUM,SHARED_MERCHANT|DENSE_USER_MERCHANT_NETWORK
3530,3,1,3,3,45076.65,0,0.0,1.0,3,1,24.1,25.78,35.32,MEDIUM,SHARED_MERCHANT|DENSE_USER_MERCHANT_NETWORK
3318,3,1,3,3,45056.39,0,0.0,1.0,3,1,24.06,29.07,35.32,MEDIUM,SHARED_MERCHANT|DENSE_USER_MERCHANT_NETWORK
2416,3,1,3,3,47865.91,0,0.0,1.0,3,1,24.05,26.88,35.31,MEDIUM,SHARED_MERCHANT|DENSE_USER_MERCHANT_NETWORK
2590,3,1,3,3,42783.92,0,0.0,1.0,3,1,24.03,28.43,35.31,MEDIUM,SHARED_MERCHANT|DENSE_USER_MERCHANT_NETWORK
2159,3,1,3,3,46806.12,0,0.0,1.0,3,1,24.04,29.24,35.31,MEDIUM,SHARED_MERCHANT|DENSE_USER_MERCHANT_NETWORK
233,3,1,3,3,34347.98,0,0.0,1.0,3,1,24.05,28.05,35.31,MEDIUM,SHARED_MERCHANT|DENSE_USER_MERCHANT_NETWORK
625,3,1,3,3,38329.32,0,0.0,1.0,3,1,23.97,25.27,35.3,MEDIUM,SHARED_MERCHANT|DENSE_USER_MERCHANT_NETWORK
803,3,1,3,3,37410.09,0,0.0,1.0,3,1,23.99,27.01,35.3,MEDIUM,SHARED_MERCHANT|DENSE_USER_MERCHANT_NETWORK
2806,6,2,7,7,47200.61,0,0.0,0.5833,6,1,20.57,27.64,35.29,MEDIUM,SHARED_MERCHANT|DENSE_USER_MERCHANT_NETWORK|LARGE_CONNECTED_CLUSTER
2680,3,1,3,3,42155.36,0,0.0,1.0,3,1,23.95,27.89,35.29,MEDIUM,SHARED_MERCHANT|DENSE_USER_MERCHANT_NETWORK
898,3,1,3,3,36886.91,0,0.0,1.0,3,1,23.94,24.57,35.29,MEDIUM,SHARED_MERCHANT|DENSE_USER_MERCHANT_NETWORK
2059,3,1,3,3,10195.77,0,0.0,1.0,3,1,23.89,38.53,35.28,MEDIUM,SHARED_MERCHANT|DENSE_USER_MERCHANT_NETWORK
4645,3,1,3,3,10905.63,0,0.0,1.0,3,1,23.86,33.54,35.28,MEDIUM,SHARED_MERCHANT|DENSE_USER_MERCHANT_NETWORK
3468,3,1,3,3,43774.95,0,0.0,1.0,3,1,23.86,28.89,35.28,MEDIUM,SHARED_MERCHANT|DENSE_USER_MERCHANT_NETWORK
766,3,1,3,3,14042.75,0,0.0,1.0,3,1,23.84,34.93,35.27,MEDIUM,SHARED_MERCHANT|DENSE_USER_MERCHANT_NETWORK
3085,3,1,3,3,42612.93,0,0.0,1.0,3,1,23.81,25.45,35.27,MEDIUM,SHARED_MERCHANT|DENSE_USER_MERCHANT_NETWORK
4738,3,1,3,3,46818.11,0,0.0,1.0,3,1,23.84,28.73,35.27,MEDIUM,SHARED_MERCHANT|DENSE_USER_MERCHANT_NETWORK
1568,3,1,3,3,43567.1,0,0.0,1.0,3,1,23.81,28.96,35.27,MEDIUM,SHARED_MERCHANT|DENSE_USER_MERCHANT_NETWORK
2307,3,1,3,3,38542.16,0,0.0,1.0,3,1,23.76,26.06,35.26,MEDIUM,SHARED_MERCHANT|DENSE_USER_MERCHANT_NETWORK
3905,3,1,3,3,42302.49,0,0.0,1.0,3,1,23.77,29.35,35.26,MEDIUM,SHARED_MERCHANT|DENSE_USER_MERCHANT_NETWORK
2457,3,1,3,3,46588.6,0,0.0,1.0,3,1,23.79,30.22,35.26,MEDIUM,SHARED_MERCHANT|DENSE_USER_MERCHANT_NETWORK
639,3,1,3,3,45154.4,0,0.0,1.0,3,1,23.76,30.21,35.26,MEDIUM,SHARED_MERCHANT|DENSE_USER_MERCHANT_NETWORK
2102,3,1,3,3,35984.03,0,0.0,1.0,3,1,23.72,28.1,35.25,MEDIUM,SHARED_MERCHANT|DENSE_USER_MERCHANT_NETWORK
1331,3,1,3,3,29603.22,0,0.0,1.0,3,1,23.73,27.74,35.25,MEDIUM,SHARED_MERCHANT|DENSE_USER_MERCHANT_NETWORK
4068,3,1,3,3,51462.76,0,0.0,1.0,3,1,23.71,27.73,35.25,MEDIUM,SHARED_MERCHANT|DENSE_USER_MERCHANT_NETWORK
3221,3,1,3,3,41373.68,0,0.0,1.0,3,1,23.72,30.18,35.25,MEDIUM,SHARED_MERCHANT|DENSE_USER_MERCHANT_NETWORK
4319,3,1,3,3,40929.7,0,0.0,1.0,3,1,23.71,26.5,35.25,MEDIUM,SHARED_MERCHANT|DENSE_USER_MERCHANT_NETWORK
465,3,1,3,3,46171.55,0,0.0,1.0,3,1,23.7,29.81,35.24,MEDIUM,SHARED_MERCHANT|DENSE_USER_MERCHANT_NETWORK
1931,3,1,3,3,16463.52,0,0.0,1.0,3,1,23.7,30.81,35.24,MEDIUM,SHARED_MERCHANT|DENSE_USER_MERCHANT_NETWORK
5330,3,1,3,3,35899.5,0,0.0,1.0,3,1,23.69,30.74,35.24,MEDIUM,SHARED_MERCHANT|DENSE_USER_MERCHANT_NETWORK
3065,3,1,3,3,36434.77,0,0.0,1.0,3,1,23.65,27.03,35.23,MEDIUM,SHARED_MERCHANT|DENSE_USER_MERCHANT_NETWORK
1910,3,1,3,3,29354.74,0,0.0,1.0,3,1,23.65,26.83,35.23,MEDIUM,SHARED_MERCHANT|DENSE_USER_MERCHANT_NETWORK
3811,3,1,3,3,45787.36,0,0.0,1.0,3,1,23.64,26.29,35.23,MEDIUM,SHARED_MERCHANT|DENSE_USER_MERCHANT_NETWORK
3819,3,1,3,3,42703.09,0,0.0,1.0,3,1,23.63,28.77,35.23,MEDIUM,SHARED_MERCHANT|DENSE_USER_MERCHANT_NETWORK
3362,3,1,3,3,40335.3,0,0.0,1.0,3,1,23.58,24.97,35.22,MEDIUM,SHARED_MERCHANT|DENSE_USER_MERCHANT_NETWORK
4236,3,1,3,3,40309.45,0,0.0,1.0,3,1,23.56,27.36,35.22,MEDIUM,SHARED_MERCHANT|DENSE_USER_MERCHANT_NETWORK
1420,3,1,3,3,40259.35,0,0.0,1.0,3,1,23.58,26.83,35.22,MEDIUM,SHARED_MERCHANT|DENSE_USER_MERCHANT_NETWORK
3126,3,1,3,3,33103.4,0,0.0,1.0,3,1,23.6,24.06,35.22,MEDIUM,SHARED_MERCHANT|DENSE_USER_MERCHANT_NETWORK
2551,3,1,3,3,45328.83,0,0.0,1.0,3,1,23.54,29.34,35.21,MEDIUM,SHARED_MERCHANT|DENSE_USER_MERCHANT_NETWORK
3026,9,6,14,14,188358.35,1,0.0714,0.2593,4,6,26.14,61.49,35.21,MEDIUM,SHARED_MERCHANT|MULTIPLE_SHARED_MERCHANTS|LARGE_CONNECTED_CLUSTER
3079,3,1,3,3,40087.87,0,0.0,1.0,3,1,23.51,27.9,35.21,MEDIUM,SHARED_MERCHANT|DENSE_USER_MERCHANT_NETWORK
2943,3,1,3,3,39942.77,0,0.0,1.0,3,1,23.5,26.51,35.2,MEDIUM,SHARED_MERCHANT|DENSE_USER_MERCHANT_NETWORK
4584,3,1,3,3,39905.61,0,0.0,1.0,3,1,23.49,28.24,35.2,MEDIUM,SHARED_MERCHANT|DENSE_USER_MERCHANT_NETWORK
239,3,1,3,3,42616.48,0,0.0,1.0,3,1,23.46,28.09,35.2,MEDIUM,SHARED_MERCHANT|DENSE_USER_MERCHANT_NETWORK
2331,3,1,3,3,43890.35,0,0.0,1.0,3,1,23.46,27.44,35.2,MEDIUM,SHARED_MERCHANT|DENSE_USER_MERCHANT_NETWORK
269,3,1,3,3,43657.79,0,0.0,1.0,3,1,23.43,26.71,35.19,MEDIUM,SHARED_MERCHANT|DENSE_USER_MERCHANT_NETWORK
1985,3,1,3,3,40521.93,0,0.0,1.0,3,1,23.41,28.54,35.19,MEDIUM,SHARED_MERCHANT|DENSE_USER_MERCHANT_NETWORK
3827,3,1,3,3,44768.73,0,0.0,1.0,3,1,23.43,30.15,35.19,MEDIUM,SHARED_MERCHANT|DENSE_USER_MERCHANT_NETWORK
3131,3,1,3,3,39616.4,0,0.0,1.0,3,1,23.44,28.01,35.19,MEDIUM,SHARED_MERCHANT|DENSE_USER_MERCHANT_NETWORK
4779,3,1,3,3,44658.32,0,0.0,1.0,3,1,23.43,28.68,35.19,MEDIUM,SHARED_MERCHANT|DENSE_USER_MERCHANT_NETWORK
4218,3,1,3,3,9441.2,0,0.0,1.0,3,1,23.42,38.77,35.19,MEDIUM,SHARED_MERCHANT|DENSE_USER_MERCHANT_NETWORK
2893,3,1,3,3,39483.64,0,0.0,1.0,3,1,23.4,25.17,35.18,MEDIUM,SHARED_MERCHANT|DENSE_USER_MERCHANT_NETWORK
2215,3,1,3,3,40379.53,0,0.0,1.0,3,1,23.39,27.7,35.18,MEDIUM,SHARED_MERCHANT|DENSE_USER_MERCHANT_NETWORK
8,20,10,29,29,322907.85,1,0.0345,0.145,6,8,27.98,49.71,35.18,MEDIUM,SHARED_MERCHANT|MULTIPLE_SHARED_MERCHANTS|LARGE_CONNECTED_CLUSTER
3910,3,1,3,3,39287.79,0,0.0,1.0,3,1,23.37,27.85,35.18,MEDIUM,SHARED_MERCHANT|DENSE_USER_MERCHANT_NETWORK
4166,3,1,3,3,29572.02,0,0.0,1.0,3,1,23.36,28.07,35.18,MEDIUM,SHARED_MERCHANT|DENSE_USER_MERCHANT_NETWORK
701,3,1,3,3,36164.63,0,0.0,1.0,3,1,23.32,28.22,35.17,MEDIUM,SHARED_MERCHANT|DENSE_USER_MERCHANT_NETWORK
3828,3,1,3,3,41203.68,0,0.0,1.0,3,1,23.33,24.41,35.17,MEDIUM,SHARED_MERCHANT|DENSE_USER_MERCHANT_NETWORK
152,3,1,3,3,49438.28,0,0.0,1.0,3,1,23.33,24.28,35.17,MEDIUM,SHARED_MERCHANT|DENSE_USER_MERCHANT_NETWORK
3686,3,1,3,3,29706.76,0,0.0,1.0,3,1,23.35,28.62,35.17,MEDIUM,SHARED_MERCHANT|DENSE_USER_MERCHANT_NETWORK
4858,3,1,3,3,36507.96,0,0.0,1.0,3,1,23.26,28.63,35.16,MEDIUM,SHARED_MERCHANT|DENSE_USER_MERCHANT_NETWORK
4853,3,1,3,3,29369.25,0,0.0,1.0,3,1,23.28,25.15,35.16,MEDIUM,SHARED_MERCHANT|DENSE_USER_MERCHANT_NETWORK
2131,3,1,3,3,38908.05,0,0.0,1.0,3,1,23.27,28.58,35.16,MEDIUM,SHARED_MERCHANT|DENSE_USER_MERCHANT_NETWORK
1059,3,1,3,3,43896.85,0,0.0,1.0,3,1,23.26,27.7,35.16,MEDIUM,SHARED_MERCHANT|DENSE_USER_MERCHANT_NETWORK
1476,3,1,3,3,30795.35,0,0.0,1.0,3,1,23.3,29.32,35.16,MEDIUM,SHARED_MERCHANT|DENSE_USER_MERCHANT_NETWORK
913,3,1,3,3,32161.79,0,0.0,1.0,3,1,23.26,28.09,35.16,MEDIUM,SHARED_MERCHANT|DENSE_USER_MERCHANT_NETWORK
2358,3,1,3,3,38905.66,0,0.0,1.0,3,1,23.28,29.92,35.16,MEDIUM,SHARED_MERCHANT|DENSE_USER_MERCHANT_NETWORK
5012,3,1,3,3,43032.53,0,0.0,1.0,3,1,23.28,29.12,35.16,MEDIUM,SHARED_MERCHANT|DENSE_USER_MERCHANT_NETWORK
4369,3,1,3,3,33861.31,0,0.0,1.0,3,1,23.23,31.81,35.15,MEDIUM,SHARED_MERCHANT|DENSE_USER_MERCHANT_NETWORK
2872,3,1,3,3,40889.91,0,0.0,1.0,3,1,23.23,27.1,35.15,MEDIUM,SHARED_MERCHANT|DENSE_USER_MERCHANT_NETWORK
437,3,1,3,3,42949.33,0,0.0,1.0,3,1,23.2,27.44,35.14,MEDIUM,SHARED_MERCHANT|DENSE_USER_MERCHANT_NETWORK
4461,3,1,3,3,36186.67,0,0.0,1.0,3,1,23.18,29.02,35.14,MEDIUM,SHARED_MERCHANT|DENSE_USER_MERCHANT_NETWORK
3847,3,1,3,3,6576.61,0,0.0,1.0,3,1,23.12,37.23,35.13,MEDIUM,SHARED_MERCHANT|DENSE_USER_MERCHANT_NETWORK
1927,3,1,3,3,38029.02,0,0.0,1.0,3,1,23.12,29.63,35.13,MEDIUM,SHARED_MERCHANT|DENSE_USER_MERCHANT_NETWORK
191,3,1,3,3,36191.94,0,0.0,1.0,3,1,23.14,25.26,35.13,MEDIUM,SHARED_MERCHANT|DENSE_USER_MERCHANT_NETWORK
1970,3,1,3,3,39073.68,0,0.0,1.0,3,1,23.13,26.14,35.13,MEDIUM,SHARED_MERCHANT|DENSE_USER_MERCHANT_NETWORK
4694,3,1,3,3,35706.61,0,0.0,1.0,3,1,23.08,30.16,35.12,MEDIUM,SHARED_MERCHANT|DENSE_USER_MERCHANT_NETWORK
4439,3,1,3,3,4072.67,0,0.0,1.0,3,1,23.07,35.17,35.12,MEDIUM,SHARED_MERCHANT|DENSE_USER_MERCHANT_NETWORK
518,3,1,3,3,39992.83,0,0.0,1.0,3,1,23.1,27.8,35.12,MEDIUM,SHARED_MERCHANT|DENSE_USER_MERCHANT_NETWORK
140,3,1,3,3,41403.16,0,0.0,1.0,3,1,23.04,25.66,35.11,MEDIUM,SHARED_MERCHANT|DENSE_USER_MERCHANT_NETWORK
708,3,1,3,3,34441.56,0,0.0,1.0,3,1,23.01,29.14,35.11,MEDIUM,SHARED_MERCHANT|DENSE_USER_MERCHANT_NETWORK
1015,3,1,3,3,37622.62,0,0.0,1.0,3,1,23.03,25.84,35.11,MEDIUM,SHARED_MERCHANT|DENSE_USER_MERCHANT_NETWORK
3370,3,1,3,3,39850.72,0,0.0,1.0,3,1,23.04,30.11,35.11,MEDIUM,SHARED_MERCHANT|DENSE_USER_MERCHANT_NETWORK
4626,3,1,3,3,29429.11,0,0.0,1.0,3,1,22.97,32.84,35.1,MEDIUM,SHARED_MERCHANT|DENSE_USER_MERCHANT_NETWORK
554,3,1,3,3,40194.21,0,0.0,1.0,3,1,22.95,26.64,35.09,MEDIUM,SHARED_MERCHANT|DENSE_USER_MERCHANT_NETWORK
2132,3,1,3,3,47604.64,0,0.0,1.0,3,1,22.94,26.22,35.09,MEDIUM,SHARED_MERCHANT|DENSE_USER_MERCHANT_NETWORK
350,3,1,3,3,31548.46,0,0.0,1.0,3,1,22.94,30.51,35.09,MEDIUM,SHARED_MERCHANT|DENSE_USER_MERCHANT_NETWORK
1104,3,1,3,3,36869.88,0,0.0,1.0,3,1,22.88,27.86,35.08,MEDIUM,SHARED_MERCHANT|DENSE_USER_MERCHANT_NETWORK
495,3,1,3,3,42066.48,0,0.0,1.0,3,1,22.86,27.3,35.08,MEDIUM,SHARED_MERCHANT|DENSE_USER_MERCHANT_NETWORK
2988,3,1,3,3,12569.46,0,0.0,1.0,3,1,22.84,29.6,35.07,MEDIUM,SHARED_MERCHANT|DENSE_USER_MERCHANT_NETWORK
2906,3,1,3,3,38565.97,0,0.0,1.0,3,1,22.81,30.0,35.07,MEDIUM,SHARED_MERCHANT|DENSE_USER_MERCHANT_NETWORK
1066,3,1,3,3,37902.77,0,0.0,1.0,3,1,22.85,29.63,35.07,MEDIUM,SHARED_MERCHANT|DENSE_USER_MERCHANT_NETWORK
1389,3,1,3,3,37025.35,0,0.0,1.0,3,1,22.76,27.51,35.06,MEDIUM,SHARED_MERCHANT|DENSE_USER_MERCHANT_NETWORK
5362,3,1,3,3,32108.12,0,0.0,1.0,3,1,22.74,23.37,35.05,MEDIUM,SHARED_MERCHANT|DENSE_USER_MERCHANT_NETWORK
483,3,1,3,3,28848.1,0,0.0,1.0,3,1,22.73,30.32,35.05,MEDIUM,SHARED_MERCHANT|DENSE_USER_MERCHANT_NETWORK
385,3,1,3,3,36035.95,0,0.0,1.0,3,1,22.72,27.45,35.05,MEDIUM,SHARED_MERCHANT|DENSE_USER_MERCHANT_NETWORK
1728,3,1,3,3,46422.66,0,0.0,1.0,3,1,22.74,29.68,35.05,MEDIUM,SHARED_MERCHANT|DENSE_USER_MERCHANT_NETWORK
5147,3,1,3,3,46299.99,0,0.0,1.0,3,1,22.69,25.82,35.04,MEDIUM,SHARED_MERCHANT|DENSE_USER_MERCHANT_NETWORK
929,3,1,3,3,41023.39,0,0.0,1.0,3,1,22.67,28.61,35.04,MEDIUM,SHARED_MERCHANT|DENSE_USER_MERCHANT_NETWORK
3787,3,1,3,3,35994.73,0,0.0,1.0,3,1,22.69,27.36,35.04,MEDIUM,SHARED_MERCHANT|DENSE_USER_MERCHANT_NETWORK
1939,3,1,3,3,33084.53,0,0.0,1.0,3,1,22.64,28.69,35.03,MEDIUM,SHARED_MERCHANT|DENSE_USER_MERCHANT_NETWORK
1600,3,1,3,3,39666.21,0,0.0,1.0,3,1,22.61,26.53,35.03,MEDIUM,SHARED_MERCHANT|DENSE_USER_MERCHANT_NETWORK
4519,3,1,3,3,40761.58,0,0.0,1.0,3,1,22.63,27.41,35.03,MEDIUM,SHARED_MERCHANT|DENSE_USER_MERCHANT_NETWORK
4527,3,1,3,3,37368.55,0,0.0,1.0,3,1,22.58,27.56,35.02,MEDIUM,SHARED_MERCHANT|DENSE_USER_MERCHANT_NETWORK
1041,3,1,3,3,40250.24,0,0.0,1.0,3,1,22.57,26.6,35.02,MEDIUM,SHARED_MERCHANT|DENSE_USER_MERCHANT_NETWORK
593,3,1,3,3,28097.25,0,0.0,1.0,3,1,22.57,30.21,35.02,MEDIUM,SHARED_MERCHANT|DENSE_USER_MERCHANT_NETWORK
4723,3,1,3,3,27845.92,0,0.0,1.0,3,1,22.57,26.24,35.02,MEDIUM,SHARED_MERCHANT|DENSE_USER_MERCHANT_NETWORK
5663,3,1,3,3,35637.49,0,0.0,1.0,3,1,22.51,27.24,35.01,MEDIUM,SHARED_MERCHANT|DENSE_USER_MERCHANT_NETWORK
1842,3,1,3,3,37223.03,0,0.0,1.0,3,1,22.51,29.74,35.01,MEDIUM,SHARED_MERCHANT|DENSE_USER_MERCHANT_NETWORK
1324,3,1,3,3,40258.54,0,0.0,1.0,3,1,22.53,24.76,35.01,MEDIUM,SHARED_MERCHANT|DENSE_USER_MERCHANT_NETWORK
2171,3,1,3,3,36433.71,0,0.0,1.0,3,1,22.47,27.09,35.0,MEDIUM,SHARED_MERCHANT|DENSE_USER_MERCHANT_NETWORK
1723,3,1,3,3,26881.86,0,0.0,1.0,3,1,22.47,29.99,35.0,MEDIUM,SHARED_MERCHANT|DENSE_USER_MERCHANT_NETWORK
2438,3,1,3,3,31708.41,0,0.0,1.0,3,1,22.47,30.02,35.0,MEDIUM,SHARED_MERCHANT|DENSE_USER_MERCHANT_NETWORK
679,3,1,3,3,12213.31,0,0.0,1.0,3,1,22.49,36.34,35.0,MEDIUM,SHARED_MERCHANT|DENSE_USER_MERCHANT_NETWORK
1025,3,1,3,3,39893.46,0,0.0,1.0,3,1,22.44,25.18,34.99,MEDIUM,SHARED_MERCHANT|DENSE_USER_MERCHANT_NETWORK
831,3,1,3,3,30003.13,0,0.0,1.0,3,1,22.45,28.21,34.99,MEDIUM,SHARED_MERCHANT|DENSE_USER_MERCHANT_NETWORK
4556,3,1,3,3,43718.24,0,0.0,1.0,3,1,22.39,26.88,34.98,MEDIUM,SHARED_MERCHANT|DENSE_USER_MERCHANT_NETWORK
1132,6,2,7,7,115694.11,0,0.0,0.5833,5,2,31.53,48.02,34.98,MEDIUM,SHARED_MERCHANT|MULTIPLE_SHARED_MERCHANTS|DENSE_USER_MERCHANT_NETWORK|LARGE_CONNECTED_CLUSTER
3683,3,1,3,3,41596.0,0,0.0,1.0,3,1,22.4,23.86,34.98,MEDIUM,SHARED_MERCHANT|DENSE_USER_MERCHANT_NETWORK
3175,3,1,3,3,34432.14,0,0.0,1.0,3,1,22.36,26.26,34.98,MEDIUM,SHARED_MERCHANT|DENSE_USER_MERCHANT_NETWORK
1191,3,1,3,3,28662.29,0,0.0,1.0,3,1,22.36,25.35,34.98,MEDIUM,SHARED_MERCHANT|DENSE_USER_MERCHANT_NETWORK
1807,3,1,3,3,35233.63,0,0.0,1.0,3,1,22.34,32.05,34.97,MEDIUM,SHARED_MERCHANT|DENSE_USER_MERCHANT_NETWORK
1814,3,1,3,3,27962.79,0,0.0,1.0,3,1,22.34,24.95,34.97,MEDIUM,SHARED_MERCHANT|DENSE_USER_MERCHANT_NETWORK
941,3,1,3,3,39340.33,0,0.0,1.0,3,1,22.34,24.61,34.97,MEDIUM,SHARED_MERCHANT|DENSE_USER_MERCHANT_NETWORK
605,3,1,3,3,34182.46,0,0.0,1.0,3,1,22.33,28.41,34.97,MEDIUM,SHARED_MERCHANT|DENSE_USER_MERCHANT_NETWORK
3418,3,1,3,3,34459.8,0,0.0,1.0,3,1,22.31,31.32,34.97,MEDIUM,SHARED_MERCHANT|DENSE_USER_MERCHANT_NETWORK
4386,3,1,3,3,42186.84,0,0.0,1.0,3,1,22.29,27.42,34.96,MEDIUM,SHARED_MERCHANT|DENSE_USER_MERCHANT_NETWORK
2853,3,1,3,3,33935.65,0,0.0,1.0,3,1,22.29,26.9,34.96,MEDIUM,SHARED_MERCHANT|DENSE_USER_MERCHANT_NETWORK
576,16,6,21,21,262849.0,1,0.0476,0.2188,5,6,27.14,48.33,34.95,MEDIUM,SHARED_MERCHANT|MULTIPLE_SHARED_MERCHANTS|LARGE_CONNECTED_CLUSTER
5191,3,1,3,3,21676.21,0,0.0,1.0,3,1,22.24,27.42,34.95,MEDIUM,SHARED_MERCHANT|DENSE_USER_MERCHANT_NETWORK
2885,3,1,3,3,32632.79,0,0.0,1.0,3,1,22.19,24.65,34.94,MEDIUM,SHARED_MERCHANT|DENSE_USER_MERCHANT_NETWORK
3381,3,1,3,3,11408.23,0,0.0,1.0,3,1,22.19,31.42,34.94,MEDIUM,SHARED_MERCHANT|DENSE_USER_MERCHANT_NETWORK
333,3,1,3,3,35331.74,0,0.0,1.0,3,1,22.16,23.9,34.94,MEDIUM,SHARED_MERCHANT|DENSE_USER_MERCHANT_NETWORK
3090,3,1,3,3,34438.82,0,0.0,1.0,3,1,22.18,27.43,34.94,MEDIUM,SHARED_MERCHANT|DENSE_USER_MERCHANT_NETWORK
4534,3,1,3,3,33508.23,0,0.0,1.0,3,1,22.2,25.77,34.94,MEDIUM,SHARED_MERCHANT|DENSE_USER_MERCHANT_NETWORK
1053,3,1,3,3,34907.13,0,0.0,1.0,3,1,22.14,27.24,34.93,MEDIUM,SHARED_MERCHANT|DENSE_USER_MERCHANT_NETWORK
2028,3,1,3,3,25977.32,0,0.0,1.0,3,1,22.14,26.95,34.93,MEDIUM,SHARED_MERCHANT|DENSE_USER_MERCHANT_NETWORK
3329,3,1,3,3,29319.37,0,0.0,1.0,3,1,22.15,23.14,34.93,MEDIUM,SHARED_MERCHANT|DENSE_USER_MERCHANT_NETWORK
1237,3,1,3,3,39063.34,0,0.0,1.0,3,1,22.15,30.12,34.93,MEDIUM,SHARED_MERCHANT|DENSE_USER_MERCHANT_NETWORK
923,3,1,3,3,40186.33,0,0.0,1.0,3,1,22.09,29.8,34.92,MEDIUM,SHARED_MERCHANT|DENSE_USER_MERCHANT_NETWORK
3923,3,1,3,3,35011.07,0,0.0,1.0,3,1,22.07,25.92,34.92,MEDIUM,SHARED_MERCHANT|DENSE_USER_MERCHANT_NETWORK
1356,3,1,3,3,25780.82,0,0.0,1.0,3,1,22.04,28.61,34.91,MEDIUM,SHARED_MERCHANT|DENSE_USER_MERCHANT_NETWORK
3047,3,1,3,3,30407.78,0,0.0,1.0,3,1,22.01,27.67,34.91,MEDIUM,SHARED_MERCHANT|DENSE_USER_MERCHANT_NETWORK
2917,3,1,3,3,36675.06,0,0.0,1.0,3,1,22.01,27.79,34.91,MEDIUM,SHARED_MERCHANT|DENSE_USER_MERCHANT_NETWORK
848,3,1,3,3,32587.19,0,0.0,1.0,3,1,22.02,24.76,34.91,MEDIUM,SHARED_MERCHANT|DENSE_USER_MERCHANT_NETWORK
775,3,1,3,3,39778.78,0,0.0,1.0,3,1,22.02,28.89,34.91,MEDIUM,SHARED_MERCHANT|DENSE_USER_MERCHANT_NETWORK
1311,3,1,3,3,27560.38,0,0.0,1.0,3,1,22.01,25.0,34.91,MEDIUM,SHARED_MERCHANT|DENSE_USER_MERCHANT_NETWORK
4221,3,1,3,3,29588.82,0,0.0,1.0,3,1,22.05,28.09,34.91,MEDIUM,SHARED_MERCHANT|DENSE_USER_MERCHANT_NETWORK
3097,3,1,3,3,37892.68,0,0.0,1.0,3,1,22.05,24.92,34.91,MEDIUM,SHARED_MERCHANT|DENSE_USER_MERCHANT_NETWORK
2682,3,1,3,3,25142.41,0,0.0,1.0,3,1,21.96,25.29,34.9,MEDIUM,SHARED_MERCHANT|DENSE_USER_MERCHANT_NETWORK
4986,3,1,3,3,32428.76,0,0.0,1.0,3,1,21.97,24.97,34.9,MEDIUM,SHARED_MERCHANT|DENSE_USER_MERCHANT_NETWORK
1061,6,2,7,7,104580.97,0,0.0,0.5833,5,2,31.12,43.73,34.9,MEDIUM,SHARED_MERCHANT|MULTIPLE_SHARED_MERCHANTS|DENSE_USER_MERCHANT_NETWORK|LARGE_CONNECTED_CLUSTER
1556,3,1,3,3,39592.96,0,0.0,1.0,3,1,21.99,26.66,34.9,MEDIUM,SHARED_MERCHANT|DENSE_USER_MERCHANT_NETWORK
248,3,1,3,3,31755.71,0,0.0,1.0,3,1,21.86,26.09,34.88,MEDIUM,SHARED_MERCHANT|DENSE_USER_MERCHANT_NETWORK
3060,3,1,3,3,32039.31,0,0.0,1.0,3,1,21.9,24.71,34.88,MEDIUM,SHARED_MERCHANT|DENSE_USER_MERCHANT_NETWORK
449,3,1,3,3,32055.15,0,0.0,1.0,3,1,21.88,25.79,34.88,MEDIUM,SHARED_MERCHANT|DENSE_USER_MERCHANT_NETWORK
3858,3,1,3,3,38880.37,0,0.0,1.0,3,1,21.82,24.38,34.87,MEDIUM,SHARED_MERCHANT|DENSE_USER_MERCHANT_NETWORK
933,3,1,3,3,36860.56,0,0.0,1.0,3,1,21.83,25.02,34.87,MEDIUM,SHARED_MERCHANT|DENSE_USER_MERCHANT_NETWORK
3580,3,1,3,3,34634.6,0,0.0,1.0,3,1,21.82,25.42,34.87,MEDIUM,SHARED_MERCHANT|DENSE_USER_MERCHANT_NETWORK
3299,6,3,8,8,110442.76,0,0.0,0.4444,6,1,31.03,48.94,34.86,MEDIUM,SHARED_MERCHANT|DENSE_USER_MERCHANT_NETWORK|LARGE_CONNECTED_CLUSTER
2404,3,1,3,3,26445.72,0,0.0,1.0,3,1,21.78,31.17,34.86,MEDIUM,SHARED_MERCHANT|DENSE_USER_MERCHANT_NETWORK
585,3,1,3,3,19934.78,0,0.0,1.0,3,1,21.78,26.18,34.86,MEDIUM,SHARED_MERCHANT|DENSE_USER_MERCHANT_NETWORK
1779,3,1,3,3,21928.72,0,0.0,1.0,3,1,21.78,29.1,34.86,MEDIUM,SHARED_MERCHANT|DENSE_USER_MERCHANT_NETWORK
3516,3,1,3,3,31558.69,0,0.0,1.0,3,1,21.79,24.64,34.86,MEDIUM,SHARED_MERCHANT|DENSE_USER_MERCHANT_NETWORK
4465,3,1,3,3,24832.07,0,0.0,1.0,3,1,21.79,26.53,34.86,MEDIUM,SHARED_MERCHANT|DENSE_USER_MERCHANT_NETWORK
2495,3,1,3,3,23870.33,0,0.0,1.0,3,1,21.69,23.53,34.84,MEDIUM,SHARED_MERCHANT|DENSE_USER_MERCHANT_NETWORK
574,3,1,3,3,31109.07,0,0.0,1.0,3,1,21.7,25.62,34.84,MEDIUM,SHARED_MERCHANT|DENSE_USER_MERCHANT_NETWORK
1370,3,1,3,3,40942.72,0,0.0,1.0,3,1,21.61,26.48,34.83,MEDIUM,SHARED_MERCHANT|DENSE_USER_MERCHANT_NETWORK
2452,3,1,3,3,32153.34,0,0.0,1.0,3,1,21.61,28.04,34.83,MEDIUM,SHARED_MERCHANT|DENSE_USER_MERCHANT_NETWORK
3498,3,1,3,3,23290.99,0,0.0,1.0,3,1,21.57,23.91,34.82,MEDIUM,SHARED_MERCHANT|DENSE_USER_MERCHANT_NETWORK
4113,3,1,3,3,29573.05,0,0.0,1.0,3,1,21.57,26.07,34.82,MEDIUM,SHARED_MERCHANT|DENSE_USER_MERCHANT_NETWORK
3622,3,1,3,3,31806.9,0,0.0,1.0,3,1,21.59,27.95,34.82,MEDIUM,SHARED_MERCHANT|DENSE_USER_MERCHANT_NETWORK
2145,3,1,3,3,27875.72,0,0.0,1.0,3,1,21.56,24.58,34.82,MEDIUM,SHARED_MERCHANT|DENSE_USER_MERCHANT_NETWORK
1288,3,1,3,3,35326.94,0,0.0,1.0,3,1,21.51,22.1,34.81,MEDIUM,SHARED_MERCHANT|DENSE_USER_MERCHANT_NETWORK
181,3,1,3,3,32360.51,0,0.0,1.0,3,1,21.52,24.73,34.81,MEDIUM,SHARED_MERCHANT|DENSE_USER_MERCHANT_NETWORK
2541,3,1,3,3,23275.48,0,0.0,1.0,3,1,21.53,27.26,34.81,MEDIUM,SHARED_MERCHANT|DENSE_USER_MERCHANT_NETWORK
3918,3,1,3,3,35337.12,0,0.0,1.0,3,1,21.51,22.83,34.81,MEDIUM,SHARED_MERCHANT|DENSE_USER_MERCHANT_NETWORK
3453,3,1,3,3,37356.63,0,0.0,1.0,3,1,21.51,24.48,34.81,MEDIUM,SHARED_MERCHANT|DENSE_USER_MERCHANT_NETWORK
5260,3,1,3,3,32360.66,0,0.0,1.0,3,1,21.55,26.16,34.81,MEDIUM,SHARED_MERCHANT|DENSE_USER_MERCHANT_NETWORK
550,3,1,3,3,41285.85,0,0.0,1.0,3,1,21.49,25.37,34.8,MEDIUM,SHARED_MERCHANT|DENSE_USER_MERCHANT_NETWORK
2795,3,1,3,3,3739.39,0,0.0,1.0,3,1,21.5,31.43,34.8,MEDIUM,SHARED_MERCHANT|DENSE_USER_MERCHANT_NETWORK
4888,3,1,3,3,34008.36,0,0.0,1.0,3,1,21.46,28.7,34.8,MEDIUM,SHARED_MERCHANT|DENSE_USER_MERCHANT_NETWORK
3656,3,1,3,3,29991.96,0,0.0,1.0,3,1,21.49,24.4,34.8,MEDIUM,SHARED_MERCHANT|DENSE_USER_MERCHANT_NETWORK
3703,3,1,3,3,32083.22,0,0.0,1.0,3,1,21.46,24.19,34.8,MEDIUM,SHARED_MERCHANT|DENSE_USER_MERCHANT_NETWORK
1654,3,1,3,3,31015.54,0,0.0,1.0,3,1,21.43,25.07,34.79,MEDIUM,SHARED_MERCHANT|DENSE_USER_MERCHANT_NETWORK
1526,3,1,3,3,35555.77,0,0.0,1.0,3,1,21.41,25.4,34.79,MEDIUM,SHARED_MERCHANT|DENSE_USER_MERCHANT_NETWORK
4657,3,1,3,3,31111.78,0,0.0,1.0,3,1,21.43,23.4,34.79,MEDIUM,SHARED_MERCHANT|DENSE_USER_MERCHANT_NETWORK
5286,3,1,3,3,22392.29,0,0.0,1.0,3,1,21.42,23.92,34.79,MEDIUM,SHARED_MERCHANT|DENSE_USER_MERCHANT_NETWORK
2870,3,1,3,3,34585.18,0,0.0,1.0,3,1,21.38,26.7,34.78,MEDIUM,SHARED_MERCHANT|DENSE_USER_MERCHANT_NETWORK
2954,3,1,3,3,27102.05,0,0.0,1.0,3,1,21.31,22.86,34.77,MEDIUM,SHARED_MERCHANT|DENSE_USER_MERCHANT_NETWORK
3183,3,1,3,3,22149.75,0,0.0,1.0,3,1,21.31,28.25,34.77,MEDIUM,SHARED_MERCHANT|DENSE_USER_MERCHANT_NETWORK
2101,3,1,3,3,24673.34,0,0.0,1.0,3,1,21.33,24.78,34.77,MEDIUM,SHARED_MERCHANT|DENSE_USER_MERCHANT_NETWORK
1308,3,1,3,3,29204.02,0,0.0,1.0,3,1,21.28,26.87,34.76,MEDIUM,SHARED_MERCHANT|DENSE_USER_MERCHANT_NETWORK
5838,3,1,3,3,29054.33,0,0.0,1.0,3,1,21.27,28.32,34.76,MEDIUM,SHARED_MERCHANT|DENSE_USER_MERCHANT_NETWORK
2378,3,1,3,3,26193.4,0,0.0,1.0,3,1,21.29,23.9,34.76,MEDIUM,SHARED_MERCHANT|DENSE_USER_MERCHANT_NETWORK
3274,3,1,3,3,29956.63,0,0.0,1.0,3,1,21.24,28.4,34.75,MEDIUM,SHARED_MERCHANT|DENSE_USER_MERCHANT_NETWORK
4867,3,1,3,3,28887.83,0,0.0,1.0,3,1,21.23,24.24,34.75,MEDIUM,SHARED_MERCHANT|DENSE_USER_MERCHANT_NETWORK
1866,3,1,3,3,30498.69,0,0.0,1.0,3,1,21.17,26.01,34.74,MEDIUM,SHARED_MERCHANT|DENSE_USER_MERCHANT_NETWORK
2630,3,1,3,3,30440.65,0,0.0,1.0,3,1,21.17,23.77,34.74,MEDIUM,SHARED_MERCHANT|DENSE_USER_MERCHANT_NETWORK
926,3,1,3,3,30567.69,0,0.0,1.0,3,1,21.16,23.64,34.74,MEDIUM,SHARED_MERCHANT|DENSE_USER_MERCHANT_NETWORK
442,16,6,21,21,275249.39,1,0.0476,0.2188,5,6,26.06,48.35,34.74,MEDIUM,SHARED_MERCHANT|MULTIPLE_SHARED_MERCHANTS|LARGE_CONNECTED_CLUSTER
2679,3,1,3,3,37726.03,0,0.0,1.0,3,1,21.18,23.97,34.74,MEDIUM,SHARED_MERCHANT|DENSE_USER_MERCHANT_NETWORK
116,3,1,3,3,24584.09,0,0.0,1.0,3,1,21.14,23.77,34.73,MEDIUM,SHARED_MERCHANT|DENSE_USER_MERCHANT_NETWORK
760,3,1,3,3,27469.77,0,0.0,1.0,3,1,21.14,31.4,34.73,MEDIUM,SHARED_MERCHANT|DENSE_USER_MERCHANT_NETWORK
2655,3,1,3,3,28447.66,0,0.0,1.0,3,1,21.15,28.91,34.73,MEDIUM,SHARED_MERCHANT|DENSE_USER_MERCHANT_NETWORK
1514,3,1,3,3,34412.17,0,0.0,1.0,3,1,21.14,29.6,34.73,MEDIUM,SHARED_MERCHANT|DENSE_USER_MERCHANT_NETWORK
317,3,1,3,3,35154.99,0,0.0,1.0,3,1,21.15,29.48,34.73,MEDIUM,SHARED_MERCHANT|DENSE_USER_MERCHANT_NETWORK
2996,3,1,3,3,28095.5,0,0.0,1.0,3,1,21.1,24.32,34.72,MEDIUM,SHARED_MERCHANT|DENSE_USER_MERCHANT_NETWORK
4484,3,1,3,3,28439.91,0,0.0,1.0,3,1,21.01,27.79,34.71,MEDIUM,SHARED_MERCHANT|DENSE_USER_MERCHANT_NETWORK
896,3,1,3,3,27838.72,0,0.0,1.0,3,1,21.03,25.19,34.71,MEDIUM,SHARED_MERCHANT|DENSE_USER_MERCHANT_NETWORK
2798,3,1,3,3,31790.59,0,0.0,1.0,3,1,21.02,29.68,34.71,MEDIUM,SHARED_MERCHANT|DENSE_USER_MERCHANT_NETWORK
2070,3,1,3,3,27820.8,0,0.0,1.0,3,1,21.02,25.54,34.71,MEDIUM,SHARED_MERCHANT|DENSE_USER_MERCHANT_NETWORK
1697,3,1,3,3,22666.71,0,0.0,1.0,3,1,20.96,24.65,34.7,MEDIUM,SHARED_MERCHANT|DENSE_USER_MERCHANT_NETWORK
2708,3,1,3,3,27473.82,0,0.0,1.0,3,1,20.96,24.8,34.7,MEDIUM,SHARED_MERCHANT|DENSE_USER_MERCHANT_NETWORK
3693,3,1,3,3,29053.91,0,0.0,1.0,3,1,21.0,28.87,34.7,MEDIUM,SHARED_MERCHANT|DENSE_USER_MERCHANT_NETWORK
1960,3,1,3,3,31582.23,0,0.0,1.0,3,1,20.96,22.01,34.7,MEDIUM,SHARED_MERCHANT|DENSE_USER_MERCHANT_NETWORK
4416,3,1,3,3,37428.34,0,0.0,1.0,3,1,20.92,26.13,34.69,MEDIUM,SHARED_MERCHANT|DENSE_USER_MERCHANT_NETWORK
3945,3,1,3,3,32438.12,0,0.0,1.0,3,1,20.92,22.84,34.69,MEDIUM,SHARED_MERCHANT|DENSE_USER_MERCHANT_NETWORK
892,3,1,3,3,29072.4,0,0.0,1.0,3,1,20.88,24.1,34.68,MEDIUM,SHARED_MERCHANT|DENSE_USER_MERCHANT_NETWORK
3631,3,1,3,3,32106.64,0,0.0,1.0,3,1,20.87,22.2,34.68,MEDIUM,SHARED_MERCHANT|DENSE_USER_MERCHANT_NETWORK
1914,3,1,3,3,30719.42,0,0.0,1.0,3,1,20.82,26.17,34.67,MEDIUM,SHARED_MERCHANT|DENSE_USER_MERCHANT_NETWORK
366,12,5,16,16,178817.01,1,0.0625,0.2667,4,5,26.93,47.85,34.67,MEDIUM,SHARED_MERCHANT|MULTIPLE_SHARED_MERCHANTS|LARGE_CONNECTED_CLUSTER
270,9,2,10,10,156757.82,0,0.0,0.5556,5,2,29.32,45.57,34.67,MEDIUM,SHARED_MERCHANT|MULTIPLE_SHARED_MERCHANTS|DENSE_USER_MERCHANT_NETWORK|LARGE_CONNECTED_CLUSTER
1800,3,1,3,3,29537.58,0,0.0,1.0,3,1,20.76,27.36,34.66,MEDIUM,SHARED_MERCHANT|DENSE_USER_MERCHANT_NETWORK
809,3,1,3,3,31650.24,0,0.0,1.0,3,1,20.78,27.56,34.66,MEDIUM,SHARED_MERCHANT|DENSE_USER_MERCHANT_NETWORK
860,3,1,3,3,30705.45,0,0.0,1.0,3,1,20.79,28.46,34.66,MEDIUM,SHARED_MERCHANT|DENSE_USER_MERCHANT_NETWORK
4049,3,1,3,3,33730.2,0,0.0,1.0,3,1,20.78,27.98,34.66,MEDIUM,SHARED_MERCHANT|DENSE_USER_MERCHANT_NETWORK
85,3,1,3,3,2393.44,0,0.0,1.0,3,1,20.74,31.1,34.65,MEDIUM,SHARED_MERCHANT|DENSE_USER_MERCHANT_NETWORK
2206,3,1,3,3,32116.17,0,0.0,1.0,3,1,20.67,24.22,34.64,MEDIUM,SHARED_MERCHANT|DENSE_USER_MERCHANT_NETWORK
2106,3,1,3,3,26701.25,0,0.0,1.0,3,1,20.7,29.33,34.64,MEDIUM,SHARED_MERCHANT|DENSE_USER_MERCHANT_NETWORK
1277,3,1,3,3,25943.56,0,0.0,1.0,3,1,20.64,24.97,34.63,MEDIUM,SHARED_MERCHANT|DENSE_USER_MERCHANT_NETWORK
4570,3,1,3,3,26913.17,0,0.0,1.0,3,1,20.64,23.41,34.63,MEDIUM,SHARED_MERCHANT|DENSE_USER_MERCHANT_NETWORK
577,3,1,3,3,30346.59,0,0.0,1.0,3,1,20.56,25.99,34.62,MEDIUM,SHARED_MERCHANT|DENSE_USER_MERCHANT_NETWORK
4580,3,1,3,3,18826.49,0,0.0,1.0,3,1,20.6,22.3,34.62,MEDIUM,SHARED_MERCHANT|DENSE_USER_MERCHANT_NETWORK
1948,3,1,3,3,25549.05,0,0.0,1.0,3,1,20.54,21.74,34.61,MEDIUM,SHARED_MERCHANT|DENSE_USER_MERCHANT_NETWORK
700,3,1,3,3,31151.38,0,0.0,1.0,3,1,20.48,23.14,34.6,MEDIUM,SHARED_MERCHANT|DENSE_USER_MERCHANT_NETWORK
4474,3,1,3,3,30138.04,0,0.0,1.0,3,1,20.47,26.48,34.6,MEDIUM,SHARED_MERCHANT|DENSE_USER_MERCHANT_NETWORK
4708,3,1,3,3,25423.02,0,0.0,1.0,3,1,20.44,23.87,34.59,MEDIUM,SHARED_MERCHANT|DENSE_USER_MERCHANT_NETWORK
2335,3,1,3,3,24444.94,0,0.0,1.0,3,1,20.32,25.28,34.57,MEDIUM,SHARED_MERCHANT|DENSE_USER_MERCHANT_NETWORK
799,3,1,3,3,25392.18,0,0.0,1.0,3,1,20.31,21.33,34.57,MEDIUM,SHARED_MERCHANT|DENSE_USER_MERCHANT_NETWORK
4250,3,1,3,3,20265.72,0,0.0,1.0,3,1,20.34,24.62,34.57,MEDIUM,SHARED_MERCHANT|DENSE_USER_MERCHANT_NETWORK
2007,3,1,3,3,34882.11,0,0.0,1.0,3,1,20.33,25.42,34.57,MEDIUM,SHARED_MERCHANT|DENSE_USER_MERCHANT_NETWORK
1374,3,1,3,3,16355.84,0,0.0,1.0,3,1,20.34,21.21,34.57,MEDIUM,SHARED_MERCHANT|DENSE_USER_MERCHANT_NETWORK
223,3,1,3,3,29322.33,0,0.0,1.0,3,1,20.28,21.78,34.56,MEDIUM,SHARED_MERCHANT|DENSE_USER_MERCHANT_NETWORK
4317,6,2,7,7,133399.43,0,0.0,0.5833,5,2,29.43,44.34,34.56,MEDIUM,SHARED_MERCHANT|MULTIPLE_SHARED_MERCHANTS|DENSE_USER_MERCHANT_NETWORK|LARGE_CONNECTED_CLUSTER
384,3,1,3,3,25315.88,0,0.0,1.0,3,1,20.29,22.73,34.56,MEDIUM,SHARED_MERCHANT|DENSE_USER_MERCHANT_NETWORK
1247,3,1,3,3,15444.2,0,0.0,1.0,3,1,20.22,21.98,34.55,MEDIUM,SHARED_MERCHANT|DENSE_USER_MERCHANT_NETWORK
3365,3,1,3,3,16325.42,0,0.0,1.0,3,1,20.23,24.06,34.55,MEDIUM,SHARED_MERCHANT|DENSE_USER_MERCHANT_NETWORK
3927,3,1,3,3,33870.22,0,0.0,1.0,3,1,20.19,24.23,34.54,MEDIUM,SHARED_MERCHANT|DENSE_USER_MERCHANT_NETWORK
2697,3,1,3,3,23601.78,0,0.0,1.0,3,1,20.17,26.5,34.54,MEDIUM,SHARED_MERCHANT|DENSE_USER_MERCHANT_NETWORK
1558,3,1,3,3,30451.22,0,0.0,1.0,3,1,20.11,21.15,34.53,MEDIUM,SHARED_MERCHANT|DENSE_USER_MERCHANT_NETWORK
987,3,1,3,3,27103.87,0,0.0,1.0,3,1,20.06,23.09,34.52,MEDIUM,SHARED_MERCHANT|DENSE_USER_MERCHANT_NETWORK
3633,3,1,3,3,23190.71,0,0.0,1.0,3,1,20.01,28.55,34.51,MEDIUM,SHARED_MERCHANT|DENSE_USER_MERCHANT_NETWORK
230,3,1,3,3,25324.92,0,0.0,1.0,3,1,19.93,26.66,34.49,MEDIUM,SHARED_MERCHANT|DENSE_USER_MERCHANT_NETWORK
1426,3,1,3,3,24496.55,0,0.0,1.0,3,1,19.91,21.78,34.49,MEDIUM,SHARED_MERCHANT|DENSE_USER_MERCHANT_NETWORK
157,3,1,3,3,22564.43,0,0.0,1.0,3,1,19.9,21.48,34.48,MEDIUM,SHARED_MERCHANT|DENSE_USER_MERCHANT_NETWORK
358,3,1,3,3,31272.19,0,0.0,1.0,3,1,19.88,21.86,34.48,MEDIUM,SHARED_MERCHANT|DENSE_USER_MERCHANT_NETWORK
2515,3,1,3,3,22412.67,0,0.0,1.0,3,1,19.87,23.46,34.48,MEDIUM,SHARED_MERCHANT|DENSE_USER_MERCHANT_NETWORK
90,5,2,6,6,98459.14,0,0.0,0.6,5,1,28.81,45.87,34.48,MEDIUM,SHARED_MERCHANT|DENSE_USER_MERCHANT_NETWORK|LARGE_CONNECTED_CLUSTER
1307,3,1,3,3,27954.12,0,0.0,1.0,3,1,19.81,25.92,34.47,MEDIUM,SHARED_MERCHANT|DENSE_USER_MERCHANT_NETWORK
3251,3,1,3,3,24063.36,0,0.0,1.0,3,1,19.84,25.91,34.47,MEDIUM,SHARED_MERCHANT|DENSE_USER_MERCHANT_NETWORK
4406,3,1,3,3,22188.52,0,0.0,1.0,3,1,19.82,24.16,34.47,MEDIUM,SHARED_MERCHANT|DENSE_USER_MERCHANT_NETWORK
1953,5,2,6,6,77869.52,0,0.0,0.6,5,1,28.73,39.4,34.46,MEDIUM,SHARED_MERCHANT|DENSE_USER_MERCHANT_NETWORK|LARGE_CONNECTED_CLUSTER
3636,3,1,3,3,23668.75,0,0.0,1.0,3,1,19.75,24.11,34.45,MEDIUM,SHARED_MERCHANT|DENSE_USER_MERCHANT_NETWORK
234,3,1,3,3,20058.94,0,0.0,1.0,3,1,19.67,26.2,34.44,MEDIUM,SHARED_MERCHANT|DENSE_USER_MERCHANT_NETWORK
1269,3,1,3,3,17582.7,0,0.0,1.0,3,1,19.62,23.05,34.43,MEDIUM,SHARED_MERCHANT|DENSE_USER_MERCHANT_NETWORK
4505,3,1,3,3,27287.01,0,0.0,1.0,3,1,19.57,25.86,34.42,MEDIUM,SHARED_MERCHANT|DENSE_USER_MERCHANT_NETWORK
3020,6,2,7,7,119143.44,0,0.0,0.5833,5,2,28.72,35.87,34.42,MEDIUM,SHARED_MERCHANT|MULTIPLE_SHARED_MERCHANTS|DENSE_USER_MERCHANT_NETWORK|LARGE_CONNECTED_CLUSTER
3292,3,1,3,3,25915.15,0,0.0,1.0,3,1,19.59,25.61,34.42,MEDIUM,SHARED_MERCHANT|DENSE_USER_MERCHANT_NETWORK
1621,3,1,3,3,14590.94,0,0.0,1.0,3,1,19.58,23.04,34.42,MEDIUM,SHARED_MERCHANT|DENSE_USER_MERCHANT_NETWORK
4301,3,1,3,3,18322.67,0,0.0,1.0,3,1,19.57,24.82,34.42,MEDIUM,SHARED_MERCHANT|DENSE_USER_MERCHANT_NETWORK
1328,3,1,3,3,20549.66,0,0.0,1.0,3,1,19.49,25.11,34.4,MEDIUM,SHARED_MERCHANT|DENSE_USER_MERCHANT_NETWORK
3480,3,1,3,3,18559.78,0,0.0,1.0,3,1,19.48,23.46,34.4,MEDIUM,SHARED_MERCHANT|DENSE_USER_MERCHANT_NETWORK
5735,3,1,3,3,25384.01,0,0.0,1.0,3,1,19.49,23.06,34.4,MEDIUM,SHARED_MERCHANT|DENSE_USER_MERCHANT_NETWORK
3691,3,1,3,3,14492.22,0,0.0,1.0,3,1,19.46,24.24,34.4,MEDIUM,SHARED_MERCHANT|DENSE_USER_MERCHANT_NETWORK
990,3,1,3,3,18689.08,0,0.0,1.0,3,1,19.44,28.72,34.39,MEDIUM,SHARED_MERCHANT|DENSE_USER_MERCHANT_NETWORK
1593,3,1,3,3,18997.15,0,0.0,1.0,3,1,19.42,24.0,34.39,MEDIUM,SHARED_MERCHANT|DENSE_USER_MERCHANT_NETWORK
1150,3,1,3,3,25000.89,0,0.0,1.0,3,1,19.41,27.41,34.39,MEDIUM,SHARED_MERCHANT|DENSE_USER_MERCHANT_NETWORK
3388,3,1,3,3,25537.84,0,0.0,1.0,3,1,19.44,23.35,34.39,MEDIUM,SHARED_MERCHANT|DENSE_USER_MERCHANT_NETWORK
833,3,1,3,3,20195.17,0,0.0,1.0,3,1,19.41,21.65,34.39,MEDIUM,SHARED_MERCHANT|DENSE_USER_MERCHANT_NETWORK
3005,3,1,3,3,19949.06,0,0.0,1.0,3,1,19.37,22.34,34.38,MEDIUM,SHARED_MERCHANT|DENSE_USER_MERCHANT_NETWORK
4732,3,1,3,3,29949.76,0,0.0,1.0,3,1,19.39,23.49,34.38,MEDIUM,SHARED_MERCHANT|DENSE_USER_MERCHANT_NETWORK
878,3,1,3,3,25759.82,0,0.0,1.0,3,1,19.29,24.76,34.36,MEDIUM,SHARED_MERCHANT|DENSE_USER_MERCHANT_NETWORK
911,3,1,3,3,24964.71,0,0.0,1.0,3,1,19.27,25.16,34.36,MEDIUM,SHARED_MERCHANT|DENSE_USER_MERCHANT_NETWORK
2124,3,1,3,3,21712.47,0,0.0,1.0,3,1,19.24,24.77,34.35,MEDIUM,SHARED_MERCHANT|DENSE_USER_MERCHANT_NETWORK
467,3,1,3,3,24104.27,0,0.0,1.0,3,1,19.22,21.99,34.35,MEDIUM,SHARED_MERCHANT|DENSE_USER_MERCHANT_NETWORK
329,3,1,3,3,23840.8,0,0.0,1.0,3,1,19.16,28.17,34.34,MEDIUM,SHARED_MERCHANT|DENSE_USER_MERCHANT_NETWORK
3138,3,1,3,3,28984.58,0,0.0,1.0,3,1,19.19,22.0,34.34,MEDIUM,SHARED_MERCHANT|DENSE_USER_MERCHANT_NETWORK
4239,3,1,3,3,19135.14,0,0.0,1.0,3,1,19.19,20.94,34.34,MEDIUM,SHARED_MERCHANT|DENSE_USER_MERCHANT_NETWORK
4898,3,1,3,3,17450.43,0,0.0,1.0,3,1,19.13,25.47,34.33,MEDIUM,SHARED_MERCHANT|DENSE_USER_MERCHANT_NETWORK
1267,3,1,3,3,19514.75,0,0.0,1.0,3,1,19.08,21.89,34.32,MEDIUM,SHARED_MERCHANT|DENSE_USER_MERCHANT_NETWORK
14,3,1,3,3,19270.69,0,0.0,1.0,3,1,18.97,23.33,34.3,MEDIUM,SHARED_MERCHANT|DENSE_USER_MERCHANT_NETWORK
4758,3,1,3,3,26360.42,0,0.0,1.0,3,1,18.94,26.67,34.29,MEDIUM,SHARED_MERCHANT|DENSE_USER_MERCHANT_NETWORK
986,9,3,11,11,163373.77,0,0.0,0.4074,6,3,28.75,42.89,34.28,MEDIUM,SHARED_MERCHANT|MULTIPLE_SHARED_MERCHANTS|DENSE_USER_MERCHANT_NETWORK|LARGE_CONNECTED_CLUSTER
29,3,1,3,3,24867.85,0,0.0,1.0,3,1,18.76,23.66,34.26,MEDIUM,SHARED_MERCHANT|DENSE_USER_MERCHANT_NETWORK
710,3,1,3,3,23082.23,0,0.0,1.0,3,1,18.78,22.63,34.26,MEDIUM,SHARED_MERCHANT|DENSE_USER_MERCHANT_NETWORK
1897,3,1,3,3,14825.46,0,0.0,1.0,3,1,18.74,25.41,34.25,MEDIUM,SHARED_MERCHANT|DENSE_USER_MERCHANT_NETWORK
2481,3,1,3,3,17596.48,0,0.0,1.0,3,1,18.71,20.98,34.25,MEDIUM,SHARED_MERCHANT|DENSE_USER_MERCHANT_NETWORK
1510,3,1,3,3,8769.37,0,0.0,1.0,3,1,18.75,20.5,34.25,MEDIUM,SHARED_MERCHANT|DENSE_USER_MERCHANT_NETWORK
3623,3,1,3,3,18863.47,0,0.0,1.0,3,1,18.7,21.36,34.24,MEDIUM,SHARED_MERCHANT|DENSE_USER_MERCHANT_NETWORK
1176,3,1,3,3,27636.54,0,0.0,1.0,3,1,18.57,28.87,34.22,MEDIUM,SHARED_MERCHANT|DENSE_USER_MERCHANT_NETWORK
4019,3,1,3,3,22905.64,0,0.0,1.0,3,1,18.53,22.09,34.21,MEDIUM,SHARED_MERCHANT|DENSE_USER_MERCHANT_NETWORK
752,7,2,8,8,96610.05,0,0.0,0.5714,5,2,27.55,42.0,34.2,MEDIUM,SHARED_MERCHANT|MULTIPLE_SHARED_MERCHANTS|DENSE_USER_MERCHANT_NETWORK|LARGE_CONNECTED_CLUSTER
2948,3,1,3,3,9235.22,0,0.0,1.0,3,1,18.45,20.52,34.19,MEDIUM,SHARED_MERCHANT|DENSE_USER_MERCHANT_NETWORK
3346,3,1,3,3,13282.93,0,0.0,1.0,3,1,18.39,18.81,34.18,MEDIUM,SHARED_MERCHANT|DENSE_USER_MERCHANT_NETWORK
3764,3,1,3,3,17019.08,0,0.0,1.0,3,1,18.32,20.47,34.17,MEDIUM,SHARED_MERCHANT|DENSE_USER_MERCHANT_NETWORK
981,3,1,3,3,17437.21,0,0.0,1.0,3,1,18.19,22.37,34.14,MEDIUM,SHARED_MERCHANT|DENSE_USER_MERCHANT_NETWORK
572,3,1,3,3,11616.96,0,0.0,1.0,3,1,18.16,21.95,34.14,MEDIUM,SHARED_MERCHANT|DENSE_USER_MERCHANT_NETWORK
808,3,1,3,3,15196.04,0,0.0,1.0,3,1,18.13,22.58,34.13,MEDIUM,SHARED_MERCHANT|DENSE_USER_MERCHANT_NETWORK
4098,3,1,3,3,20741.15,0,0.0,1.0,3,1,18.11,25.45,34.13,MEDIUM,SHARED_MERCHANT|DENSE_USER_MERCHANT_NETWORK
2013,3,1,3,3,13844.06,0,0.0,1.0,3,1,18.08,21.46,34.12,MEDIUM,SHARED_MERCHANT|DENSE_USER_MERCHANT_NETWORK
221,3,1,3,3,9702.36,0,0.0,1.0,3,1,18.07,19.86,34.12,MEDIUM,SHARED_MERCHANT|DENSE_USER_MERCHANT_NETWORK
4855,3,1,3,3,14871.69,0,0.0,1.0,3,1,18.01,22.06,34.11,MEDIUM,SHARED_MERCHANT|DENSE_USER_MERCHANT_NETWORK
2981,3,1,3,3,5436.78,0,0.0,1.0,3,1,17.96,20.17,34.1,MEDIUM,SHARED_MERCHANT|DENSE_USER_MERCHANT_NETWORK
389,3,1,3,3,13480.17,0,0.0,1.0,3,1,17.98,20.35,34.1,MEDIUM,SHARED_MERCHANT|DENSE_USER_MERCHANT_NETWORK
3477,3,1,3,3,17075.67,0,0.0,1.0,3,1,17.91,18.41,34.09,MEDIUM,SHARED_MERCHANT|DENSE_USER_MERCHANT_NETWORK
3600,3,1,3,3,17242.5,0,0.0,1.0,3,1,17.95,25.36,34.09,MEDIUM,SHARED_MERCHANT|DENSE_USER_MERCHANT_NETWORK
3542,3,1,3,3,11831.57,0,0.0,1.0,3,1,17.9,23.16,34.08,MEDIUM,SHARED_MERCHANT|DENSE_USER_MERCHANT_NETWORK
3705,3,1,3,3,11645.79,0,0.0,1.0,3,1,17.79,19.79,34.06,MEDIUM,SHARED_MERCHANT|DENSE_USER_MERCHANT_NETWORK
4824,3,1,3,3,21774.64,0,0.0,1.0,3,1,17.7,22.99,34.04,MEDIUM,SHARED_MERCHANT|DENSE_USER_MERCHANT_NETWORK
2753,3,1,3,3,19381.64,0,0.0,1.0,3,1,17.7,22.38,34.04,MEDIUM,SHARED_MERCHANT|DENSE_USER_MERCHANT_NETWORK
1737,3,1,3,3,8741.51,0,0.0,1.0,3,1,17.6,18.67,34.02,MEDIUM,SHARED_MERCHANT|DENSE_USER_MERCHANT_NETWORK
2125,3,1,3,3,13778.72,0,0.0,1.0,3,1,17.6,23.33,34.02,MEDIUM,SHARED_MERCHANT|DENSE_USER_MERCHANT_NETWORK
2695,3,1,3,3,12401.07,0,0.0,1.0,3,1,17.55,18.66,34.01,MEDIUM,SHARED_MERCHANT|DENSE_USER_MERCHANT_NETWORK
3150,3,1,3,3,13210.47,0,0.0,1.0,3,1,17.51,23.58,34.01,MEDIUM,SHARED_MERCHANT|DENSE_USER_MERCHANT_NETWORK
4278,3,1,3,3,20596.07,0,0.0,1.0,3,1,17.43,19.36,33.99,MEDIUM,SHARED_MERCHANT|DENSE_USER_MERCHANT_NETWORK
826,3,1,3,3,10685.25,0,0.0,1.0,3,1,17.42,17.99,33.99,MEDIUM,SHARED_MERCHANT|DENSE_USER_MERCHANT_NETWORK
2884,3,1,3,3,25638.76,0,0.0,1.0,3,1,17.44,21.33,33.99,MEDIUM,SHARED_MERCHANT|DENSE_USER_MERCHANT_NETWORK
2744,3,1,3,3,11405.96,0,0.0,1.0,3,1,17.37,17.85,33.98,MEDIUM,SHARED_MERCHANT|DENSE_USER_MERCHANT_NETWORK
2540,3,1,3,3,20388.39,0,0.0,1.0,3,1,17.38,18.42,33.98,MEDIUM,SHARED_MERCHANT|DENSE_USER_MERCHANT_NETWORK
3665,3,1,3,3,12111.51,0,0.0,1.0,3,1,17.29,21.78,33.96,MEDIUM,SHARED_MERCHANT|DENSE_USER_MERCHANT_NETWORK
2282,3,1,3,3,9437.0,0,0.0,1.0,3,1,17.13,19.69,33.93,MEDIUM,SHARED_MERCHANT|DENSE_USER_MERCHANT_NETWORK
2323,3,1,3,3,17829.71,0,0.0,1.0,3,1,17.01,20.13,33.91,MEDIUM,SHARED_MERCHANT|DENSE_USER_MERCHANT_NETWORK
4635,3,1,3,3,7632.53,0,0.0,1.0,3,1,16.93,17.96,33.89,MEDIUM,SHARED_MERCHANT|DENSE_USER_MERCHANT_NETWORK
2366,3,1,3,3,18056.16,0,0.0,1.0,3,1,16.88,21.28,33.88,MEDIUM,SHARED_MERCHANT|DENSE_USER_MERCHANT_NETWORK
682,3,1,3,3,9802.95,0,0.0,1.0,3,1,16.77,19.68,33.86,MEDIUM,SHARED_MERCHANT|DENSE_USER_MERCHANT_NETWORK
251,3,1,3,3,11947.68,0,0.0,1.0,3,1,16.72,18.36,33.85,MEDIUM,SHARED_MERCHANT|DENSE_USER_MERCHANT_NETWORK
4499,3,1,3,3,15087.71,0,0.0,1.0,3,1,16.71,20.66,33.85,MEDIUM,SHARED_MERCHANT|DENSE_USER_MERCHANT_NETWORK
4001,3,1,3,3,7794.45,0,0.0,1.0,3,1,16.62,18.83,33.83,MEDIUM,SHARED_MERCHANT|DENSE_USER_MERCHANT_NETWORK
4510,3,1,3,3,5112.22,0,0.0,1.0,3,1,16.6,19.32,33.82,MEDIUM,SHARED_MERCHANT|DENSE_USER_MERCHANT_NETWORK
729,3,1,3,3,12890.47,0,0.0,1.0,3,1,16.5,18.77,33.8,MEDIUM,SHARED_MERCHANT|DENSE_USER_MERCHANT_NETWORK
686,3,1,3,3,11266.65,0,0.0,1.0,3,1,16.42,19.0,33.79,MEDIUM,SHARED_MERCHANT|DENSE_USER_MERCHANT_NETWORK
2222,3,1,3,3,10240.87,0,0.0,1.0,3,1,16.45,17.34,33.79,MEDIUM,SHARED_MERCHANT|DENSE_USER_MERCHANT_NETWORK
3367,3,1,3,3,5696.05,0,0.0,1.0,3,1,16.09,19.08,33.72,MEDIUM,SHARED_MERCHANT|DENSE_USER_MERCHANT_NETWORK
1565,6,2,7,7,57859.29,0,0.0,0.5833,5,2,25.24,34.03,33.72,MEDIUM,SHARED_MERCHANT|MULTIPLE_SHARED_MERCHANTS|DENSE_USER_MERCHANT_NETWORK|LARGE_CONNECTED_CLUSTER
509,7,2,8,8,104877.93,0,0.0,0.5714,5,2,25.14,31.39,33.72,MEDIUM,SHARED_MERCHANT|MULTIPLE_SHARED_MERCHANTS|DENSE_USER_MERCHANT_NETWORK|LARGE_CONNECTED_CLUSTER
1536,3,1,3,3,3646.09,0,0.0,1.0,3,1,16.01,16.21,33.71,MEDIUM,SHARED_MERCHANT|DENSE_USER_MERCHANT_NETWORK
837,8,2,9,9,121383.46,0,0.0,0.5625,5,2,24.83,30.3,33.71,MEDIUM,SHARED_MERCHANT|MULTIPLE_SHARED_MERCHANTS|DENSE_USER_MERCHANT_NETWORK|LARGE_CONNECTED_CLUSTER
684,8,6,13,13,156931.36,1,0.0769,0.2708,3,4,27.28,57.14,33.71,MEDIUM,SHARED_MERCHANT|MULTIPLE_SHARED_MERCHANTS|LARGE_CONNECTED_CLUSTER
1920,9,3,11,11,132578.39,0,0.0,0.4074,6,3,25.78,43.62,33.69,MEDIUM,SHARED_MERCHANT|MULTIPLE_SHARED_MERCHANTS|DENSE_USER_MERCHANT_NETWORK|LARGE_CONNECTED_CLUSTER
1128,3,1,3,3,7691.89,0,0.0,1.0,3,1,15.93,19.68,33.69,MEDIUM,SHARED_MERCHANT|DENSE_USER_MERCHANT_NETWORK
149,9,2,10,10,101818.12,0,0.0,0.5556,5,2,24.35,38.09,33.68,MEDIUM,SHARED_MERCHANT|MULTIPLE_SHARED_MERCHANTS|DENSE_USER_MERCHANT_NETWORK|LARGE_CONNECTED_CLUSTER
2110,8,3,10,10,150393.48,0,0.0,0.4167,6,2,25.77,30.39,33.68,MEDIUM,SHARED_MERCHANT|MULTIPLE_SHARED_MERCHANTS|DENSE_USER_MERCHANT_NETWORK|LARGE_CONNECTED_CLUSTER
1761,4,2,5,5,72741.56,0,0.0,0.625,4,1,36.49,43.15,33.68,MEDIUM,SHARED_MERCHANT|DENSE_USER_MERCHANT_NETWORK
1318,5,2,6,6,89188.51,0,0.0,0.6,5,1,24.8,29.99,33.68,MEDIUM,SHARED_MERCHANT|DENSE_USER_MERCHANT_NETWORK|LARGE_CONNECTED_CLUSTER
3577,7,2,8,8,66895.27,0,0.0,0.5714,5,2,24.91,43.04,33.67,MEDIUM,SHARED_MERCHANT|MULTIPLE_SHARED_MERCHANTS|DENSE_USER_MERCHANT_NETWORK|LARGE_CONNECTED_CLUSTER
1563,3,1,3,3,3921.98,0,0.0,1.0,3,1,15.83,18.1,33.67,MEDIUM,SHARED_MERCHANT|DENSE_USER_MERCHANT_NETWORK
484,3,1,3,3,16117.14,0,0.0,1.0,3,1,15.84,21.58,33.67,MEDIUM,SHARED_MERCHANT|DENSE_USER_MERCHANT_NETWORK
2313,7,2,8,8,121586.51,0,0.0,0.5714,5,2,24.68,28.42,33.63,MEDIUM,SHARED_MERCHANT|MULTIPLE_SHARED_MERCHANTS|DENSE_USER_MERCHANT_NETWORK|LARGE_CONNECTED_CLUSTER
3604,7,2,8,8,100855.15,0,0.0,0.5714,5,2,24.73,31.37,33.63,MEDIUM,SHARED_MERCHANT|MULTIPLE_SHARED_MERCHANTS|DENSE_USER_MERCHANT_NETWORK|LARGE_CONNECTED_CLUSTER
1835,6,2,7,7,103811.02,0,0.0,0.5833,5,2,24.74,31.53,33.62,MEDIUM,SHARED_MERCHANT|MULTIPLE_SHARED_MERCHANTS|DENSE_USER_MERCHANT_NETWORK|LARGE_CONNECTED_CLUSTER
2445,8,2,9,9,148146.15,0,0.0,0.5625,5,2,24.4,30.54,33.62,MEDIUM,SHARED_MERCHANT|MULTIPLE_SHARED_MERCHANTS|DENSE_USER_MERCHANT_NETWORK|LARGE_CONNECTED_CLUSTER
2332,6,2,7,7,99631.7,0,0.0,0.5833,5,2,24.64,29.34,33.6,MEDIUM,SHARED_MERCHANT|MULTIPLE_SHARED_MERCHANTS|DENSE_USER_MERCHANT_NETWORK|LARGE_CONNECTED_CLUSTER
2756,3,1,3,3,10022.09,0,0.0,1.0,3,1,15.39,20.26,33.58,MEDIUM,SHARED_MERCHANT|DENSE_USER_MERCHANT_NETWORK
1513,6,2,7,7,64916.88,0,0.0,0.5833,5,2,24.47,39.79,33.57,MEDIUM,SHARED_MERCHANT|MULTIPLE_SHARED_MERCHANTS|DENSE_USER_MERCHANT_NETWORK|LARGE_CONNECTED_CLUSTER
379,3,1,3,3,4125.56,0,0.0,1.0,3,1,14.92,17.63,33.49,MEDIUM,SHARED_MERCHANT|DENSE_USER_MERCHANT_NETWORK
2087,6,2,7,7,64288.34,0,0.0,0.5833,5,2,24.05,45.99,33.48,MEDIUM,SHARED_MERCHANT|MULTIPLE_SHARED_MERCHANTS|DENSE_USER_MERCHANT_NETWORK|LARGE_CONNECTED_CLUSTER
266,6,2,7,7,88830.2,0,0.0,0.5833,5,2,23.96,31.78,33.46,MEDIUM,SHARED_MERCHANT|MULTIPLE_SHARED_MERCHANTS|DENSE_USER_MERCHANT_NETWORK|LARGE_CONNECTED_CLUSTER
1467,3,1,3,3,2010.08,0,0.0,1.0,3,1,14.67,15.45,33.44,MEDIUM,SHARED_MERCHANT|DENSE_USER_MERCHANT_NETWORK
1878,3,1,3,3,5247.31,0,0.0,1.0,3,1,14.49,18.29,33.4,MEDIUM,SHARED_MERCHANT|DENSE_USER_MERCHANT_NETWORK
1349,7,2,8,8,77450.09,0,0.0,0.5714,5,2,23.5,31.51,33.39,MEDIUM,SHARED_MERCHANT|MULTIPLE_SHARED_MERCHANTS|DENSE_USER_MERCHANT_NETWORK|LARGE_CONNECTED_CLUSTER
3149,5,2,6,6,76936.5,0,0.0,0.6,5,1,23.29,27.44,33.37,MEDIUM,SHARED_MERCHANT|DENSE_USER_MERCHANT_NETWORK|LARGE_CONNECTED_CLUSTER
2168,7,2,8,8,90753.88,0,0.0,0.5714,5,2,23.37,31.51,33.36,MEDIUM,SHARED_MERCHANT|MULTIPLE_SHARED_MERCHANTS|DENSE_USER_MERCHANT_NETWORK|LARGE_CONNECTED_CLUSTER
619,6,2,7,7,60623.83,0,0.0,0.5833,5,2,23.2,31.57,33.31,MEDIUM,SHARED_MERCHANT|MULTIPLE_SHARED_MERCHANTS|DENSE_USER_MERCHANT_NETWORK|LARGE_CONNECTED_CLUSTER
198,7,2,8,8,70970.92,0,0.0,0.5714,5,2,23.0,43.71,33.29,MEDIUM,SHARED_MERCHANT|MULTIPLE_SHARED_MERCHANTS|DENSE_USER_MERCHANT_NETWORK|LARGE_CONNECTED_CLUSTER
1379,10,3,12,12,158795.6,0,0.0,0.4,6,3,23.65,31.32,33.29,MEDIUM,SHARED_MERCHANT|MULTIPLE_SHARED_MERCHANTS|DENSE_USER_MERCHANT_NETWORK|LARGE_CONNECTED_CLUSTER
1418,7,2,8,8,89672.42,0,0.0,0.5714,5,2,22.93,29.36,33.27,MEDIUM,SHARED_MERCHANT|MULTIPLE_SHARED_MERCHANTS|DENSE_USER_MERCHANT_NETWORK|LARGE_CONNECTED_CLUSTER
41,5,2,6,6,88547.93,0,0.0,0.6,4,2,35.24,47.78,33.26,MEDIUM,SHARED_MERCHANT|MULTIPLE_SHARED_MERCHANTS|DENSE_USER_MERCHANT_NETWORK|LARGE_CONNECTED_CLUSTER
102,20,7,26,26,299644.35,1,0.0385,0.1857,5,7,25.36,59.35,33.24,MEDIUM,SHARED_MERCHANT|MULTIPLE_SHARED_MERCHANTS|LARGE_CONNECTED_CLUSTER
1358,12,6,17,17,199275.66,1,0.0588,0.2361,4,5,24.53,47.52,33.24,MEDIUM,SHARED_MERCHANT|MULTIPLE_SHARED_MERCHANTS|LARGE_CONNECTED_CLUSTER
2381,6,2,7,7,68272.31,0,0.0,0.5833,5,2,22.73,31.76,33.22,MEDIUM,SHARED_MERCHANT|MULTIPLE_SHARED_MERCHANTS|DENSE_USER_MERCHANT_NETWORK|LARGE_CONNECTED_CLUSTER
40,7,2,8,8,84464.08,0,0.0,0.5714,5,2,22.65,27.58,33.22,MEDIUM,SHARED_MERCHANT|MULTIPLE_SHARED_MERCHANTS|DENSE_USER_MERCHANT_NETWORK|LARGE_CONNECTED_CLUSTER
1032,9,2,10,10,106237.72,0,0.0,0.5556,5,2,21.41,30.07,33.09,MEDIUM,SHARED_MERCHANT|MULTIPLE_SHARED_MERCHANTS|DENSE_USER_MERCHANT_NETWORK|LARGE_CONNECTED_CLUSTER
1483,7,2,8,8,84970.32,0,0.0,0.5714,5,2,21.92,29.29,33.07,MEDIUM,SHARED_MERCHANT|MULTIPLE_SHARED_MERCHANTS|DENSE_USER_MERCHANT_NETWORK|LARGE_CONNECTED_CLUSTER
1876,8,2,9,9,84802.17,0,0.0,0.5625,5,2,21.18,27.2,32.97,MEDIUM,SHARED_MERCHANT|MULTIPLE_SHARED_MERCHANTS|DENSE_USER_MERCHANT_NETWORK|LARGE_CONNECTED_CLUSTER
1992,4,2,5,5,35935.55,0,0.0,0.625,4,1,31.95,41.78,32.77,MEDIUM,SHARED_MERCHANT|DENSE_USER_MERCHANT_NETWORK
3780,7,2,8,8,72353.12,0,0.0,0.5714,5,2,19.8,25.14,32.65,MEDIUM,SHARED_MERCHANT|MULTIPLE_SHARED_MERCHANTS|DENSE_USER_MERCHANT_NETWORK|LARGE_CONNECTED_CLUSTER
1325,4,2,5,5,55027.05,0,0.0,0.625,4,1,30.91,45.63,32.56,MEDIUM,SHARED_MERCHANT|DENSE_USER_MERCHANT_NETWORK
1346,6,2,7,7,46805.65,0,0.0,0.5833,5,2,19.02,24.84,32.48,MEDIUM,SHARED_MERCHANT|MULTIPLE_SHARED_MERCHANTS|DENSE_USER_MERCHANT_NETWORK|LARGE_CONNECTED_CLUSTER
993,20,9,28,28,327297.3,1,0.0357,0.1556,5,7,25.39,53.09,32.45,MEDIUM,SHARED_MERCHANT|MULTIPLE_SHARED_MERCHANTS|LARGE_CONNECTED_CLUSTER
44,5,2,6,6,76466.3,0,0.0,0.6,4,2,30.55,49.51,32.33,MEDIUM,SHARED_MERCHANT|MULTIPLE_SHARED_MERCHANTS|DENSE_USER_MERCHANT_NETWORK|LARGE_CONNECTED_CLUSTER
2461,8,4,11,11,86938.48,0,0.0,0.3438,6,3,25.23,46.77,32.3,MEDIUM,SHARED_MERCHANT|MULTIPLE_SHARED_MERCHANTS|LARGE_CONNECTED_CLUSTER
3014,6,2,7,7,101018.03,0,0.0,0.5833,4,2,30.58,48.03,32.29,MEDIUM,SHARED_MERCHANT|MULTIPLE_SHARED_MERCHANTS|DENSE_USER_MERCHANT_NETWORK|LARGE_CONNECTED_CLUSTER
610,4,2,5,5,72408.45,0,0.0,0.625,4,1,29.14,38.23,32.21,MEDIUM,SHARED_MERCHANT|DENSE_USER_MERCHANT_NETWORK
1619,5,2,6,6,72441.75,0,0.0,0.6,4,2,29.83,41.2,32.18,MEDIUM,SHARED_MERCHANT|MULTIPLE_SHARED_MERCHANTS|DENSE_USER_MERCHANT_NETWORK|LARGE_CONNECTED_CLUSTER
279,7,2,8,8,27194.95,0,0.0,0.5714,5,2,17.35,20.25,32.16,MEDIUM,SHARED_MERCHANT|MULTIPLE_SHARED_MERCHANTS|DENSE_USER_MERCHANT_NETWORK|LARGE_CONNECTED_CLUSTER
1326,5,2,6,6,22091.66,0,0.0,0.6,5,1,17.0,27.89,32.12,MEDIUM,SHARED_MERCHANT|DENSE_USER_MERCHANT_NETWORK|LARGE_CONNECTED_CLUSTER
1343,11,4,14,14,149222.14,0,0.0,0.3182,6,4,24.33,38.08,32.1,MEDIUM,SHARED_MERCHANT|MULTIPLE_SHARED_MERCHANTS|LARGE_CONNECTED_CLUSTER
348,6,2,7,7,114486.77,0,0.0,0.5833,4,2,29.49,36.61,32.07,MEDIUM,SHARED_MERCHANT|MULTIPLE_SHARED_MERCHANTS|DENSE_USER_MERCHANT_NETWORK|LARGE_CONNECTED_CLUSTER
1,6,2,7,7,68413.05,0,0.0,0.5833,4,2,29.13,48.5,32.0,MEDIUM,SHARED_MERCHANT|MULTIPLE_SHARED_MERCHANTS|DENSE_USER_MERCHANT_NETWORK|LARGE_CONNECTED_CLUSTER
1648,4,2,5,5,46823.28,0,0.0,0.625,4,1,27.13,45.86,31.81,MEDIUM,SHARED_MERCHANT|DENSE_USER_MERCHANT_NETWORK
2555,6,2,7,7,83269.48,0,0.0,0.5833,4,2,28.01,43.27,31.78,MEDIUM,SHARED_MERCHANT|MULTIPLE_SHARED_MERCHANTS|DENSE_USER_MERCHANT_NETWORK|LARGE_CONNECTED_CLUSTER
966,15,7,21,21,223523.15,1,0.0476,0.2,4,7,25.54,57.38,31.76,MEDIUM,SHARED_MERCHANT|MULTIPLE_SHARED_MERCHANTS|LARGE_CONNECTED_CLUSTER
2031,7,2,8,8,115741.38,0,0.0,0.5714,4,2,27.16,40.56,31.62,MEDIUM,SHARED_MERCHANT|MULTIPLE_SHARED_MERCHANTS|DENSE_USER_MERCHANT_NETWORK|LARGE_CONNECTED_CLUSTER
3341,5,2,6,6,86693.89,0,0.0,0.6,4,2,26.99,38.69,31.61,MEDIUM,SHARED_MERCHANT|MULTIPLE_SHARED_MERCHANTS|DENSE_USER_MERCHANT_NETWORK|LARGE_CONNECTED_CLUSTER
322,7,2,8,8,94646.08,0,0.0,0.5714,4,2,27.05,44.29,31.6,MEDIUM,SHARED_MERCHANT|MULTIPLE_SHARED_MERCHANTS|DENSE_USER_MERCHANT_NETWORK|LARGE_CONNECTED_CLUSTER
2417,5,2,6,6,45495.17,0,0.0,0.6,4,2,26.92,45.56,31.6,MEDIUM,SHARED_MERCHANT|MULTIPLE_SHARED_MERCHANTS|DENSE_USER_MERCHANT_NETWORK|LARGE_CONNECTED_CLUSTER
33,6,3,8,8,113813.01,0,0.0,0.4444,5,2,27.2,43.26,31.59,MEDIUM,SHARED_MERCHANT|MULTIPLE_SHARED_MERCHANTS|DENSE_USER_MERCHANT_NETWORK|LARGE_CONNECTED_CLUSTER
806,15,6,20,20,252179.95,0,0.0,0.2222,6,6,27.59,40.0,31.56,MEDIUM,SHARED_MERCHANT|MULTIPLE_SHARED_MERCHANTS|LARGE_CONNECTED_CLUSTER
4198,6,2,7,7,122906.51,0,0.0,0.5833,4,2,26.95,31.49,31.56,MEDIUM,SHARED_MERCHANT|MULTIPLE_SHARED_MERCHANTS|DENSE_USER_MERCHANT_NETWORK|LARGE_CONNECTED_CLUSTER
472,4,2,5,5,35172.99,0,0.0,0.625,4,1,25.83,45.14,31.55,MEDIUM,SHARED_MERCHANT|DENSE_USER_MERCHANT_NETWORK
2162,6,2,7,7,93664.21,0,0.0,0.5833,4,2,26.84,31.05,31.54,MEDIUM,SHARED_MERCHANT|MULTIPLE_SHARED_MERCHANTS|DENSE_USER_MERCHANT_NETWORK|LARGE_CONNECTED_CLUSTER
2424,5,2,6,6,94007.19,0,0.0,0.6,4,2,26.59,35.56,31.53,MEDIUM,SHARED_MERCHANT|MULTIPLE_SHARED_MERCHANTS|DENSE_USER_MERCHANT_NETWORK|LARGE_CONNECTED_CLUSTER
1731,5,2,6,6,63179.08,0,0.0,0.6,4,2,26.11,41.28,31.44,MEDIUM,SHARED_MERCHANT|MULTIPLE_SHARED_MERCHANTS|DENSE_USER_MERCHANT_NETWORK|LARGE_CONNECTED_CLUSTER
313,8,3,10,10,137239.2,0,0.0,0.4167,5,3,26.84,38.81,31.4,MEDIUM,SHARED_MERCHANT|MULTIPLE_SHARED_MERCHANTS|DENSE_USER_MERCHANT_NETWORK|LARGE_CONNECTED_CLUSTER
504,7,2,8,8,138617.08,0,0.0,0.5714,4,2,25.93,30.99,31.38,MEDIUM,SHARED_MERCHANT|MULTIPLE_SHARED_MERCHANTS|DENSE_USER_MERCHANT_NETWORK|LARGE_CONNECTED_CLUSTER
3685,5,2,6,6,81881.19,0,0.0,0.6,4,2,25.77,34.99,31.37,MEDIUM,SHARED_MERCHANT|MULTIPLE_SHARED_MERCHANTS|DENSE_USER_MERCHANT_NETWORK|LARGE_CONNECTED_CLUSTER
2731,8,3,10,10,142603.14,0,0.0,0.4167,5,2,26.68,44.12,31.36,MEDIUM,SHARED_MERCHANT|MULTIPLE_SHARED_MERCHANTS|DENSE_USER_MERCHANT_NETWORK|LARGE_CONNECTED_CLUSTER
1290,5,2,6,6,70567.49,0,0.0,0.6,4,2,25.43,46.47,31.3,MEDIUM,SHARED_MERCHANT|MULTIPLE_SHARED_MERCHANTS|DENSE_USER_MERCHANT_NETWORK|LARGE_CONNECTED_CLUSTER
884,6,2,7,7,117173.44,0,0.0,0.5833,4,2,25.66,30.21,31.3,MEDIUM,SHARED_MERCHANT|MULTIPLE_SHARED_MERCHANTS|DENSE_USER_MERCHANT_NETWORK|LARGE_CONNECTED_CLUSTER
258,5,3,7,7,101633.19,0,0.0,0.4667,4,2,37.18,51.7,31.27,MEDIUM,SHARED_MERCHANT|MULTIPLE_SHARED_MERCHANTS|DENSE_USER_MERCHANT_NETWORK|LARGE_CONNECTED_CLUSTER
4463,4,2,5,5,33319.11,0,0.0,0.625,4,1,24.43,42.8,31.27,MEDIUM,SHARED_MERCHANT|DENSE_USER_MERCHANT_NETWORK
1083,5,2,6,6,89310.17,0,0.0,0.6,4,2,25.11,31.2,31.24,MEDIUM,SHARED_MERCHANT|MULTIPLE_SHARED_MERCHANTS|DENSE_USER_MERCHANT_NETWORK|LARGE_CONNECTED_CLUSTER
1149,6,2,7,7,79697.46,0,0.0,0.5833,4,2,25.36,40.62,31.24,MEDIUM,SHARED_MERCHANT|MULTIPLE_SHARED_MERCHANTS|DENSE_USER_MERCHANT_NETWORK|LARGE_CONNECTED_CLUSTER
2019,5,2,6,6,81604.98,0,0.0,0.6,4,2,24.94,30.62,31.2,MEDIUM,SHARED_MERCHANT|MULTIPLE_SHARED_MERCHANTS|DENSE_USER_MERCHANT_NETWORK|LARGE_CONNECTED_CLUSTER
1572,10,3,12,12,168429.79,0,0.0,0.4,5,3,25.67,31.55,31.19,MEDIUM,SHARED_MERCHANT|MULTIPLE_SHARED_MERCHANTS|DENSE_USER_MERCHANT_NETWORK|LARGE_CONNECTED_CLUSTER
4070,6,2,7,7,65265.76,0,0.0,0.5833,4,2,24.94,45.79,31.16,MEDIUM,SHARED_MERCHANT|MULTIPLE_SHARED_MERCHANTS|DENSE_USER_MERCHANT_NETWORK|LARGE_CONNECTED_CLUSTER
2765,5,2,6,6,78436.24,0,0.0,0.6,4,2,24.66,32.41,31.15,MEDIUM,SHARED_MERCHANT|MULTIPLE_SHARED_MERCHANTS|DENSE_USER_MERCHANT_NETWORK|LARGE_CONNECTED_CLUSTER
236,5,2,6,6,54197.09,0,0.0,0.6,4,2,24.45,32.45,31.11,MEDIUM,SHARED_MERCHANT|MULTIPLE_SHARED_MERCHANTS|DENSE_USER_MERCHANT_NETWORK|LARGE_CONNECTED_CLUSTER
67,6,2,7,7,69986.61,0,0.0,0.5833,4,2,24.62,34.18,31.1,MEDIUM,SHARED_MERCHANT|MULTIPLE_SHARED_MERCHANTS|DENSE_USER_MERCHANT_NETWORK|LARGE_CONNECTED_CLUSTER
670,4,2,5,5,61881.31,0,0.0,0.625,4,1,23.42,29.82,31.07,MEDIUM,SHARED_MERCHANT|DENSE_USER_MERCHANT_NETWORK
2440,6,2,7,7,87464.82,0,0.0,0.5833,4,2,24.33,31.04,31.04,MEDIUM,SHARED_MERCHANT|MULTIPLE_SHARED_MERCHANTS|DENSE_USER_MERCHANT_NETWORK|LARGE_CONNECTED_CLUSTER
3416,4,2,5,5,66885.5,0,0.0,0.625,4,1,23.27,29.1,31.04,MEDIUM,SHARED_MERCHANT|DENSE_USER_MERCHANT_NETWORK
1704,6,2,7,7,93807.09,0,0.0,0.5833,4,2,24.23,30.59,31.02,MEDIUM,SHARED_MERCHANT|MULTIPLE_SHARED_MERCHANTS|DENSE_USER_MERCHANT_NETWORK|LARGE_CONNECTED_CLUSTER
2770,4,2,5,5,23510.9,0,0.0,0.625,4,1,23.13,41.44,31.01,MEDIUM,SHARED_MERCHANT|DENSE_USER_MERCHANT_NETWORK
261,6,2,7,7,103123.87,0,0.0,0.5833,4,2,24.14,31.47,31.0,MEDIUM,SHARED_MERCHANT|MULTIPLE_SHARED_MERCHANTS|DENSE_USER_MERCHANT_NETWORK|LARGE_CONNECTED_CLUSTER
3294,4,2,5,5,50904.63,0,0.0,0.625,4,1,22.96,27.64,30.97,MEDIUM,SHARED_MERCHANT|DENSE_USER_MERCHANT_NETWORK
314,5,2,6,6,71056.64,0,0.0,0.6,4,2,23.75,29.2,30.97,MEDIUM,SHARED_MERCHANT|MULTIPLE_SHARED_MERCHANTS|DENSE_USER_MERCHANT_NETWORK|LARGE_CONNECTED_CLUSTER
22,8,3,10,10,75139.54,0,0.0,0.4167,5,3,24.71,48.74,30.97,MEDIUM,SHARED_MERCHANT|MULTIPLE_SHARED_MERCHANTS|DENSE_USER_MERCHANT_NETWORK|LARGE_CONNECTED_CLUSTER
3983,8,3,10,10,137233.51,0,0.0,0.4167,5,2,24.64,29.93,30.96,MEDIUM,SHARED_MERCHANT|MULTIPLE_SHARED_MERCHANTS|DENSE_USER_MERCHANT_NETWORK|LARGE_CONNECTED_CLUSTER
3783,6,2,7,7,106333.14,0,0.0,0.5833,4,2,23.87,30.0,30.95,MEDIUM,SHARED_MERCHANT|MULTIPLE_SHARED_MERCHANTS|DENSE_USER_MERCHANT_NETWORK|LARGE_CONNECTED_CLUSTER
1738,7,2,8,8,116723.47,0,0.0,0.5714,4,2,23.79,30.31,30.95,MEDIUM,SHARED_MERCHANT|MULTIPLE_SHARED_MERCHANTS|DENSE_USER_MERCHANT_NETWORK|LARGE_CONNECTED_CLUSTER
1925,6,2,7,7,94927.84,0,0.0,0.5833,4,2,23.85,30.24,30.94,MEDIUM,SHARED_MERCHANT|MULTIPLE_SHARED_MERCHANTS|DENSE_USER_MERCHANT_NETWORK|LARGE_CONNECTED_CLUSTER
1472,7,2,8,8,90242.5,0,0.0,0.5714,4,2,23.73,39.31,30.93,MEDIUM,SHARED_MERCHANT|MULTIPLE_SHARED_MERCHANTS|DENSE_USER_MERCHANT_NETWORK|LARGE_CONNECTED_CLUSTER
1096,6,2,7,7,48737.59,0,0.0,0.5833,4,2,23.67,34.63,30.91,MEDIUM,SHARED_MERCHANT|MULTIPLE_SHARED_MERCHANTS|DENSE_USER_MERCHANT_NETWORK|LARGE_CONNECTED_CLUSTER
2572,5,2,6,6,80183.86,0,0.0,0.6,4,2,23.37,26.07,30.89,MEDIUM,SHARED_MERCHANT|MULTIPLE_SHARED_MERCHANTS|DENSE_USER_MERCHANT_NETWORK|LARGE_CONNECTED_CLUSTER
2857,5,2,6,6,58934.06,0,0.0,0.6,4,2,23.33,42.53,30.88,MEDIUM,SHARED_MERCHANT|MULTIPLE_SHARED_MERCHANTS|DENSE_USER_MERCHANT_NETWORK|LARGE_CONNECTED_CLUSTER
2095,6,2,7,7,57188.58,0,0.0,0.5833,4,2,23.55,32.63,30.88,MEDIUM,SHARED_MERCHANT|MULTIPLE_SHARED_MERCHANTS|DENSE_USER_MERCHANT_NETWORK|LARGE_CONNECTED_CLUSTER
1081,6,2,7,7,75557.39,0,0.0,0.5833,4,2,23.53,31.39,30.88,MEDIUM,SHARED_MERCHANT|MULTIPLE_SHARED_MERCHANTS|DENSE_USER_MERCHANT_NETWORK|LARGE_CONNECTED_CLUSTER
2270,6,2,7,7,109334.69,0,0.0,0.5833,4,2,23.43,29.04,30.86,MEDIUM,SHARED_MERCHANT|MULTIPLE_SHARED_MERCHANTS|DENSE_USER_MERCHANT_NETWORK|LARGE_CONNECTED_CLUSTER
652,7,2,8,8,81433.32,0,0.0,0.5714,4,2,23.32,33.16,30.85,MEDIUM,SHARED_MERCHANT|MULTIPLE_SHARED_MERCHANTS|DENSE_USER_MERCHANT_NETWORK|LARGE_CONNECTED_CLUSTER
3485,4,2,5,5,53913.12,0,0.0,0.625,4,1,22.3,27.14,30.84,MEDIUM,SHARED_MERCHANT|DENSE_USER_MERCHANT_NETWORK
2158,6,2,7,7,47389.26,0,0.0,0.5833,4,2,23.3,41.64,30.83,MEDIUM,SHARED_MERCHANT|MULTIPLE_SHARED_MERCHANTS|DENSE_USER_MERCHANT_NETWORK|LARGE_CONNECTED_CLUSTER
2155,4,2,5,5,53407.28,0,0.0,0.625,4,1,22.2,26.46,30.82,MEDIUM,SHARED_MERCHANT|DENSE_USER_MERCHANT_NETWORK
2493,4,2,5,5,84583.72,0,0.0,0.625,3,2,34.47,47.49,30.78,MEDIUM,SHARED_MERCHANT|MULTIPLE_SHARED_MERCHANTS|DENSE_USER_MERCHANT_NETWORK
320,5,2,6,6,73970.62,0,0.0,0.6,4,2,22.78,27.94,30.77,MEDIUM,SHARED_MERCHANT|MULTIPLE_SHARED_MERCHANTS|DENSE_USER_MERCHANT_NETWORK|LARGE_CONNECTED_CLUSTER
4833,4,2,5,5,43092.24,0,0.0,0.625,4,1,21.86,24.56,30.75,MEDIUM,SHARED_MERCHANT|DENSE_USER_MERCHANT_NETWORK
391,8,3,10,10,127599.75,0,0.0,0.4167,5,3,23.51,32.33,30.73,MEDIUM,SHARED_MERCHANT|MULTIPLE_SHARED_MERCHANTS|DENSE_USER_MERCHANT_NETWORK|LARGE_CONNECTED_CLUSTER
1541,5,2,6,6,77806.0,0,0.0,0.6,4,2,22.54,29.77,30.73,MEDIUM,SHARED_MERCHANT|MULTIPLE_SHARED_MERCHANTS|DENSE_USER_MERCHANT_NETWORK|LARGE_CONNECTED_CLUSTER
1706,5,2,6,6,88022.99,0,0.0,0.6,3,2,34.97,51.16,30.71,MEDIUM,SHARED_MERCHANT|MULTIPLE_SHARED_MERCHANTS|DENSE_USER_MERCHANT_NETWORK|LARGE_CONNECTED_CLUSTER
1243,6,2,7,7,68228.23,0,0.0,0.5833,4,2,22.46,26.45,30.66,MEDIUM,SHARED_MERCHANT|MULTIPLE_SHARED_MERCHANTS|DENSE_USER_MERCHANT_NETWORK|LARGE_CONNECTED_CLUSTER
1833,6,2,7,7,86466.74,0,0.0,0.5833,4,2,22.46,27.07,30.66,MEDIUM,SHARED_MERCHANT|MULTIPLE_SHARED_MERCHANTS|DENSE_USER_MERCHANT_NETWORK|LARGE_CONNECTED_CLUSTER
2820,4,2,5,5,38877.55,0,0.0,0.625,4,1,21.28,28.75,30.64,MEDIUM,SHARED_MERCHANT|DENSE_USER_MERCHANT_NETWORK
2340,7,2,8,8,82449.66,0,0.0,0.5714,4,2,22.21,27.94,30.63,MEDIUM,SHARED_MERCHANT|MULTIPLE_SHARED_MERCHANTS|DENSE_USER_MERCHANT_NETWORK|LARGE_CONNECTED_CLUSTER
1118,7,3,9,9,75309.24,0,0.0,0.4286,5,2,22.62,39.0,30.59,MEDIUM,SHARED_MERCHANT|MULTIPLE_SHARED_MERCHANTS|DENSE_USER_MERCHANT_NETWORK|LARGE_CONNECTED_CLUSTER
3408,5,2,6,6,67066.15,0,0.0,0.6,4,2,21.84,29.32,30.58,MEDIUM,SHARED_MERCHANT|MULTIPLE_SHARED_MERCHANTS|DENSE_USER_MERCHANT_NETWORK|LARGE_CONNECTED_CLUSTER
2794,7,2,8,8,82704.3,0,0.0,0.5714,4,2,21.9,28.89,30.57,MEDIUM,SHARED_MERCHANT|MULTIPLE_SHARED_MERCHANTS|DENSE_USER_MERCHANT_NETWORK|LARGE_CONNECTED_CLUSTER
2235,9,3,11,11,124243.22,0,0.0,0.4074,5,3,22.64,30.68,30.56,MEDIUM,SHARED_MERCHANT|MULTIPLE_SHARED_MERCHANTS|DENSE_USER_MERCHANT_NETWORK|LARGE_CONNECTED_CLUSTER
2285,14,4,17,17,223949.23,0,0.0,0.3036,5,4,28.58,43.1,30.55,MEDIUM,SHARED_MERCHANT|MULTIPLE_SHARED_MERCHANTS|LARGE_CONNECTED_CLUSTER
2259,4,2,5,5,44870.07,0,0.0,0.625,4,1,20.82,29.65,30.55,MEDIUM,SHARED_MERCHANT|DENSE_USER_MERCHANT_NETWORK
1146,8,3,10,10,123807.55,0,0.0,0.4167,5,3,22.57,28.49,30.54,MEDIUM,SHARED_MERCHANT|MULTIPLE_SHARED_MERCHANTS|DENSE_USER_MERCHANT_NETWORK|LARGE_CONNECTED_CLUSTER
39,6,2,7,7,66060.61,0,0.0,0.5833,4,2,21.79,26.89,30.53,MEDIUM,SHARED_MERCHANT|MULTIPLE_SHARED_MERCHANTS|DENSE_USER_MERCHANT_NETWORK|LARGE_CONNECTED_CLUSTER
3168,6,2,7,7,75715.58,0,0.0,0.5833,4,2,21.69,29.74,30.51,MEDIUM,SHARED_MERCHANT|MULTIPLE_SHARED_MERCHANTS|DENSE_USER_MERCHANT_NETWORK|LARGE_CONNECTED_CLUSTER
600,4,2,5,5,45120.26,0,0.0,0.625,4,1,20.51,26.61,30.48,MEDIUM,SHARED_MERCHANT|DENSE_USER_MERCHANT_NETWORK
528,8,3,10,10,93299.64,0,0.0,0.4167,5,2,21.74,27.06,30.38,MEDIUM,SHARED_MERCHANT|MULTIPLE_SHARED_MERCHANTS|DENSE_USER_MERCHANT_NETWORK|LARGE_CONNECTED_CLUSTER
1487,5,2,6,6,53901.14,0,0.0,0.6,4,2,20.84,27.16,30.38,MEDIUM,SHARED_MERCHANT|MULTIPLE_SHARED_MERCHANTS|DENSE_USER_MERCHANT_NETWORK|LARGE_CONNECTED_CLUSTER
2255,15,8,22,22,219527.49,0,0.0,0.1833,6,6,24.5,45.13,30.36,MEDIUM,SHARED_MERCHANT|MULTIPLE_SHARED_MERCHANTS|LARGE_CONNECTED_CLUSTER
2034,6,2,7,7,83488.24,0,0.0,0.5833,4,2,20.95,27.38,30.36,MEDIUM,SHARED_MERCHANT|MULTIPLE_SHARED_MERCHANTS|DENSE_USER_MERCHANT_NETWORK|LARGE_CONNECTED_CLUSTER
475,9,3,11,11,74857.9,0,0.0,0.4074,5,3,21.6,38.77,30.35,MEDIUM,SHARED_MERCHANT|MULTIPLE_SHARED_MERCHANTS|DENSE_USER_MERCHANT_NETWORK|LARGE_CONNECTED_CLUSTER
3898,3,2,4,4,40435.77,0,0.0,0.6667,3,1,29.94,47.67,30.31,MEDIUM,SHARED_MERCHANT|DENSE_USER_MERCHANT_NETWORK
1720,3,2,4,4,65983.06,0,0.0,0.6667,3,1,29.76,39.09,30.27,MEDIUM,SHARED_MERCHANT|DENSE_USER_MERCHANT_NETWORK
1357,5,2,6,6,42683.19,0,0.0,0.6,4,2,20.19,25.01,30.25,MEDIUM,SHARED_MERCHANT|MULTIPLE_SHARED_MERCHANTS|DENSE_USER_MERCHANT_NETWORK|LARGE_CONNECTED_CLUSTER
210,3,2,4,4,57536.67,0,0.0,0.6667,3,1,29.59,42.11,30.24,MEDIUM,SHARED_MERCHANT|DENSE_USER_MERCHANT_NETWORK
3382,3,2,4,4,61357.31,0,0.0,0.6667,3,1,29.53,44.46,30.23,MEDIUM,SHARED_MERCHANT|DENSE_USER_MERCHANT_NETWORK
1942,6,2,7,7,67552.89,0,0.0,0.5833,4,2,20.25,28.29,30.22,MEDIUM,SHARED_MERCHANT|MULTIPLE_SHARED_MERCHANTS|DENSE_USER_MERCHANT_NETWORK|LARGE_CONNECTED_CLUSTER
2486,7,2,8,8,61135.18,0,0.0,0.5714,4,2,20.09,25.86,30.21,MEDIUM,SHARED_MERCHANT|MULTIPLE_SHARED_MERCHANTS|DENSE_USER_MERCHANT_NETWORK|LARGE_CONNECTED_CLUSTER
1837,4,2,5,5,90041.25,0,0.0,0.625,3,2,31.6,42.59,30.2,MEDIUM,SHARED_MERCHANT|MULTIPLE_SHARED_MERCHANTS|DENSE_USER_MERCHANT_NETWORK
4370,3,2,4,4,55859.39,0,0.0,0.6667,3,1,29.36,48.71,30.19,MEDIUM,SHARED_MERCHANT|DENSE_USER_MERCHANT_NETWORK
1732,5,2,6,6,61422.39,0,0.0,0.6,3,2,32.24,44.6,30.16,MEDIUM,SHARED_MERCHANT|MULTIPLE_SHARED_MERCHANTS|DENSE_USER_MERCHANT_NETWORK|LARGE_CONNECTED_CLUSTER
165,5,2,6,6,39089.76,0,0.0,0.6,4,2,19.57,27.33,30.13,MEDIUM,SHARED_MERCHANT|MULTIPLE_SHARED_MERCHANTS|DENSE_USER_MERCHANT_NETWORK|LARGE_CONNECTED_CLUSTER
378,4,2,5,5,73497.91,0,0.0,0.625,3,2,31.15,38.5,30.11,MEDIUM,SHARED_MERCHANT|MULTIPLE_SHARED_MERCHANTS|DENSE_USER_MERCHANT_NETWORK
4,6,2,7,7,51372.84,0,0.0,0.5833,4,2,19.17,29.59,30.01,MEDIUM,SHARED_MERCHANT|MULTIPLE_SHARED_MERCHANTS|DENSE_USER_MERCHANT_NETWORK|LARGE_CONNECTED_CLUSTER
2723,3,2,4,4,49713.82,0,0.0,0.6667,3,1,28.38,35.55,30.0,MEDIUM,SHARED_MERCHANT|DENSE_USER_MERCHANT_NETWORK
481,3,2,4,4,42164.01,0,0.0,0.6667,3,1,28.23,41.83,29.97,MEDIUM,SHARED_MERCHANT|DENSE_USER_MERCHANT_NETWORK
1286,11,4,14,14,213528.88,0,0.0,0.3182,5,4,26.22,41.51,29.97,MEDIUM,SHARED_MERCHANT|MULTIPLE_SHARED_MERCHANTS|LARGE_CONNECTED_CLUSTER
401,4,2,5,5,47589.4,0,0.0,0.625,3,2,30.36,43.1,29.95,MEDIUM,SHARED_MERCHANT|MULTIPLE_SHARED_MERCHANTS|DENSE_USER_MERCHANT_NETWORK
2550,4,2,5,5,50932.96,0,0.0,0.625,3,2,30.01,46.11,29.89,MEDIUM,SHARED_MERCHANT|MULTIPLE_SHARED_MERCHANTS|DENSE_USER_MERCHANT_NETWORK
1973,10,4,13,13,145909.91,0,0.0,0.325,5,4,25.6,37.45,29.84,MEDIUM,SHARED_MERCHANT|MULTIPLE_SHARED_MERCHANTS|LARGE_CONNECTED_CLUSTER
2911,4,2,5,5,81963.27,0,0.0,0.625,3,2,29.7,42.21,29.82,MEDIUM,SHARED_MERCHANT|MULTIPLE_SHARED_MERCHANTS|DENSE_USER_MERCHANT_NETWORK
2520,4,2,5,5,47310.07,0,0.0,0.625,3,2,29.69,46.31,29.82,MEDIUM,SHARED_MERCHANT|MULTIPLE_SHARED_MERCHANTS|DENSE_USER_MERCHANT_NETWORK
973,6,2,7,7,39474.09,0,0.0,0.5833,4,2,18.23,24.0,29.82,MEDIUM,SHARED_MERCHANT|MULTIPLE_SHARED_MERCHANTS|DENSE_USER_MERCHANT_NETWORK|LARGE_CONNECTED_CLUSTER
871,3,2,4,4,36155.1,0,0.0,0.6667,3,1,27.44,41.26,29.81,MEDIUM,SHARED_MERCHANT|DENSE_USER_MERCHANT_NETWORK
53,5,2,6,6,105510.31,0,0.0,0.6,3,2,30.23,41.24,29.76,MEDIUM,SHARED_MERCHANT|MULTIPLE_SHARED_MERCHANTS|DENSE_USER_MERCHANT_NETWORK|LARGE_CONNECTED_CLUSTER
414,8,3,10,10,43643.46,0,0.0,0.4167,5,2,18.66,30.79,29.76,MEDIUM,SHARED_MERCHANT|MULTIPLE_SHARED_MERCHANTS|DENSE_USER_MERCHANT_NETWORK|LARGE_CONNECTED_CLUSTER
3062,5,2,6,6,29896.68,0,0.0,0.6,4,2,17.64,21.82,29.75,MEDIUM,SHARED_MERCHANT|MULTIPLE_SHARED_MERCHANTS|DENSE_USER_MERCHANT_NETWORK|LARGE_CONNECTED_CLUSTER
3074,4,2,5,5,15268.94,0,0.0,0.625,4,1,16.77,19.06,29.74,MEDIUM,SHARED_MERCHANT|DENSE_USER_MERCHANT_NETWORK
5293,3,2,4,4,76039.02,0,0.0,0.6667,3,1,26.98,29.83,29.72,MEDIUM,SHARED_MERCHANT|DENSE_USER_MERCHANT_NETWORK
1052,5,2,6,6,75277.0,0,0.0,0.6,3,2,30.04,43.96,29.72,MEDIUM,SHARED_MERCHANT|MULTIPLE_SHARED_MERCHANTS|DENSE_USER_MERCHANT_NETWORK|LARGE_CONNECTED_CLUSTER
2172,4,2,5,5,55383.12,0,0.0,0.625,3,2,29.07,43.22,29.7,MEDIUM,SHARED_MERCHANT|MULTIPLE_SHARED_MERCHANTS|DENSE_USER_MERCHANT_NETWORK
4456,7,5,11,11,113141.43,0,0.0,0.3143,5,2,27.53,47.8,29.68,MEDIUM,SHARED_MERCHANT|MULTIPLE_SHARED_MERCHANTS|LARGE_CONNECTED_CLUSTER
2213,5,3,7,7,93646.28,0,0.0,0.4667,4,2,29.1,44.94,29.66,MEDIUM,SHARED_MERCHANT|MULTIPLE_SHARED_MERCHANTS|DENSE_USER_MERCHANT_NETWORK|LARGE_CONNECTED_CLUSTER
1274,3,2,4,4,59247.94,0,0.0,0.6667,3,1,26.71,33.72,29.66,MEDIUM,SHARED_MERCHANT|DENSE_USER_MERCHANT_NETWORK
3523,3,2,4,4,53170.55,0,0.0,0.6667,3,1,26.59,32.26,29.64,MEDIUM,SHARED_MERCHANT|DENSE_USER_MERCHANT_NETWORK
1859,4,2,5,5,67419.09,0,0.0,0.625,3,2,28.71,37.57,29.62,MEDIUM,SHARED_MERCHANT|MULTIPLE_SHARED_MERCHANTS|DENSE_USER_MERCHANT_NETWORK
193,4,2,5,5,45149.49,0,0.0,0.625,3,2,28.69,42.52,29.62,MEDIUM,SHARED_MERCHANT|MULTIPLE_SHARED_MERCHANTS|DENSE_USER_MERCHANT_NETWORK
960,4,2,5,5,67740.05,0,0.0,0.625,3,2,28.6,49.0,29.6,MEDIUM,SHARED_MERCHANT|MULTIPLE_SHARED_MERCHANTS|DENSE_USER_MERCHANT_NETWORK
1933,9,4,12,12,100231.14,0,0.0,0.3333,5,4,24.35,39.85,29.59,MEDIUM,SHARED_MERCHANT|MULTIPLE_SHARED_MERCHANTS|LARGE_CONNECTED_CLUSTER
3425,3,2,4,4,27838.71,0,0.0,0.6667,3,1,26.28,42.48,29.58,MEDIUM,SHARED_MERCHANT|DENSE_USER_MERCHANT_NETWORK
1478,3,2,4,4,53597.48,0,0.0,0.6667,3,1,26.25,27.49,29.57,MEDIUM,SHARED_MERCHANT|DENSE_USER_MERCHANT_NETWORK
3121,5,3,7,7,77675.22,0,0.0,0.4667,4,2,28.41,45.02,29.52,MEDIUM,SHARED_MERCHANT|MULTIPLE_SHARED_MERCHANTS|DENSE_USER_MERCHANT_NETWORK|LARGE_CONNECTED_CLUSTER
3854,4,2,5,5,65870.56,0,0.0,0.625,3,2,28.15,38.12,29.51,MEDIUM,SHARED_MERCHANT|MULTIPLE_SHARED_MERCHANTS|DENSE_USER_MERCHANT_NETWORK
1189,4,2,5,5,69974.96,0,0.0,0.625,3,2,28.04,43.58,29.49,MEDIUM,SHARED_MERCHANT|MULTIPLE_SHARED_MERCHANTS|DENSE_USER_MERCHANT_NETWORK
3459,6,2,7,7,25728.16,0,0.0,0.5833,4,2,16.53,21.83,29.48,MEDIUM,SHARED_MERCHANT|MULTIPLE_SHARED_MERCHANTS|DENSE_USER_MERCHANT_NETWORK|LARGE_CONNECTED_CLUSTER
2266,4,2,5,5,66580.88,0,0.0,0.625,3,2,27.87,40.91,29.46,MEDIUM,SHARED_MERCHANT|MULTIPLE_SHARED_MERCHANTS|DENSE_USER_MERCHANT_NETWORK
353,12,4,15,15,133528.5,0,0.0,0.3125,5,4,23.26,40.38,29.41,MEDIUM,SHARED_MERCHANT|MULTIPLE_SHARED_MERCHANTS|LARGE_CONNECTED_CLUSTER
3120,4,2,5,5,80230.04,0,0.0,0.625,3,2,27.6,38.6,29.4,MEDIUM,SHARED_MERCHANT|MULTIPLE_SHARED_MERCHANTS|DENSE_USER_MERCHANT_NETWORK
2898,4,2,5,5,69057.25,0,0.0,0.625,3,2,27.51,39.43,29.38,MEDIUM,SHARED_MERCHANT|MULTIPLE_SHARED_MERCHANTS|DENSE_USER_MERCHANT_NETWORK
1502,7,3,9,9,93998.83,0,0.0,0.4286,4,3,29.07,41.4,29.37,MEDIUM,SHARED_MERCHANT|MULTIPLE_SHARED_MERCHANTS|DENSE_USER_MERCHANT_NETWORK|LARGE_CONNECTED_CLUSTER
943,4,2,5,5,62097.65,0,0.0,0.625,3,2,27.41,46.64,29.37,MEDIUM,SHARED_MERCHANT|MULTIPLE_SHARED_MERCHANTS|DENSE_USER_MERCHANT_NETWORK
952,4,2,5,5,48428.08,0,0.0,0.625,3,2,27.33,38.87,29.35,MEDIUM,SHARED_MERCHANT|MULTIPLE_SHARED_MERCHANTS|DENSE_USER_MERCHANT_NETWORK
1433,5,2,6,6,137629.47,0,0.0,0.6,3,2,28.0,30.22,29.32,MEDIUM,SHARED_MERCHANT|MULTIPLE_SHARED_MERCHANTS|DENSE_USER_MERCHANT_NETWORK|LARGE_CONNECTED_CLUSTER
64,13,5,17,17,172717.15,0,0.0,0.2615,5,4,26.58,45.74,29.31,MEDIUM,SHARED_MERCHANT|MULTIPLE_SHARED_MERCHANTS|LARGE_CONNECTED_CLUSTER
2568,4,2,5,5,29068.6,0,0.0,0.625,3,2,26.99,47.55,29.28,MEDIUM,SHARED_MERCHANT|MULTIPLE_SHARED_MERCHANTS|DENSE_USER_MERCHANT_NETWORK
873,4,2,5,5,67284.36,0,0.0,0.625,3,2,26.95,36.86,29.27,MEDIUM,SHARED_MERCHANT|MULTIPLE_SHARED_MERCHANTS|DENSE_USER_MERCHANT_NETWORK
1289,8,3,10,10,149510.31,0,0.0,0.4167,4,3,28.49,47.67,29.23,MEDIUM,SHARED_MERCHANT|MULTIPLE_SHARED_MERCHANTS|DENSE_USER_MERCHANT_NETWORK|LARGE_CONNECTED_CLUSTER
419,3,2,4,4,62998.62,0,0.0,0.6667,3,1,24.47,30.3,29.21,MEDIUM,SHARED_MERCHANT|DENSE_USER_MERCHANT_NETWORK
162,3,2,4,4,47971.81,0,0.0,0.6667,3,1,24.22,30.71,29.16,MEDIUM,SHARED_MERCHANT|DENSE_USER_MERCHANT_NETWORK
142,4,3,6,6,90864.26,0,0.0,0.5,4,1,24.6,30.85,29.14,MEDIUM,SHARED_MERCHANT|DENSE_USER_MERCHANT_NETWORK
748,3,2,4,4,47545.63,0,0.0,0.6667,3,1,24.11,29.6,29.14,MEDIUM,SHARED_MERCHANT|DENSE_USER_MERCHANT_NETWORK
914,3,2,4,4,53223.54,0,0.0,0.6667,3,1,24.03,27.12,29.13,MEDIUM,SHARED_MERCHANT|DENSE_USER_MERCHANT_NETWORK
535,5,2,6,6,109230.97,0,0.0,0.6,3,2,27.02,31.0,29.12,MEDIUM,SHARED_MERCHANT|MULTIPLE_SHARED_MERCHANTS|DENSE_USER_MERCHANT_NETWORK|LARGE_CONNECTED_CLUSTER
2901,3,2,4,4,42841.47,0,0.0,0.6667,3,1,23.93,29.7,29.11,MEDIUM,SHARED_MERCHANT|DENSE_USER_MERCHANT_NETWORK
3398,4,2,5,5,53260.26,0,0.0,0.625,3,2,26.02,41.94,29.09,MEDIUM,SHARED_MERCHANT|MULTIPLE_SHARED_MERCHANTS|DENSE_USER_MERCHANT_NETWORK
3384,4,2,5,5,55934.1,0,0.0,0.625,3,2,26.05,31.14,29.09,MEDIUM,SHARED_MERCHANT|MULTIPLE_SHARED_MERCHANTS|DENSE_USER_MERCHANT_NETWORK
2573,5,3,7,7,114130.46,0,0.0,0.4667,4,2,26.21,32.55,29.08,MEDIUM,SHARED_MERCHANT|MULTIPLE_SHARED_MERCHANTS|DENSE_USER_MERCHANT_NETWORK|LARGE_CONNECTED_CLUSTER
21,8,4,11,11,108979.66,0,0.0,0.3438,5,4,21.53,30.82,29.07,MEDIUM,SHARED_MERCHANT|MULTIPLE_SHARED_MERCHANTS|LARGE_CONNECTED_CLUSTER
940,4,2,5,5,75026.63,0,0.0,0.625,3,2,25.89,29.29,29.06,MEDIUM,SHARED_MERCHANT|MULTIPLE_SHARED_MERCHANTS|DENSE_USER_MERCHANT_NETWORK
1084,3,2,4,4,42119.32,0,0.0,0.6667,3,1,23.48,25.55,29.02,MEDIUM,SHARED_MERCHANT|DENSE_USER_MERCHANT_NETWORK
3483,4,2,5,5,89099.41,0,0.0,0.625,3,2,25.62,29.84,29.01,MEDIUM,SHARED_MERCHANT|MULTIPLE_SHARED_MERCHANTS|DENSE_USER_MERCHANT_NETWORK
883,3,2,4,4,21489.96,0,0.0,0.6667,3,1,23.37,31.9,28.99,MEDIUM,SHARED_MERCHANT|DENSE_USER_MERCHANT_NETWORK
1567,7,3,9,9,125669.32,0,0.0,0.4286,4,3,27.07,45.61,28.98,MEDIUM,SHARED_MERCHANT|MULTIPLE_SHARED_MERCHANTS|DENSE_USER_MERCHANT_NETWORK|LARGE_CONNECTED_CLUSTER
3613,3,2,4,4,38685.98,0,0.0,0.6667,3,1,23.25,33.58,28.97,MEDIUM,SHARED_MERCHANT|DENSE_USER_MERCHANT_NETWORK
4012,3,2,4,4,51266.76,0,0.0,0.6667,3,1,23.18,30.2,28.96,MEDIUM,SHARED_MERCHANT|DENSE_USER_MERCHANT_NETWORK
3944,4,2,5,5,80580.74,0,0.0,0.625,3,2,25.29,28.79,28.94,MEDIUM,SHARED_MERCHANT|MULTIPLE_SHARED_MERCHANTS|DENSE_USER_MERCHANT_NETWORK
1772,3,2,4,4,39517.54,0,0.0,0.6667,3,1,22.9,29.7,28.9,MEDIUM,SHARED_MERCHANT|DENSE_USER_MERCHANT_NETWORK
1106,5,2,6,6,70119.27,0,0.0,0.6,3,2,25.76,35.93,28.87,MEDIUM,SHARED_MERCHANT|MULTIPLE_SHARED_MERCHANTS|DENSE_USER_MERCHANT_NETWORK|LARGE_CONNECTED_CLUSTER
3004,4,2,5,5,77815.99,0,0.0,0.625,3,2,24.96,31.36,28.87,MEDIUM,SHARED_MERCHANT|MULTIPLE_SHARED_MERCHANTS|DENSE_USER_MERCHANT_NETWORK
2275,5,3,7,7,73760.44,0,0.0,0.4667,4,2,25.07,32.95,28.85,MEDIUM,SHARED_MERCHANT|MULTIPLE_SHARED_MERCHANTS|DENSE_USER_MERCHANT_NETWORK|LARGE_CONNECTED_CLUSTER
1823,4,2,5,5,62648.3,0,0.0,0.625,3,2,24.66,33.51,28.81,MEDIUM,SHARED_MERCHANT|MULTIPLE_SHARED_MERCHANTS|DENSE_USER_MERCHANT_NETWORK
56,4,2,5,5,36568.28,0,0.0,0.625,3,2,24.65,38.73,28.81,MEDIUM,SHARED_MERCHANT|MULTIPLE_SHARED_MERCHANTS|DENSE_USER_MERCHANT_NETWORK
546,3,2,4,4,45534.12,0,0.0,0.6667,3,1,22.35,28.24,28.79,MEDIUM,SHARED_MERCHANT|DENSE_USER_MERCHANT_NETWORK
3700,4,2,5,5,42942.58,0,0.0,0.625,3,2,24.43,37.93,28.77,MEDIUM,SHARED_MERCHANT|MULTIPLE_SHARED_MERCHANTS|DENSE_USER_MERCHANT_NETWORK
1263,5,2,6,6,63968.74,0,0.0,0.6,3,2,25.25,39.85,28.77,MEDIUM,SHARED_MERCHANT|MULTIPLE_SHARED_MERCHANTS|DENSE_USER_MERCHANT_NETWORK|LARGE_CONNECTED_CLUSTER
222,3,2,4,4,42480.76,0,0.0,0.6667,3,1,22.18,31.1,28.76,MEDIUM,SHARED_MERCHANT|DENSE_USER_MERCHANT_NETWORK
265,4,2,5,5,71590.89,0,0.0,0.625,3,2,24.25,27.55,28.73,MEDIUM,SHARED_MERCHANT|MULTIPLE_SHARED_MERCHANTS|DENSE_USER_MERCHANT_NETWORK
2143,7,3,9,9,119318.11,0,0.0,0.4286,4,3,25.75,46.51,28.71,MEDIUM,SHARED_MERCHANT|MULTIPLE_SHARED_MERCHANTS|DENSE_USER_MERCHANT_NETWORK|LARGE_CONNECTED_CLUSTER
1663,7,3,9,9,130656.44,0,0.0,0.4286,4,3,25.73,45.58,28.71,MEDIUM,SHARED_MERCHANT|MULTIPLE_SHARED_MERCHANTS|DENSE_USER_MERCHANT_NETWORK|LARGE_CONNECTED_CLUSTER
117,3,2,4,4,47243.35,0,0.0,0.6667,3,1,21.84,27.49,28.69,MEDIUM,SHARED_MERCHANT|DENSE_USER_MERCHANT_NETWORK
4883,6,3,8,8,90050.76,0,0.0,0.4444,4,3,25.15,40.38,28.68,MEDIUM,SHARED_MERCHANT|MULTIPLE_SHARED_MERCHANTS|DENSE_USER_MERCHANT_NETWORK|LARGE_CONNECTED_CLUSTER
1238,4,2,5,5,69427.7,0,0.0,0.625,3,2,23.94,30.23,28.67,MEDIUM,SHARED_MERCHANT|MULTIPLE_SHARED_MERCHANTS|DENSE_USER_MERCHANT_NETWORK
2214,9,3,11,11,154114.68,0,0.0,0.4074,4,3,25.66,33.05,28.66,MEDIUM,SHARED_MERCHANT|MULTIPLE_SHARED_MERCHANTS|DENSE_USER_MERCHANT_NETWORK|LARGE_CONNECTED_CLUSTER
4093,4,2,5,5,81565.28,0,0.0,0.625,3,2,23.82,28.72,28.65,MEDIUM,SHARED_MERCHANT|MULTIPLE_SHARED_MERCHANTS|DENSE_USER_MERCHANT_NETWORK
1583,9,3,11,11,140890.74,0,0.0,0.4074,4,3,25.51,41.87,28.63,MEDIUM,SHARED_MERCHANT|MULTIPLE_SHARED_MERCHANTS|DENSE_USER_MERCHANT_NETWORK|LARGE_CONNECTED_CLUSTER
2799,3,2,4,4,39480.96,0,0.0,0.6667,3,1,21.57,29.39,28.63,MEDIUM,SHARED_MERCHANT|DENSE_USER_MERCHANT_NETWORK
252,4,2,5,5,71159.36,0,0.0,0.625,3,2,23.66,26.49,28.62,MEDIUM,SHARED_MERCHANT|MULTIPLE_SHARED_MERCHANTS|DENSE_USER_MERCHANT_NETWORK
1566,8,3,10,10,85854.68,0,0.0,0.4167,4,3,25.2,42.98,28.57,MEDIUM,SHARED_MERCHANT|MULTIPLE_SHARED_MERCHANTS|DENSE_USER_MERCHANT_NETWORK|LARGE_CONNECTED_CLUSTER
1963,7,3,9,9,105213.43,0,0.0,0.4286,4,3,24.98,33.45,28.56,MEDIUM,SHARED_MERCHANT|MULTIPLE_SHARED_MERCHANTS|DENSE_USER_MERCHANT_NETWORK|LARGE_CONNECTED_CLUSTER
3813,5,2,6,6,37747.74,0,0.0,0.6,3,2,24.14,39.32,28.54,MEDIUM,SHARED_MERCHANT|MULTIPLE_SHARED_MERCHANTS|DENSE_USER_MERCHANT_NETWORK|LARGE_CONNECTED_CLUSTER
480,4,2,5,5,59808.33,0,0.0,0.625,3,2,23.29,27.9,28.54,MEDIUM,SHARED_MERCHANT|MULTIPLE_SHARED_MERCHANTS|DENSE_USER_MERCHANT_NETWORK
1756,4,2,5,5,73852.2,0,0.0,0.625,3,2,23.22,25.96,28.53,MEDIUM,SHARED_MERCHANT|MULTIPLE_SHARED_MERCHANTS|DENSE_USER_MERCHANT_NETWORK
3225,4,2,5,5,51745.61,0,0.0,0.625,3,2,23.23,29.51,28.53,MEDIUM,SHARED_MERCHANT|MULTIPLE_SHARED_MERCHANTS|DENSE_USER_MERCHANT_NETWORK
4506,3,2,4,4,46386.28,0,0.0,0.6667,3,1,21.05,26.29,28.53,MEDIUM,SHARED_MERCHANT|DENSE_USER_MERCHANT_NETWORK
2363,4,2,5,5,37632.81,0,0.0,0.625,3,2,23.19,37.26,28.52,MEDIUM,SHARED_MERCHANT|MULTIPLE_SHARED_MERCHANTS|DENSE_USER_MERCHANT_NETWORK
4252,4,2,5,5,39478.97,0,0.0,0.625,3,2,23.14,39.2,28.51,MEDIUM,SHARED_MERCHANT|MULTIPLE_SHARED_MERCHANTS|DENSE_USER_MERCHANT_NETWORK
114,4,2,5,5,64515.37,0,0.0,0.625,3,2,23.16,28.65,28.51,MEDIUM,SHARED_MERCHANT|MULTIPLE_SHARED_MERCHANTS|DENSE_USER_MERCHANT_NETWORK
3479,4,2,5,5,68233.21,0,0.0,0.625,3,2,23.07,28.23,28.5,MEDIUM,SHARED_MERCHANT|MULTIPLE_SHARED_MERCHANTS|DENSE_USER_MERCHANT_NETWORK
4728,3,2,4,4,28680.95,0,0.0,0.6667,3,1,20.84,25.65,28.49,MEDIUM,SHARED_MERCHANT|DENSE_USER_MERCHANT_NETWORK
985,9,3,11,11,133119.68,0,0.0,0.4074,4,3,24.75,38.73,28.48,MEDIUM,SHARED_MERCHANT|MULTIPLE_SHARED_MERCHANTS|DENSE_USER_MERCHANT_NETWORK|LARGE_CONNECTED_CLUSTER
1625,4,2,5,5,61829.64,0,0.0,0.625,3,2,22.93,27.07,28.47,MEDIUM,SHARED_MERCHANT|MULTIPLE_SHARED_MERCHANTS|DENSE_USER_MERCHANT_NETWORK
4170,4,2,5,5,54117.78,0,0.0,0.625,3,2,22.82,26.22,28.45,MEDIUM,SHARED_MERCHANT|MULTIPLE_SHARED_MERCHANTS|DENSE_USER_MERCHANT_NETWORK
3773,4,2,5,5,59549.22,0,0.0,0.625,3,2,22.8,29.61,28.44,MEDIUM,SHARED_MERCHANT|MULTIPLE_SHARED_MERCHANTS|DENSE_USER_MERCHANT_NETWORK
1785,7,3,9,9,119140.52,0,0.0,0.4286,4,3,24.32,30.08,28.43,MEDIUM,SHARED_MERCHANT|MULTIPLE_SHARED_MERCHANTS|DENSE_USER_MERCHANT_NETWORK|LARGE_CONNECTED_CLUSTER
1029,7,3,9,9,60835.14,0,0.0,0.4286,4,3,24.35,39.11,28.43,MEDIUM,SHARED_MERCHANT|MULTIPLE_SHARED_MERCHANTS|DENSE_USER_MERCHANT_NETWORK|LARGE_CONNECTED_CLUSTER
3417,6,3,8,8,70679.55,0,0.0,0.4444,4,2,23.81,37.98,28.41,MEDIUM,SHARED_MERCHANT|MULTIPLE_SHARED_MERCHANTS|DENSE_USER_MERCHANT_NETWORK|LARGE_CONNECTED_CLUSTER
71,3,2,4,4,36673.88,0,0.0,0.6667,3,1,20.38,27.06,28.4,MEDIUM,SHARED_MERCHANT|DENSE_USER_MERCHANT_NETWORK
1793,6,3,8,8,69918.75,0,0.0,0.4444,4,3,23.75,35.46,28.4,MEDIUM,SHARED_MERCHANT|MULTIPLE_SHARED_MERCHANTS|DENSE_USER_MERCHANT_NETWORK|LARGE_CONNECTED_CLUSTER
2519,5,3,7,7,95795.41,0,0.0,0.4667,4,2,22.71,25.88,28.38,MEDIUM,SHARED_MERCHANT|MULTIPLE_SHARED_MERCHANTS|DENSE_USER_MERCHANT_NETWORK|LARGE_CONNECTED_CLUSTER
3317,4,2,5,5,52500.07,0,0.0,0.625,3,2,22.3,26.06,28.34,MEDIUM,SHARED_MERCHANT|MULTIPLE_SHARED_MERCHANTS|DENSE_USER_MERCHANT_NETWORK
765,4,2,5,5,50139.21,0,0.0,0.625,3,2,22.28,28.65,28.34,MEDIUM,SHARED_MERCHANT|MULTIPLE_SHARED_MERCHANTS|DENSE_USER_MERCHANT_NETWORK
2035,4,2,5,5,43978.82,0,0.0,0.625,3,2,22.28,29.41,28.34,MEDIUM,SHARED_MERCHANT|MULTIPLE_SHARED_MERCHANTS|DENSE_USER_MERCHANT_NETWORK
2432,5,2,6,6,73099.15,0,0.0,0.6,3,2,23.05,29.79,28.33,MEDIUM,SHARED_MERCHANT|MULTIPLE_SHARED_MERCHANTS|DENSE_USER_MERCHANT_NETWORK|LARGE_CONNECTED_CLUSTER
3641,4,2,5,5,64271.91,0,0.0,0.625,3,2,22.12,28.17,28.31,MEDIUM,SHARED_MERCHANT|MULTIPLE_SHARED_MERCHANTS|DENSE_USER_MERCHANT_NETWORK
2974,5,2,6,6,69995.77,0,0.0,0.6,3,2,22.94,25.76,28.3,MEDIUM,SHARED_MERCHANT|MULTIPLE_SHARED_MERCHANTS|DENSE_USER_MERCHANT_NETWORK|LARGE_CONNECTED_CLUSTER
2407,7,3,9,9,76546.3,0,0.0,0.4286,4,2,23.63,37.91,28.29,MEDIUM,SHARED_MERCHANT|MULTIPLE_SHARED_MERCHANTS|DENSE_USER_MERCHANT_NETWORK|LARGE_CONNECTED_CLUSTER
792,3,2,4,4,25983.82,0,0.0,0.6667,3,1,19.83,23.89,28.29,MEDIUM,SHARED_MERCHANT|DENSE_USER_MERCHANT_NETWORK
4088,4,2,5,5,55431.42,0,0.0,0.625,3,2,22.06,26.36,28.29,MEDIUM,SHARED_MERCHANT|MULTIPLE_SHARED_MERCHANTS|DENSE_USER_MERCHANT_NETWORK
2838,4,2,5,5,53901.23,0,0.0,0.625,3,2,22.0,29.53,28.28,MEDIUM,SHARED_MERCHANT|MULTIPLE_SHARED_MERCHANTS|DENSE_USER_MERCHANT_NETWORK
1542,4,2,5,5,39880.35,0,0.0,0.625,3,2,21.96,29.28,28.27,MEDIUM,SHARED_MERCHANT|MULTIPLE_SHARED_MERCHANTS|DENSE_USER_MERCHANT_NETWORK
1821,3,2,4,4,26214.11,0,0.0,0.6667,3,1,19.61,26.8,28.24,MEDIUM,SHARED_MERCHANT|DENSE_USER_MERCHANT_NETWORK
2290,9,4,12,12,186550.74,0,0.0,0.3333,4,4,30.01,48.7,28.23,MEDIUM,SHARED_MERCHANT|MULTIPLE_SHARED_MERCHANTS|LARGE_CONNECTED_CLUSTER
177,5,2,6,6,70584.07,0,0.0,0.6,3,2,22.36,29.62,28.19,MEDIUM,SHARED_MERCHANT|MULTIPLE_SHARED_MERCHANTS|DENSE_USER_MERCHANT_NETWORK|LARGE_CONNECTED_CLUSTER
581,5,2,6,6,40564.69,0,0.0,0.6,3,2,22.27,38.36,28.17,MEDIUM,SHARED_MERCHANT|MULTIPLE_SHARED_MERCHANTS|DENSE_USER_MERCHANT_NETWORK|LARGE_CONNECTED_CLUSTER
3319,5,2,6,6,86041.19,0,0.0,0.6,3,2,22.21,26.49,28.16,MEDIUM,SHARED_MERCHANT|MULTIPLE_SHARED_MERCHANTS|DENSE_USER_MERCHANT_NETWORK|LARGE_CONNECTED_CLUSTER
1535,7,3,9,9,70296.94,0,0.0,0.4286,4,3,23.0,41.49,28.16,MEDIUM,SHARED_MERCHANT|MULTIPLE_SHARED_MERCHANTS|DENSE_USER_MERCHANT_NETWORK|LARGE_CONNECTED_CLUSTER
1395,5,2,6,6,72104.06,0,0.0,0.6,3,2,22.23,27.71,28.16,MEDIUM,SHARED_MERCHANT|MULTIPLE_SHARED_MERCHANTS|DENSE_USER_MERCHANT_NETWORK|LARGE_CONNECTED_CLUSTER
395,7,3,9,9,111763.98,0,0.0,0.4286,4,3,23.02,29.8,28.16,MEDIUM,SHARED_MERCHANT|MULTIPLE_SHARED_MERCHANTS|DENSE_USER_MERCHANT_NETWORK|LARGE_CONNECTED_CLUSTER
1872,3,2,4,4,31259.68,0,0.0,0.6667,2,2,31.63,41.54,28.15,MEDIUM,MULTIPLE_SHARED_MERCHANTS|DENSE_USER_MERCHANT_NETWORK
2421,4,2,5,5,46399.47,0,0.0,0.625,3,2,21.24,27.93,28.13,MEDIUM,SHARED_MERCHANT|MULTIPLE_SHARED_MERCHANTS|DENSE_USER_MERCHANT_NETWORK
160,5,2,6,6,60479.89,0,0.0,0.6,3,2,22.02,28.98,28.12,MEDIUM,SHARED_MERCHANT|MULTIPLE_SHARED_MERCHANTS|DENSE_USER_MERCHANT_NETWORK|LARGE_CONNECTED_CLUSTER
1040,4,2,5,5,46294.01,0,0.0,0.625,3,2,21.09,25.14,28.1,MEDIUM,SHARED_MERCHANT|MULTIPLE_SHARED_MERCHANTS|DENSE_USER_MERCHANT_NETWORK
2149,5,2,6,6,54395.52,0,0.0,0.6,3,2,21.94,27.25,28.1,MEDIUM,SHARED_MERCHANT|MULTIPLE_SHARED_MERCHANTS|DENSE_USER_MERCHANT_NETWORK|LARGE_CONNECTED_CLUSTER
2961,6,3,8,8,85103.51,0,0.0,0.4444,4,3,22.04,30.6,28.06,MEDIUM,SHARED_MERCHANT|MULTIPLE_SHARED_MERCHANTS|DENSE_USER_MERCHANT_NETWORK|LARGE_CONNECTED_CLUSTER
2036,4,2,5,5,48402.01,0,0.0,0.625,3,2,20.7,27.71,28.02,MEDIUM,SHARED_MERCHANT|MULTIPLE_SHARED_MERCHANTS|DENSE_USER_MERCHANT_NETWORK
2317,4,2,5,5,47841.28,0,0.0,0.625,3,2,20.51,26.63,27.98,MEDIUM,SHARED_MERCHANT|MULTIPLE_SHARED_MERCHANTS|DENSE_USER_MERCHANT_NETWORK
1335,5,2,6,6,55923.92,0,0.0,0.6,3,2,21.27,24.81,27.97,MEDIUM,SHARED_MERCHANT|MULTIPLE_SHARED_MERCHANTS|DENSE_USER_MERCHANT_NETWORK|LARGE_CONNECTED_CLUSTER
2014,3,2,4,4,67445.33,0,0.0,0.6667,2,2,30.75,45.71,27.97,MEDIUM,MULTIPLE_SHARED_MERCHANTS|DENSE_USER_MERCHANT_NETWORK
1145,3,2,4,4,35553.77,0,0.0,0.6667,2,2,30.75,44.17,27.97,MEDIUM,MULTIPLE_SHARED_MERCHANTS|DENSE_USER_MERCHANT_NETWORK
3226,3,2,4,4,20649.25,0,0.0,0.6667,3,1,17.96,21.99,27.91,MEDIUM,SHARED_MERCHANT|DENSE_USER_MERCHANT_NETWORK
2402,4,2,5,5,38793.71,0,0.0,0.625,3,2,20.11,28.84,27.9,MEDIUM,SHARED_MERCHANT|MULTIPLE_SHARED_MERCHANTS|DENSE_USER_MERCHANT_NETWORK
2367,3,2,4,4,48946.42,0,0.0,0.6667,2,2,30.34,36.01,27.89,MEDIUM,MULTIPLE_SHARED_MERCHANTS|DENSE_USER_MERCHANT_NETWORK
1623,5,2,6,6,53662.9,0,0.0,0.6,3,2,20.77,27.22,27.87,MEDIUM,SHARED_MERCHANT|MULTIPLE_SHARED_MERCHANTS|DENSE_USER_MERCHANT_NETWORK|LARGE_CONNECTED_CLUSTER
1182,5,2,6,6,38875.98,0,0.0,0.6,3,2,20.69,26.65,27.85,MEDIUM,SHARED_MERCHANT|MULTIPLE_SHARED_MERCHANTS|DENSE_USER_MERCHANT_NETWORK|LARGE_CONNECTED_CLUSTER
2353,5,2,6,6,45873.13,0,0.0,0.6,3,2,20.67,26.49,27.85,MEDIUM,SHARED_MERCHANT|MULTIPLE_SHARED_MERCHANTS|DENSE_USER_MERCHANT_NETWORK|LARGE_CONNECTED_CLUSTER
57,5,2,6,6,45892.23,0,0.0,0.6,3,2,20.6,23.23,27.84,MEDIUM,SHARED_MERCHANT|MULTIPLE_SHARED_MERCHANTS|DENSE_USER_MERCHANT_NETWORK|LARGE_CONNECTED_CLUSTER
677,4,2,5,5,32134.85,0,0.0,0.625,3,2,19.81,25.23,27.84,MEDIUM,SHARED_MERCHANT|MULTIPLE_SHARED_MERCHANTS|DENSE_USER_MERCHANT_NETWORK
742,5,2,6,6,59397.24,0,0.0,0.6,3,2,20.6,26.29,27.84,MEDIUM,SHARED_MERCHANT|MULTIPLE_SHARED_MERCHANTS|DENSE_USER_MERCHANT_NETWORK|LARGE_CONNECTED_CLUSTER
1834,7,4,10,10,127715.6,0,0.0,0.3571,4,4,27.15,41.63,27.77,MEDIUM,SHARED_MERCHANT|MULTIPLE_SHARED_MERCHANTS|LARGE_CONNECTED_CLUSTER
2586,3,2,4,4,52557.75,0,0.0,0.6667,2,2,29.66,50.2,27.75,MEDIUM,MULTIPLE_SHARED_MERCHANTS|DENSE_USER_MERCHANT_NETWORK
552,4,2,5,5,49740.31,0,0.0,0.625,3,2,19.36,26.51,27.75,MEDIUM,SHARED_MERCHANT|MULTIPLE_SHARED_MERCHANTS|DENSE_USER_MERCHANT_NETWORK
1294,6,3,8,8,91679.93,0,0.0,0.4444,3,3,32.6,46.73,27.67,MEDIUM,SHARED_MERCHANT|MULTIPLE_SHARED_MERCHANTS|DENSE_USER_MERCHANT_NETWORK|LARGE_CONNECTED_CLUSTER
1233,3,2,4,4,22365.44,0,0.0,0.6667,2,2,28.99,38.99,27.62,MEDIUM,MULTIPLE_SHARED_MERCHANTS|DENSE_USER_MERCHANT_NETWORK
955,4,2,5,5,30809.31,0,0.0,0.625,3,2,18.71,24.95,27.62,MEDIUM,SHARED_MERCHANT|MULTIPLE_SHARED_MERCHANTS|DENSE_USER_MERCHANT_NETWORK
992,9,4,12,12,177444.24,0,0.0,0.3333,4,4,26.76,40.26,27.58,MEDIUM,SHARED_MERCHANT|MULTIPLE_SHARED_MERCHANTS|LARGE_CONNECTED_CLUSTER
52,7,4,10,10,176146.7,0,0.0,0.3571,4,3,26.13,30.29,27.56,MEDIUM,SHARED_MERCHANT|MULTIPLE_SHARED_MERCHANTS|LARGE_CONNECTED_CLUSTER
3884,3,2,4,4,42207.4,0,0.0,0.6667,2,2,28.56,45.97,27.53,MEDIUM,MULTIPLE_SHARED_MERCHANTS|DENSE_USER_MERCHANT_NETWORK
4938,3,2,4,4,18844.37,0,0.0,0.6667,3,1,15.42,21.17,27.4,MEDIUM,SHARED_MERCHANT|DENSE_USER_MERCHANT_NETWORK
856,3,2,4,4,44682.88,0,0.0,0.6667,2,2,27.89,45.26,27.4,MEDIUM,MULTIPLE_SHARED_MERCHANTS|DENSE_USER_MERCHANT_NETWORK
2871,3,2,4,4,40961.61,0,0.0,0.6667,2,2,27.79,35.31,27.38,MEDIUM,MULTIPLE_SHARED_MERCHANTS|DENSE_USER_MERCHANT_NETWORK
491,5,2,6,6,27196.18,0,0.0,0.6,3,2,17.7,24.2,27.26,MEDIUM,SHARED_MERCHANT|MULTIPLE_SHARED_MERCHANTS|DENSE_USER_MERCHANT_NETWORK|LARGE_CONNECTED_CLUSTER
3599,3,2,4,4,43927.98,0,0.0,0.6667,2,2,27.18,43.54,27.26,MEDIUM,MULTIPLE_SHARED_MERCHANTS|DENSE_USER_MERCHANT_NETWORK
2379,4,2,5,5,25762.86,0,0.0,0.625,3,2,16.9,24.87,27.26,MEDIUM,SHARED_MERCHANT|MULTIPLE_SHARED_MERCHANTS|DENSE_USER_MERCHANT_NETWORK
4410,8,4,11,11,121781.5,0,0.0,0.3438,4,4,24.74,42.26,27.21,MEDIUM,SHARED_MERCHANT|MULTIPLE_SHARED_MERCHANTS|LARGE_CONNECTED_CLUSTER
4989,3,2,4,4,68535.57,0,0.0,0.6667,2,2,26.77,32.6,27.17,MEDIUM,MULTIPLE_SHARED_MERCHANTS|DENSE_USER_MERCHANT_NETWORK
1971,7,4,10,10,100110.34,0,0.0,0.3571,4,3,24.16,35.46,27.17,MEDIUM,SHARED_MERCHANT|MULTIPLE_SHARED_MERCHANTS|LARGE_CONNECTED_CLUSTER
715,3,2,4,4,36769.65,0,0.0,0.6667,2,2,26.67,36.19,27.15,MEDIUM,MULTIPLE_SHARED_MERCHANTS|DENSE_USER_MERCHANT_NETWORK
5370,3,2,4,4,43034.97,0,0.0,0.6667,2,2,26.4,40.43,27.1,MEDIUM,MULTIPLE_SHARED_MERCHANTS|DENSE_USER_MERCHANT_NETWORK
1868,9,5,13,13,157463.75,0,0.0,0.2889,4,4,27.6,47.97,27.02,MEDIUM,SHARED_MERCHANT|MULTIPLE_SHARED_MERCHANTS|LARGE_CONNECTED_CLUSTER
4609,3,2,4,4,37778.24,0,0.0,0.6667,2,2,26.0,41.92,27.02,MEDIUM,MULTIPLE_SHARED_MERCHANTS|DENSE_USER_MERCHANT_NETWORK
2588,3,2,4,4,70533.49,0,0.0,0.6667,2,2,25.59,26.99,26.94,MEDIUM,MULTIPLE_SHARED_MERCHANTS|DENSE_USER_MERCHANT_NETWORK
1548,3,2,4,4,61256.34,0,0.0,0.6667,2,2,25.35,30.02,26.89,MEDIUM,MULTIPLE_SHARED_MERCHANTS|DENSE_USER_MERCHANT_NETWORK
3369,3,2,4,4,58004.92,0,0.0,0.6667,2,2,25.35,28.81,26.89,MEDIUM,MULTIPLE_SHARED_MERCHANTS|DENSE_USER_MERCHANT_NETWORK
2071,3,3,5,5,49150.12,0,0.0,0.5556,3,1,21.55,28.76,26.8,MEDIUM,SHARED_MERCHANT|DENSE_USER_MERCHANT_NETWORK
4444,3,2,4,4,27668.76,0,0.0,0.6667,2,2,24.71,34.61,26.76,MEDIUM,MULTIPLE_SHARED_MERCHANTS|DENSE_USER_MERCHANT_NETWORK
3,7,4,10,10,117598.74,0,0.0,0.3571,4,3,22.08,27.91,26.75,MEDIUM,SHARED_MERCHANT|MULTIPLE_SHARED_MERCHANTS|LARGE_CONNECTED_CLUSTER
2842,3,2,4,4,52259.82,0,0.0,0.6667,2,2,24.58,27.77,26.74,MEDIUM,MULTIPLE_SHARED_MERCHANTS|DENSE_USER_MERCHANT_NETWORK
565,3,2,4,4,52565.39,0,0.0,0.6667,2,2,24.58,26.32,26.74,MEDIUM,MULTIPLE_SHARED_MERCHANTS|DENSE_USER_MERCHANT_NETWORK
4128,3,2,4,4,65323.4,0,0.0,0.6667,2,2,24.53,27.6,26.73,MEDIUM,MULTIPLE_SHARED_MERCHANTS|DENSE_USER_MERCHANT_NETWORK
2909,3,2,4,4,51124.18,0,0.0,0.6667,2,2,24.18,29.33,26.66,MEDIUM,MULTIPLE_SHARED_MERCHANTS|DENSE_USER_MERCHANT_NETWORK
3907,4,3,6,6,52790.76,0,0.0,0.5,3,2,24.46,41.8,26.61,MEDIUM,SHARED_MERCHANT|MULTIPLE_SHARED_MERCHANTS|DENSE_USER_MERCHANT_NETWORK
2823,3,2,4,4,32218.23,0,0.0,0.6667,2,2,23.95,36.67,26.61,MEDIUM,MULTIPLE_SHARED_MERCHANTS|DENSE_USER_MERCHANT_NETWORK
1885,3,2,4,4,49184.09,0,0.0,0.6667,2,2,23.88,29.66,26.6,MEDIUM,MULTIPLE_SHARED_MERCHANTS|DENSE_USER_MERCHANT_NETWORK
2041,5,3,7,7,83401.88,0,0.0,0.4667,3,3,26.21,49.44,26.58,MEDIUM,SHARED_MERCHANT|MULTIPLE_SHARED_MERCHANTS|DENSE_USER_MERCHANT_NETWORK|LARGE_CONNECTED_CLUSTER
1383,9,4,12,12,95454.46,0,0.0,0.3333,4,4,21.71,40.25,26.57,MEDIUM,SHARED_MERCHANT|MULTIPLE_SHARED_MERCHANTS|LARGE_CONNECTED_CLUSTER
4837,3,2,4,4,55784.76,0,0.0,0.6667,2,2,23.54,29.48,26.53,MEDIUM,MULTIPLE_SHARED_MERCHANTS|DENSE_USER_MERCHANT_NETWORK
4251,3,2,4,4,49155.52,0,0.0,0.6667,2,2,23.33,26.19,26.49,MEDIUM,MULTIPLE_SHARED_MERCHANTS|DENSE_USER_MERCHANT_NETWORK
2389,5,3,7,7,50342.52,0,0.0,0.4667,3,2,25.72,40.77,26.48,MEDIUM,SHARED_MERCHANT|MULTIPLE_SHARED_MERCHANTS|DENSE_USER_MERCHANT_NETWORK|LARGE_CONNECTED_CLUSTER
180,3,2,4,4,46723.09,0,0.0,0.6667,2,2,23.11,27.99,26.44,MEDIUM,MULTIPLE_SHARED_MERCHANTS|DENSE_USER_MERCHANT_NETWORK
99,5,3,7,7,63315.66,0,0.0,0.4667,3,2,25.22,34.84,26.38,MEDIUM,SHARED_MERCHANT|MULTIPLE_SHARED_MERCHANTS|DENSE_USER_MERCHANT_NETWORK|LARGE_CONNECTED_CLUSTER
3769,3,2,4,4,44425.48,0,0.0,0.6667,2,2,22.81,29.34,26.38,MEDIUM,MULTIPLE_SHARED_MERCHANTS|DENSE_USER_MERCHANT_NETWORK
3865,3,2,4,4,43265.65,0,0.0,0.6667,2,2,22.68,29.98,26.36,MEDIUM,MULTIPLE_SHARED_MERCHANTS|DENSE_USER_MERCHANT_NETWORK
1158,5,3,7,7,56878.47,0,0.0,0.4667,3,3,24.52,39.14,26.24,MEDIUM,SHARED_MERCHANT|MULTIPLE_SHARED_MERCHANTS|DENSE_USER_MERCHANT_NETWORK|LARGE_CONNECTED_CLUSTER
4340,5,3,7,7,101488.2,0,0.0,0.4667,3,3,24.5,29.45,26.24,MEDIUM,SHARED_MERCHANT|MULTIPLE_SHARED_MERCHANTS|DENSE_USER_MERCHANT_NETWORK|LARGE_CONNECTED_CLUSTER
3679,5,3,7,7,70072.29,0,0.0,0.4667,3,2,24.4,39.0,26.22,MEDIUM,SHARED_MERCHANT|MULTIPLE_SHARED_MERCHANTS|DENSE_USER_MERCHANT_NETWORK|LARGE_CONNECTED_CLUSTER
4908,6,3,8,8,113865.29,0,0.0,0.4444,3,3,25.34,31.16,26.22,MEDIUM,SHARED_MERCHANT|MULTIPLE_SHARED_MERCHANTS|DENSE_USER_MERCHANT_NETWORK|LARGE_CONNECTED_CLUSTER
880,10,5,14,14,161190.28,0,0.0,0.28,4,4,23.66,40.64,26.2,MEDIUM,SHARED_MERCHANT|MULTIPLE_SHARED_MERCHANTS|LARGE_CONNECTED_CLUSTER
3555,5,3,7,7,109649.16,0,0.0,0.4667,3,3,24.23,28.1,26.19,MEDIUM,SHARED_MERCHANT|MULTIPLE_SHARED_MERCHANTS|DENSE_USER_MERCHANT_NETWORK|LARGE_CONNECTED_CLUSTER
2243,5,3,7,7,60238.13,0,0.0,0.4667,3,2,24.21,37.45,26.18,MEDIUM,SHARED_MERCHANT|MULTIPLE_SHARED_MERCHANTS|DENSE_USER_MERCHANT_NETWORK|LARGE_CONNECTED_CLUSTER
4125,3,2,4,4,16578.51,0,0.0,0.6667,2,2,21.37,37.66,26.1,MEDIUM,MULTIPLE_SHARED_MERCHANTS|DENSE_USER_MERCHANT_NETWORK
4522,3,2,4,4,38799.36,0,0.0,0.6667,2,2,21.36,27.83,26.09,MEDIUM,MULTIPLE_SHARED_MERCHANTS|DENSE_USER_MERCHANT_NETWORK
1509,6,3,8,8,116600.75,0,0.0,0.4444,3,3,24.45,30.2,26.04,MEDIUM,SHARED_MERCHANT|MULTIPLE_SHARED_MERCHANTS|DENSE_USER_MERCHANT_NETWORK|LARGE_CONNECTED_CLUSTER
487,3,2,4,4,37722.24,0,0.0,0.6667,2,2,21.04,22.26,26.03,MEDIUM,MULTIPLE_SHARED_MERCHANTS|DENSE_USER_MERCHANT_NETWORK
1297,3,2,4,4,35592.84,0,0.0,0.6667,2,2,20.82,26.21,25.99,MEDIUM,MULTIPLE_SHARED_MERCHANTS|DENSE_USER_MERCHANT_NETWORK
2260,3,2,4,4,43732.89,0,0.0,0.6667,2,2,20.84,23.49,25.99,MEDIUM,MULTIPLE_SHARED_MERCHANTS|DENSE_USER_MERCHANT_NETWORK
5026,3,2,4,4,43137.33,0,0.0,0.6667,2,2,20.79,26.45,25.98,MEDIUM,MULTIPLE_SHARED_MERCHANTS|DENSE_USER_MERCHANT_NETWORK
2992,4,3,6,6,66110.26,0,0.0,0.5,3,2,21.3,26.81,25.98,MEDIUM,SHARED_MERCHANT|MULTIPLE_SHARED_MERCHANTS|DENSE_USER_MERCHANT_NETWORK
2837,10,5,14,14,122703.33,0,0.0,0.28,4,4,22.2,42.95,25.91,MEDIUM,SHARED_MERCHANT|MULTIPLE_SHARED_MERCHANTS|LARGE_CONNECTED_CLUSTER
4285,3,2,4,4,28151.51,0,0.0,0.6667,2,2,20.3,24.34,25.88,MEDIUM,MULTIPLE_SHARED_MERCHANTS|DENSE_USER_MERCHANT_NETWORK
1740,4,3,6,6,60973.31,0,0.0,0.5,3,2,20.83,28.49,25.88,MEDIUM,SHARED_MERCHANT|MULTIPLE_SHARED_MERCHANTS|DENSE_USER_MERCHANT_NETWORK
3287,3,2,4,4,40814.45,0,0.0,0.6667,2,2,20.22,26.92,25.86,MEDIUM,MULTIPLE_SHARED_MERCHANTS|DENSE_USER_MERCHANT_NETWORK
1658,3,2,4,4,29724.67,0,0.0,0.6667,2,2,19.86,24.67,25.79,MEDIUM,MULTIPLE_SHARED_MERCHANTS|DENSE_USER_MERCHANT_NETWORK
533,5,3,7,7,89501.45,0,0.0,0.4667,3,3,22.1,28.75,25.76,MEDIUM,SHARED_MERCHANT|MULTIPLE_SHARED_MERCHANTS|DENSE_USER_MERCHANT_NETWORK|LARGE_CONNECTED_CLUSTER
3464,3,2,4,4,26696.04,0,0.0,0.6667,2,2,19.19,22.06,25.66,MEDIUM,MULTIPLE_SHARED_MERCHANTS|DENSE_USER_MERCHANT_NETWORK
3739,3,2,4,4,30535.35,0,0.0,0.6667,2,2,19.11,26.05,25.64,MEDIUM,MULTIPLE_SHARED_MERCHANTS|DENSE_USER_MERCHANT_NETWORK
2271,4,3,6,6,56228.22,0,0.0,0.5,3,2,19.52,26.94,25.62,MEDIUM,SHARED_MERCHANT|MULTIPLE_SHARED_MERCHANTS|DENSE_USER_MERCHANT_NETWORK
671,5,3,7,7,85780.63,0,0.0,0.4667,3,3,21.31,28.43,25.6,MEDIUM,SHARED_MERCHANT|MULTIPLE_SHARED_MERCHANTS|DENSE_USER_MERCHANT_NETWORK|LARGE_CONNECTED_CLUSTER
1410,6,3,8,8,72710.56,0,0.0,0.4444,3,3,22.09,36.98,25.57,MEDIUM,SHARED_MERCHANT|MULTIPLE_SHARED_MERCHANTS|DENSE_USER_MERCHANT_NETWORK|LARGE_CONNECTED_CLUSTER
1580,7,3,9,9,95675.29,0,0.0,0.4286,3,3,22.47,30.82,25.55,MEDIUM,SHARED_MERCHANT|MULTIPLE_SHARED_MERCHANTS|DENSE_USER_MERCHANT_NETWORK|LARGE_CONNECTED_CLUSTER
220,3,2,4,4,14809.49,0,0.0,0.6667,2,2,18.57,23.03,25.53,MEDIUM,MULTIPLE_SHARED_MERCHANTS|DENSE_USER_MERCHANT_NETWORK
135,7,3,9,9,73467.35,0,0.0,0.4286,3,3,22.36,33.21,25.53,MEDIUM,SHARED_MERCHANT|MULTIPLE_SHARED_MERCHANTS|DENSE_USER_MERCHANT_NETWORK|LARGE_CONNECTED_CLUSTER
174,4,3,6,6,41176.17,0,0.0,0.5,3,2,18.98,23.35,25.51,MEDIUM,SHARED_MERCHANT|MULTIPLE_SHARED_MERCHANTS|DENSE_USER_MERCHANT_NETWORK
3046,5,3,7,7,44431.17,0,0.0,0.4667,3,3,20.84,27.32,25.51,MEDIUM,SHARED_MERCHANT|MULTIPLE_SHARED_MERCHANTS|DENSE_USER_MERCHANT_NETWORK|LARGE_CONNECTED_CLUSTER
3561,3,2,4,4,23182.96,0,0.0,0.6667,2,2,18.0,21.03,25.42,MEDIUM,MULTIPLE_SHARED_MERCHANTS|DENSE_USER_MERCHANT_NETWORK
125,7,3,9,9,60718.82,0,0.0,0.4286,3,3,21.68,40.55,25.4,MEDIUM,SHARED_MERCHANT|MULTIPLE_SHARED_MERCHANTS|DENSE_USER_MERCHANT_NETWORK|LARGE_CONNECTED_CLUSTER
1188,3,2,4,4,17864.29,0,0.0,0.6667,2,2,17.88,24.83,25.4,MEDIUM,MULTIPLE_SHARED_MERCHANTS|DENSE_USER_MERCHANT_NETWORK
2790,6,3,8,8,76208.19,0,0.0,0.4444,3,3,21.0,24.81,25.35,MEDIUM,SHARED_MERCHANT|MULTIPLE_SHARED_MERCHANTS|DENSE_USER_MERCHANT_NETWORK|LARGE_CONNECTED_CLUSTER
2052,7,4,10,10,102155.04,0,0.0,0.3571,3,4,27.16,46.03,25.27,MEDIUM,SHARED_MERCHANT|MULTIPLE_SHARED_MERCHANTS|LARGE_CONNECTED_CLUSTER
1979,7,3,9,9,90639.22,0,0.0,0.4286,3,3,20.83,31.98,25.23,MEDIUM,SHARED_MERCHANT|MULTIPLE_SHARED_MERCHANTS|DENSE_USER_MERCHANT_NETWORK|LARGE_CONNECTED_CLUSTER
76,7,3,9,9,75531.43,0,0.0,0.4286,3,3,20.65,27.69,25.19,MEDIUM,SHARED_MERCHANT|MULTIPLE_SHARED_MERCHANTS|DENSE_USER_MERCHANT_NETWORK|LARGE_CONNECTED_CLUSTER
1266,5,3,7,7,35283.08,0,0.0,0.4667,3,2,18.53,26.43,25.05,MEDIUM,SHARED_MERCHANT|MULTIPLE_SHARED_MERCHANTS|DENSE_USER_MERCHANT_NETWORK|LARGE_CONNECTED_CLUSTER
4322,7,4,10,10,137918.74,0,0.0,0.3571,3,4,25.41,32.49,24.92,LOW,SHARED_MERCHANT|MULTIPLE_SHARED_MERCHANTS|LARGE_CONNECTED_CLUSTER
2524,3,3,5,5,61304.25,0,0.0,0.5556,2,2,23.91,31.58,24.77,LOW,MULTIPLE_SHARED_MERCHANTS|DENSE_USER_MERCHANT_NETWORK
3855,7,4,10,10,79149.0,0,0.0,0.3571,3,4,23.68,44.55,24.57,LOW,SHARED_MERCHANT|MULTIPLE_SHARED_MERCHANTS|LARGE_CONNECTED_CLUSTER
1190,4,3,6,6,68910.43,0,0.0,0.5,2,3,26.72,40.81,24.56,LOW,MULTIPLE_SHARED_MERCHANTS|DENSE_USER_MERCHANT_NETWORK
3777,4,3,6,6,78474.7,0,0.0,0.5,2,3,25.77,40.08,24.37,LOW,MULTIPLE_SHARED_MERCHANTS|DENSE_USER_MERCHANT_NETWORK
4473,3,3,5,5,33006.34,0,0.0,0.5556,2,2,21.56,33.83,24.31,LOW,MULTIPLE_SHARED_MERCHANTS|DENSE_USER_MERCHANT_NETWORK
3525,6,4,9,9,95414.81,0,0.0,0.375,3,4,21.52,31.64,24.29,LOW,SHARED_MERCHANT|MULTIPLE_SHARED_MERCHANTS|LARGE_CONNECTED_CLUSTER
3931,4,3,6,6,61965.45,0,0.0,0.5,2,3,22.12,29.19,23.64,LOW,MULTIPLE_SHARED_MERCHANTS|DENSE_USER_MERCHANT_NETWORK
2485,4,3,6,6,52688.27,0,0.0,0.5,2,3,20.48,25.29,23.31,LOW,MULTIPLE_SHARED_MERCHANTS|DENSE_USER_MERCHANT_NETWORK
